Iteration,Total_Wall_ms,HW_Write_ms,HW_Compute_ms,HW_Read_ms,SW_Overhead_ms
0,0.496803,0.05321,0.175371,0.106919,0.161303
1,0.47771,0.046,0.162763,0.109909,0.159038
2,0.40148,0.052542,0.184182,0.067848,0.096908
3,0.58743,0.055479,0.331392,0.060916,0.139643
4,0.294649,0.035894,0.157041,0.02423,0.077484
5,0.428552,0.060015,0.239645,0.041996,0.086896
6,0.265443,0.047854,0.111614,0.022786,0.083189
7,0.347044,0.054582,0.135246,0.03611,0.121106
8,0.255497,0.039458,0.123707,0.021167,0.071165
9,0.302172,0.038624,0.109431,0.037153,0.116964
10,0.331718,0.025964,0.202119,0.021169,0.082466
11,0.334374,0.035862,0.131624,0.037933,0.128955
12,0.268752,0.033114,0.128237,0.022812,0.084589
13,0.384248,0.025994,0.18208,0.037785,0.138389
14,0.285133,0.03443,0.132744,0.022709,0.09525
15,0.410196,0.053642,0.207554,0.037209,0.111791
16,0.392104,0.058712,0.227427,0.022183,0.083782
17,0.337244,0.031306,0.146403,0.037737,0.121798
18,0.299043,0.032354,0.1605,0.022847,0.083342
19,0.34821,0.026394,0.155431,0.037398,0.128987
20,0.30003,0.030152,0.16955,0.019867,0.080461
21,0.430772,0.027563,0.22372,0.037524,0.141965
22,0.313485,0.029897,0.176494,0.023649,0.083445
23,0.45933,0.023638,0.279318,0.037365,0.119009
24,0.348728,0.030075,0.209388,0.029291,0.079974
25,0.430282,0.027041,0.225412,0.037622,0.140207
26,0.271786,0.02628,0.154235,0.019752,0.071519
27,0.460182,0.025545,0.275304,0.037598,0.121735
28,0.629703,0.024102,0.489948,0.021949,0.093704
29,0.381838,0.02658,0.191088,0.037767,0.126403
30,0.308204,0.030542,0.176414,0.020325,0.080923
31,0.429497,0.071995,0.192491,0.037629,0.127382
32,0.254495,0.029605,0.102911,0.02196,0.100019
33,0.318333,0.029049,0.125638,0.037442,0.126204
34,0.26004,0.030406,0.111954,0.021929,0.095751
35,0.299403,0.02537,0.121263,0.037654,0.115116
36,0.283982,0.027766,0.15594,0.023669,0.076607
37,0.358196,0.026952,0.163574,0.039171,0.128499
38,0.281703,0.02393,0.15222,0.019449,0.086104
39,0.513471,0.026457,0.313415,0.037509,0.13609
40,0.271513,0.029151,0.134714,0.019939,0.087709
41,0.366156,0.02615,0.171354,0.037716,0.130936
42,0.289313,0.026951,0.15149,0.020218,0.090654
43,0.383117,0.026415,0.198546,0.037245,0.120911
44,0.243658,0.027852,0.111062,0.021903,0.082841
45,0.381462,0.0272,0.187931,0.037777,0.128554
46,0.332034,0.027135,0.198174,0.019347,0.087378
47,0.424674,0.027433,0.25794,0.037356,0.101945
48,0.251362,0.026677,0.127213,0.022452,0.07502
49,0.331478,0.026228,0.138276,0.037071,0.129903
50,0.322301,0.029302,0.194176,0.022015,0.076808
51,0.389212,0.023902,0.212693,0.037372,0.115245
52,0.40191,0.027245,0.270191,0.01959,0.084884
53,0.339057,0.02773,0.146972,0.037777,0.126578
54,0.345312,0.059225,0.181165,0.022065,0.082857
55,0.378939,0.02811,0.191248,0.037216,0.122365
56,0.297187,0.034335,0.164616,0.022184,0.076052
57,0.527998,0.023966,0.347919,0.037747,0.118366
58,0.28348,0.026405,0.14921,0.020517,0.087348
59,0.431872,0.02791,0.252709,0.037411,0.113842
60,0.237415,0.027505,0.108898,0.019671,0.081341
61,0.584417,0.03281,0.397014,0.037707,0.116886
62,0.549812,0.024752,0.423014,0.021009,0.081037
63,0.353705,0.028413,0.171275,0.036935,0.117082
64,0.532301,0.027818,0.34605,0.047315,0.111118
65,0.316276,0.039196,0.124481,0.037437,0.115162
66,0.31246,0.028258,0.183048,0.021436,0.079718
67,0.399376,0.026056,0.219935,0.037373,0.116012
68,0.2167,0.02846,0.087632,0.021949,0.078659
69,0.314457,0.028208,0.122541,0.03718,0.126528
70,0.415076,0.027917,0.27369,0.030108,0.083361
71,0.336001,0.025897,0.143612,0.037125,0.129367
72,0.397296,0.028192,0.265536,0.020355,0.083213
73,0.347559,0.028423,0.147602,0.047929,0.123605
74,0.278873,0.051691,0.114768,0.021148,0.091266
75,0.323714,0.059674,0.106311,0.037131,0.120598
76,0.243414,0.027351,0.115897,0.021251,0.078915
77,0.281026,0.031617,0.098356,0.03716,0.113893
78,0.229863,0.027315,0.102307,0.02184,0.078401
79,0.306147,0.028827,0.122057,0.037054,0.118209
80,0.449405,0.028035,0.31017,0.024512,0.086688
81,0.318461,0.030735,0.126621,0.037636,0.123469
82,0.264419,0.029124,0.128704,0.023076,0.083515
83,0.288857,0.027554,0.105173,0.037517,0.118613
84,0.264203,0.027404,0.142294,0.019747,0.074758
85,0.335376,0.027675,0.105077,0.037629,0.164995
86,0.34182,0.026533,0.211661,0.019515,0.084111
87,0.355484,0.031692,0.172961,0.037973,0.112858
88,0.385359,0.027577,0.255371,0.021914,0.080497
89,0.378601,0.026096,0.190181,0.037886,0.124438
90,0.36241,0.029739,0.192181,0.061466,0.079024
91,0.317681,0.051642,0.095544,0.038127,0.132368
92,0.245536,0.030174,0.11002,0.021274,0.084068
93,0.510974,0.02971,0.328519,0.037518,0.115227
94,0.356408,0.02686,0.226132,0.022349,0.081067
95,0.474986,0.036475,0.281557,0.036929,0.120025
96,0.298968,0.025812,0.163756,0.019943,0.089457
97,0.383635,0.031322,0.175737,0.062638,0.113938
98,0.455989,0.06254,0.2782,0.022722,0.092527
99,0.420697,0.060576,0.202768,0.037131,0.120222
100,0.257226,0.04585,0.121739,0.020176,0.069461
101,0.415436,0.041006,0.22408,0.037802,0.112548
102,0.368895,0.047064,0.221657,0.025115,0.075059
103,0.464527,0.029436,0.276311,0.037887,0.120893
104,0.249537,0.032486,0.122113,0.024198,0.07074
105,0.39131,0.025076,0.173357,0.064355,0.128522
106,0.237141,0.0465,0.093869,0.021547,0.075225
107,0.28068,0.03137,0.100253,0.03731,0.111747
108,0.29407,0.031946,0.160962,0.021783,0.079379
109,0.421433,0.03548,0.236721,0.037932,0.1113
110,0.301547,0.027026,0.17354,0.024082,0.076899
111,0.354868,0.028182,0.17017,0.037211,0.119305
112,0.254471,0.0238,0.133724,0.025342,0.071605
113,0.319644,0.031504,0.133283,0.037515,0.117342
114,0.285451,0.028966,0.15617,0.0225,0.077815
115,0.573371,0.027794,0.412875,0.036944,0.095758
116,0.327462,0.025436,0.197023,0.019853,0.08515
117,0.325983,0.027562,0.147005,0.037709,0.113707
118,0.266005,0.027154,0.13874,0.019748,0.080363
119,0.383981,0.027934,0.184486,0.037229,0.134332
120,0.300273,0.026206,0.17094,0.020222,0.082905
121,0.374469,0.027652,0.195144,0.037957,0.113716
122,0.327824,0.027768,0.194341,0.021926,0.083789
123,0.339678,0.027382,0.156423,0.037339,0.118534
124,0.292814,0.026191,0.14809,0.020231,0.098302
125,0.390764,0.06405,0.167956,0.037838,0.12092
126,0.394709,0.043812,0.255814,0.025375,0.069708
127,0.417651,0.044264,0.212583,0.037201,0.123603
128,0.516687,0.029858,0.335775,0.053991,0.097063
129,0.681794,0.04075,0.455714,0.063822,0.121508
130,0.425061,0.062475,0.255107,0.021839,0.08564
131,0.342472,0.03367,0.172081,0.037534,0.099187
132,0.285658,0.060335,0.12764,0.020025,0.077658
133,0.423953,0.065217,0.19406,0.037694,0.126982
134,0.407005,0.028778,0.27043,0.020033,0.087764
135,0.375139,0.032532,0.196237,0.038249,0.108121
136,0.385182,0.02544,0.218671,0.063385,0.077686
137,0.473894,0.039486,0.195978,0.078516,0.159914
138,0.478897,0.044354,0.29483,0.021436,0.118277
139,0.51504,0.03113,0.328584,0.039342,0.115984
140,0.304699,0.058588,0.138658,0.026831,0.080622
141,0.399341,0.066222,0.169611,0.03806,0.125448
142,0.324271,0.062807,0.16266,0.022071,0.076733
143,0.43784,0.07225,0.20462,0.045618,0.115352
144,0.269235,0.027395,0.14077,0.021004,0.080066
145,0.283581,0.031078,0.100606,0.037911,0.113986
146,0.223193,0.024092,0.105938,0.020456,0.072707
147,0.31766,0.030748,0.15344,0.038346,0.095126
148,0.34253,0.026595,0.217513,0.019882,0.07854
149,0.424261,0.029454,0.2425,0.037427,0.11488
150,0.354107,0.025926,0.223952,0.02113,0.083099
151,0.337688,0.027925,0.155503,0.038038,0.116222
152,0.25718,0.029416,0.123804,0.021231,0.082729
153,0.369251,0.02997,0.187428,0.0392,0.112653
154,0.287249,0.025617,0.15951,0.024266,0.077856
155,0.298699,0.027282,0.116527,0.037569,0.117321
156,0.256524,0.02386,0.138948,0.019987,0.073729
157,0.39891,0.028516,0.212045,0.037844,0.120505
158,0.235184,0.029185,0.109927,0.022305,0.073767
159,0.36235,0.025273,0.178131,0.037925,0.121021
160,0.358059,0.026782,0.24026,0.019783,0.071234
161,0.667227,0.027055,0.454894,0.06365,0.121628
162,0.37576,0.06328,0.180534,0.022651,0.109295
163,0.28973,0.038171,0.091352,0.037898,0.122309
164,0.233138,0.023898,0.108919,0.024067,0.076254
165,0.402977,0.028636,0.168977,0.067875,0.137489
166,0.307988,0.060829,0.144067,0.021986,0.081106
167,0.274817,0.025791,0.099446,0.037997,0.111583
168,0.35173,0.029222,0.226681,0.019793,0.076034
169,0.329302,0.025796,0.152013,0.038651,0.112842
170,0.265772,0.029013,0.13669,0.019709,0.08036
171,0.26934,0.024821,0.095698,0.036902,0.111919
172,0.324049,0.02458,0.208966,0.019862,0.070641
173,0.294641,0.027615,0.112736,0.0379,0.11639
174,0.283424,0.028667,0.142996,0.020107,0.091654
175,0.459187,0.026874,0.277176,0.037272,0.117865
176,0.226954,0.029337,0.09226,0.022954,0.082403
177,0.331138,0.03189,0.142475,0.037749,0.119024
178,0.262375,0.02519,0.150826,0.019943,0.066416
179,0.375315,0.025922,0.181586,0.037282,0.130525
180,0.21052,0.02835,0.080388,0.019649,0.082133
181,0.297299,0.027555,0.114407,0.037602,0.117735
182,0.344686,0.028963,0.212854,0.020555,0.082314
183,0.287003,0.026925,0.127729,0.03682,0.095529
184,0.277372,0.02813,0.156676,0.020262,0.072304
185,0.463139,0.026748,0.276421,0.038202,0.121768
186,0.351232,0.030316,0.221018,0.019638,0.08026
187,0.353011,0.028537,0.166465,0.037827,0.120182
188,0.732353,0.029168,0.578906,0.046845,0.077434
189,0.360447,0.03591,0.163127,0.044908,0.116502
190,0.250511,0.027315,0.130671,0.020532,0.071993
191,0.452085,0.027945,0.297412,0.036623,0.090105
192,0.263994,0.032206,0.132869,0.022467,0.076452
193,0.322602,0.028255,0.136284,0.037551,0.120512
194,0.26333,0.025206,0.131571,0.019753,0.0868
195,0.321641,0.027412,0.13653,0.038037,0.119662
196,0.357329,0.026736,0.230147,0.024651,0.075795
197,0.424306,0.03067,0.246289,0.037862,0.109485
198,0.336566,0.022195,0.218901,0.021291,0.074179
199,0.438881,0.026725,0.2174,0.067118,0.127638
200,0.461761,0.03842,0.262116,0.051411,0.109814
201,0.575185,0.055105,0.296647,0.066476,0.156957
202,0.566186,0.08318,0.291901,0.050927,0.140178
203,0.411293,0.079085,0.120765,0.067871,0.143572
204,0.4633,0.091935,0.201912,0.050191,0.119262
205,0.417257,0.072266,0.160248,0.0382,0.146543
206,0.416428,0.047253,0.262825,0.025053,0.081297
207,0.440578,0.03413,0.239039,0.037631,0.129778
208,0.307969,0.026488,0.185782,0.021322,0.074377
209,0.309671,0.032345,0.12278,0.037911,0.116635
210,0.352672,0.025873,0.223711,0.024997,0.078091
211,0.363269,0.02798,0.170733,0.037659,0.126897
212,0.521343,0.026873,0.39407,0.020182,0.080218
213,0.335889,0.026995,0.151866,0.044369,0.112659
214,0.448065,0.027395,0.313769,0.023096,0.083805
215,0.345018,0.02963,0.161815,0.03752,0.116053
216,0.338651,0.033296,0.208594,0.021933,0.074828
217,0.369131,0.026278,0.187957,0.037893,0.117003
218,0.258083,0.02922,0.12883,0.021722,0.078311
219,0.30606,0.026568,0.125025,0.037561,0.116906
220,0.388809,0.029049,0.25919,0.021831,0.078739
221,0.324871,0.026568,0.144625,0.037828,0.11585
222,0.35239,0.02869,0.228073,0.022747,0.07288
223,0.358063,0.026287,0.167822,0.03711,0.126844
224,0.455079,0.02964,0.322404,0.022341,0.080694
225,0.418239,0.064018,0.173226,0.063082,0.117913
226,0.465765,0.058274,0.276061,0.025549,0.105881
227,0.508707,0.069317,0.236564,0.038133,0.164693
228,0.282172,0.045866,0.144082,0.021803,0.070421
229,0.427225,0.070704,0.176634,0.03798,0.141907
230,0.280903,0.028407,0.146267,0.024581,0.081648
231,0.306387,0.023022,0.161046,0.036691,0.085628
232,0.501336,0.032028,0.36546,0.025443,0.078405
233,0.38308,0.026691,0.19474,0.038229,0.12342
234,0.329984,0.028366,0.20239,0.021264,0.077964
235,0.466649,0.025204,0.283481,0.037718,0.120246
236,0.372337,0.026616,0.213697,0.051375,0.080649
237,0.326693,0.036402,0.139785,0.037882,0.112624
238,0.315402,0.02741,0.189104,0.019308,0.07958
239,0.330641,0.027344,0.173406,0.037205,0.092686
240,0.404121,0.027946,0.278135,0.0211,0.07694
241,0.360175,0.024829,0.179057,0.038183,0.118106
242,0.317127,0.029798,0.194946,0.021542,0.070841
243,0.308754,0.038795,0.125879,0.037835,0.106245
244,0.288916,0.058534,0.120142,0.023728,0.086512
245,0.376475,0.031987,0.194167,0.03718,0.113141
246,0.468471,0.032672,0.332518,0.022072,0.081209
247,0.660015,0.023376,0.513119,0.037493,0.086027
248,0.307646,0.042875,0.177094,0.021481,0.066196
249,0.652017,0.04338,0.4627,0.038155,0.107782
250,0.28026,0.057595,0.123579,0.02224,0.076846
251,0.318036,0.029497,0.14029,0.03782,0.110429
252,0.323897,0.026914,0.191718,0.022418,0.082847
253,0.320124,0.031354,0.132369,0.039574,0.116827
254,0.635234,0.026216,0.506768,0.023262,0.078988
255,0.412183,0.033588,0.22032,0.039418,0.118857
256,0.258654,0.02674,0.111988,0.021878,0.098048
257,0.413978,0.028779,0.223347,0.041014,0.120838
258,0.258409,0.022178,0.14185,0.021209,0.073172
259,0.310844,0.030644,0.118647,0.044463,0.11709
260,0.248109,0.025236,0.11363,0.020018,0.089225
261,0.310985,0.029106,0.119472,0.037491,0.124916
262,0.287574,0.025299,0.157764,0.021429,0.083082
263,0.405893,0.029306,0.225839,0.03776,0.112988
264,0.336544,0.024377,0.209155,0.022351,0.080661
265,0.420488,0.028152,0.23512,0.037753,0.119463
266,0.235708,0.025704,0.106459,0.021884,0.081661
267,0.326057,0.041116,0.140756,0.037822,0.106363
268,0.371321,0.038702,0.239154,0.022391,0.071074
269,0.368077,0.03198,0.183834,0.038759,0.113504
270,0.730987,0.029018,0.602148,0.022489,0.077332
271,0.637927,0.028324,0.483499,0.037616,0.088488
272,0.388906,0.026371,0.236817,0.046625,0.079093
273,0.410124,0.036177,0.22287,0.037876,0.113201
274,0.224572,0.02894,0.09901,0.02242,0.074202
275,0.39237,0.04558,0.200041,0.0375,0.109249
276,0.293555,0.032949,0.160431,0.021016,0.079159
277,0.37168,0.027275,0.18644,0.037756,0.120209
278,0.326807,0.025168,0.194718,0.019705,0.087216
279,0.29802,0.030997,0.116908,0.037422,0.112693
280,0.578085,0.022609,0.447683,0.030393,0.0774
281,0.364293,0.045998,0.165593,0.037888,0.114814
282,0.287516,0.055843,0.14012,0.02006,0.071493
283,0.301914,0.042538,0.113659,0.037622,0.108095
284,0.309576,0.040424,0.177637,0.019595,0.07192
285,0.33312,0.03047,0.151486,0.037847,0.113317
286,0.430447,0.027281,0.300807,0.022087,0.080272
287,0.503728,0.024582,0.322014,0.038013,0.119119
288,0.210137,0.03173,0.080767,0.022431,0.075209
289,0.585254,0.027148,0.361044,0.067102,0.12996
290,0.280233,0.051693,0.12008,0.023495,0.084965
291,0.543729,0.065312,0.271288,0.061864,0.145265
292,0.381084,0.031139,0.241391,0.024838,0.083716
293,0.38912,0.031711,0.209212,0.03798,0.110217
294,0.314108,0.029192,0.168836,0.023833,0.092247
295,0.30327,0.025217,0.128541,0.03747,0.112042
296,0.26468,0.022967,0.14907,0.019769,0.072874
297,0.316546,0.02542,0.131448,0.037798,0.12188
298,0.258154,0.028909,0.131567,0.021789,0.075889
299,0.341012,0.024235,0.151324,0.037798,0.127655
300,0.341359,0.027877,0.215507,0.023087,0.074888
301,0.511479,0.024329,0.321937,0.037913,0.1273
302,0.262113,0.02607,0.137127,0.019627,0.079289
303,0.55816,0.051656,0.358157,0.037786,0.110561
304,0.320457,0.058378,0.164275,0.021092,0.076712
305,1.09148,0.029017,0.89666,0.037811,0.127988
306,0.368021,0.038922,0.224586,0.019933,0.08458
307,0.553399,0.055565,0.305486,0.037506,0.154842
308,0.278787,0.041442,0.149915,0.020935,0.066495
309,0.474517,0.05314,0.264081,0.037625,0.119671
310,0.237925,0.032803,0.110561,0.019078,0.075483
311,0.335166,0.025177,0.163324,0.039309,0.107356
312,0.680644,0.034299,0.549165,0.021955,0.075225
313,0.357894,0.025902,0.174414,0.037647,0.119931
314,0.396469,0.02813,0.232363,0.049302,0.086674
315,0.355311,0.0322,0.16195,0.037677,0.123484
316,0.273843,0.026993,0.150659,0.019716,0.076475
317,0.404869,0.030384,0.218766,0.037817,0.117902
318,0.306616,0.029183,0.180437,0.019162,0.077834
319,0.316056,0.022318,0.168887,0.036684,0.088167
320,0.324562,0.025981,0.202678,0.020039,0.075864
321,0.28588,0.027497,0.105775,0.037596,0.115012
322,0.252236,0.028705,0.126314,0.025907,0.07131
323,0.406607,0.023345,0.231804,0.037429,0.114029
324,0.547388,0.028627,0.422857,0.019478,0.076426
325,0.46784,0.024705,0.277479,0.037815,0.127841
326,0.287316,0.025913,0.163946,0.026989,0.070468
327,0.336817,0.025983,0.155925,0.037649,0.11726
328,0.298695,0.029575,0.17076,0.020228,0.078132
329,0.3361,0.024971,0.148287,0.044346,0.118496
330,0.428305,0.027847,0.304486,0.022103,0.073869
331,0.266489,0.024989,0.088181,0.037987,0.115332
332,0.308653,0.027212,0.184244,0.023241,0.073956
333,0.328539,0.025229,0.14494,0.037131,0.121239
334,0.389626,0.026996,0.259946,0.023953,0.078731
335,0.640954,0.025794,0.453648,0.037743,0.123769
336,0.284961,0.027848,0.153893,0.019904,0.083316
337,0.41971,0.028397,0.23535,0.040716,0.115247
338,0.309691,0.025468,0.186048,0.021595,0.07658
339,0.290608,0.028772,0.107248,0.037826,0.116762
340,0.2791,0.022611,0.164451,0.019951,0.072087
341,0.413256,0.028506,0.187334,0.037794,0.159622
342,0.259683,0.025298,0.124072,0.025401,0.084912
343,0.40688,0.02612,0.218073,0.037869,0.124818
344,0.233932,0.028255,0.099445,0.021169,0.085063
345,0.385788,0.027377,0.20524,0.036649,0.116522
346,0.275713,0.028753,0.146442,0.020451,0.080067
347,0.47744,0.040998,0.288875,0.037786,0.109781
348,0.334298,0.042733,0.190597,0.021832,0.079136
349,0.343957,0.042011,0.154189,0.037729,0.110028
350,0.370873,0.047295,0.23531,0.020391,0.067877
351,0.3283,0.029597,0.13834,0.037542,0.122821
352,0.276404,0.026544,0.15072,0.020176,0.078964
353,0.28627,0.031406,0.102283,0.037762,0.114819
354,0.349542,0.026642,0.217759,0.022505,0.082636
355,0.333626,0.02883,0.154201,0.038001,0.112594
356,0.223147,0.024166,0.106621,0.020202,0.072158
357,0.444961,0.027796,0.258147,0.038003,0.121015
358,0.286973,0.025469,0.163721,0.019831,0.077952
359,0.368798,0.027836,0.18719,0.037439,0.116333
360,0.347194,0.022213,0.226786,0.022844,0.075351
361,0.317981,0.030182,0.132976,0.040732,0.114091
362,0.31617,0.026577,0.186552,0.020522,0.082519
363,0.587164,0.029696,0.398146,0.037554,0.121768
364,0.255731,0.028393,0.128778,0.020093,0.078467
365,0.477036,0.027672,0.297155,0.038511,0.113698
366,0.46398,0.023296,0.343401,0.022147,0.075136
367,0.294585,0.025884,0.11158,0.037273,0.119848
368,0.376361,0.057753,0.219065,0.021835,0.077708
369,0.553499,0.027187,0.345246,0.06204,0.119026
370,0.359587,0.036806,0.22861,0.0216,0.072571
371,0.394247,0.059153,0.177015,0.039591,0.118488
372,0.241636,0.02604,0.11084,0.019645,0.085111
373,0.371273,0.029062,0.191163,0.037609,0.113439
374,0.284267,0.026932,0.15926,0.021786,0.076289
375,0.456907,0.030342,0.2607,0.037814,0.128051
376,0.33397,0.026015,0.200274,0.019733,0.087948
377,0.325459,0.031998,0.139752,0.037438,0.116271
378,0.215201,0.022855,0.097519,0.019624,0.075203
379,0.324435,0.027332,0.170078,0.036491,0.090534
380,0.369711,0.025796,0.23887,0.019511,0.085534
381,0.372394,0.027637,0.188238,0.037338,0.119181
382,0.244846,0.025213,0.102569,0.022075,0.094989
383,0.37152,0.025818,0.195446,0.037531,0.112725
384,0.206038,0.027147,0.078594,0.021695,0.078602
385,0.322221,0.02778,0.145147,0.037531,0.111763
386,0.223572,0.024415,0.095082,0.021768,0.082307
387,0.357551,0.028654,0.172104,0.03748,0.119313
388,0.330544,0.024884,0.188001,0.019858,0.097801
389,0.260316,0.03095,0.073595,0.037589,0.118182
390,0.234956,0.025709,0.102797,0.023091,0.083359
391,0.357758,0.027393,0.169591,0.037714,0.12306
392,0.24532,0.024512,0.107914,0.022002,0.090892
393,0.38287,0.027097,0.199122,0.037469,0.119182
394,0.250501,0.02502,0.124343,0.022169,0.078969
395,0.353278,0.027088,0.174516,0.037865,0.113809
396,0.291133,0.026269,0.165213,0.024482,0.075169
397,0.719458,0.028553,0.559398,0.037362,0.094145
398,0.293793,0.025383,0.159011,0.022089,0.08731
399,0.292013,0.028902,0.099731,0.044789,0.118591
400,0.293046,0.024731,0.158712,0.0215,0.088103
401,0.347004,0.027083,0.16475,0.037827,0.117344
402,0.317726,0.033903,0.189746,0.02234,0.071737
403,0.301847,0.025132,0.121316,0.037514,0.117885
404,0.24523,0.022335,0.125769,0.021249,0.075877
405,0.3552,0.027452,0.175632,0.037874,0.114242
406,0.353662,0.024844,0.220244,0.020429,0.088145
407,0.354362,0.030481,0.170519,0.037593,0.115769
408,0.334089,0.029126,0.18371,0.032747,0.088506
409,0.471225,0.054751,0.24995,0.037638,0.128886
410,0.277566,0.041758,0.147047,0.022177,0.066584
411,0.47095,0.043966,0.252453,0.037818,0.136713
412,0.521495,0.026413,0.39157,0.019749,0.083763
413,0.345363,0.025822,0.164057,0.037754,0.11773
414,0.370744,0.031336,0.242704,0.022029,0.074675
415,0.330556,0.025438,0.156145,0.038601,0.110372
416,0.244117,0.046096,0.102355,0.021584,0.074082
417,0.391097,0.043338,0.185099,0.037727,0.124933
418,0.445319,0.031607,0.308259,0.023361,0.082092
419,0.676065,0.026021,0.491748,0.037268,0.121028
420,0.460682,0.032209,0.305735,0.047247,0.075491
421,0.277053,0.037025,0.084636,0.037706,0.117686
422,0.311095,0.033651,0.177268,0.023728,0.076448
423,0.484457,0.030503,0.273364,0.062831,0.117759
424,0.378956,0.035233,0.243702,0.023307,0.076714
425,0.394327,0.02865,0.214285,0.038076,0.113316
426,0.280367,0.027098,0.156952,0.019516,0.076801
427,0.449232,0.025105,0.275128,0.037837,0.111162
428,0.29839,0.025447,0.174785,0.019729,0.078429
429,0.336286,0.041698,0.14826,0.03784,0.108488
430,0.24918,0.030024,0.115071,0.019089,0.084996
431,0.273774,0.023994,0.125752,0.037381,0.086647
432,0.259175,0.03359,0.128023,0.025448,0.072114
433,0.28725,0.024449,0.104001,0.037322,0.121478
434,0.23918,0.030457,0.109441,0.021843,0.077439
435,0.310594,0.024933,0.117868,0.037491,0.130302
436,0.274108,0.027387,0.147911,0.022805,0.076005
437,0.315029,0.02638,0.133642,0.037737,0.11727
438,0.535225,0.028392,0.413072,0.022475,0.071286
439,0.305627,0.027146,0.122481,0.037489,0.118511
440,0.27165,0.027717,0.140016,0.022193,0.081724
441,0.468363,0.025007,0.280922,0.037996,0.124438
442,0.33423,0.027402,0.207851,0.019675,0.079302
443,0.282217,0.0221,0.10892,0.037875,0.113322
444,0.34066,0.032356,0.209954,0.022085,0.076265
445,0.77689,0.024826,0.558023,0.069518,0.124523
446,0.244242,0.035879,0.11792,0.01976,0.070683
447,0.627659,0.0275,0.448314,0.037491,0.114354
448,0.283447,0.024987,0.159997,0.020032,0.078431
449,0.32421,0.027563,0.14407,0.037977,0.1146
450,0.234899,0.026648,0.102424,0.021975,0.083852
451,0.39322,0.027276,0.202208,0.037574,0.126162
452,0.318128,0.026655,0.182694,0.021759,0.08702
453,0.450509,0.026982,0.267508,0.037836,0.118183
454,0.40121,0.030911,0.263044,0.023449,0.083806
455,0.42748,0.035464,0.240974,0.037902,0.11314
456,0.307133,0.029656,0.178148,0.021853,0.077476
457,0.365371,0.042615,0.179205,0.038036,0.105515
458,0.500671,0.040078,0.365464,0.021449,0.07368
459,0.340627,0.040081,0.151368,0.03784,0.111338
460,0.276326,0.041901,0.142427,0.024963,0.067035
461,0.440569,0.030503,0.256251,0.039313,0.114502
462,0.276793,0.027232,0.144757,0.024611,0.080193
463,0.273494,0.03223,0.092139,0.037502,0.111623
464,0.272846,0.024774,0.141028,0.020513,0.086531
465,0.333599,0.027012,0.160046,0.037149,0.109392
466,0.381046,0.022825,0.258084,0.028318,0.071819
467,0.358611,0.024574,0.177206,0.037664,0.119167
468,0.288275,0.025535,0.159886,0.019606,0.083248
469,0.342175,0.028826,0.1583,0.037809,0.11724
470,0.457452,0.025895,0.305728,0.049033,0.076796
471,0.395032,0.038541,0.20706,0.037476,0.111955
472,0.342057,0.025746,0.226705,0.019093,0.070513
473,0.36157,0.027982,0.201463,0.037502,0.094623
474,0.432452,0.046804,0.239801,0.06494,0.080907
475,0.394899,0.055734,0.165935,0.037639,0.135591
476,0.347579,0.040534,0.205391,0.021095,0.080559
477,1.00004,0.052616,0.777974,0.038093,0.131359
478,0.268418,0.027702,0.150115,0.021947,0.068654
479,0.394651,0.025722,0.212513,0.037616,0.1188
480,0.235017,0.03251,0.108203,0.022945,0.071359
481,0.385113,0.026978,0.201954,0.037642,0.118539
482,0.28391,0.028332,0.161646,0.022138,0.071794
483,0.582613,0.025431,0.403404,0.038183,0.115595
484,0.281201,0.028142,0.150793,0.019609,0.082657
485,0.38545,0.02474,0.194196,0.037809,0.128705
486,0.48375,0.026936,0.364209,0.019354,0.073251
487,0.380795,0.027087,0.167922,0.06172,0.124066
488,0.315732,0.036231,0.169575,0.033314,0.076612
489,0.330349,0.035914,0.136207,0.045353,0.112875
490,0.29969,0.030514,0.164691,0.021611,0.082874
491,0.343852,0.029678,0.151352,0.037598,0.125224
492,0.23789,0.028852,0.107552,0.020553,0.080933
493,0.402004,0.024667,0.210562,0.037713,0.129062
494,0.558039,0.027364,0.4313,0.020898,0.078477
495,0.357538,0.036044,0.159963,0.044487,0.117044
496,0.253603,0.027699,0.111517,0.02337,0.091017
497,0.337196,0.025333,0.182261,0.036905,0.092697
498,0.491532,0.059826,0.33193,0.020187,0.079589
499,0.544939,0.052206,0.348844,0.037868,0.106021
500,0.31208,0.032901,0.180437,0.021027,0.077715
501,0.302087,0.025133,0.119776,0.038031,0.119147
502,0.363417,0.030484,0.237004,0.021511,0.074418
503,0.294456,0.026069,0.110866,0.037868,0.119653
504,0.318354,0.029175,0.19217,0.019416,0.077593
505,0.39731,0.024702,0.226991,0.037424,0.108193
506,0.286895,0.035086,0.161866,0.021956,0.067987
507,0.350654,0.02484,0.176923,0.03756,0.111331
508,0.339932,0.029028,0.214653,0.025529,0.070722
509,0.437023,0.025169,0.251259,0.037977,0.122618
510,0.29662,0.029256,0.162078,0.024935,0.080351
511,0.50742,0.025646,0.276499,0.064074,0.141201
512,0.290856,0.039964,0.103732,0.019829,0.127331
513,0.556813,0.027156,0.370879,0.037499,0.121279
514,0.236823,0.032151,0.101473,0.022053,0.081146
515,0.366156,0.028116,0.177133,0.044726,0.116181
516,0.322672,0.026949,0.190187,0.022119,0.083417
517,0.348189,0.028943,0.165926,0.037249,0.116071
518,0.338706,0.024571,0.214517,0.022756,0.076862
519,0.264036,0.025866,0.084043,0.03748,0.116647
520,0.421629,0.02472,0.299004,0.019598,0.078307
521,0.309975,0.029128,0.123143,0.037362,0.120342
522,0.276989,0.0226,0.16442,0.02036,0.069609
523,0.63859,0.029007,0.450592,0.037204,0.121787
524,0.273774,0.025591,0.138533,0.022762,0.086888
525,0.541098,0.029273,0.354084,0.038209,0.119532
526,0.270763,0.027158,0.136439,0.019851,0.087315
527,0.342252,0.02906,0.155237,0.038124,0.119831
528,0.27921,0.025192,0.150708,0.020349,0.082961
529,0.352138,0.029987,0.175735,0.037869,0.108547
530,0.319291,0.025141,0.186838,0.020358,0.086954
531,0.388406,0.028828,0.187773,0.037764,0.134041
532,0.222033,0.024202,0.10513,0.020749,0.071952
533,0.319723,0.023931,0.145198,0.037544,0.11305
534,0.26219,0.024631,0.138087,0.020962,0.07851
535,0.303546,0.027853,0.117515,0.037953,0.120225
536,0.269307,0.026376,0.130943,0.026618,0.08537
537,0.31789,0.027089,0.128764,0.037938,0.124099
538,0.267323,0.024406,0.139529,0.019704,0.083684
539,0.397457,0.028645,0.21408,0.037438,0.117294
540,0.252818,0.024477,0.117269,0.020138,0.090934
541,0.329166,0.027915,0.142737,0.037829,0.120685
542,0.56404,0.023639,0.41939,0.047645,0.073366
543,0.29929,0.034069,0.111623,0.037716,0.115882
544,0.253879,0.028357,0.12121,0.019555,0.084757
545,0.307598,0.027885,0.128405,0.037238,0.11407
546,0.242181,0.028808,0.115975,0.023078,0.07432
547,0.746444,0.026076,0.561688,0.037729,0.120951
548,0.370692,0.02517,0.25124,0.022369,0.071913
549,0.295715,0.027293,0.112376,0.037551,0.118495
550,0.284599,0.028237,0.156426,0.023176,0.07676
551,0.298188,0.022709,0.121963,0.03786,0.115656
552,0.257051,0.028456,0.135206,0.022054,0.071335
553,0.342832,0.024535,0.150158,0.037906,0.130233
554,0.234676,0.027768,0.105533,0.022904,0.078471
555,0.36948,0.02331,0.194977,0.038091,0.113102
556,0.236824,0.02827,0.10601,0.021985,0.080559
557,0.716083,0.024422,0.5627,0.037135,0.091826
558,0.463233,0.028519,0.335687,0.021151,0.077876
559,0.426458,0.026718,0.244237,0.037808,0.117695
560,0.403241,0.029252,0.22017,0.050191,0.103628
561,0.424986,0.058481,0.149897,0.071118,0.14549
562,0.284563,0.064472,0.114095,0.023106,0.08289
563,0.44771,0.027905,0.258099,0.037722,0.123984
564,0.248853,0.025931,0.12491,0.022227,0.075785
565,0.268441,0.032372,0.08902,0.037045,0.110004
566,0.455301,0.025385,0.325544,0.023288,0.081084
567,0.617101,0.029912,0.432684,0.038029,0.116476
568,0.32426,0.022471,0.200096,0.030494,0.071199
569,0.299016,0.027913,0.118424,0.037982,0.114697
570,0.26953,0.026451,0.143395,0.01974,0.079944
571,0.31763,0.024961,0.146519,0.037468,0.108682
572,0.273042,0.026276,0.14536,0.023216,0.07819
573,0.296907,0.029289,0.117528,0.037782,0.112308
574,0.262978,0.024346,0.137091,0.023391,0.07815
575,0.344099,0.028196,0.152406,0.037373,0.126124
576,0.56322,0.025227,0.434803,0.019974,0.083216
577,0.423972,0.026848,0.210295,0.065967,0.120862
578,0.293371,0.048239,0.130777,0.019926,0.094429
579,0.456473,0.065372,0.220669,0.037496,0.132936
580,0.664329,0.044975,0.52511,0.021251,0.072993
581,0.429499,0.050599,0.196864,0.037095,0.144941
582,0.282822,0.027962,0.14451,0.027414,0.082936
583,0.976946,0.066661,0.740659,0.037835,0.131791
584,0.269647,0.042476,0.137325,0.022404,0.067442
585,0.372892,0.067303,0.132726,0.046582,0.126281
586,0.39579,0.040438,0.250308,0.022907,0.082137
587,0.361823,0.050365,0.142905,0.037422,0.131131
588,0.260927,0.030829,0.133845,0.02402,0.072233
589,0.28765,0.038172,0.117898,0.03786,0.09372
590,0.259619,0.024023,0.141922,0.020007,0.073667
591,0.427736,0.026256,0.244579,0.037822,0.119079
592,0.258605,0.03113,0.126912,0.02234,0.078223
593,0.381404,0.024545,0.203735,0.037894,0.11523
594,0.267734,0.025212,0.135995,0.02013,0.086397
595,0.364195,0.027002,0.221192,0.036592,0.079409
596,0.3458,0.029969,0.220241,0.021571,0.074019
597,0.329133,0.028017,0.14916,0.037942,0.114014
598,0.326657,0.025855,0.189197,0.022604,0.089001
599,0.365097,0.02456,0.158949,0.062182,0.119406
600,0.289217,0.03111,0.155462,0.025504,0.077141
601,0.46998,0.030607,0.290039,0.03823,0.111104
602,0.229574,0.03046,0.109028,0.021498,0.068588
603,0.289009,0.028702,0.104162,0.037584,0.118561
604,0.461432,0.026562,0.335494,0.019857,0.079519
605,0.410483,0.028248,0.220017,0.03788,0.124338
606,0.341654,0.024436,0.207248,0.023071,0.086899
607,0.413334,0.024802,0.20678,0.063996,0.117756
608,0.28393,0.031935,0.15526,0.023458,0.073277
609,0.403582,0.027528,0.223706,0.038071,0.114277
610,0.237624,0.027151,0.115273,0.019689,0.075511
611,0.365533,0.027632,0.184309,0.037458,0.116134
612,0.248192,0.025832,0.112263,0.022063,0.088034
613,0.347308,0.025666,0.165632,0.037571,0.118439
614,0.24804,0.027117,0.117413,0.024568,0.078942
615,0.33264,0.029632,0.154088,0.037229,0.111691
616,0.289526,0.037057,0.15041,0.022184,0.079875
617,0.320751,0.030736,0.137695,0.0375,0.11482
618,0.235946,0.025256,0.11515,0.019797,0.075743
619,0.348717,0.03213,0.166518,0.037269,0.1128
620,0.344703,0.024544,0.218529,0.019724,0.081906
621,0.404645,0.02759,0.223386,0.037513,0.116156
622,0.31147,0.024749,0.184491,0.022271,0.079959
623,0.339165,0.02874,0.152906,0.037067,0.120452
624,0.277146,0.026088,0.140178,0.024324,0.086556
625,0.320626,0.027501,0.164056,0.036782,0.092287
626,0.246285,0.024698,0.121642,0.020256,0.079689
627,0.27954,0.03125,0.091921,0.037822,0.118547
628,0.274766,0.022605,0.157393,0.02332,0.071448
629,0.406471,0.025024,0.23351,0.037095,0.110842
630,0.301454,0.0228,0.189026,0.020358,0.06927
631,0.30946,0.026307,0.130021,0.037762,0.11537
632,0.260857,0.028524,0.132721,0.022055,0.077557
633,0.29609,0.025971,0.115991,0.038375,0.115753
634,0.370428,0.021524,0.253563,0.02041,0.074931
635,0.24727,0.028187,0.08824,0.037422,0.093421
636,0.285583,0.02669,0.161586,0.020366,0.076941
637,0.371698,0.02451,0.19885,0.037766,0.110572
638,0.19882,0.021992,0.084837,0.021945,0.070046
639,0.30592,0.024677,0.118396,0.037031,0.125816
640,0.236083,0.024842,0.119257,0.023029,0.068955
641,0.361561,0.02444,0.183013,0.037467,0.116641
642,0.244135,0.03036,0.119079,0.019869,0.074827
643,0.310787,0.026682,0.132127,0.037411,0.114567
644,0.223054,0.029708,0.096128,0.021517,0.075701
645,0.395817,0.022227,0.253084,0.037333,0.083173
646,0.289157,0.025731,0.166839,0.020285,0.076302
647,0.28754,0.027604,0.104319,0.037875,0.117742
648,0.269329,0.022445,0.1522,0.021165,0.073519
649,0.324317,0.02898,0.127997,0.038139,0.129201
650,0.34847,0.027302,0.222251,0.02214,0.076777
651,0.309437,0.02501,0.137644,0.037864,0.108919
652,0.274817,0.026277,0.138723,0.030127,0.07969
653,0.41579,0.028783,0.235611,0.03738,0.114016
654,0.266414,0.025555,0.136413,0.024787,0.079659
655,0.429713,0.02958,0.234909,0.048736,0.116488
656,0.304208,0.023985,0.178086,0.022531,0.079606
657,0.379979,0.029008,0.162634,0.03848,0.149857
658,0.406076,0.024147,0.290345,0.022202,0.069382
659,0.328833,0.023618,0.153348,0.039612,0.112255
660,0.279482,0.02725,0.161274,0.019854,0.071104
661,0.357115,0.026963,0.175632,0.037769,0.116751
662,0.238617,0.029276,0.113999,0.023951,0.071391
663,0.290057,0.022656,0.143793,0.037674,0.085934
664,0.42674,0.024174,0.310539,0.020185,0.071842
665,0.358033,0.027902,0.177492,0.037594,0.115045
666,0.34575,0.025014,0.200288,0.044407,0.076041
667,0.67779,0.059225,0.446332,0.038022,0.134211
668,0.381877,0.043185,0.253276,0.021976,0.06344
669,0.518029,0.050958,0.26584,0.037722,0.163509
670,0.252125,0.045767,0.113147,0.020631,0.07258
671,0.490052,0.029878,0.288448,0.037871,0.133855
672,0.248449,0.023686,0.130763,0.020374,0.073626
673,0.439566,0.051364,0.2451,0.0382,0.104902
674,0.317589,0.048388,0.172543,0.021688,0.07497
675,0.506096,0.027319,0.329461,0.037849,0.111467
676,0.327206,0.025563,0.205781,0.019978,0.075884
677,0.531744,0.030404,0.347183,0.037629,0.116528
678,0.389084,0.026803,0.248897,0.022996,0.090388
679,0.358248,0.028915,0.17295,0.037954,0.118429
680,0.257607,0.026467,0.123797,0.02276,0.084583
681,0.381103,0.027625,0.197902,0.039558,0.116018
682,0.261194,0.025123,0.127957,0.023813,0.084301
683,0.318488,0.029516,0.133602,0.037474,0.117896
684,0.485599,0.025112,0.358355,0.022193,0.079939
685,0.307563,0.038487,0.124152,0.0379,0.107024
686,0.300691,0.023075,0.175873,0.023569,0.078174
687,0.338705,0.021782,0.195164,0.037233,0.084526
688,0.469555,0.027894,0.331795,0.023646,0.08622
689,0.361491,0.027496,0.167967,0.037683,0.128345
690,0.475417,0.02874,0.276861,0.073635,0.096181
691,0.467963,0.06033,0.158799,0.062496,0.186338
692,0.324681,0.054007,0.167988,0.019678,0.083008
693,0.421567,0.06589,0.176889,0.06276,0.116028
694,0.235987,0.029824,0.118165,0.020485,0.067513
695,0.273591,0.034132,0.102557,0.03768,0.099222
696,0.22485,0.031536,0.094434,0.022202,0.076678
697,0.517345,0.027327,0.330784,0.037898,0.121336
698,0.37198,0.038705,0.242316,0.022271,0.068688
699,0.296544,0.025218,0.111956,0.037766,0.121604
700,0.302535,0.029908,0.169938,0.021989,0.0807
701,0.297237,0.025013,0.105897,0.044429,0.121898
702,0.440868,0.027428,0.312129,0.022005,0.079306
703,0.49829,0.023619,0.3074,0.054592,0.112679
704,0.270746,0.02648,0.129455,0.023107,0.091704
705,0.399589,0.028437,0.216169,0.037437,0.117546
706,0.505826,0.025769,0.378791,0.020076,0.08119
707,0.326193,0.026194,0.145073,0.037843,0.117083
708,0.313389,0.043026,0.182269,0.022703,0.065391
709,0.46049,0.044162,0.266395,0.037998,0.111935
710,0.24981,0.028013,0.12574,0.01991,0.076147
711,0.334159,0.046387,0.143191,0.038,0.106581
712,0.29828,0.041293,0.159884,0.023093,0.07401
713,0.328046,0.025597,0.141596,0.037667,0.123186
714,0.335269,0.032168,0.199798,0.022211,0.081092
715,0.560891,0.025211,0.378649,0.037802,0.119229
716,0.429822,0.029646,0.303757,0.022783,0.073636
717,0.322945,0.023542,0.146088,0.038336,0.114979
718,0.336299,0.027172,0.210083,0.022489,0.076555
719,0.494396,0.024963,0.302883,0.037394,0.129156
720,0.379871,0.031644,0.229975,0.020838,0.097414
721,0.336027,0.034111,0.151956,0.038147,0.111813
722,0.267354,0.024835,0.145459,0.02396,0.0731
723,0.292957,0.026753,0.093095,0.037997,0.135112
724,0.263924,0.027496,0.14996,0.021204,0.065264
725,0.341564,0.0238,0.16873,0.037782,0.111252
726,0.24889,0.027353,0.127502,0.020454,0.073581
727,0.27854,0.025164,0.095945,0.037712,0.119719
728,0.272901,0.027224,0.150582,0.019402,0.075693
729,0.319755,0.024575,0.130246,0.038011,0.126923
730,0.33267,0.027654,0.193571,0.0269,0.084545
731,0.359175,0.027267,0.17316,0.037573,0.121175
732,0.299894,0.024059,0.168649,0.026333,0.080853
733,0.277096,0.026649,0.091021,0.038087,0.121339
734,0.32033,0.028178,0.185226,0.0263,0.080626
735,0.314044,0.032161,0.133524,0.037555,0.110804
736,0.263456,0.02325,0.132554,0.02788,0.079772
737,0.469656,0.027198,0.284534,0.03796,0.119964
738,0.211463,0.027846,0.07732,0.02739,0.078907
739,0.283713,0.025866,0.12073,0.037266,0.099851
740,0.422016,0.030604,0.287874,0.02789,0.075648
741,0.317545,0.025215,0.130982,0.037411,0.123937
742,0.250511,0.028842,0.116965,0.02657,0.078134
743,0.331317,0.027929,0.150702,0.037851,0.114835
744,0.372959,0.025534,0.225658,0.03079,0.090977
745,0.270836,0.025493,0.088716,0.039202,0.117425
746,0.477709,0.028238,0.34165,0.027866,0.079955
747,0.338875,0.031098,0.135673,0.039364,0.13274
748,0.414054,0.026012,0.276634,0.027027,0.084381
749,0.377691,0.100985,0.118616,0.039438,0.118652
750,0.422135,0.043196,0.260894,0.027386,0.090659
751,0.341883,0.038773,0.139368,0.037547,0.126195
752,0.351054,0.066979,0.165323,0.029433,0.089319
753,0.321314,0.055781,0.121379,0.037546,0.106608
754,0.365327,0.0518,0.213653,0.026727,0.073147
755,0.396424,0.054725,0.194563,0.037511,0.109625
756,0.377098,0.050688,0.224656,0.028196,0.073558
757,0.37612,0.040378,0.189978,0.038056,0.107708
758,0.519189,0.040589,0.37853,0.026607,0.073463
759,0.332857,0.040838,0.136106,0.037849,0.118064
760,0.257192,0.041769,0.11776,0.026347,0.071316
761,0.414119,0.041986,0.224906,0.037531,0.109696
762,0.298862,0.04182,0.156718,0.025976,0.074348
763,0.440477,0.040827,0.221187,0.037903,0.14056
764,0.27983,0.033352,0.142343,0.027613,0.076522
765,0.502019,0.037827,0.287077,0.062911,0.114204
766,0.291996,0.03987,0.1432,0.026337,0.082589
767,0.386444,0.05104,0.183515,0.0377,0.114189
768,0.281868,0.04324,0.128714,0.025896,0.084018
769,0.276057,0.044351,0.087312,0.038825,0.105569
770,0.246813,0.039222,0.102991,0.026383,0.078217
771,0.383546,0.041182,0.167713,0.049196,0.125455
772,0.259272,0.035793,0.11625,0.026356,0.080873
773,0.359137,0.033292,0.16765,0.037144,0.121051
774,0.411436,0.036191,0.273191,0.026927,0.075127
775,0.337598,0.033708,0.150484,0.038215,0.115191
776,0.31211,0.030009,0.18381,0.02646,0.071831
777,0.336612,0.034047,0.14384,0.037715,0.12101
778,0.273869,0.031046,0.138687,0.02629,0.077846
779,0.258646,0.032299,0.078952,0.03714,0.110255
780,0.359224,0.030051,0.222681,0.025726,0.080766
781,0.324814,0.032201,0.144821,0.037673,0.110119
782,0.584583,0.027655,0.451208,0.026623,0.079097
783,0.432794,0.035496,0.24923,0.037993,0.110075
784,0.269912,0.032852,0.132937,0.02572,0.078403
785,0.522637,0.032358,0.344209,0.038102,0.107968
786,0.290713,0.033872,0.154595,0.02583,0.076416
787,0.31515,0.029817,0.133437,0.037424,0.114472
788,0.394894,0.036914,0.257053,0.026053,0.074874
789,0.335157,0.026694,0.146947,0.037967,0.123549
790,0.323744,0.031789,0.185146,0.026573,0.080236
791,0.861612,0.033687,0.678612,0.041464,0.107849
792,0.421156,0.034852,0.162379,0.095583,0.128342
793,0.373806,0.034243,0.172613,0.037722,0.129228
794,0.420561,0.053473,0.185254,0.05414,0.127694
795,0.374656,0.041734,0.156004,0.03768,0.139238
796,0.668067,0.042351,0.447639,0.054467,0.12361
797,0.502178,0.071327,0.261508,0.037006,0.132337
798,0.453218,0.051991,0.187896,0.090933,0.122398
799,0.534918,0.070272,0.279492,0.037758,0.147396
800,0.478313,0.045783,0.248531,0.055924,0.128075
801,0.398292,0.038769,0.19523,0.037691,0.126602
802,0.454272,0.033913,0.214904,0.079117,0.126338
803,0.506444,0.040213,0.289345,0.062164,0.114722
804,0.52807,0.038317,0.240331,0.0813,0.168122
805,0.487333,0.072247,0.184746,0.062987,0.167353
806,0.496438,0.056991,0.213899,0.08821,0.137338
807,0.494328,0.071923,0.24382,0.037606,0.140979
808,0.361576,0.049538,0.127686,0.055507,0.128845
809,0.367458,0.042169,0.17624,0.037576,0.111473
810,0.380136,0.040016,0.156391,0.05474,0.128989
811,0.355915,0.047402,0.161432,0.037829,0.109252
812,1.07732,0.044247,0.830207,0.077847,0.125019
813,0.441151,0.056143,0.193666,0.061515,0.129827
814,0.555456,0.0856,0.202106,0.07696,0.19079
815,0.525998,0.042317,0.280666,0.065785,0.13723
816,0.45813,0.093013,0.140123,0.055073,0.169921
817,0.3882,0.034582,0.162476,0.06575,0.125392
818,0.984305,0.096486,0.618624,0.081663,0.187532
819,0.487297,0.0737,0.164892,0.061412,0.187293
820,0.580583,0.075846,0.187134,0.10156,0.216043
821,0.548902,0.069777,0.254109,0.075081,0.149935
822,0.589813,0.096327,0.277153,0.058073,0.15826
823,0.553123,0.063853,0.26397,0.066493,0.158807
824,0.537568,0.066613,0.191864,0.07731,0.201781
825,0.729535,0.036922,0.495753,0.067553,0.129307
826,0.527843,0.061078,0.199778,0.09128,0.175707
827,0.578132,0.069413,0.286226,0.065545,0.156948
828,0.466474,0.106052,0.1565,0.07678,0.127142
829,0.831593,0.087573,0.492724,0.066823,0.184473
830,0.774478,0.09033,0.40684,0.081927,0.195381
831,0.488768,0.07436,0.170371,0.061791,0.182246
832,0.606819,0.074646,0.201998,0.092704,0.237471
833,0.46336,0.071993,0.210711,0.037437,0.143219
834,0.440702,0.033448,0.186881,0.076903,0.14347
835,0.602196,0.075769,0.276536,0.065891,0.184
836,0.579023,0.069541,0.237701,0.09206,0.179721
837,0.476751,0.075279,0.177206,0.062896,0.16137
838,0.488876,0.082954,0.185802,0.072107,0.148013
839,0.622682,0.089654,0.298547,0.037662,0.196819
840,0.509774,0.037485,0.211596,0.09003,0.170663
841,0.462466,0.072513,0.167398,0.077821,0.144734
842,0.579879,0.068913,0.208545,0.092313,0.210108
843,0.438668,0.075643,0.157555,0.062549,0.142921
844,0.87159,0.091229,0.562094,0.05499,0.163277
845,0.412342,0.074324,0.201892,0.037056,0.09907
846,0.370915,0.045948,0.126037,0.054303,0.144627
847,0.370336,0.042954,0.182752,0.037872,0.106758
848,0.346108,0.041237,0.126967,0.054713,0.123191
849,0.36587,0.043371,0.175939,0.037638,0.108922
850,0.459779,0.041056,0.230196,0.054416,0.134111
851,0.585655,0.043272,0.374703,0.037689,0.129991
852,0.41942,0.039296,0.204038,0.05462,0.121466
853,0.324734,0.038807,0.169867,0.037054,0.079006
854,0.466931,0.043498,0.24616,0.053746,0.123527
855,0.450457,0.039776,0.231945,0.037576,0.14116
856,0.445845,0.045976,0.170761,0.106466,0.122642
857,0.486561,0.069572,0.184844,0.061707,0.170438
858,0.486639,0.075393,0.149126,0.076707,0.185413
859,0.42406,0.04422,0.220627,0.037638,0.121575
860,0.375276,0.035748,0.142136,0.054766,0.142626
861,0.324187,0.03214,0.142979,0.0375,0.111568
862,0.37954,0.05368,0.143237,0.05693,0.125693
863,0.376776,0.039285,0.174114,0.037873,0.125504
864,0.41345,0.043712,0.169119,0.054413,0.146206
865,0.380416,0.042617,0.194058,0.037633,0.106108
866,0.397434,0.038411,0.179965,0.05401,0.125048
867,0.416943,0.040611,0.194694,0.037983,0.143655
868,0.464929,0.041766,0.252506,0.06574,0.104917
869,0.655324,0.04149,0.446844,0.040622,0.126368
870,0.35187,0.033879,0.12013,0.065293,0.132568
871,0.350405,0.040562,0.165432,0.037442,0.106969
872,0.381411,0.057733,0.129267,0.05434,0.140071
873,0.31703,0.040058,0.129822,0.038064,0.109086
874,0.362316,0.039236,0.147414,0.053983,0.121683
875,0.435773,0.040871,0.232797,0.037827,0.124278
876,0.709228,0.042893,0.480743,0.055023,0.130569
877,0.354585,0.026029,0.17045,0.037782,0.120324
878,0.585391,0.04332,0.337096,0.07697,0.128005
879,0.467163,0.055796,0.20091,0.06598,0.144477
880,0.594146,0.069176,0.244853,0.08077,0.199347
881,0.597171,0.075327,0.31622,0.061051,0.144573
882,0.342905,0.07346,0.106223,0.054584,0.108638
883,0.40626,0.060885,0.180888,0.037371,0.127116
884,0.387828,0.044287,0.142763,0.05503,0.145748
885,0.346672,0.043061,0.128213,0.038033,0.137365
886,0.494672,0.046098,0.239987,0.054474,0.154113
887,0.564091,0.044635,0.321157,0.043442,0.154857
888,0.599948,0.042973,0.347149,0.083463,0.126363
889,0.46387,0.07565,0.193339,0.06624,0.128641
890,0.45897,0.082986,0.149515,0.078113,0.148356
891,0.493049,0.079295,0.215892,0.062278,0.135584
892,0.511896,0.082189,0.186988,0.07756,0.165159
893,0.509586,0.075067,0.209628,0.062198,0.162693
894,0.645156,0.07822,0.308124,0.092374,0.166438
895,0.413234,0.073197,0.117629,0.038653,0.183755
896,0.557917,0.034925,0.298376,0.0783,0.146316
897,0.421905,0.0349,0.186889,0.062769,0.137347
898,0.466922,0.082303,0.158029,0.077013,0.149577
899,0.46326,0.071188,0.170249,0.062455,0.159368
900,0.527072,0.082298,0.196557,0.081206,0.167011
901,0.526881,0.069767,0.24813,0.061647,0.147337
902,0.4315,0.081867,0.177231,0.055373,0.117029
903,0.628035,0.032812,0.413392,0.063856,0.117975
904,0.408345,0.04013,0.135482,0.094677,0.138056
905,0.346526,0.037763,0.139498,0.037211,0.132054
906,0.483837,0.03812,0.21655,0.07722,0.151947
907,0.689868,0.03495,0.470373,0.065725,0.11882
908,0.635973,0.078706,0.320532,0.070836,0.165899
909,0.67216,0.037218,0.430566,0.066938,0.137438
910,0.63891,0.04535,0.280918,0.081154,0.231488
911,0.625126,0.074233,0.289314,0.074193,0.187386
912,0.579067,0.069479,0.251421,0.092153,0.166014
913,0.498576,0.071989,0.200343,0.063909,0.162335
914,0.577182,0.105747,0.202126,0.105307,0.164002
915,0.580804,0.070726,0.263338,0.066175,0.180565
916,0.488044,0.072362,0.160549,0.078377,0.176756
917,0.444016,0.075859,0.16322,0.063242,0.141695
918,0.454606,0.077856,0.148709,0.077997,0.150044
919,0.44394,0.07558,0.148911,0.06226,0.157189
920,0.47631,0.087479,0.204438,0.054647,0.129746
921,0.323996,0.040224,0.131738,0.038457,0.113577
922,0.40522,0.04426,0.17633,0.054647,0.129983
923,0.45807,0.049542,0.230055,0.037867,0.140606
924,0.53138,0.037723,0.285946,0.054713,0.152998
925,0.327812,0.063595,0.11857,0.038432,0.107215
926,0.393185,0.043936,0.168775,0.05484,0.125634
927,0.355942,0.038616,0.149825,0.038231,0.12927
928,0.31143,0.044718,0.113938,0.055847,0.096927
929,0.365807,0.056104,0.152678,0.037065,0.11996
930,0.434018,0.043158,0.197226,0.054613,0.139021
931,0.56117,0.041224,0.354472,0.037605,0.127869
932,0.515228,0.042137,0.272141,0.054707,0.146243
933,0.367148,0.042182,0.159947,0.037785,0.127234
934,0.461931,0.04568,0.237351,0.054853,0.124047
935,0.396627,0.043257,0.189843,0.054762,0.108765
936,0.508271,0.04381,0.219612,0.083257,0.161592
937,0.514579,0.07604,0.214247,0.061929,0.162363
938,0.45509,0.079436,0.15073,0.07796,0.146964
939,0.596638,0.072714,0.287574,0.065898,0.170452
940,0.562387,0.08253,0.21851,0.09435,0.166997
941,0.49926,0.069529,0.174257,0.062484,0.19299
942,0.695477,0.038452,0.408289,0.0818,0.166936
943,0.598065,0.07267,0.295617,0.069467,0.160311
944,0.554569,0.072299,0.1984,0.077677,0.206193
945,0.560843,0.072483,0.21696,0.074384,0.197016
946,0.566425,0.073446,0.210507,0.088996,0.193476
947,0.473873,0.074101,0.233857,0.039778,0.126137
948,0.639504,0.036138,0.375375,0.082927,0.145064
949,0.716286,0.072623,0.415539,0.065831,0.162293
950,0.577761,0.081712,0.207402,0.100473,0.188174
951,0.504407,0.069446,0.207138,0.063369,0.164454
952,0.612177,0.083443,0.283811,0.082397,0.162526
953,0.598971,0.101249,0.224507,0.074837,0.198378
954,0.645912,0.07307,0.260416,0.082533,0.229893
955,0.503155,0.072873,0.192353,0.0621,0.175829
956,0.959633,0.079194,0.634814,0.079384,0.166241
957,0.767756,0.037556,0.498783,0.074679,0.156738
958,0.859353,0.06758,0.496677,0.07739,0.217706
959,0.632059,0.076414,0.278495,0.072149,0.205001
960,0.706503,0.07067,0.35812,0.084166,0.193547
961,0.695706,0.075217,0.379596,0.067548,0.173345
962,0.479192,0.071467,0.153344,0.077593,0.176788
963,0.4349,0.089817,0.131597,0.06218,0.151306
964,1.23509,0.112799,0.850306,0.08226,0.189729
965,0.468854,0.072749,0.157436,0.063631,0.175038
966,0.542477,0.074247,0.181193,0.077687,0.20935
967,0.44984,0.069423,0.175129,0.062172,0.143116
968,0.526098,0.09324,0.245099,0.055664,0.132095
969,0.50774,0.070019,0.219453,0.07728,0.140988
970,0.482966,0.072964,0.159225,0.05604,0.194737
971,0.390736,0.046011,0.195491,0.038094,0.11114
972,0.3714,0.057388,0.115725,0.054593,0.143694
973,0.590402,0.037247,0.372877,0.064347,0.115931
974,0.400364,0.034623,0.152826,0.077463,0.135452
975,0.43182,0.073474,0.186929,0.040296,0.131121
976,0.378194,0.0458,0.149721,0.05478,0.127893
977,0.612327,0.044507,0.39928,0.038125,0.130415
978,0.372551,0.040232,0.119205,0.072626,0.140488
979,0.630435,0.078887,0.346833,0.038047,0.166668
980,0.342938,0.04258,0.121166,0.055116,0.124076
981,0.529358,0.044287,0.332888,0.037709,0.114474
982,0.325063,0.042718,0.133597,0.054904,0.093844
983,0.496476,0.042967,0.259134,0.061835,0.13254
984,0.477994,0.056174,0.227586,0.054757,0.139477
985,0.558867,0.034187,0.340283,0.065884,0.118513
986,0.746082,0.060767,0.433828,0.081323,0.170164
987,0.403021,0.04861,0.152862,0.079451,0.122098
988,0.560443,0.04305,0.282234,0.054373,0.180786
989,0.509851,0.040066,0.286301,0.06641,0.117074
990,0.364875,0.047767,0.116519,0.05559,0.144999
991,0.354833,0.047713,0.151381,0.038115,0.117624
992,0.351185,0.032932,0.117789,0.054733,0.145731
993,0.354274,0.047992,0.158299,0.037817,0.110166
994,0.392927,0.036815,0.147003,0.054833,0.154276
995,0.316431,0.029445,0.128328,0.038196,0.120462
996,0.440665,0.038324,0.190403,0.0712,0.140738
997,0.306324,0.030248,0.127167,0.037902,0.111007
998,0.378103,0.040514,0.153014,0.057393,0.127182
999,0.319732,0.03499,0.12777,0.038082,0.11889
1000,0.666194,0.031108,0.423895,0.054704,0.156487
1001,0.359486,0.034184,0.174432,0.037893,0.112977
1002,0.48537,0.039064,0.204963,0.081103,0.16024
1003,0.414054,0.034867,0.158214,0.084221,0.136752
1004,0.406801,0.04216,0.188174,0.054637,0.12183
1005,0.478708,0.047572,0.22551,0.065898,0.139728
1006,0.51464,0.0361,0.213455,0.080906,0.184179
1007,0.792815,0.035216,0.56455,0.06824,0.124809
1008,0.357097,0.040697,0.097328,0.05529,0.163782
1009,0.33894,0.050366,0.134319,0.037889,0.116366
1010,0.431265,0.042164,0.152133,0.093564,0.143404
1011,0.294107,0.044063,0.119607,0.037596,0.092841
1012,0.393178,0.031581,0.173254,0.055713,0.13263
1013,0.462763,0.043681,0.260409,0.037976,0.120697
1014,0.552336,0.048262,0.286185,0.083633,0.134256
1015,0.457665,0.050986,0.187312,0.065684,0.153683
1016,0.449671,0.03609,0.167818,0.081483,0.16428
1017,0.415023,0.04214,0.17348,0.065033,0.13437
1018,0.307383,0.03565,0.115088,0.05496,0.101685
1019,0.483205,0.036245,0.279033,0.037818,0.130109
1020,0.450201,0.038199,0.213903,0.054823,0.143276
1021,0.400047,0.047846,0.178628,0.062362,0.111211
1022,0.314894,0.04293,0.154739,0.0314,0.085825
1023,0.346012,0.044784,0.147456,0.037804,0.115968
1024,0.433854,0.031308,0.160143,0.054677,0.187726
1025,0.327,0.030493,0.137987,0.038396,0.120124
1026,0.315101,0.034005,0.129067,0.054893,0.097136
1027,0.612584,0.03037,0.413173,0.050251,0.11879
1028,0.506425,0.048826,0.270136,0.054777,0.132686
1029,0.324017,0.052786,0.11839,0.037805,0.115036
1030,0.396268,0.037135,0.156989,0.055067,0.147077
1031,0.601564,0.037733,0.408873,0.038291,0.116667
1032,0.435989,0.048852,0.153931,0.091247,0.141959
1033,0.295055,0.037373,0.113185,0.039855,0.104642
1034,0.422748,0.036482,0.165084,0.090434,0.130748
1035,0.306209,0.03478,0.108191,0.041758,0.12148
1036,0.33754,0.036166,0.109758,0.055527,0.136089
1037,0.476319,0.031633,0.283865,0.041359,0.119462
1038,0.522876,0.039734,0.294541,0.055,0.133601
1039,0.38948,0.036303,0.19352,0.03792,0.121737
1040,0.410497,0.043913,0.135073,0.096757,0.134754
1041,0.299731,0.035744,0.136456,0.037624,0.089907
1042,0.43046,0.037378,0.171894,0.092454,0.128734
1043,0.363104,0.037495,0.165955,0.037731,0.121923
1044,0.420675,0.038842,0.185549,0.05498,0.141304
1045,0.37187,0.046206,0.135472,0.055044,0.135148
1046,0.383246,0.038022,0.145705,0.055233,0.144286
1047,0.384963,0.03056,0.203394,0.037766,0.113243
1048,0.381671,0.046143,0.126476,0.07291,0.136142
1049,0.338843,0.037181,0.14958,0.03798,0.114102
1050,0.433107,0.038327,0.1636,0.094744,0.136436
1051,0.325958,0.034134,0.127794,0.038122,0.125908
1052,0.473949,0.049263,0.23385,0.055,0.135836
1053,0.334336,0.048839,0.136692,0.039043,0.109762
1054,0.39426,0.039409,0.158322,0.054903,0.141626
1055,0.429018,0.048902,0.22524,0.039042,0.115834
1056,0.706031,0.037622,0.43704,0.08259,0.148779
1057,0.388685,0.037327,0.187929,0.038165,0.125264
1058,0.425138,0.044103,0.18907,0.09279,0.099175
1059,0.444718,0.038067,0.243694,0.038209,0.124748
1060,0.296071,0.037996,0.144694,0.035904,0.077477
1061,0.35,0.036945,0.165923,0.038034,0.109098
1062,0.323886,0.032602,0.182996,0.027797,0.080491
1063,0.329208,0.037433,0.138072,0.039764,0.113939
1064,0.262376,0.035956,0.122362,0.02718,0.076878
1065,0.38086,0.040044,0.21681,0.037576,0.08643
1066,0.39553,0.039277,0.16909,0.054864,0.132299
1067,0.385235,0.032012,0.202846,0.038138,0.112239
1068,0.410391,0.040481,0.140792,0.09383,0.135288
1069,0.439635,0.035456,0.200926,0.066184,0.137069
1070,0.446467,0.044023,0.16332,0.054693,0.184431
1071,0.505219,0.036513,0.25503,0.065743,0.147933
1072,0.458298,0.03577,0.212393,0.07283,0.137305
1073,0.428024,0.045722,0.168115,0.083989,0.130198
1074,0.438136,0.041253,0.166103,0.080326,0.150454
1075,0.771508,0.036969,0.512839,0.066736,0.154964
1076,0.45137,0.03974,0.186195,0.081327,0.144108
1077,0.400142,0.03753,0.179816,0.062326,0.12047
1078,0.496779,0.048376,0.248065,0.054774,0.145564
1079,0.328021,0.040132,0.166523,0.03786,0.083506
1080,0.444338,0.034879,0.17308,0.080986,0.155393
1081,0.315485,0.035097,0.12087,0.037912,0.121606
1082,0.46352,0.037517,0.189929,0.08051,0.155564
1083,0.345122,0.040086,0.139888,0.044097,0.121051
1084,0.423889,0.049011,0.186349,0.055353,0.133176
1085,0.406454,0.029493,0.18359,0.065605,0.127766
1086,0.652771,0.04029,0.405365,0.070837,0.136279
1087,0.379519,0.037917,0.184535,0.037587,0.11948
1088,0.340755,0.03904,0.099277,0.054453,0.147985
1089,0.319801,0.040315,0.126801,0.038347,0.114338
1090,0.38521,0.049264,0.151076,0.054784,0.130086
1091,0.38189,0.047724,0.165946,0.038598,0.129622
1092,0.364176,0.034363,0.131724,0.05469,0.143399
1093,0.494149,0.030074,0.283163,0.066178,0.114734
1094,0.588116,0.04056,0.373009,0.07335,0.101197
1095,0.721617,0.034041,0.490333,0.06636,0.130883
1096,0.490474,0.03535,0.203406,0.08252,0.169198
1097,0.39436,0.04436,0.136778,0.092841,0.120381
1098,0.467433,0.037792,0.168021,0.102947,0.158673
1099,0.364073,0.035063,0.168859,0.038509,0.121642
1100,0.559309,0.036134,0.292938,0.081236,0.149001
1101,0.389209,0.036862,0.192113,0.037993,0.122241
1102,0.373083,0.029031,0.149105,0.055743,0.139204
1103,0.427293,0.053065,0.219053,0.037687,0.117488
1104,0.404814,0.038659,0.165541,0.054836,0.145778
1105,0.324266,0.044765,0.125783,0.03721,0.116508
1106,0.502668,0.036174,0.215399,0.082157,0.168938
1107,0.430051,0.03559,0.197494,0.065529,0.131438
1108,0.401789,0.03768,0.144607,0.054724,0.164778
1109,0.403644,0.04321,0.200707,0.03848,0.121247
1110,0.331093,0.040439,0.104783,0.054993,0.130878
1111,0.377611,0.037562,0.190645,0.037427,0.111977
1112,0.447137,0.046608,0.21098,0.054464,0.135085
1113,0.49044,0.048074,0.247419,0.066987,0.12796
1114,0.455796,0.035976,0.172033,0.08625,0.161537
1115,0.715575,0.03601,0.49567,0.037968,0.145927
1116,0.540043,0.03367,0.255493,0.08172,0.16916
1117,0.426284,0.031914,0.194063,0.066474,0.133833
1118,0.547254,0.06795,0.257239,0.081234,0.140831
1119,0.493424,0.03756,0.224141,0.066749,0.164974
1120,0.548129,0.04151,0.275091,0.081693,0.149835
1121,0.364384,0.038304,0.149059,0.037914,0.139107
1122,0.453784,0.032485,0.249094,0.054837,0.117368
1123,0.40148,0.052713,0.196337,0.037808,0.114622
1124,0.708089,0.033854,0.464159,0.054797,0.155279
1125,0.395386,0.034431,0.19335,0.038244,0.129361
1126,0.480609,0.027488,0.249896,0.0546,0.148625
1127,0.398559,0.041747,0.194145,0.037976,0.124691
1128,0.456776,0.03416,0.225026,0.055883,0.141707
1129,0.321559,0.029664,0.165549,0.037509,0.088837
1130,0.378163,0.032051,0.137269,0.05512,0.153723
1131,0.368151,0.048051,0.165118,0.038076,0.116906
1132,0.595949,0.036874,0.349701,0.080993,0.128381
1133,0.441638,0.033908,0.20661,0.076142,0.124978
1134,0.444955,0.036143,0.173015,0.092113,0.143684
1135,0.342183,0.037843,0.140935,0.042081,0.121324
1136,0.453019,0.059121,0.192632,0.068093,0.133173
1137,0.358251,0.035843,0.162585,0.038173,0.12165
1138,0.436455,0.044596,0.202025,0.05534,0.134494
1139,0.41158,0.050389,0.162498,0.084777,0.113916
1140,0.369787,0.035927,0.127387,0.055697,0.150776
1141,0.360265,0.03416,0.173077,0.038027,0.115001
1142,0.377652,0.039743,0.143738,0.054673,0.139498
1143,0.412156,0.030471,0.172997,0.043621,0.165067
1144,0.481409,0.035103,0.245263,0.054327,0.146716
1145,0.713152,0.039466,0.494028,0.066105,0.113553
1146,0.644143,0.046954,0.372417,0.084703,0.140069
1147,0.454482,0.041373,0.214773,0.065857,0.132479
1148,0.465565,0.036163,0.183587,0.080807,0.165008
1149,0.412095,0.034927,0.181189,0.065609,0.13037
1150,0.372243,0.034716,0.130264,0.05492,0.152343
1151,0.583195,0.040444,0.348629,0.075342,0.11878
1152,0.550729,0.043756,0.258694,0.081313,0.166966
1153,0.468866,0.03526,0.231827,0.066121,0.135658
1154,0.453757,0.03792,0.18533,0.082037,0.14847
1155,0.416836,0.036559,0.174474,0.078283,0.12752
1156,0.548666,0.042007,0.278376,0.081436,0.146847
1157,0.519668,0.044585,0.329679,0.037469,0.107935
1158,0.424928,0.034329,0.123687,0.122337,0.144575
1159,0.596286,0.03997,0.366843,0.066115,0.123358
1160,0.495167,0.081887,0.174461,0.08248,0.156339
1161,0.444387,0.036203,0.210655,0.066796,0.130733
1162,0.664633,0.04965,0.391943,0.081337,0.141703
1163,0.490626,0.03464,0.269821,0.050365,0.1358
1164,0.48088,0.036786,0.177003,0.11966,0.147431
1165,0.342922,0.035236,0.145264,0.038005,0.124417
1166,0.506832,0.031496,0.271429,0.083827,0.12008
1167,0.540446,0.061913,0.227413,0.111771,0.139349
1168,0.349172,0.034877,0.120491,0.058737,0.135067
1169,0.354591,0.048029,0.150574,0.038336,0.117652
1170,0.388045,0.032751,0.164035,0.0548,0.136459
1171,0.315473,0.036464,0.155945,0.037615,0.085449
1172,0.570073,0.040804,0.342992,0.054617,0.13166
1173,0.345693,0.050325,0.144088,0.038058,0.113222
1174,0.383456,0.030771,0.147839,0.054526,0.15032
1175,0.325,0.031074,0.138597,0.038425,0.116904
1176,0.36778,0.036483,0.144738,0.05424,0.132319
1177,0.318879,0.050204,0.117329,0.039277,0.112069
1178,0.482571,0.035233,0.250281,0.05465,0.142407
1179,0.329486,0.032987,0.142683,0.039186,0.11463
1180,0.380773,0.036731,0.15638,0.05543,0.132232
1181,0.515096,0.037018,0.286583,0.066591,0.124904
1182,0.473986,0.053823,0.193691,0.081077,0.145395
1183,0.331382,0.034718,0.137516,0.038306,0.120842
1184,0.533708,0.032195,0.250465,0.080977,0.170071
1185,0.3105,0.033647,0.1195,0.038289,0.119064
1186,0.426764,0.046857,0.20348,0.065107,0.11132
1187,0.353111,0.031481,0.161616,0.041538,0.118476
1188,0.493572,0.048034,0.216848,0.080444,0.148246
1189,0.404705,0.03787,0.148973,0.082438,0.135424
1190,0.455201,0.038044,0.169259,0.082046,0.165852
1191,0.397135,0.038762,0.195908,0.0383,0.124165
1192,0.460674,0.036723,0.180444,0.08315,0.160357
1193,0.39233,0.033967,0.198557,0.038175,0.121631
1194,0.521804,0.043621,0.292544,0.054676,0.130963
1195,0.307722,0.038982,0.11936,0.037922,0.111458
1196,0.41957,0.037269,0.194441,0.05462,0.13324
1197,0.341165,0.031311,0.157038,0.038136,0.11468
1198,0.403564,0.045541,0.133045,0.089573,0.135405
1199,0.386326,0.043465,0.184372,0.037895,0.120594
1200,0.449247,0.03303,0.212809,0.055193,0.148215
1201,0.34405,0.030846,0.14561,0.037969,0.129625
1202,0.394053,0.030802,0.145494,0.05467,0.163087
1203,0.406713,0.051869,0.202707,0.038239,0.113898
1204,0.519678,0.028068,0.291852,0.055263,0.144495
1205,0.359683,0.04635,0.165251,0.038117,0.109965
1206,0.388427,0.027789,0.163996,0.102607,0.094035
1207,0.422602,0.03751,0.209844,0.038417,0.136831
1208,0.402303,0.034441,0.122358,0.100507,0.144997
1209,0.324527,0.046243,0.148216,0.037934,0.092134
1210,0.393644,0.034314,0.153413,0.05542,0.150497
1211,0.336275,0.035366,0.136418,0.037548,0.126943
1212,0.387108,0.033161,0.16859,0.054927,0.13043
1213,0.474694,0.039325,0.253499,0.04932,0.13255
1214,0.797447,0.046846,0.564813,0.055077,0.130711
1215,0.487609,0.052033,0.24632,0.065827,0.123429
1216,0.395883,0.052542,0.179958,0.054436,0.108947
1217,0.487255,0.041868,0.242553,0.065989,0.136845
1218,0.638262,0.04946,0.369408,0.082093,0.137301
1219,0.425309,0.033564,0.178408,0.07704,0.136297
1220,0.417464,0.033957,0.129779,0.107567,0.146161
1221,0.511342,0.043444,0.256477,0.06216,0.149261
1222,0.39142,0.040143,0.138848,0.05471,0.157719
1223,0.505326,0.030759,0.327927,0.06236,0.08428
1224,0.396667,0.048975,0.14921,0.05486,0.143622
1225,0.342797,0.044349,0.142245,0.038198,0.118005
1226,0.354989,0.034883,0.120137,0.054927,0.145042
1227,0.431164,0.036509,0.243623,0.038223,0.112809
1228,0.56956,0.03545,0.344327,0.05532,0.134463
1229,0.400336,0.045619,0.16144,0.079088,0.114189
1230,0.44183,0.03397,0.182211,0.073813,0.151836
1231,0.342153,0.037654,0.148036,0.039874,0.116589
1232,0.385029,0.047871,0.149732,0.055174,0.132252
1233,0.346256,0.046429,0.140851,0.038332,0.120644
1234,0.425034,0.029004,0.171046,0.072447,0.152537
1235,0.313758,0.03635,0.116431,0.037927,0.12305
1236,0.329824,0.031191,0.116377,0.05471,0.127546
1237,0.38185,0.035558,0.194984,0.037806,0.113502
1238,0.461202,0.030969,0.242167,0.05495,0.133116
1239,0.666923,0.036337,0.477155,0.037918,0.115513
1240,0.548622,0.037881,0.284777,0.082927,0.143037
1241,0.581234,0.03428,0.369562,0.063211,0.114181
1242,0.469544,0.053077,0.187824,0.081233,0.14741
1243,0.370634,0.034179,0.17738,0.038261,0.120814
1244,0.413263,0.030459,0.141194,0.091693,0.149917
1245,0.308436,0.03614,0.126381,0.037774,0.108141
1246,0.69266,0.037933,0.438296,0.081486,0.134945
1247,0.394902,0.035503,0.150514,0.085102,0.123783
1248,0.477401,0.033331,0.221888,0.054806,0.167376
1249,0.436331,0.040998,0.204346,0.077074,0.113913
1250,0.527131,0.04669,0.247685,0.082097,0.150659
1251,0.472956,0.034343,0.217764,0.065046,0.155803
1252,0.39131,0.05556,0.141851,0.083827,0.110072
1253,0.41364,0.051887,0.14635,0.077649,0.137754
1254,0.358872,0.034393,0.134224,0.054833,0.135422
1255,0.37452,0.034291,0.172095,0.03852,0.129614
1256,0.470669,0.033829,0.197658,0.08171,0.157472
1257,0.40052,0.035113,0.158628,0.078038,0.128741
1258,0.452708,0.03309,0.179826,0.08151,0.158282
1259,0.473602,0.039674,0.256057,0.03727,0.140601
1260,0.365721,0.037213,0.141907,0.054327,0.132274
1261,0.452507,0.028913,0.272973,0.037722,0.112899
1262,0.777412,0.053747,0.512691,0.081433,0.129541
1263,0.441947,0.036384,0.211803,0.066091,0.127669
1264,0.547793,0.032067,0.279932,0.082143,0.153651
1265,0.483312,0.038966,0.231032,0.064936,0.148378
1266,0.434763,0.03883,0.206763,0.07984,0.10933
1267,0.809403,0.036254,0.570667,0.065858,0.136624
1268,0.424959,0.062463,0.129681,0.095217,0.137598
1269,0.436546,0.04052,0.191471,0.066062,0.138493
1270,0.444156,0.041193,0.162491,0.092667,0.147805
1271,0.38497,0.032955,0.185442,0.037923,0.12865
1272,0.425378,0.031276,0.188638,0.068654,0.13681
1273,0.355539,0.036619,0.16363,0.038503,0.116787
1274,0.322003,0.036516,0.102355,0.054323,0.128809
1275,0.380196,0.033799,0.194021,0.038264,0.114112
1276,0.43926,0.030466,0.226026,0.054794,0.127974
1277,0.453667,0.028287,0.237728,0.037993,0.149659
1278,0.387962,0.043414,0.157368,0.054984,0.132196
1279,0.314845,0.03934,0.110475,0.037383,0.127647
1280,0.59757,0.047297,0.369111,0.066527,0.114635
1281,0.399675,0.052464,0.195492,0.037578,0.114141
1282,0.403941,0.039137,0.163108,0.057013,0.144683
1283,0.579316,0.04821,0.339926,0.078918,0.112262
1284,0.430001,0.04136,0.143532,0.094174,0.150935
1285,0.42818,0.040253,0.189512,0.065196,0.133219
1286,0.50584,0.040257,0.22925,0.081713,0.15462
1287,0.340464,0.03894,0.136465,0.038133,0.126926
1288,0.526426,0.03786,0.256764,0.07563,0.156172
1289,0.501579,0.043417,0.264552,0.067813,0.125797
1290,0.620576,0.058087,0.343489,0.08164,0.13736
1291,0.337357,0.035478,0.125105,0.038178,0.138596
1292,0.473244,0.031378,0.200663,0.080827,0.160376
1293,0.587458,0.039519,0.35897,0.065533,0.123436
1294,0.417047,0.05219,0.177233,0.084986,0.102638
1295,0.456938,0.042396,0.199117,0.066324,0.149101
1296,0.44111,0.045987,0.153481,0.091367,0.150275
1297,0.4367,0.038717,0.199698,0.065501,0.132784
1298,0.5226,0.036377,0.272166,0.057237,0.15682
1299,0.354875,0.051053,0.147181,0.038267,0.118374
1300,0.417025,0.04005,0.181326,0.054896,0.140753
1301,0.44859,0.051704,0.272909,0.037626,0.086351
1302,0.565576,0.039465,0.286408,0.08137,0.158333
1303,0.39462,0.044194,0.136345,0.089337,0.124744
1304,0.592326,0.03346,0.300556,0.099693,0.158617
1305,0.522402,0.034088,0.286302,0.066153,0.135859
1306,0.570902,0.053003,0.302424,0.08248,0.132995
1307,0.430952,0.035156,0.209188,0.045716,0.140892
1308,0.533659,0.037339,0.286687,0.08155,0.128083
1309,0.512102,0.034562,0.259812,0.066864,0.150864
1310,0.444512,0.039564,0.163663,0.093887,0.147398
1311,0.4146,0.04063,0.168032,0.08663,0.119308
1312,0.386606,0.03602,0.162436,0.054834,0.133316
1313,0.316979,0.047666,0.101224,0.03804,0.130049
1314,0.33358,0.031641,0.114106,0.05466,0.133173
1315,0.345544,0.03696,0.184082,0.038002,0.0865
1316,0.453107,0.031882,0.220195,0.055066,0.145964
1317,0.383792,0.040265,0.18966,0.037274,0.116593
1318,0.443826,0.047791,0.16339,0.090843,0.141802
1319,0.429164,0.036223,0.192553,0.06744,0.132948
1320,0.499424,0.035024,0.277088,0.05473,0.132582
1321,0.557423,0.049017,0.320736,0.068056,0.119614
1322,0.421012,0.036214,0.211365,0.054993,0.11844
1323,0.336651,0.050109,0.131338,0.038002,0.117202
1324,0.44153,0.034049,0.167873,0.08054,0.159068
1325,0.325007,0.03748,0.132012,0.038073,0.117442
1326,0.480444,0.037482,0.220461,0.054537,0.167964
1327,0.395976,0.033462,0.196852,0.03778,0.127882
1328,0.391011,0.031092,0.159031,0.055353,0.145535
1329,0.496196,0.037879,0.264587,0.065942,0.127788
1330,0.350352,0.044033,0.13391,0.05485,0.117559
1331,0.414755,0.047354,0.195718,0.0374,0.134283
1332,0.427611,0.044934,0.191388,0.055154,0.136135
1333,0.347359,0.041332,0.148491,0.038527,0.119009
1334,0.461992,0.036395,0.227908,0.055127,0.142562
1335,0.319686,0.039911,0.128722,0.037433,0.11362
1336,0.35654,0.046209,0.127324,0.054587,0.12842
1337,0.36947,0.034432,0.180782,0.037522,0.116734
1338,0.48635,0.036896,0.250671,0.080724,0.118059
1339,0.409749,0.032743,0.149192,0.089305,0.138509
1340,0.488096,0.03432,0.208662,0.089513,0.155601
1341,0.316906,0.034627,0.127941,0.037736,0.116602
1342,0.542329,0.035176,0.3054,0.0551,0.146653
1343,0.404099,0.043574,0.16389,0.077064,0.119571
1344,0.390319,0.033407,0.145235,0.055083,0.156594
1345,0.335672,0.034471,0.140877,0.038649,0.121675
1346,0.696326,0.036603,0.445078,0.085016,0.129629
1347,0.413816,0.036454,0.173875,0.07791,0.125577
1348,0.623029,0.033666,0.367662,0.082354,0.139347
1349,0.39479,0.033566,0.138748,0.075418,0.147058
1350,0.45435,0.049424,0.147537,0.115397,0.141992
1351,0.396497,0.034894,0.166687,0.075971,0.118945
1352,0.530377,0.041503,0.306043,0.078016,0.104815
1353,0.399043,0.038156,0.160183,0.053551,0.147153
1354,0.417354,0.042183,0.13801,0.09925,0.137911
1355,0.547841,0.034025,0.330089,0.066188,0.117539
1356,0.560519,0.05544,0.292608,0.08152,0.130951
1357,0.407021,0.034683,0.173167,0.07707,0.122101
1358,0.558851,0.03512,0.265442,0.08091,0.177379
1359,0.404294,0.03878,0.168573,0.077621,0.11932
1360,0.519989,0.044067,0.19434,0.09289,0.188692
1361,0.35079,0.03604,0.144884,0.039993,0.129873
1362,0.628607,0.062884,0.311166,0.081323,0.173234
1363,0.445247,0.038433,0.203369,0.066309,0.137136
1364,0.591626,0.038897,0.296583,0.08146,0.174686
1365,0.407808,0.039423,0.118822,0.037656,0.211907
1366,0.380725,0.049233,0.174836,0.053673,0.102983
1367,0.359977,0.037926,0.156268,0.038022,0.127761
1368,0.520114,0.03624,0.233729,0.081027,0.169118
1369,0.745967,0.036393,0.523469,0.066549,0.119556
1370,0.426048,0.04835,0.146216,0.093273,0.138209
1371,0.442479,0.033713,0.213843,0.065285,0.129638
1372,0.680354,0.038044,0.402837,0.083527,0.155946
1373,0.471406,0.03783,0.227942,0.067469,0.138165
1374,0.408495,0.03528,0.13699,0.092514,0.143711
1375,0.3207,0.035023,0.115607,0.038038,0.132032
1376,0.454958,0.048873,0.180768,0.095487,0.12983
1377,0.362768,0.03935,0.157834,0.03762,0.127964
1378,0.34418,0.04509,0.095899,0.054583,0.148608
1379,0.345221,0.033824,0.176855,0.037866,0.096676
1380,0.549912,0.03242,0.321055,0.054956,0.141481
1381,0.32366,0.034751,0.120094,0.038035,0.13078
1382,0.431381,0.035905,0.191493,0.054947,0.149036
1383,0.873237,0.03763,0.656558,0.038398,0.140651
1384,0.488348,0.035845,0.224214,0.084517,0.143772
1385,0.498497,0.043334,0.281137,0.037413,0.136613
1386,0.600639,0.03375,0.324506,0.10359,0.138793
1387,0.524233,0.038526,0.247664,0.06574,0.172303
1388,0.464133,0.033916,0.196687,0.09328,0.14025
1389,0.464416,0.0377,0.226006,0.06718,0.13353
1390,0.596239,0.038934,0.32325,0.082383,0.151672
1391,0.467504,0.033666,0.237437,0.065875,0.130526
1392,0.504546,0.03922,0.231148,0.081113,0.153065
1393,0.435211,0.04265,0.190943,0.065291,0.136327
1394,0.71211,0.039057,0.445783,0.081937,0.145333
1395,0.398715,0.033862,0.184407,0.03784,0.142606
1396,0.447543,0.031195,0.160466,0.092443,0.163439
1397,0.325643,0.033333,0.133396,0.037824,0.12109
1398,0.488318,0.03602,0.229485,0.055094,0.167719
1399,0.427323,0.03701,0.21171,0.043633,0.13497
1400,0.528645,0.038703,0.2825,0.091416,0.116026
1401,0.434321,0.078596,0.158437,0.039191,0.158097
1402,0.465032,0.049106,0.166635,0.083076,0.166215
1403,0.336437,0.033486,0.143568,0.038254,0.121129
1404,0.458723,0.037874,0.216692,0.054966,0.149191
1405,0.329672,0.047699,0.132631,0.038062,0.11128
1406,0.428,0.036554,0.189673,0.05695,0.144823
1407,0.463209,0.037068,0.258131,0.037758,0.130252
1408,0.441901,0.033274,0.203084,0.055163,0.15038
1409,0.371119,0.047972,0.17348,0.037812,0.111855
1410,0.480551,0.039579,0.243112,0.05497,0.14289
1411,0.35216,0.045715,0.144131,0.044391,0.117923
1412,0.425511,0.045234,0.153168,0.093246,0.133863
1413,0.342082,0.03774,0.178801,0.037133,0.088408
1414,0.37476,0.037072,0.151793,0.054457,0.131438
1415,0.343649,0.031286,0.157065,0.038111,0.117187
1416,0.438946,0.041504,0.165746,0.080523,0.151173
1417,0.548479,0.04437,0.315468,0.065954,0.122687
1418,0.529459,0.03944,0.242274,0.081113,0.166632
1419,0.411547,0.03867,0.161299,0.064744,0.146834
1420,0.420529,0.042547,0.135004,0.087703,0.155275
1421,0.596369,0.040564,0.370689,0.066756,0.11836
1422,0.482023,0.037982,0.197021,0.089663,0.157357
1423,0.441108,0.032321,0.20134,0.083942,0.123505
1424,0.66754,0.037903,0.428356,0.054697,0.146584
1425,0.399661,0.047075,0.196173,0.037785,0.118628
1426,0.598879,0.048648,0.331198,0.081237,0.137796
1427,0.485765,0.046267,0.238749,0.065866,0.134883
1428,0.491603,0.047036,0.214901,0.080996,0.14867
1429,0.388721,0.033428,0.184844,0.043758,0.126691
1430,0.500178,0.053766,0.217661,0.080887,0.147864
1431,0.42044,0.03359,0.191907,0.065416,0.129527
1432,0.451361,0.03481,0.16827,0.08304,0.165241
1433,0.29917,0.03852,0.100479,0.037982,0.122189
1434,0.565563,0.037509,0.333961,0.05489,0.139203
1435,0.431085,0.037539,0.192509,0.065574,0.135463
1436,0.513016,0.050177,0.262464,0.0551,0.145275
1437,0.547145,0.050099,0.312767,0.065722,0.118557
1438,0.427867,0.05716,0.140956,0.089766,0.139985
1439,0.42209,0.04395,0.177932,0.066021,0.134187
1440,0.619247,0.04483,0.341231,0.05471,0.178476
1441,0.551135,0.04086,0.322534,0.065862,0.121879
1442,0.60866,0.054656,0.309849,0.082937,0.161218
1443,0.408636,0.035207,0.177985,0.078071,0.117373
1444,0.629986,0.034599,0.361189,0.081637,0.152561
1445,0.41948,0.040816,0.158509,0.076606,0.143549
1446,0.44088,0.04166,0.150104,0.091037,0.158079
1447,0.480607,0.039416,0.227217,0.078527,0.135447
1448,0.483336,0.047757,0.208783,0.08172,0.145076
1449,0.379721,0.037487,0.166901,0.037805,0.137528
1450,0.454869,0.041314,0.210438,0.05448,0.148637
1451,0.392997,0.052464,0.18898,0.037909,0.113644
1452,0.527656,0.036404,0.293097,0.065267,0.132888
1453,0.410953,0.030481,0.183646,0.066597,0.130229
1454,0.385221,0.03635,0.187203,0.054984,0.106684
1455,0.57188,0.036737,0.33515,0.06598,0.134013
1456,0.428313,0.047347,0.147171,0.092237,0.141558
1457,0.465494,0.034919,0.232242,0.065696,0.132637
1458,0.487715,0.03921,0.244654,0.055137,0.148714
1459,0.419176,0.046269,0.158437,0.090705,0.123765
1460,0.355453,0.03545,0.114928,0.05459,0.150485
1461,0.313307,0.047813,0.142476,0.037631,0.085387
1462,0.545754,0.035851,0.297488,0.08187,0.130545
1463,0.464899,0.034916,0.217228,0.066072,0.146683
1464,1.19354,0.0382,0.9304,0.08257,0.142367
1465,0.453419,0.033422,0.21968,0.078256,0.122061
1466,0.52506,0.037037,0.224438,0.080987,0.182598
1467,0.499603,0.038177,0.237059,0.065336,0.159031
1468,0.436501,0.050093,0.135046,0.093453,0.157909
1469,0.684756,0.03782,0.451482,0.078973,0.116481
1470,0.530767,0.039677,0.237725,0.080596,0.172769
1471,0.405533,0.042027,0.162811,0.077038,0.123657
1472,0.497392,0.040254,0.198846,0.081446,0.176846
1473,0.38424,0.03436,0.205245,0.038733,0.105902
1474,0.447511,0.037633,0.172328,0.08076,0.15679
1475,0.309107,0.035622,0.116437,0.037478,0.11957
1476,0.38287,0.029245,0.161123,0.05479,0.137712
1477,0.392141,0.046951,0.180142,0.037337,0.127711
1478,0.440408,0.038477,0.196174,0.05566,0.150097
1479,0.587143,0.02986,0.373524,0.068833,0.114926
1480,0.406431,0.03614,0.141999,0.092497,0.135795
1481,0.28998,0.034386,0.111128,0.024006,0.12046
1482,0.485788,0.04132,0.19066,0.054897,0.198911
1483,0.322246,0.066591,0.113801,0.021044,0.12081
1484,0.54507,0.06708,0.179079,0.079276,0.219635
1485,0.466485,0.049509,0.218407,0.07105,0.127519
1486,0.74093,0.06422,0.292763,0.079717,0.30423
1487,0.567371,0.050577,0.265361,0.076541,0.174892
1488,0.775616,0.072094,0.436439,0.07978,0.187303
1489,0.587612,0.084483,0.288907,0.077378,0.136844
1490,0.635797,0.059263,0.289242,0.0959,0.191392
1491,0.403322,0.078544,0.160392,0.033643,0.130743
1492,0.589522,0.04442,0.275123,0.078943,0.191036
1493,0.402665,0.067389,0.184543,0.032593,0.11814
1494,0.571935,0.044184,0.226953,0.077127,0.223671
1495,0.377803,0.066441,0.161464,0.032799,0.117099
1496,0.447532,0.061094,0.15195,0.055173,0.179315
1497,0.577963,0.04099,0.294229,0.086651,0.156093
1498,0.51094,0.074337,0.177563,0.077344,0.181696
1499,0.39962,0.076923,0.169491,0.032848,0.120358
1500,0.54166,0.0457,0.218846,0.077354,0.19976
1501,0.600929,0.068387,0.312959,0.078075,0.141508
1502,0.502028,0.045116,0.206283,0.07835,0.172279
1503,0.39544,0.059975,0.150315,0.051427,0.133723
1504,0.52612,0.073029,0.186909,0.09043,0.175752
1505,0.543894,0.043645,0.26985,0.077571,0.152828
1506,0.46532,0.098128,0.149254,0.05629,0.161648
1507,0.39846,0.088141,0.17088,0.03265,0.106789
1508,0.56983,0.05323,0.20565,0.077137,0.233813
1509,0.41603,0.06902,0.207637,0.035271,0.104102
1510,0.612409,0.05563,0.287213,0.078336,0.19123
1511,0.529482,0.069811,0.241051,0.088282,0.130338
1512,0.55068,0.054757,0.228847,0.080593,0.186483
1513,0.409163,0.060269,0.180265,0.036312,0.132317
1514,0.473363,0.104355,0.168392,0.058117,0.142499
1515,0.405,0.031242,0.197801,0.031839,0.144118
1516,0.565329,0.069434,0.219976,0.08142,0.194499
1517,0.490557,0.090533,0.187331,0.090834,0.121859
1518,0.532325,0.036457,0.201633,0.078824,0.215411
1519,0.478515,0.041873,0.247548,0.059473,0.129621
1520,0.556717,0.052244,0.205805,0.079286,0.219382
1521,0.34236,0.04038,0.15143,0.03131,0.11924
1522,0.439043,0.043958,0.138549,0.084567,0.171969
1523,0.63386,0.089447,0.343724,0.078078,0.122611
1524,0.499256,0.067448,0.183845,0.066047,0.181916
1525,0.496945,0.037007,0.218133,0.077055,0.16475
1526,0.527482,0.0366,0.187223,0.07823,0.225429
1527,0.388074,0.066711,0.1811,0.03113,0.109133
1528,0.466486,0.037663,0.154984,0.07932,0.194519
1529,0.56734,0.078247,0.250447,0.073232,0.165414
1530,0.700537,0.079826,0.366366,0.07719,0.177155
1531,0.36956,0.078683,0.142928,0.032773,0.115176
1532,0.566454,0.050584,0.217515,0.077093,0.221262
1533,0.523155,0.06742,0.220506,0.091635,0.143594
1534,0.525142,0.047687,0.202795,0.078674,0.195986
1535,0.484825,0.078507,0.210613,0.059888,0.135817
1536,0.542974,0.04723,0.210039,0.078157,0.207548
1537,0.705832,0.055057,0.416316,0.076707,0.157752
1538,0.582946,0.05958,0.265434,0.078414,0.179518
1539,0.439377,0.070853,0.172677,0.094568,0.101279
1540,0.553117,0.08202,0.20614,0.07737,0.187587
1541,0.586188,0.054506,0.305159,0.078278,0.148245
1542,0.51998,0.077286,0.177581,0.077893,0.18722
1543,0.507574,0.064146,0.244539,0.051024,0.147865
1544,0.555734,0.045797,0.244267,0.07942,0.18625
1545,0.485348,0.03544,0.242141,0.060789,0.146978
1546,0.568777,0.050506,0.241008,0.076976,0.200287
1547,0.461302,0.043073,0.170714,0.076261,0.171254
1548,0.437472,0.053697,0.122343,0.065493,0.195939
1549,0.43584,0.069011,0.190122,0.055863,0.120844
1550,0.52166,0.068291,0.177475,0.080494,0.1954
1551,0.524826,0.042879,0.289005,0.060517,0.132425
1552,0.531712,0.047056,0.218865,0.07753,0.188261
1553,0.54244,0.081817,0.254909,0.076766,0.128948
1554,0.547532,0.038204,0.230416,0.07798,0.200932
1555,0.68958,0.068824,0.440043,0.060387,0.120326
1556,0.581277,0.05367,0.270408,0.08014,0.177059
1557,0.488917,0.035277,0.24171,0.057798,0.154132
1558,0.720172,0.063447,0.410242,0.079127,0.167356
1559,0.53106,0.041726,0.26651,0.089646,0.133178
1560,0.466629,0.05395,0.205656,0.072913,0.13411
1561,0.64142,0.066564,0.318116,0.076494,0.180246
1562,0.69611,0.071332,0.305718,0.082156,0.236904
1563,0.587138,0.057892,0.222596,0.082451,0.224199
1564,0.652432,0.069336,0.30659,0.091327,0.185179
1565,0.641755,0.073916,0.379584,0.060256,0.127999
1566,0.629274,0.070778,0.229566,0.09768,0.23125
1567,0.415297,0.060885,0.173725,0.04122,0.139467
1568,0.519409,0.08874,0.195547,0.07743,0.157692
1569,0.754645,0.061213,0.460258,0.077573,0.155601
1570,0.549223,0.07137,0.24078,0.076707,0.160366
1571,0.421375,0.062086,0.186736,0.04863,0.123923
1572,0.584797,0.077069,0.270556,0.07867,0.158502
1573,0.446906,0.086887,0.179039,0.07888,0.1021
1574,0.624717,0.050383,0.305731,0.08866,0.179943
1575,0.472309,0.07881,0.212105,0.051637,0.129757
1576,0.521788,0.035326,0.19833,0.080154,0.207978
1577,0.530145,0.066856,0.259514,0.076688,0.127087
1578,0.818852,0.077036,0.481328,0.078293,0.182195
1579,0.395647,0.067477,0.188463,0.035722,0.103985
1580,0.61432,0.057631,0.294042,0.077014,0.185633
1581,0.675971,0.037393,0.442992,0.059629,0.135957
1582,0.50278,0.050273,0.182419,0.076756,0.193332
1583,0.521996,0.063464,0.233453,0.090746,0.134333
1584,0.585469,0.04414,0.258424,0.07888,0.204025
1585,0.40112,0.061103,0.173894,0.041295,0.124828
1586,0.560071,0.056358,0.279027,0.054453,0.170233
1587,0.481052,0.070941,0.181564,0.095384,0.133163
1588,0.725989,0.044223,0.393779,0.08823,0.199757
1589,0.471957,0.067423,0.199928,0.058522,0.146084
1590,0.568995,0.06707,0.24774,0.079073,0.175112
1591,0.43148,0.038427,0.175011,0.059441,0.158601
1592,0.503908,0.066539,0.22757,0.07957,0.130229
1593,0.365634,0.086214,0.142801,0.032599,0.10402
1594,0.573297,0.049714,0.245363,0.093316,0.184904
1595,0.429128,0.037657,0.170946,0.061281,0.159244
1596,0.508982,0.049913,0.211236,0.08412,0.163713
1597,0.495226,0.036457,0.256874,0.058665,0.14323
1598,0.368727,0.044127,0.109364,0.055113,0.160123
1599,0.277408,0.035007,0.117477,0.020915,0.104009
1600,0.598223,0.059684,0.253978,0.079743,0.204818
1601,0.499225,0.067383,0.23264,0.060507,0.138695
1602,0.4908,0.044657,0.203334,0.078093,0.164716
1603,0.468605,0.05565,0.176658,0.098856,0.137441
1604,0.442773,0.051367,0.210396,0.055013,0.125997
1605,0.529131,0.06698,0.26242,0.06071,0.139021
1606,0.779954,0.068795,0.432345,0.09548,0.183334
1607,0.378723,0.038263,0.120635,0.052186,0.167639
1608,0.59118,0.08744,0.270469,0.078003,0.155268
1609,0.526383,0.056163,0.203383,0.103326,0.163511
1610,0.470143,0.038934,0.175797,0.078387,0.177025
1611,0.418223,0.060383,0.192609,0.044561,0.12067
1612,0.538926,0.033883,0.204903,0.079067,0.221073
1613,0.408728,0.048627,0.160525,0.063475,0.136101
1614,0.750504,0.036627,0.425093,0.079053,0.209731
1615,0.49327,0.062005,0.282684,0.031303,0.117278
1616,0.550109,0.05346,0.183512,0.077877,0.23526
1617,0.498492,0.039266,0.26086,0.07594,0.122426
1618,0.566837,0.09055,0.211413,0.081373,0.183501
1619,0.35878,0.037618,0.142422,0.03267,0.14607
1620,0.530632,0.032958,0.235818,0.0781,0.183756
1621,0.477097,0.088735,0.243302,0.03398,0.11108
1622,0.561228,0.050546,0.21331,0.087843,0.209529
1623,0.524483,0.051997,0.232643,0.091491,0.148352
1624,0.525814,0.048197,0.212268,0.078774,0.186575
1625,0.426752,0.082088,0.198068,0.032793,0.113803
1626,0.514723,0.064457,0.194286,0.077667,0.178313
1627,0.38074,0.043752,0.19177,0.031448,0.11377
1628,0.515529,0.041104,0.223536,0.079293,0.171596
1629,0.432817,0.072067,0.226435,0.022026,0.112289
1630,0.558463,0.053953,0.26294,0.078797,0.162773
1631,0.312416,0.036644,0.127278,0.019784,0.12871
1632,0.474475,0.050016,0.217011,0.054943,0.152505
1633,0.380809,0.034228,0.197077,0.031492,0.118012
1634,0.63752,0.029644,0.339391,0.077384,0.191101
1635,0.684237,0.066193,0.387778,0.079352,0.150914
1636,0.485429,0.069402,0.156023,0.058903,0.201101
1637,0.414642,0.035587,0.181988,0.073907,0.12316
1638,0.470542,0.051693,0.17105,0.087804,0.159995
1639,0.381911,0.050153,0.173841,0.03103,0.126887
1640,0.623178,0.074547,0.220989,0.087887,0.239755
1641,0.38138,0.049051,0.163675,0.032469,0.136185
1642,0.945077,0.083731,0.629163,0.077377,0.154806
1643,0.4663,0.061527,0.174614,0.090245,0.139914
1644,0.499734,0.042375,0.176069,0.065017,0.216273
1645,0.54984,0.069743,0.256598,0.077275,0.146224
1646,0.528666,0.079752,0.184546,0.09912,0.165248
1647,0.535734,0.069015,0.231013,0.077203,0.158503
1648,0.602578,0.039393,0.289229,0.078323,0.195633
1649,0.413773,0.087249,0.190432,0.032832,0.10326
1650,0.623869,0.035765,0.32364,0.077523,0.186941
1651,0.428602,0.066569,0.175469,0.051917,0.134647
1652,0.526082,0.066779,0.171021,0.089527,0.198755
1653,0.524365,0.072649,0.256535,0.059538,0.135643
1654,0.60686,0.046702,0.30962,0.080336,0.170202
1655,0.48268,0.08147,0.244475,0.037559,0.119176
1656,0.615109,0.061082,0.285344,0.08411,0.184573
1657,0.530091,0.082716,0.240096,0.08855,0.118729
1658,0.490912,0.04037,0.170475,0.079147,0.20092
1659,0.466157,0.067567,0.23596,0.037458,0.125172
1660,0.500768,0.043893,0.204295,0.078157,0.174423
1661,0.401575,0.073474,0.19098,0.031855,0.105266
1662,0.519857,0.064857,0.179558,0.07772,0.197722
1663,0.565329,0.073601,0.269496,0.077605,0.144627
1664,0.558389,0.041923,0.235496,0.07835,0.20262
1665,0.639009,0.070853,0.359609,0.077331,0.131216
1666,0.399492,0.074623,0.1205,0.0563,0.148069
1667,0.329795,0.041496,0.1089,0.02062,0.158779
1668,0.639813,0.050013,0.304707,0.07934,0.205753
1669,0.392313,0.062698,0.173842,0.03282,0.122953
1670,0.480374,0.04417,0.185648,0.05641,0.194146
1671,0.660608,0.035018,0.406078,0.074309,0.145203
1672,0.516546,0.050335,0.186061,0.078333,0.201817
1673,0.48212,0.039244,0.245312,0.059718,0.137846
1674,0.485168,0.062879,0.150152,0.06554,0.206597
1675,0.569485,0.079687,0.291788,0.078842,0.119168
1676,0.651208,0.053337,0.30381,0.11047,0.183591
1677,0.709047,0.078961,0.40797,0.076939,0.145177
1678,0.422217,0.04621,0.159425,0.054687,0.161895
1679,0.575512,0.03528,0.315136,0.06692,0.158176
1680,0.727877,0.052847,0.413214,0.078143,0.183673
1681,0.470377,0.07026,0.185671,0.086859,0.127587
1682,0.689292,0.037729,0.3322,0.08234,0.237023
1683,0.734668,0.047603,0.385264,0.073463,0.228338
1684,0.60436,0.046946,0.273033,0.087626,0.196755
1685,0.513598,0.067059,0.215811,0.093392,0.137336
1686,0.627194,0.065446,0.292365,0.078426,0.190957
1687,0.623549,0.068483,0.356882,0.076706,0.121478
1688,0.5824,0.040549,0.261944,0.076953,0.202954
1689,0.463646,0.071471,0.236819,0.039935,0.115421
1690,0.725723,0.047393,0.39163,0.078797,0.207903
1691,0.547691,0.05634,0.246033,0.059852,0.185466
1692,0.497186,0.06185,0.170841,0.080896,0.183599
1693,0.437769,0.055873,0.197184,0.0331,0.151612
1694,0.927127,0.0777,0.500903,0.07869,0.269834
1695,0.478166,0.043603,0.19559,0.059028,0.179945
1696,0.559785,0.056386,0.189002,0.07887,0.235527
1697,0.586337,0.057899,0.260506,0.074795,0.193137
1698,0.423808,0.054306,0.137993,0.055703,0.175806
1699,0.424363,0.070105,0.180614,0.052218,0.121426
1700,0.472349,0.032923,0.177854,0.078964,0.182608
1701,0.542588,0.087888,0.253499,0.07567,0.125531
1702,0.587009,0.070648,0.2465,0.07857,0.191291
1703,0.484686,0.042759,0.20057,0.076736,0.164621
1704,0.388497,0.069853,0.139977,0.055077,0.12359
1705,0.434908,0.074852,0.203087,0.032533,0.124436
1706,0.631543,0.052157,0.330213,0.077687,0.171486
1707,0.594886,0.067336,0.305218,0.077797,0.144535
1708,0.457806,0.069817,0.139101,0.078497,0.170391
1709,0.515908,0.072066,0.240281,0.074114,0.129447
1710,0.403832,0.039443,0.094246,0.08616,0.183983
1711,0.436,0.059238,0.202227,0.047402,0.127133
1712,0.481711,0.039823,0.165937,0.079183,0.196768
1713,0.437088,0.084914,0.210951,0.032794,0.108429
1714,0.560792,0.03946,0.251854,0.078153,0.191325
1715,0.638109,0.075741,0.342813,0.079268,0.140287
1716,0.561433,0.04359,0.260943,0.077473,0.179427
1717,0.661114,0.035103,0.395021,0.077013,0.153977
1718,0.521235,0.03216,0.2039,0.07875,0.206425
1719,0.4564,0.04333,0.226604,0.059765,0.126701
1720,0.49499,0.059165,0.171578,0.089236,0.175011
1721,0.402877,0.042896,0.182854,0.031641,0.145486
1722,0.667536,0.048526,0.23881,0.089204,0.290996
1723,0.501892,0.057546,0.214968,0.059028,0.17035
1724,0.516152,0.08646,0.199626,0.079863,0.150203
1725,0.407083,0.06754,0.138333,0.0684,0.13281
1726,0.606157,0.057225,0.238534,0.07821,0.232188
1727,0.403278,0.034887,0.16905,0.065235,0.134106
1728,0.504858,0.04458,0.215132,0.077973,0.167173
1729,0.456633,0.072233,0.2081,0.059031,0.117269
1730,0.446595,0.04452,0.161313,0.079573,0.161189
1731,0.556629,0.081729,0.295607,0.059055,0.120238
1732,0.569203,0.05374,0.239611,0.086477,0.189375
1733,0.459608,0.037333,0.195219,0.059277,0.167779
1734,0.472264,0.050817,0.160529,0.087996,0.172922
1735,0.701155,0.084522,0.409394,0.076022,0.131217
1736,0.518616,0.076467,0.191428,0.079144,0.171577
1737,0.543478,0.081647,0.2921,0.059251,0.11048
1738,0.439708,0.048484,0.189776,0.055013,0.146435
1739,0.458634,0.069579,0.194576,0.051741,0.142738
1740,0.525855,0.034287,0.224916,0.08275,0.183902
1741,0.360208,0.080332,0.13769,0.032421,0.109765
1742,0.721448,0.05562,0.380427,0.077613,0.207788
1743,0.530238,0.064205,0.272506,0.075448,0.118079
1744,0.497288,0.032587,0.246148,0.08236,0.136193
1745,0.586806,0.057574,0.27188,0.077744,0.179608
1746,0.591915,0.069259,0.238778,0.09643,0.187448
1747,0.445109,0.043569,0.240409,0.03264,0.128491
1748,0.469795,0.046417,0.174329,0.07887,0.170179
1749,0.36488,0.057331,0.147061,0.032978,0.12751
1750,0.710289,0.038105,0.378913,0.077264,0.216007
1751,0.441131,0.071598,0.219261,0.032647,0.117625
1752,0.610128,0.073363,0.300862,0.054673,0.18123
1753,0.413323,0.030641,0.145999,0.093316,0.143367
1754,0.468533,0.056356,0.159813,0.077237,0.175127
1755,0.504324,0.052362,0.237868,0.04581,0.168284
1756,0.555915,0.07435,0.186115,0.091996,0.203454
1757,0.952072,0.063061,0.655617,0.07895,0.154444
1758,0.465249,0.055152,0.169516,0.059267,0.181314
1759,0.478428,0.038334,0.258755,0.049222,0.132117
1760,0.471077,0.039743,0.174795,0.07661,0.179929
1761,0.557012,0.046035,0.33632,0.059553,0.115104
1762,0.437394,0.051963,0.122623,0.087703,0.175105
1763,0.519874,0.039234,0.256159,0.079117,0.145364
1764,0.472632,0.083617,0.146256,0.079086,0.163673
1765,0.793876,0.03413,0.516156,0.073877,0.169713
1766,0.509554,0.067436,0.243032,0.056276,0.14281
1767,0.690795,0.064012,0.416603,0.076509,0.133671
1768,0.816477,0.043536,0.410941,0.09469,0.26731
1769,0.76403,0.049775,0.427355,0.090874,0.196026
1770,0.482475,0.055938,0.15393,0.078113,0.194494
1771,0.684396,0.055976,0.385298,0.068915,0.174207
1772,0.597977,0.053735,0.22691,0.09184,0.225492
1773,0.52128,0.04707,0.229676,0.061591,0.182943
1774,0.632522,0.066976,0.306013,0.078033,0.1815
1775,0.478037,0.056947,0.205811,0.076287,0.138992
1776,0.563754,0.04511,0.255271,0.07958,0.183793
1777,0.566112,0.092922,0.281447,0.060744,0.130999
1778,0.665416,0.07396,0.335542,0.078836,0.177078
1779,0.486254,0.080994,0.200394,0.076998,0.127868
1780,0.46352,0.077002,0.147231,0.05656,0.182727
1781,0.459948,0.051011,0.229938,0.048283,0.130716
1782,0.632523,0.064045,0.273585,0.078497,0.216396
1783,0.425411,0.07214,0.205671,0.032518,0.115082
1784,0.608046,0.04263,0.274622,0.07786,0.212934
1785,0.60202,0.077654,0.315997,0.078215,0.130154
1786,0.581255,0.084547,0.266432,0.071583,0.158693
1787,0.69006,0.07402,0.41022,0.078885,0.126935
1788,0.48092,0.06666,0.163057,0.077503,0.1737
1789,0.466495,0.04446,0.261153,0.047917,0.112965
1790,0.515637,0.056241,0.197395,0.07656,0.185441
1791,0.407975,0.071727,0.187871,0.03217,0.116207
1792,0.85308,0.036226,0.532186,0.077366,0.207302
1793,0.720784,0.069741,0.407394,0.060094,0.183555
1794,0.606114,0.052733,0.259803,0.078186,0.215392
1795,0.516883,0.058518,0.225964,0.068595,0.163806
1796,0.53492,0.07081,0.215338,0.078193,0.170579
1797,0.514825,0.035923,0.24872,0.089305,0.140877
1798,0.586028,0.064628,0.248321,0.07923,0.193849
1799,0.489026,0.042168,0.237644,0.060551,0.148663
1800,0.619874,0.082443,0.280282,0.077343,0.179806
1801,0.438172,0.066428,0.216924,0.032826,0.121994
1802,0.480408,0.049677,0.149797,0.05631,0.224624
1803,0.545123,0.067362,0.225754,0.099784,0.152223
1804,0.494175,0.062244,0.191625,0.077513,0.162793
1805,0.554085,0.090522,0.253096,0.076912,0.133555
1806,0.891606,0.079296,0.567187,0.079627,0.165496
1807,0.460386,0.091581,0.195477,0.052226,0.121102
1808,0.538794,0.047296,0.222909,0.076963,0.191626
1809,0.462506,0.08369,0.19491,0.059412,0.124494
1810,0.662883,0.045146,0.358547,0.07749,0.1817
1811,0.415549,0.074848,0.176423,0.03255,0.131728
1812,0.581573,0.063921,0.265208,0.077593,0.174851
1813,0.386271,0.075466,0.18121,0.03195,0.097645
1814,0.515978,0.065576,0.18805,0.077623,0.184729
1815,0.739794,0.09004,0.443602,0.078477,0.127675
1816,0.662465,0.05898,0.228696,0.115847,0.258942
1817,0.449262,0.065426,0.221037,0.032833,0.129966
1818,0.542052,0.072145,0.206052,0.055784,0.208071
1819,0.552572,0.08066,0.224752,0.077149,0.170011
1820,0.909582,0.066321,0.255005,0.078486,0.50977
1821,0.554652,0.051662,0.278116,0.077489,0.147385
1822,0.539827,0.069493,0.191374,0.076886,0.202074
1823,0.600505,0.06319,0.350093,0.053403,0.133819
1824,0.819282,0.072399,0.49625,0.078073,0.17256
1825,0.451051,0.065405,0.219611,0.036532,0.129503
1826,0.527144,0.040594,0.199399,0.07852,0.208631
1827,0.393889,0.078786,0.169611,0.032532,0.11296
1828,0.539066,0.056123,0.2002,0.085853,0.19689
1829,0.334994,0.037676,0.112137,0.048889,0.136292
1830,0.449731,0.052887,0.177138,0.055983,0.163723
1831,0.478883,0.036502,0.255434,0.051817,0.13513
1832,0.510368,0.030154,0.186681,0.07986,0.213673
1833,0.487434,0.074607,0.197048,0.075891,0.139888
1834,0.646197,0.055364,0.315541,0.078467,0.196825
1835,0.631709,0.034338,0.401967,0.05913,0.136274
1836,0.613089,0.065653,0.295115,0.078257,0.174064
1837,0.415595,0.03783,0.141323,0.077055,0.159387
1838,0.471971,0.052116,0.16297,0.078017,0.178868
1839,0.430832,0.065852,0.172882,0.052069,0.140029
1840,0.577066,0.036403,0.278994,0.054954,0.206715
1841,0.593187,0.068633,0.238204,0.073881,0.212469
1842,0.475417,0.042411,0.161911,0.08008,0.191015
1843,0.50572,0.065845,0.240468,0.075901,0.123506
1844,0.688082,0.067696,0.356362,0.07859,0.185434
1845,0.590305,0.065898,0.31408,0.065086,0.145241
1846,0.581603,0.059297,0.173876,0.082407,0.266023
1847,0.56054,0.057702,0.305864,0.060935,0.136039
1848,0.502,0.07185,0.191577,0.087203,0.15137
1849,0.54462,0.065056,0.241883,0.078168,0.159513
1850,0.533906,0.087606,0.210963,0.07862,0.156717
1851,0.340317,0.038217,0.097061,0.051192,0.153847
1852,0.592863,0.065007,0.238687,0.07741,0.211759
1853,0.573737,0.078777,0.271694,0.078165,0.145101
1854,0.50246,0.081164,0.176201,0.077393,0.167702
1855,0.498083,0.046968,0.210966,0.076014,0.164135
1856,0.614811,0.058397,0.278868,0.086867,0.190679
1857,0.537857,0.043414,0.272947,0.058654,0.162842
1858,0.490668,0.050847,0.192765,0.077434,0.169622
1859,0.44802,0.084117,0.198578,0.032399,0.132926
1860,0.474288,0.03156,0.175065,0.077137,0.190526
1861,0.42274,0.063138,0.175064,0.056615,0.127923
1862,0.511192,0.069066,0.20274,0.087203,0.152183
1863,0.421112,0.037872,0.204491,0.031426,0.147323
1864,0.5391,0.042386,0.169925,0.078184,0.248605
1865,0.446218,0.067368,0.166145,0.068386,0.144319
1866,0.487344,0.058634,0.143742,0.09929,0.185678
1867,0.438963,0.055891,0.166814,0.060398,0.15586
1868,0.488317,0.072105,0.189465,0.055733,0.171014
1869,0.824185,0.054537,0.498351,0.076675,0.194622
1870,0.634371,0.068353,0.295796,0.079214,0.191008
1871,0.456571,0.082243,0.197923,0.061025,0.11538
1872,0.472508,0.041274,0.165717,0.079407,0.18611
1873,0.52936,0.067506,0.270893,0.059258,0.131703
1874,0.428795,0.037668,0.141492,0.079734,0.169901
1875,0.389977,0.070822,0.151988,0.046461,0.120706
1876,0.619157,0.059486,0.275589,0.079497,0.204585
1877,0.482518,0.037433,0.224835,0.060132,0.160118
1878,0.589625,0.046815,0.22542,0.081626,0.235764
1879,0.41484,0.040787,0.204707,0.03266,0.136686
1880,0.570498,0.047181,0.252893,0.077646,0.192778
1881,0.488872,0.070568,0.218095,0.07869,0.121519
1882,0.50986,0.049554,0.216827,0.078223,0.165256
1883,0.418783,0.03981,0.161625,0.082349,0.134999
1884,0.49759,0.043643,0.184514,0.079223,0.19021
1885,0.474623,0.062824,0.251612,0.030707,0.12948
1886,0.56391,0.05016,0.229357,0.07711,0.207283
1887,0.527957,0.06116,0.201171,0.098893,0.166733
1888,0.537143,0.059118,0.218484,0.07877,0.180771
1889,0.440671,0.08463,0.194083,0.07121,0.090748
1890,0.606949,0.055536,0.293666,0.076627,0.18112
1891,0.596148,0.042157,0.339868,0.077553,0.13657
1892,0.494243,0.065947,0.186701,0.077337,0.164258
1893,0.44196,0.032936,0.164537,0.102165,0.142322
1894,0.527847,0.061221,0.259461,0.054897,0.152268
1895,0.3932,0.057307,0.186368,0.031747,0.117778
1896,0.722911,0.048039,0.437599,0.054856,0.182417
1897,0.415882,0.031484,0.183004,0.075077,0.126317
1898,0.491149,0.045953,0.198651,0.077364,0.169181
1899,0.711798,0.079718,0.408106,0.076779,0.147195
1900,0.60718,0.03835,0.299566,0.078596,0.190668
1901,0.748443,0.044883,0.400552,0.07544,0.227568
1902,0.509529,0.045865,0.160719,0.079613,0.223332
1903,0.610255,0.07,0.266332,0.088269,0.185654
1904,0.49207,0.04738,0.156528,0.078933,0.209229
1905,0.484932,0.048377,0.217361,0.059801,0.159393
1906,0.489923,0.04707,0.188726,0.084016,0.170111
1907,0.456217,0.06556,0.200421,0.052637,0.137599
1908,0.615812,0.061161,0.278175,0.078786,0.19769
1909,0.3933,0.075681,0.168451,0.032716,0.116452
1910,0.577348,0.061374,0.201792,0.07696,0.237222
1911,0.394171,0.082739,0.159822,0.037552,0.114058
1912,0.524471,0.06461,0.19404,0.086094,0.179727
1913,0.346414,0.035603,0.152392,0.0311,0.127319
1914,0.510812,0.05726,0.184296,0.078447,0.190809
1915,0.519332,0.039013,0.239851,0.077752,0.162716
1916,0.654046,0.07687,0.277842,0.07816,0.221174
1917,0.43991,0.087093,0.183808,0.052003,0.117006
1918,0.558988,0.039863,0.268103,0.07821,0.172812
1919,0.353085,0.059834,0.144813,0.031209,0.117229
1920,0.585383,0.08839,0.231749,0.08135,0.183894
1921,0.43086,0.084685,0.207675,0.032412,0.106088
1922,0.693597,0.060043,0.355328,0.077254,0.200972
1923,0.511492,0.0899,0.239999,0.062421,0.119172
1924,0.473432,0.048787,0.170033,0.077806,0.176806
1925,0.33184,0.045037,0.096748,0.053088,0.136967
1926,0.700688,0.066311,0.374973,0.0791,0.180304
1927,0.385186,0.043047,0.170116,0.035319,0.136704
1928,0.65226,0.050253,0.299905,0.088513,0.213589
1929,0.551113,0.06727,0.198811,0.060216,0.224816
1930,0.593223,0.079386,0.207533,0.05657,0.249734
1931,0.862728,0.053658,0.518694,0.077848,0.212528
1932,0.777842,0.054993,0.313787,0.108593,0.300469
1933,0.477874,0.061645,0.213558,0.057698,0.144973
1934,0.715633,0.067316,0.343666,0.08856,0.216091
1935,0.747281,0.047417,0.34942,0.086891,0.263553
1936,0.878959,0.065507,0.506013,0.081017,0.226422
1937,0.598585,0.048213,0.296528,0.074967,0.178877
1938,0.651487,0.052684,0.256588,0.088384,0.253831
1939,0.504231,0.069706,0.197153,0.059333,0.178039
1940,0.50948,0.061203,0.177011,0.08672,0.184546
1941,0.486648,0.052663,0.22236,0.051475,0.16015
1942,0.572374,0.069376,0.285148,0.0558,0.16205
1943,0.449115,0.036026,0.218943,0.074337,0.119809
1944,0.688265,0.04549,0.413309,0.084757,0.144709
1945,0.542747,0.098933,0.266276,0.065066,0.112472
1946,0.5622,0.03797,0.222416,0.079777,0.222037
1947,0.3406,0.042007,0.1597,0.01971,0.119183
1948,0.533177,0.04179,0.221081,0.076863,0.193443
1949,0.336295,0.048203,0.099317,0.052032,0.136743
1950,0.46988,0.038564,0.231242,0.05493,0.145144
1951,0.360871,0.08116,0.149873,0.03256,0.097278
1952,0.523409,0.069717,0.178864,0.05596,0.218868
1953,0.464469,0.033012,0.228262,0.051491,0.151704
1954,0.522349,0.029071,0.204737,0.062204,0.226337
1955,0.492319,0.03074,0.218924,0.074354,0.168301
1956,0.428029,0.049233,0.186117,0.055053,0.137626
1957,0.44024,0.041993,0.183221,0.048659,0.166367
1958,0.517034,0.060449,0.176719,0.088584,0.191282
1959,0.46968,0.070903,0.179071,0.090465,0.129241
1960,0.819117,0.04447,0.515958,0.0789,0.179789
1961,0.537757,0.053072,0.242338,0.077418,0.164929
1962,0.4817,0.038744,0.180075,0.07836,0.184521
1963,0.551674,0.062329,0.270314,0.070375,0.148656
1964,0.504569,0.069874,0.194646,0.07853,0.161519
1965,0.471148,0.043993,0.206432,0.060544,0.160179
1966,0.565954,0.05147,0.228325,0.079304,0.206855
1967,0.617763,0.057179,0.364536,0.054253,0.141795
1968,0.543364,0.070979,0.219859,0.078533,0.173993
1969,0.410611,0.066668,0.176471,0.040285,0.127187
1970,0.532571,0.052014,0.19434,0.078813,0.207404
1971,0.520298,0.04045,0.224399,0.079691,0.175758
1972,0.421148,0.058509,0.149499,0.055943,0.157197
1973,0.47314,0.047987,0.242915,0.03155,0.150688
1974,0.802766,0.041433,0.496253,0.078003,0.187077
1975,0.497583,0.052039,0.215839,0.077928,0.151777
1976,0.631698,0.045657,0.324906,0.079146,0.181989
1977,0.440475,0.079765,0.216204,0.032683,0.111823
1978,0.532608,0.046403,0.234958,0.054997,0.19625
1979,0.359338,0.063342,0.108892,0.04555,0.141554
1980,0.371915,0.035964,0.101858,0.067334,0.166759
1981,0.685987,0.072993,0.394157,0.094565,0.124272
1982,0.435543,0.052529,0.142349,0.056547,0.184118
1983,0.455568,0.08333,0.202556,0.036257,0.133425
1984,0.492443,0.03123,0.205419,0.071653,0.184141
1985,0.695092,0.085343,0.407617,0.076614,0.125518
1986,0.53214,0.076256,0.172519,0.078537,0.204828
1987,0.630141,0.042236,0.353253,0.049035,0.185617
1988,0.427769,0.065874,0.131853,0.05651,0.173532
1989,0.440997,0.051282,0.176721,0.079481,0.133513
1990,0.629236,0.04544,0.302859,0.078267,0.20267
1991,0.454091,0.069389,0.220138,0.04036,0.124204
1992,0.701223,0.090769,0.347935,0.085057,0.177462
1993,0.539537,0.069789,0.227306,0.077816,0.164626
1994,0.54494,0.041437,0.220078,0.079573,0.203852
1995,0.48382,0.054677,0.21672,0.064673,0.14775
1996,0.564568,0.063612,0.227605,0.096667,0.176684
1997,0.504035,0.081753,0.21298,0.0794,0.129902
1998,0.475343,0.04598,0.176963,0.078857,0.173543
1999,0.650686,0.043884,0.401972,0.06336,0.14147
2000,0.518446,0.05702,0.192706,0.095787,0.172933
2001,0.513263,0.064331,0.227265,0.0848,0.136867
2002,0.607417,0.083537,0.241702,0.114827,0.167351
2003,0.526577,0.054677,0.237352,0.075459,0.159089
2004,0.542517,0.063842,0.219331,0.078943,0.180401
2005,0.533968,0.086649,0.264852,0.074467,0.108
2006,0.43662,0.05609,0.169644,0.08557,0.125316
2007,0.476333,0.036237,0.205756,0.07832,0.15602
2008,0.53063,0.039893,0.202327,0.078717,0.209693
2009,0.379666,0.073884,0.150262,0.033128,0.122392
2010,0.56558,0.041808,0.238751,0.078844,0.206177
2011,0.5264,0.07331,0.258453,0.076029,0.118608
2012,0.382429,0.045105,0.125939,0.055134,0.156251
2013,0.541261,0.092504,0.264857,0.076411,0.107489
2014,0.792589,0.067817,0.468745,0.077117,0.17891
2015,0.593348,0.08302,0.314129,0.060773,0.135426
2016,0.555455,0.078942,0.224023,0.07817,0.17432
2017,0.444392,0.039298,0.219479,0.051314,0.134301
2018,0.510357,0.059895,0.176906,0.078136,0.19542
2019,0.545772,0.08578,0.272161,0.058589,0.129242
2020,0.560463,0.073677,0.226153,0.077923,0.18271
2021,0.492129,0.064663,0.21202,0.060202,0.155244
2022,0.549129,0.074337,0.205692,0.07661,0.19249
2023,0.498534,0.038436,0.257479,0.05968,0.142939
2024,0.438755,0.04908,0.136067,0.078283,0.175325
2025,0.526258,0.068027,0.261896,0.076961,0.119374
2026,0.659966,0.078943,0.324422,0.077247,0.179354
2027,0.526483,0.044907,0.231233,0.078189,0.172154
2028,0.57706,0.078321,0.250178,0.06459,0.183971
2029,0.548772,0.066526,0.26056,0.07788,0.143806
2030,0.510545,0.074207,0.201273,0.07835,0.156715
2031,0.393123,0.048837,0.14758,0.05235,0.144356
2032,0.461617,0.074917,0.160077,0.058313,0.16831
2033,0.467777,0.047593,0.180343,0.078517,0.161324
2034,0.499737,0.03853,0.248843,0.05498,0.157384
2035,0.420891,0.038273,0.162118,0.05857,0.16193
2036,0.468678,0.061129,0.16854,0.06538,0.173629
2037,0.677726,0.0687,0.393804,0.078,0.137222
2038,0.469422,0.048847,0.157588,0.07832,0.184667
2039,0.503117,0.069327,0.237415,0.059573,0.136802
2040,0.373375,0.038996,0.123934,0.054944,0.155501
2041,0.3653,0.072427,0.156811,0.02231,0.113752
2042,0.497911,0.067286,0.161694,0.077106,0.191825
2043,0.343537,0.03498,0.114321,0.052093,0.142143
2044,0.535391,0.090114,0.203421,0.08046,0.161396
2045,0.446666,0.062557,0.203073,0.058892,0.122144
2046,0.559269,0.058737,0.284897,0.070006,0.145629
2047,0.413634,0.061256,0.193101,0.035226,0.124051
2048,0.657315,0.0815,0.231416,0.083454,0.260945
2049,0.482257,0.058106,0.197704,0.075326,0.151121
2050,0.558997,0.039347,0.24925,0.078607,0.191793
2051,0.839192,0.09102,0.514975,0.094349,0.138848
2052,0.468648,0.036627,0.17745,0.07966,0.174911
2053,0.465727,0.044284,0.211978,0.059227,0.150238
2054,0.595037,0.053123,0.284455,0.07729,0.180169
2055,0.495215,0.04359,0.265248,0.06034,0.126037
2056,0.585585,0.050787,0.256528,0.078423,0.199847
2057,0.449863,0.036307,0.234099,0.031154,0.148303
2058,0.463357,0.049332,0.145445,0.077964,0.190616
2059,0.664528,0.07557,0.36703,0.077138,0.14479
2060,0.624595,0.059584,0.291192,0.079037,0.194782
2061,0.463426,0.043494,0.206598,0.048516,0.164818
2062,0.531662,0.076377,0.162958,0.076963,0.215364
2063,0.438946,0.035985,0.188796,0.074294,0.139871
2064,0.950031,0.087022,0.554088,0.080757,0.228164
2065,0.479791,0.065034,0.184659,0.058932,0.171166
2066,0.65672,0.053672,0.241944,0.092837,0.268267
2067,0.584386,0.079551,0.235851,0.076726,0.192258
2068,0.573051,0.060699,0.187407,0.07735,0.247595
2069,0.849946,0.058824,0.542065,0.077651,0.171406
2070,0.644914,0.073992,0.186025,0.098123,0.286774
2071,0.60591,0.06268,0.26798,0.031697,0.243553
2072,0.482977,0.068285,0.174865,0.071317,0.16851
2073,0.569505,0.0536,0.253255,0.078358,0.184292
2074,0.881546,0.053985,0.484225,0.07788,0.265456
2075,0.694466,0.052715,0.385485,0.077791,0.178475
2076,0.619935,0.056348,0.231227,0.081403,0.250957
2077,0.691803,0.053019,0.321249,0.085792,0.231743
2078,0.589934,0.066908,0.211996,0.087133,0.223897
2079,0.563798,0.056075,0.261558,0.077834,0.168331
2080,0.494601,0.052345,0.141327,0.07853,0.222399
2081,0.404869,0.058472,0.161214,0.032442,0.152741
2082,0.518692,0.042806,0.209869,0.088426,0.177591
2083,0.5923,0.096603,0.310063,0.060816,0.124818
2084,0.625205,0.093798,0.189927,0.089524,0.251956
2085,0.557215,0.091591,0.244544,0.078904,0.142176
2086,0.578131,0.081324,0.206604,0.081684,0.208519
2087,0.436728,0.08076,0.19566,0.031588,0.12872
2088,0.60122,0.085821,0.196406,0.084213,0.23478
2089,0.592525,0.081362,0.296009,0.05936,0.155794
2090,0.668985,0.098548,0.31322,0.080333,0.176884
2091,0.552305,0.099651,0.253395,0.060164,0.139095
2092,0.662486,0.084408,0.356844,0.055213,0.166021
2093,0.522306,0.103146,0.189187,0.060522,0.169451
2094,0.563926,0.082657,0.167471,0.079904,0.233894
2095,0.522797,0.085968,0.191137,0.089741,0.155951
2096,0.565971,0.069287,0.199538,0.081967,0.215179
2097,0.669609,0.096329,0.304999,0.108135,0.160146
2098,0.923249,0.112293,0.492507,0.090696,0.227753
2099,0.731272,0.089489,0.418534,0.076915,0.146334
2100,0.754847,0.098263,0.294646,0.08148,0.280458
2101,0.572796,0.076754,0.21675,0.059558,0.219734
2102,0.640253,0.068797,0.177404,0.08594,0.308112
2103,0.654882,0.086711,0.285258,0.074184,0.208729
2104,0.684666,0.076934,0.21869,0.101107,0.287935
2105,0.56095,0.07146,0.212967,0.089736,0.186787
2106,0.61496,0.092808,0.282837,0.05663,0.182685
2107,0.545128,0.088023,0.185816,0.078243,0.193046
2108,0.626883,0.059148,0.298342,0.083886,0.185507
2109,0.579,0.08612,0.261374,0.07532,0.156186
2110,0.65712,0.068635,0.289224,0.08174,0.217521
2111,0.526694,0.096586,0.21494,0.051283,0.163885
2112,0.60764,0.093292,0.186137,0.094953,0.233258
2113,0.602077,0.083212,0.231089,0.076203,0.211573
2114,0.622791,0.09276,0.261273,0.08317,0.185588
2115,0.531391,0.088134,0.223486,0.062606,0.157165
2116,0.48154,0.085976,0.163,0.054827,0.177737
2117,0.522597,0.048859,0.219188,0.07635,0.1782
2118,0.62316,0.085247,0.262768,0.10005,0.175095
2119,0.411305,0.087285,0.153364,0.032792,0.137864
2120,0.661388,0.100871,0.274852,0.08053,0.205135
2121,0.519255,0.098431,0.181446,0.098689,0.140689
2122,0.458602,0.076628,0.167087,0.05497,0.159917
2123,0.444435,0.092546,0.157242,0.043522,0.151125
2124,0.534732,0.094494,0.169538,0.081707,0.188993
2125,0.506591,0.093537,0.18723,0.089861,0.135963
2126,0.59469,0.096964,0.219236,0.0877,0.19079
2127,0.5656,0.085194,0.247844,0.078415,0.154147
2128,0.611791,0.054649,0.265314,0.08159,0.210238
2129,0.57424,0.100888,0.213715,0.078904,0.180733
2130,0.526106,0.091775,0.162622,0.08234,0.189369
2131,0.515988,0.089315,0.189597,0.057468,0.179608
2132,0.608643,0.096686,0.209236,0.081937,0.220784
2133,0.626986,0.04261,0.355555,0.058177,0.170644
2134,0.625951,0.092792,0.285694,0.081667,0.165798
2135,0.415351,0.080644,0.158288,0.051427,0.124992
2136,0.558271,0.10142,0.203562,0.08066,0.172629
2137,0.595327,0.081076,0.250113,0.078963,0.185175
2138,0.541325,0.084135,0.23955,0.056687,0.160953
2139,0.51696,0.093805,0.188696,0.058553,0.175906
2140,0.607731,0.087292,0.211977,0.081743,0.226719
2141,0.520317,0.084709,0.215292,0.060642,0.159674
2142,0.813622,0.083774,0.470281,0.081214,0.178353
2143,0.452136,0.10344,0.188189,0.032312,0.128195
2144,1.42784,0.072951,0.97945,0.077477,0.297965
2145,0.621407,0.078768,0.219677,0.077719,0.245243
2146,0.77649,0.094918,0.287012,0.08282,0.31174
2147,0.4967,0.082322,0.162424,0.090542,0.161412
2148,0.607489,0.07875,0.12458,0.10095,0.303209
2149,0.87566,0.075917,0.520814,0.07457,0.204359
2150,0.603222,0.087571,0.197292,0.091774,0.226585
2151,0.571446,0.091662,0.251218,0.077702,0.150864
2152,0.62888,0.065787,0.279272,0.080817,0.203004
2153,0.506123,0.084558,0.172916,0.096907,0.151742
2154,0.619372,0.08256,0.275357,0.083067,0.178388
2155,0.601125,0.10109,0.27499,0.077351,0.147694
2156,0.699703,0.098969,0.313595,0.081776,0.205363
2157,0.50178,0.059482,0.153157,0.076858,0.212283
2158,0.590691,0.096786,0.201347,0.082567,0.209991
2159,0.510628,0.085175,0.194039,0.057914,0.1735
2160,0.533648,0.084463,0.198435,0.08074,0.17001
2161,0.521222,0.094086,0.213387,0.060062,0.153687
2162,0.675445,0.074979,0.341457,0.05581,0.203199
2163,0.635888,0.074121,0.358465,0.05185,0.151452
2164,0.549011,0.0776,0.197947,0.0557,0.217764
2165,0.517715,0.07394,0.252346,0.051376,0.140053
2166,0.512874,0.072976,0.197235,0.054893,0.18777
2167,0.461876,0.0725,0.2066,0.035334,0.147442
2168,0.55078,0.088843,0.23666,0.05462,0.170657
2169,0.443895,0.073459,0.175518,0.068993,0.125925
2170,0.461665,0.05858,0.153713,0.05579,0.193582
2171,0.324877,0.060486,0.128759,0.019033,0.116599
2172,0.515105,0.058641,0.216165,0.05464,0.185659
2173,0.465334,0.045069,0.207171,0.051389,0.161705
2174,0.531352,0.046604,0.247023,0.05436,0.183365
2175,0.650789,0.061817,0.398129,0.050835,0.140008
2176,0.475337,0.067215,0.164898,0.055407,0.187817
2177,0.37022,0.047572,0.152315,0.030607,0.139726
2178,0.461908,0.0611,0.146152,0.055213,0.199443
2179,0.513094,0.058743,0.224277,0.090463,0.139611
2180,0.562395,0.064703,0.254594,0.054523,0.188575
2181,0.543088,0.050479,0.289277,0.051095,0.152237
2182,0.757869,0.051998,0.467099,0.055086,0.183686
2183,0.578315,0.048697,0.314562,0.05132,0.163736
2184,0.542077,0.057902,0.205112,0.05559,0.223473
2185,0.370542,0.058946,0.15007,0.030387,0.131139
2186,0.575189,0.059089,0.259859,0.055046,0.201195
2187,0.410591,0.060396,0.197444,0.030663,0.122088
2188,0.472128,0.059989,0.137509,0.07483,0.1998
2189,0.455991,0.047135,0.193736,0.059522,0.155598
2190,0.450298,0.048919,0.153682,0.054486,0.193211
2191,0.332106,0.04991,0.12213,0.025469,0.134597
2192,0.497717,0.058709,0.191535,0.065333,0.18214
2193,0.536345,0.052231,0.27898,0.051222,0.153912
2194,0.510057,0.047706,0.195174,0.05495,0.212227
2195,0.360866,0.060854,0.141111,0.030494,0.128407
2196,0.432071,0.061116,0.123141,0.054596,0.193218
2197,0.391803,0.047621,0.180726,0.031373,0.132083
2198,0.471192,0.06265,0.168692,0.05509,0.18476
2199,0.444837,0.056765,0.189122,0.05002,0.14893
2200,0.456623,0.051547,0.167316,0.054804,0.182956
2201,0.427734,0.048794,0.228127,0.019977,0.130836
2202,0.444297,0.049037,0.145539,0.055477,0.194244
2203,0.349677,0.050469,0.151728,0.017341,0.130139
2204,0.489058,0.047821,0.202272,0.05478,0.184185
2205,0.453614,0.049394,0.19455,0.063091,0.146579
2206,0.631072,0.051464,0.330617,0.05807,0.190921
2207,0.447515,0.059269,0.23228,0.030298,0.125668
2208,0.440886,0.058645,0.145172,0.055093,0.181976
2209,0.393725,0.050802,0.12642,0.050963,0.16554
2210,0.53936,0.048317,0.223905,0.054623,0.212515
2211,0.41854,0.0511,0.162173,0.052952,0.152315
2212,0.573285,0.048746,0.270538,0.054917,0.199084
2213,0.427933,0.049813,0.199164,0.030796,0.14816
2214,0.437912,0.060136,0.129288,0.065043,0.183445
2215,0.669843,0.048435,0.420814,0.050825,0.149769
2216,0.499291,0.061517,0.192962,0.054596,0.190216
2217,0.390651,0.051762,0.168136,0.02976,0.140993
2218,0.434443,0.047685,0.128434,0.0549,0.203424
2219,0.399817,0.050482,0.204491,0.018579,0.126265
2220,0.962553,0.050524,0.674826,0.054683,0.18252
2221,0.453297,0.075868,0.175768,0.034792,0.166869
2222,0.4113,0.056464,0.122919,0.054243,0.177674
2223,0.609995,0.062229,0.356716,0.051349,0.139701
2224,0.598787,0.047683,0.289793,0.054977,0.206334
2225,0.571057,0.048258,0.314619,0.051608,0.156572
2226,0.58384,0.048791,0.270877,0.054563,0.209609
2227,0.435263,0.064887,0.205101,0.029773,0.135502
2228,0.610771,0.048253,0.328591,0.05484,0.179087
2229,0.350757,0.049054,0.162461,0.018508,0.120734
2230,0.461696,0.048425,0.17171,0.05492,0.186641
2231,0.364442,0.048913,0.178183,0.01715,0.120196
2232,0.52564,0.062151,0.229687,0.055134,0.178668
2233,0.456369,0.04751,0.206387,0.051429,0.151043
2234,0.51312,0.062863,0.177068,0.067237,0.205952
2235,0.42692,0.050669,0.183744,0.029592,0.162915
2236,0.643927,0.057662,0.357473,0.05474,0.174052
2237,0.457192,0.049285,0.236526,0.039129,0.132252
2238,0.512118,0.061113,0.222228,0.05505,0.173727
2239,0.514146,0.046994,0.227552,0.050968,0.188632
2240,0.809394,0.052233,0.525678,0.054827,0.176656
2241,0.390271,0.05165,0.173461,0.029777,0.135383
2242,0.796988,0.060929,0.502081,0.05683,0.177148
2243,0.444283,0.050644,0.172947,0.051389,0.169303
2244,0.478691,0.047993,0.16638,0.06559,0.198728
2245,0.560097,0.06505,0.296007,0.051632,0.147408
2246,0.503946,0.048673,0.203484,0.054986,0.196803
2247,0.367554,0.049207,0.152268,0.030703,0.135376
2248,0.416465,0.054779,0.128107,0.054856,0.178723
2249,0.385025,0.047951,0.174058,0.030673,0.132343
2250,0.475205,0.075379,0.151156,0.05536,0.19331
2251,0.40264,0.049873,0.206063,0.020025,0.126679
2252,0.472409,0.062304,0.170182,0.054957,0.184966
2253,0.328117,0.048071,0.087503,0.030097,0.162446
2254,0.844434,0.063342,0.54718,0.05488,0.179032
2255,0.580677,0.060507,0.299662,0.051354,0.169154
2256,0.605823,0.050473,0.304615,0.054746,0.195989
2257,0.466523,0.048781,0.222723,0.0306,0.164419
2258,0.496005,0.059289,0.181291,0.072727,0.182698
2259,0.466303,0.06199,0.168616,0.051205,0.184492
2260,0.510637,0.047739,0.202668,0.05499,0.20524
2261,0.512706,0.057846,0.299171,0.031596,0.124093
2262,0.476514,0.061578,0.173739,0.055336,0.185861
2263,0.399175,0.048395,0.182537,0.031557,0.136686
2264,0.675475,0.070319,0.356976,0.06588,0.1823
2265,0.471517,0.050371,0.214842,0.050942,0.155362
2266,0.408088,0.049566,0.126911,0.054663,0.176948
2267,0.387812,0.05123,0.144244,0.031395,0.160943
2268,0.630452,0.059033,0.30666,0.054703,0.210056
2269,0.386712,0.060764,0.131915,0.051323,0.14271
2270,0.518906,0.060978,0.222173,0.055057,0.180698
2271,0.529277,0.049369,0.269916,0.051088,0.158904
2272,0.455784,0.062458,0.162707,0.055213,0.175406
2273,0.663243,0.061485,0.445873,0.030544,0.125341
2274,0.466183,0.052103,0.177136,0.0551,0.181844
2275,0.326483,0.046749,0.122798,0.019272,0.137664
2276,0.408487,0.051057,0.118273,0.054903,0.184254
2277,0.385763,0.046986,0.192079,0.01775,0.128948
2278,0.448245,0.056638,0.153233,0.05675,0.181624
2279,0.548575,0.050779,0.264492,0.088917,0.144387
2280,0.497597,0.06786,0.160719,0.0556,0.213418
2281,0.585698,0.052609,0.326845,0.051021,0.155223
2282,0.506167,0.060901,0.210329,0.05472,0.180217
2283,0.553518,0.048803,0.28205,0.051006,0.171659
2284,0.556522,0.051037,0.263715,0.05466,0.18711
2285,0.389555,0.048425,0.125929,0.051214,0.163987
2286,0.47968,0.055956,0.196371,0.05449,0.172863
2287,0.502433,0.056905,0.259106,0.050755,0.135667
2288,0.490693,0.048895,0.198553,0.055033,0.188212
2289,0.492994,0.049085,0.244709,0.050979,0.148221
2290,0.509055,0.049976,0.214884,0.054973,0.189222
2291,0.51992,0.049759,0.208967,0.08934,0.171854
2292,0.428515,0.051722,0.140896,0.055227,0.18067
2293,0.473998,0.051027,0.212518,0.05148,0.158973
2294,0.559917,0.058957,0.270413,0.05498,0.175567
2295,0.386723,0.063053,0.174502,0.029775,0.119393
2296,0.544582,0.061206,0.249518,0.055356,0.178502
2297,0.439102,0.04879,0.162768,0.057095,0.170449
2298,0.672846,0.051459,0.375084,0.05492,0.191383
2299,0.416122,0.051009,0.197826,0.029717,0.13757
2300,0.384828,0.047577,0.10538,0.054996,0.176875
2301,0.36986,0.05108,0.17057,0.018718,0.129492
2302,0.443132,0.058282,0.148245,0.05476,0.181845
2303,0.399482,0.050443,0.175662,0.031046,0.142331
2304,0.666263,0.068088,0.324966,0.054944,0.218265
2305,0.46642,0.049973,0.198001,0.051466,0.16698
2306,0.682962,0.051183,0.373412,0.054806,0.203561
2307,0.365671,0.049882,0.148146,0.029478,0.138165
2308,0.450395,0.051418,0.152644,0.064147,0.182186
2309,0.467755,0.060905,0.236103,0.032999,0.137748
2310,0.691575,0.048495,0.387233,0.065553,0.190294
2311,0.421738,0.057683,0.201225,0.030588,0.132242
2312,0.48034,0.063024,0.160142,0.05493,0.202244
2313,0.420657,0.057962,0.164095,0.048956,0.149644
2314,0.483504,0.057436,0.186895,0.055043,0.18413
2315,0.381629,0.061861,0.144888,0.031269,0.143611
2316,0.533962,0.05941,0.237532,0.054894,0.182126
2317,0.473394,0.05161,0.25653,0.030732,0.134522
2318,0.828725,0.059125,0.523704,0.05489,0.191006
2319,0.44689,0.049763,0.192052,0.050935,0.15414
2320,0.45162,0.050439,0.159705,0.054853,0.186623
2321,0.449857,0.050539,0.218234,0.030552,0.150532
2322,0.412145,0.048043,0.130184,0.054867,0.179051
2323,0.418597,0.053893,0.210561,0.019797,0.134346
2324,0.704558,0.061449,0.394495,0.055367,0.193247
2325,0.399369,0.056675,0.185624,0.030629,0.126441
2326,0.465909,0.061015,0.170335,0.054503,0.180056
2327,0.45124,0.048814,0.233845,0.030405,0.138176
2328,0.612564,0.05002,0.308225,0.07256,0.181759
2329,0.388183,0.050957,0.182176,0.019397,0.135653
2330,0.595214,0.061035,0.282698,0.05476,0.196721
2331,0.432106,0.060189,0.19911,0.030127,0.14268
2332,0.551034,0.057082,0.248743,0.054727,0.190482
2333,0.468291,0.05718,0.234638,0.030623,0.14585
2334,0.423489,0.055107,0.132518,0.054423,0.181441
2335,0.49884,0.061779,0.235135,0.051219,0.150707
2336,0.497723,0.05827,0.193025,0.054914,0.191514
2337,0.414386,0.050798,0.142411,0.051371,0.169806
2338,0.468132,0.049467,0.211678,0.053277,0.15371
2339,0.361989,0.048028,0.138554,0.030761,0.144646
2340,0.551822,0.051805,0.247056,0.05736,0.195601
2341,0.461763,0.053912,0.248042,0.030766,0.129043
2342,0.483986,0.053538,0.189911,0.05475,0.185787
2343,0.415372,0.052244,0.195889,0.030742,0.136497
2344,0.483117,0.060926,0.198468,0.055123,0.1686
2345,0.516912,0.060949,0.248539,0.050891,0.156533
2346,0.519254,0.052214,0.225397,0.054667,0.186976
2347,0.459731,0.048801,0.19685,0.050778,0.163302
2348,0.424526,0.049855,0.140966,0.054647,0.179058
2349,0.396866,0.050008,0.205381,0.01874,0.122737
2350,0.455531,0.047016,0.132566,0.054683,0.221266
2351,0.521454,0.062082,0.25891,0.053195,0.147267
2352,0.473835,0.049561,0.182083,0.054553,0.187638
2353,0.400326,0.049577,0.165502,0.029702,0.155545
2354,0.812066,0.06282,0.5161,0.054503,0.178643
2355,0.385103,0.063043,0.151894,0.030712,0.139454
2356,0.523566,0.046457,0.27636,0.055007,0.145742
2357,0.370883,0.060043,0.182817,0.019511,0.108512
2358,0.561529,0.048675,0.274138,0.05477,0.183946
2359,0.38928,0.04875,0.202779,0.017263,0.120488
2360,0.365366,0.051102,0.080646,0.054823,0.178795
2361,0.432586,0.046715,0.254237,0.017134,0.1145
2362,0.434792,0.060752,0.142777,0.054697,0.176566
2363,0.320057,0.04706,0.09154,0.030006,0.151451
2364,0.513647,0.059008,0.196379,0.054463,0.203797
2365,0.36917,0.04877,0.155028,0.029751,0.135621
2366,0.541806,0.062894,0.242237,0.054803,0.181872
2367,0.450157,0.055976,0.240335,0.029271,0.124575
2368,0.613809,0.060053,0.314227,0.054513,0.185016
2369,0.429683,0.070826,0.169253,0.060696,0.128908
2370,0.461394,0.052854,0.157526,0.054827,0.196187
2371,0.477515,0.048575,0.26326,0.029967,0.135713
2372,0.445629,0.055667,0.158559,0.055016,0.176387
2373,0.436049,0.049804,0.216547,0.030343,0.139355
2374,0.485935,0.057612,0.178118,0.071917,0.178288
2375,0.593237,0.051742,0.379913,0.031778,0.129804
2376,0.443677,0.059377,0.144981,0.05475,0.184569
2377,0.404638,0.059702,0.173203,0.04019,0.131543
2378,0.463989,0.05068,0.176788,0.054566,0.181955
2379,0.303508,0.047597,0.109207,0.019398,0.127306
2380,0.38648,0.051088,0.094632,0.05569,0.18507
2381,0.328237,0.047313,0.139541,0.01752,0.123863
2382,0.428292,0.048837,0.128434,0.054693,0.196328
2383,0.424242,0.059195,0.208388,0.030418,0.126241
2384,0.547006,0.062569,0.241838,0.055273,0.187326
2385,0.465126,0.053474,0.202319,0.060635,0.148698
2386,0.505075,0.04803,0.215565,0.05512,0.18636
2387,0.39856,0.063731,0.176577,0.03176,0.126492
2388,0.447072,0.075444,0.161344,0.064297,0.145987
2389,0.559611,0.050662,0.365513,0.020386,0.12305
2390,0.536497,0.060173,0.228045,0.05525,0.193029
2391,0.388395,0.047804,0.138014,0.050781,0.151796
2392,0.57836,0.049377,0.286923,0.055287,0.186773
2393,0.588535,0.051091,0.331269,0.051443,0.154732
2394,0.644766,0.048335,0.343738,0.05464,0.198053
2395,0.46694,0.059231,0.223202,0.047039,0.137468
2396,0.499997,0.055642,0.161457,0.054617,0.228281
2397,0.397357,0.048243,0.134388,0.05088,0.163846
2398,0.553935,0.050152,0.255778,0.054926,0.193079
2399,0.601102,0.052399,0.333287,0.059449,0.155967
2400,0.45298,0.070072,0.127911,0.054767,0.20023
2401,0.415185,0.055041,0.163254,0.051465,0.145425
2402,0.472123,0.050936,0.18461,0.054737,0.18184
2403,0.428897,0.058223,0.201511,0.030681,0.138482
2404,0.483746,0.066094,0.186098,0.055267,0.176287
2405,0.628011,0.051128,0.395576,0.031191,0.150116
2406,0.457145,0.049059,0.168735,0.0553,0.184051
2407,0.403023,0.06017,0.187734,0.030455,0.124664
2408,0.47712,0.049187,0.186023,0.05483,0.18708
2409,0.323455,0.050148,0.122835,0.019454,0.131018
2410,0.583154,0.059313,0.275289,0.05658,0.191972
2411,0.3994,0.047326,0.122847,0.055596,0.173631
2412,0.509654,0.048748,0.22143,0.05452,0.184956
2413,0.45672,0.060916,0.192871,0.055878,0.147055
2414,0.482439,0.059478,0.17731,0.054663,0.190988
2415,0.409974,0.052808,0.148533,0.066235,0.142398
2416,0.464334,0.049198,0.169208,0.055063,0.190865
2417,0.378209,0.049701,0.169399,0.029833,0.129276
2418,0.482322,0.049766,0.192543,0.054837,0.185176
2419,0.447409,0.048113,0.233829,0.029725,0.135742
2420,0.489365,0.058775,0.170657,0.055154,0.204779
2421,0.511475,0.048503,0.251195,0.050789,0.160988
2422,0.420069,0.056036,0.130036,0.054727,0.17927
2423,0.459323,0.05817,0.177858,0.058915,0.16438
2424,0.443154,0.072024,0.146114,0.065933,0.159083
2425,0.421334,0.05173,0.194016,0.029519,0.146069
2426,1.16413,0.05857,0.852099,0.054523,0.198939
2427,0.627105,0.051046,0.376045,0.050869,0.149145
2428,0.482008,0.057004,0.187559,0.06033,0.177115
2429,0.450111,0.047762,0.165431,0.046604,0.190314
2430,0.659232,0.060052,0.360689,0.054686,0.183805
2431,0.484649,0.051467,0.230415,0.050851,0.151916
2432,0.560303,0.059315,0.260828,0.054683,0.185477
2433,0.456497,0.052284,0.20185,0.050778,0.151585
2434,0.485249,0.04845,0.19157,0.05516,0.190069
2435,0.419215,0.051966,0.187268,0.030787,0.149194
2436,0.591726,0.054976,0.297962,0.062813,0.175975
2437,0.498862,0.048288,0.243494,0.051562,0.155518
2438,0.615954,0.059865,0.321129,0.05489,0.18007
2439,0.531634,0.051479,0.235524,0.051541,0.19309
2440,0.601917,0.064139,0.330003,0.05687,0.150905
2441,0.592988,0.058527,0.368876,0.030671,0.134914
2442,0.524986,0.060306,0.212607,0.055286,0.196787
2443,0.368883,0.050155,0.102733,0.050973,0.165022
2444,0.529346,0.048082,0.223778,0.07277,0.184716
2445,0.404923,0.058789,0.190395,0.030296,0.125443
2446,0.574391,0.077418,0.253163,0.055053,0.188757
2447,0.381491,0.052467,0.161496,0.036927,0.130601
2448,0.444834,0.060671,0.140464,0.06345,0.180249
2449,0.454851,0.048729,0.197102,0.051189,0.157831
2450,0.47678,0.049186,0.189166,0.055033,0.183395
2451,0.371674,0.062588,0.146609,0.030541,0.131936
2452,0.513117,0.057052,0.253767,0.054844,0.147454
2453,0.349666,0.051385,0.135878,0.030887,0.131516
2454,0.495397,0.047597,0.201847,0.055156,0.190797
2455,0.617465,0.050138,0.417561,0.019179,0.130587
2456,0.6864,0.051452,0.386224,0.055037,0.193687
2457,0.359445,0.051219,0.16206,0.017423,0.128743
2458,0.445826,0.047733,0.169247,0.054643,0.174203
2459,0.474737,0.051078,0.21919,0.051371,0.153098
2460,0.462214,0.055097,0.158797,0.054827,0.193493
2461,0.46104,0.050176,0.246538,0.030632,0.133694
2462,0.718774,0.051494,0.431259,0.05491,0.181111
2463,0.325563,0.048311,0.111994,0.018548,0.14671
2464,0.436551,0.050694,0.15806,0.05567,0.172127
2465,0.36508,0.047654,0.166572,0.01864,0.132214
2466,0.519699,0.058882,0.20676,0.05481,0.199247
2467,0.377251,0.060529,0.163405,0.030292,0.123025
2468,0.498683,0.059921,0.197539,0.055426,0.185797
2469,0.563564,0.051471,0.340212,0.030787,0.141094
2470,0.616369,0.056989,0.35579,0.057087,0.146503
2471,0.425788,0.050577,0.207075,0.030594,0.137542
2472,0.538565,0.050351,0.253867,0.05491,0.179437
2473,0.390998,0.051051,0.188244,0.019211,0.132492
2474,0.43228,0.048917,0.17914,0.053596,0.150627
2475,0.340628,0.050977,0.148507,0.017817,0.123327
2476,0.472214,0.049836,0.163076,0.06881,0.190492
2477,0.360009,0.059012,0.154845,0.017651,0.128501
2478,0.45926,0.057232,0.157172,0.05385,0.191006
2479,0.518166,0.06124,0.258467,0.051757,0.146702
2480,0.572715,0.051288,0.279306,0.054964,0.187157
2481,0.356185,0.049479,0.104289,0.051099,0.151318
2482,0.468957,0.049635,0.179294,0.05492,0.185108
2483,0.419886,0.059471,0.219061,0.019799,0.121555
2484,0.482846,0.059778,0.182896,0.06294,0.177232
2485,0.487805,0.051067,0.235999,0.050739,0.15
2486,0.531763,0.048869,0.23668,0.05477,0.191444
2487,0.347228,0.050648,0.129933,0.029647,0.137
2488,0.435395,0.062526,0.137385,0.055087,0.180397
2489,0.927393,0.073641,0.683282,0.046129,0.124341
2490,0.493288,0.050087,0.1905,0.05492,0.197781
2491,0.297402,0.050067,0.103651,0.018453,0.125231
2492,0.547238,0.057774,0.240386,0.05487,0.194208
2493,0.436155,0.049969,0.191884,0.03823,0.156072
2494,0.5412,0.064369,0.191028,0.05492,0.230883
2495,0.409094,0.06492,0.177967,0.030368,0.135839
2496,0.506089,0.062341,0.193748,0.055,0.195
2497,0.333632,0.050492,0.079588,0.050448,0.153104
2498,0.454157,0.045904,0.166627,0.054697,0.186929
2499,0.457826,0.051725,0.19527,0.05092,0.159911
2500,0.407765,0.048507,0.122241,0.055467,0.18155
2501,0.471194,0.052292,0.208589,0.029286,0.181027
2502,0.519606,0.059102,0.224165,0.054857,0.181482
2503,0.393175,0.058782,0.178712,0.029827,0.125854
2504,0.455672,0.061748,0.161146,0.055016,0.177762
2505,0.48194,0.057365,0.242622,0.030327,0.151626
2506,0.534612,0.054377,0.23358,0.06027,0.186385
2507,0.394453,0.050879,0.143414,0.031598,0.168562
2508,0.512365,0.047578,0.228044,0.055323,0.18142
2509,0.428806,0.051769,0.201623,0.030176,0.145238
2510,0.462483,0.062195,0.164868,0.055193,0.180227
2511,0.392568,0.05011,0.137176,0.051332,0.15395
2512,0.645477,0.060565,0.331737,0.054807,0.198368
2513,0.527129,0.048963,0.293404,0.045077,0.139685
2514,0.615134,0.054946,0.308721,0.072737,0.17873
2515,0.468138,0.053319,0.193731,0.052501,0.168587
2516,0.446635,0.048579,0.144583,0.05466,0.198813
2517,0.406648,0.050318,0.208315,0.020173,0.127842
2518,0.413817,0.057714,0.116568,0.054987,0.184548
2519,0.361148,0.047614,0.155592,0.031449,0.126493
2520,0.483631,0.062273,0.187732,0.056917,0.176709
2521,0.461255,0.049543,0.206933,0.051176,0.153603
2522,0.500483,0.049435,0.219834,0.05461,0.176604
2523,0.312614,0.05116,0.117886,0.020357,0.123211
2524,0.455645,0.047434,0.16914,0.05491,0.184161
2525,0.284391,0.050338,0.076417,0.017758,0.139878
2526,0.421223,0.047189,0.145703,0.055243,0.173088
2527,0.608751,0.05315,0.383708,0.03059,0.141303
2528,0.488048,0.054962,0.184059,0.065487,0.18354
2529,0.708198,0.059499,0.457311,0.050865,0.140523
2530,0.445583,0.058232,0.150316,0.055487,0.181548
2531,0.592626,0.059189,0.335976,0.051458,0.146003
2532,0.490729,0.056049,0.183655,0.054697,0.196328
2533,0.351091,0.050364,0.137313,0.030715,0.132699
2534,0.469289,0.048213,0.178331,0.055307,0.187438
2535,0.363659,0.047599,0.163195,0.019023,0.133842
2536,0.496299,0.047844,0.211256,0.058643,0.178556
2537,0.284379,0.032937,0.132439,0.018821,0.100182
2538,0.40805,0.0417,0.191042,0.054724,0.120584
2539,0.685993,0.030546,0.528954,0.01976,0.106733
2540,0.362018,0.03476,0.118371,0.054907,0.15398
2541,0.231441,0.034291,0.091852,0.018808,0.08649
2542,0.406183,0.030564,0.171299,0.055667,0.148653
2543,0.268208,0.032611,0.129441,0.017861,0.088295
2544,0.380893,0.03104,0.146847,0.05474,0.148266
2545,0.567114,0.030186,0.426809,0.01765,0.092469
2546,0.328958,0.033108,0.107669,0.070643,0.117538
2547,0.275805,0.033431,0.140736,0.018014,0.083624
2548,0.454474,0.031216,0.21426,0.05484,0.154158
2549,0.25347,0.03171,0.11215,0.017699,0.091911
2550,0.338266,0.02862,0.10647,0.055177,0.147999
2551,0.326081,0.031062,0.190445,0.017706,0.086868
2552,0.398377,0.037331,0.148657,0.054556,0.157833
2553,0.267535,0.032104,0.129005,0.017659,0.088767
2554,0.371973,0.034048,0.112705,0.054723,0.170497
2555,0.518348,0.031055,0.365576,0.019116,0.102601
2556,0.38966,0.054646,0.137206,0.055283,0.142525
2557,0.360788,0.075638,0.16651,0.01756,0.10108
2558,0.465345,0.072448,0.168591,0.05479,0.169516
2559,0.245073,0.03216,0.113049,0.017279,0.082585
2560,0.449265,0.040707,0.192032,0.055834,0.160692
2561,0.271885,0.031451,0.138976,0.017983,0.083475
2562,0.360624,0.035853,0.122436,0.054893,0.147442
2563,0.318022,0.035547,0.172895,0.024139,0.085441
2564,0.447849,0.0422,0.207608,0.057154,0.140887
2565,0.352272,0.031882,0.217338,0.0179,0.085152
2566,0.521035,0.035257,0.280966,0.054813,0.149999
2567,0.340889,0.073529,0.137014,0.017277,0.113069
2568,0.452468,0.061593,0.138591,0.06606,0.186224
2569,0.461888,0.079201,0.21761,0.017518,0.147559
2570,0.575325,0.052216,0.329984,0.055617,0.137508
2571,0.406881,0.081721,0.201977,0.018328,0.104855
2572,0.711044,0.071835,0.392347,0.055106,0.191756
2573,0.844882,0.075116,0.549134,0.051872,0.16876
2574,0.575872,0.085984,0.205944,0.079457,0.204487
2575,0.412823,0.071707,0.180147,0.030246,0.130723
2576,0.342,0.036344,0.122824,0.055013,0.127819
2577,0.585794,0.072889,0.347084,0.02973,0.136091
2578,0.499806,0.075026,0.179966,0.056136,0.188678
2579,0.414542,0.05133,0.177961,0.059624,0.125627
2580,0.623292,0.068093,0.308327,0.055513,0.191359
2581,0.421372,0.032668,0.244694,0.031869,0.112141
2582,0.699163,0.06709,0.45226,0.055503,0.12431
2583,0.304212,0.053839,0.142021,0.020611,0.087741
2584,0.494419,0.072181,0.17084,0.074323,0.177075
2585,0.400354,0.05257,0.216898,0.018247,0.112639
2586,0.753652,0.072718,0.421176,0.05487,0.204888
2587,0.377324,0.05366,0.199985,0.034363,0.089316
2588,0.485713,0.073611,0.178066,0.055573,0.178463
2589,0.26915,0.053357,0.101632,0.018894,0.095267
2590,0.621525,0.073934,0.286883,0.055487,0.205221
2591,0.423855,0.031329,0.207939,0.051602,0.132985
2592,0.62955,0.078737,0.315327,0.05552,0.179966
2593,0.429685,0.057857,0.193563,0.061446,0.116819
2594,0.498669,0.067686,0.195637,0.055613,0.179733
2595,0.382218,0.052395,0.161513,0.053778,0.114532
2596,0.36789,0.04059,0.137197,0.05489,0.135213
2597,0.320047,0.055942,0.155644,0.020296,0.088165
2598,0.503534,0.069799,0.19703,0.0551,0.181605
2599,0.262315,0.034482,0.112348,0.018786,0.096699
2600,0.450003,0.076721,0.138653,0.05479,0.179839
2601,0.25818,0.041745,0.085222,0.018279,0.112934
2602,0.424635,0.0397,0.169588,0.055367,0.15998
2603,0.239972,0.031472,0.09035,0.017908,0.100242
2604,0.343473,0.035897,0.102413,0.05514,0.150023
2605,0.260625,0.034201,0.108642,0.018992,0.09879
2606,0.398187,0.03818,0.131562,0.056813,0.171632
2607,0.45226,0.040996,0.295932,0.018218,0.097114
2608,0.448545,0.075227,0.137727,0.055616,0.179975
2609,0.341281,0.031544,0.17703,0.018563,0.114144
2610,0.382399,0.03997,0.13511,0.054513,0.152806
2611,0.291438,0.05441,0.129837,0.019162,0.088029
2612,0.42222,0.041156,0.181546,0.072403,0.127115
2613,0.235366,0.033536,0.082923,0.019117,0.09979
2614,0.54663,0.04638,0.29331,0.05586,0.15108
2615,0.283446,0.030716,0.135659,0.018514,0.098557
2616,0.490482,0.070487,0.18845,0.055733,0.175812
2617,0.351602,0.045002,0.18437,0.017804,0.104426
2618,0.471648,0.072003,0.165786,0.055503,0.178356
2619,0.291354,0.055021,0.132486,0.018353,0.085494
2620,0.422927,0.036173,0.1524,0.07438,0.159974
2621,0.289396,0.032431,0.134743,0.018983,0.103239
2622,0.476717,0.03847,0.211352,0.055037,0.171858
2623,0.390369,0.032307,0.240698,0.018536,0.098828
2624,0.697023,0.037577,0.431179,0.055407,0.17286
2625,0.322134,0.075683,0.112823,0.017952,0.115676
2626,0.437474,0.054302,0.163116,0.055023,0.165033
2627,0.362647,0.072786,0.15906,0.017549,0.113252
2628,0.517298,0.04814,0.20799,0.063987,0.197181
2629,0.976326,0.073749,0.66639,0.051911,0.184276
2630,0.671126,0.107184,0.258283,0.074603,0.231056
2631,0.671809,0.074047,0.360087,0.052083,0.185592
2632,0.582165,0.075066,0.209016,0.085317,0.212766
2633,0.394727,0.06527,0.11142,0.067978,0.150059
2634,0.499326,0.082339,0.161287,0.063203,0.192497
2635,0.473335,0.075082,0.210957,0.051409,0.135887
2636,0.628598,0.082109,0.261137,0.055756,0.229596
2637,0.571943,0.074764,0.299673,0.051502,0.146004
2638,0.6488,0.093823,0.28444,0.055643,0.214894
2639,0.533934,0.086142,0.169167,0.086936,0.191689
2640,0.612874,0.071271,0.196674,0.08114,0.263789
2641,0.426925,0.038873,0.241593,0.034874,0.111585
2642,0.394829,0.037234,0.129085,0.066493,0.162017
2643,0.511141,0.076412,0.264173,0.04506,0.125496
2644,0.661745,0.079889,0.30913,0.05527,0.217456
2645,0.431062,0.075805,0.194216,0.031483,0.129558
2646,0.563282,0.073909,0.232323,0.067203,0.189847
2647,0.653374,0.074399,0.383563,0.051619,0.143793
2648,0.49073,0.075971,0.180983,0.054983,0.178793
2649,0.574567,0.072224,0.300737,0.052008,0.149598
2650,0.440069,0.07434,0.13354,0.056207,0.175982
2651,0.424406,0.035331,0.274308,0.020593,0.094174
2652,0.525626,0.031983,0.24632,0.054886,0.192437
2653,0.425695,0.071327,0.22179,0.018199,0.114379
2654,0.537423,0.07319,0.231697,0.055084,0.177452
2655,0.348736,0.033767,0.17394,0.018567,0.122462
2656,0.473513,0.068867,0.17253,0.054717,0.177399
2657,0.329549,0.054934,0.164349,0.019229,0.091037
2658,0.549176,0.069107,0.204397,0.073507,0.202165
2659,0.293012,0.033496,0.142564,0.019814,0.097138
2660,0.648079,0.07288,0.341217,0.055726,0.178256
2661,0.414775,0.033484,0.268238,0.018407,0.094646
2662,0.386984,0.070374,0.116947,0.05421,0.145453
2663,0.399563,0.029906,0.253823,0.018464,0.09737
2664,0.391857,0.043217,0.136684,0.054953,0.157003
2665,0.402524,0.053486,0.220428,0.017679,0.110931
2666,0.519953,0.060406,0.239942,0.055193,0.164412
2667,0.295358,0.038323,0.13669,0.018685,0.10166
2668,0.365821,0.030003,0.118558,0.055237,0.162023
2669,0.357276,0.04344,0.178368,0.033008,0.10246
2670,0.337159,0.041263,0.083458,0.055253,0.157185
2671,0.423764,0.055126,0.202525,0.051206,0.114907
2672,0.869096,0.05913,0.594587,0.05502,0.160359
2673,0.391393,0.051646,0.188464,0.043874,0.107409
2674,0.413834,0.072149,0.111843,0.054894,0.174948
2675,0.391584,0.050316,0.220065,0.018358,0.102845
2676,0.632692,0.07157,0.290657,0.05493,0.215535
2677,0.438059,0.053377,0.256844,0.017978,0.10986
2678,0.583751,0.073834,0.275857,0.055033,0.179027
2679,0.388202,0.086724,0.17086,0.023735,0.106883
2680,0.41799,0.046572,0.193343,0.053957,0.124118
2681,0.38914,0.029985,0.214386,0.032345,0.112424
2682,0.373766,0.040994,0.112585,0.054566,0.165621
2683,0.404646,0.030594,0.219954,0.030598,0.1235
2684,0.651516,0.071822,0.31386,0.057887,0.207947
2685,0.423524,0.058327,0.19883,0.060269,0.106098
2686,0.768949,0.06869,0.445383,0.0688,0.186076
2687,0.46548,0.051919,0.251417,0.045735,0.116409
2688,0.4342,0.077111,0.127553,0.054654,0.174882
2689,0.271053,0.050679,0.109531,0.020335,0.090508
2690,0.43149,0.068186,0.14293,0.05507,0.165304
2691,0.267996,0.031806,0.118424,0.018996,0.09877
2692,0.371289,0.044594,0.10625,0.05535,0.165095
2693,0.251323,0.032649,0.102409,0.018164,0.098101
2694,0.357543,0.040987,0.095095,0.054833,0.166628
2695,0.266381,0.046491,0.093887,0.01916,0.106843
2696,0.423308,0.03614,0.176602,0.055783,0.154783
2697,0.351655,0.032097,0.200701,0.01874,0.100117
2698,0.500099,0.035597,0.239434,0.055113,0.169955
2699,0.314309,0.032171,0.165633,0.018389,0.098116
2700,0.492403,0.083411,0.136347,0.072884,0.199761
2701,0.598036,0.075919,0.386203,0.017924,0.11799
2702,0.478574,0.082478,0.19534,0.05518,0.145576
2703,0.36847,0.037111,0.19589,0.039371,0.096098
2704,0.688848,0.069529,0.381063,0.055367,0.182889
2705,0.421416,0.075971,0.211244,0.018088,0.116113
2706,0.431479,0.051848,0.152533,0.06476,0.162338
2707,0.426756,0.068242,0.203016,0.018108,0.13739
2708,0.405581,0.050301,0.123268,0.071646,0.160366
2709,0.492074,0.068855,0.28341,0.018779,0.12103
2710,0.412004,0.045533,0.148029,0.054747,0.163695
2711,0.251992,0.031919,0.098438,0.017641,0.103994
2712,0.458781,0.041743,0.2068,0.055537,0.154701
2713,0.4841,0.033018,0.236578,0.051928,0.162576
2714,0.536012,0.074029,0.212477,0.06748,0.182026
2715,0.431037,0.074836,0.16274,0.051469,0.141992
2716,0.460441,0.076559,0.138707,0.069627,0.175548
2717,0.27744,0.031797,0.120273,0.021026,0.104344
2718,0.514022,0.083693,0.183696,0.063983,0.18265
2719,0.487779,0.071383,0.2547,0.030667,0.131029
2720,0.4386,0.03352,0.193816,0.054427,0.156837
2721,0.374516,0.045454,0.197829,0.030416,0.100817
2722,0.372225,0.031263,0.093126,0.055587,0.192249
2723,0.470617,0.07262,0.243717,0.019527,0.134753
2724,0.390347,0.044773,0.14105,0.05499,0.149534
2725,0.285351,0.03103,0.130027,0.018887,0.105407
2726,0.384203,0.0314,0.122715,0.066077,0.164011
2727,0.532579,0.069123,0.307717,0.030672,0.125067
2728,0.553502,0.031123,0.308791,0.05513,0.158458
2729,0.317168,0.0411,0.144672,0.030491,0.100905
2730,0.504091,0.071872,0.18366,0.05562,0.192939
2731,0.377643,0.051957,0.113258,0.050918,0.16151
2732,0.506654,0.068876,0.188634,0.067963,0.181181
2733,0.426043,0.076549,0.194446,0.030698,0.12435
2734,0.665327,0.091286,0.339246,0.05563,0.179165
2735,0.699078,0.057613,0.534134,0.01956,0.087771
2736,0.471115,0.074389,0.165577,0.0562,0.174949
2737,0.3122,0.053756,0.14567,0.021158,0.091616
2738,0.585724,0.038947,0.302614,0.067643,0.17652
2739,0.302004,0.054626,0.141449,0.01917,0.086759
2740,0.458072,0.073824,0.14988,0.05619,0.178178
2741,0.370122,0.051476,0.199414,0.018327,0.100905
2742,0.459859,0.071829,0.155643,0.055096,0.177291
2743,0.289726,0.05159,0.130916,0.018554,0.088666
2744,0.40259,0.046806,0.133924,0.055766,0.166094
2745,0.260559,0.031243,0.112126,0.018855,0.098335
2746,0.364691,0.0438,0.09483,0.05523,0.170831
2747,0.412553,0.04034,0.256286,0.018393,0.097534
2748,0.361697,0.031163,0.119254,0.054253,0.157027
2749,0.277759,0.037676,0.119058,0.029646,0.091379
2750,0.446698,0.076391,0.12727,0.055404,0.187633
2751,0.298491,0.029819,0.148192,0.018862,0.101618
2752,0.361287,0.044854,0.10908,0.054803,0.15255
2753,0.35055,0.048834,0.184417,0.018029,0.09927
2754,0.46009,0.041577,0.21265,0.05975,0.146113
2755,0.376524,0.031762,0.224685,0.019002,0.101075
2756,0.383891,0.045767,0.131935,0.054866,0.151323
2757,0.325291,0.05502,0.167264,0.018503,0.084504
2758,0.495096,0.070514,0.189397,0.054937,0.180248
2759,0.281579,0.054603,0.124769,0.018542,0.083665
2760,0.48022,0.072038,0.17404,0.05533,0.178812
2761,0.366824,0.032771,0.213611,0.018895,0.101547
2762,0.36701,0.04406,0.116311,0.054784,0.151855
2763,0.214326,0.030474,0.068334,0.018106,0.097412
2764,0.38183,0.035827,0.130483,0.05498,0.16054
2765,0.927069,0.029497,0.78223,0.018077,0.097265
2766,0.453684,0.072111,0.148927,0.05502,0.177626
2767,0.39564,0.08383,0.19315,0.018143,0.100517
2768,0.39345,0.029309,0.129587,0.05501,0.179544
2769,0.334744,0.043524,0.173026,0.018537,0.099657
2770,0.542548,0.07302,0.221627,0.072974,0.174927
2771,0.34841,0.053397,0.183017,0.018036,0.09396
2772,0.470219,0.03549,0.21818,0.055627,0.160922
2773,0.381702,0.030928,0.17183,0.052043,0.126901
2774,0.443773,0.04338,0.180885,0.054837,0.164671
2775,0.407735,0.058039,0.229611,0.019188,0.100897
2776,0.433186,0.073091,0.161057,0.054693,0.144345
2777,0.331619,0.029852,0.158677,0.031287,0.111803
2778,0.387251,0.044687,0.137471,0.055853,0.14924
2779,0.363269,0.031774,0.189481,0.034965,0.107049
2780,0.461742,0.069394,0.15816,0.055896,0.178292
2781,0.258015,0.034245,0.113697,0.018146,0.091927
2782,0.542853,0.040157,0.291924,0.05531,0.155462
2783,0.288066,0.031547,0.141633,0.017538,0.097348
2784,0.358019,0.0399,0.14291,0.055313,0.119896
2785,0.287578,0.032288,0.139561,0.018963,0.096766
2786,0.419025,0.038324,0.153107,0.054843,0.172751
2787,0.252609,0.03425,0.104162,0.017427,0.09677
2788,0.445945,0.035276,0.197842,0.055407,0.15742
2789,0.53309,0.029776,0.389598,0.017976,0.09574
2790,0.367261,0.03962,0.103365,0.054927,0.169349
2791,0.384061,0.07592,0.159673,0.017411,0.131057
2792,0.490296,0.07214,0.202134,0.055193,0.160829
2793,0.433479,0.076261,0.225033,0.018726,0.113459
2794,0.574707,0.079856,0.217943,0.059227,0.217681
2795,0.481238,0.076006,0.26042,0.017664,0.127148
2796,0.392603,0.029678,0.146131,0.054984,0.16181
2797,0.427043,0.03958,0.216748,0.051536,0.119179
2798,0.387405,0.039712,0.13103,0.062776,0.153887
2799,0.475032,0.072305,0.20924,0.05104,0.142447
2800,0.510425,0.075035,0.19282,0.065943,0.176627
2801,0.457867,0.072611,0.228677,0.030735,0.125844
2802,0.548066,0.082966,0.171737,0.073347,0.220016
2803,0.341105,0.073225,0.123234,0.019474,0.125172
2804,0.45045,0.031963,0.180823,0.054627,0.183037
2805,0.302641,0.040583,0.147031,0.018155,0.096872
2806,0.342536,0.030978,0.096008,0.054806,0.160744
2807,0.361122,0.040797,0.205034,0.018491,0.0968
2808,0.426083,0.02984,0.181048,0.05483,0.160365
2809,0.364281,0.035733,0.1864,0.017665,0.124483
2810,0.391809,0.074927,0.08538,0.055164,0.176338
2811,0.284421,0.029815,0.13931,0.017625,0.097671
2812,0.411915,0.03715,0.14726,0.058347,0.169158
2813,0.328394,0.030384,0.184754,0.017809,0.095447
2814,0.448957,0.04003,0.196657,0.05516,0.15711
2815,0.382131,0.040348,0.22837,0.019044,0.094369
2816,0.513795,0.044522,0.228033,0.054847,0.186393
2817,0.364529,0.039193,0.214458,0.018249,0.092629
2818,0.664903,0.041893,0.39539,0.05566,0.17196
2819,0.396905,0.055355,0.21156,0.043151,0.086839
2820,0.558541,0.074961,0.25451,0.05536,0.17371
2821,0.692281,0.05247,0.532707,0.019581,0.087523
2822,0.453809,0.07094,0.145033,0.055686,0.18215
2823,0.344386,0.051465,0.176381,0.01863,0.09791
2824,0.499646,0.072172,0.197436,0.054776,0.175262
2825,0.260293,0.030491,0.111896,0.018347,0.099559
2826,0.347571,0.04261,0.097346,0.05492,0.152695
2827,0.284102,0.041237,0.132752,0.018166,0.091947
2828,0.383586,0.030382,0.144384,0.054597,0.154223
2829,0.359396,0.031614,0.211979,0.019166,0.096637
2830,0.408979,0.035236,0.162409,0.05469,0.156644
2831,0.264394,0.04068,0.106057,0.018435,0.099222
2832,0.404244,0.054761,0.148692,0.055787,0.145004
2833,0.501074,0.051663,0.345797,0.018093,0.085521
2834,0.463636,0.073384,0.162,0.054887,0.173365
2835,0.562185,0.049684,0.407535,0.018095,0.086871
2836,0.498132,0.073633,0.193766,0.055636,0.175097
2837,0.248674,0.032018,0.098347,0.01875,0.099559
2838,0.55882,0.072059,0.252547,0.055117,0.179097
2839,0.395251,0.053857,0.219638,0.01802,0.103736
2840,0.415788,0.072475,0.094867,0.075487,0.172959
2841,0.322815,0.05319,0.145476,0.018184,0.105965
2842,0.476746,0.041082,0.220457,0.057733,0.157474
2843,0.348468,0.03183,0.200913,0.019403,0.096322
2844,0.377062,0.031836,0.122975,0.06699,0.155261
2845,0.277295,0.04273,0.122895,0.01848,0.09319
2846,0.434163,0.02998,0.187216,0.054867,0.1621
2847,0.446013,0.032133,0.302468,0.017948,0.093464
2848,0.465825,0.075753,0.16234,0.05531,0.172422
2849,0.301364,0.029356,0.156099,0.018491,0.097418
2850,0.407029,0.044243,0.147835,0.059534,0.155417
2851,0.329671,0.03569,0.178231,0.01797,0.09778
2852,0.881494,0.073931,0.567907,0.055537,0.184119
2853,0.396628,0.034314,0.24438,0.018804,0.09913
2854,0.409909,0.046613,0.158531,0.054726,0.150039
2855,0.281279,0.032937,0.12899,0.018488,0.100864
2856,0.630762,0.073053,0.312943,0.05519,0.189576
2857,0.33368,0.052483,0.17361,0.018503,0.089084
2858,0.497455,0.072257,0.19421,0.055043,0.175945
2859,0.30256,0.053007,0.132294,0.01871,0.098549
2860,0.404502,0.03864,0.136557,0.055173,0.174132
2861,0.366279,0.073501,0.163447,0.017843,0.111488
2862,0.382212,0.034085,0.12412,0.054924,0.169083
2863,0.292113,0.040133,0.139113,0.018022,0.094845
2864,0.66751,0.075565,0.3526,0.055087,0.184258
2865,0.302262,0.037288,0.146344,0.017833,0.100797
2866,0.406191,0.074497,0.098656,0.055473,0.177565
2867,0.426226,0.091375,0.180917,0.019154,0.13478
2868,0.398233,0.034574,0.155517,0.05494,0.153202
2869,0.291213,0.034717,0.146677,0.018712,0.091107
2870,0.415251,0.075453,0.109003,0.058133,0.172662
2871,0.403728,0.052982,0.245759,0.017882,0.087105
2872,0.451974,0.040598,0.177753,0.06646,0.167163
2873,0.452451,0.074381,0.247673,0.017427,0.11297
2874,0.518346,0.038893,0.25636,0.07209,0.151003
2875,0.353368,0.030969,0.181626,0.030881,0.109892
2876,0.737192,0.04607,0.485527,0.0551,0.150495
2877,0.78526,0.075533,0.48817,0.051501,0.170056
2878,0.603042,0.08723,0.218356,0.059853,0.237603
2879,0.442812,0.07235,0.20616,0.029998,0.134304
2880,0.507415,0.047953,0.250209,0.055643,0.15361
2881,0.947496,0.072159,0.64519,0.051669,0.178478
2882,0.421933,0.050742,0.141903,0.06451,0.164778
2883,0.557168,0.071406,0.266553,0.062112,0.157097
2884,0.520575,0.075183,0.20325,0.067186,0.174956
2885,0.398071,0.071043,0.171423,0.029964,0.125641
2886,0.639341,0.063336,0.373183,0.072874,0.129948
2887,0.463379,0.067671,0.254884,0.020246,0.120578
2888,0.365719,0.033961,0.119939,0.054664,0.157155
2889,0.321526,0.045093,0.157287,0.030324,0.088822
2890,0.382056,0.030385,0.127198,0.056767,0.167706
2891,0.268272,0.03567,0.10532,0.018096,0.109186
2892,0.389708,0.048202,0.129176,0.05476,0.15757
2893,0.302713,0.081937,0.109423,0.017945,0.093408
2894,0.397133,0.031891,0.154732,0.055004,0.155506
2895,0.284046,0.04107,0.126513,0.019125,0.097338
2896,0.607264,0.074162,0.26904,0.055187,0.208875
2897,0.373519,0.055144,0.199589,0.018498,0.100288
2898,0.524486,0.073061,0.22354,0.0548,0.173085
2899,0.295495,0.053367,0.137534,0.018137,0.086457
2900,0.446347,0.073408,0.14379,0.054803,0.174346
2901,0.269782,0.030887,0.124131,0.017882,0.096882
2902,0.46374,0.04089,0.22883,0.066416,0.127604
2903,0.333414,0.032162,0.181591,0.018822,0.100839
2904,0.390889,0.0383,0.118552,0.066093,0.167944
2905,0.246396,0.031205,0.101337,0.017925,0.095929
2906,0.514956,0.070461,0.210044,0.05486,0.179591
2907,0.328158,0.05283,0.172892,0.01821,0.084226
2908,0.473482,0.068053,0.157274,0.054897,0.193258
2909,0.29902,0.05218,0.144182,0.018019,0.084639
2910,0.405664,0.06891,0.146886,0.05519,0.134678
2911,0.292257,0.03643,0.141023,0.0187,0.096104
2912,0.382253,0.039551,0.138337,0.05501,0.149355
2913,0.512546,0.043333,0.355631,0.019,0.094582
2914,0.479999,0.039517,0.218073,0.054727,0.167682
2915,0.348591,0.032403,0.185319,0.01852,0.112349
2916,0.443783,0.068412,0.14259,0.054757,0.178024
2917,0.325864,0.056346,0.167722,0.01787,0.083926
2918,0.481252,0.098925,0.174753,0.054803,0.152771
2919,0.325785,0.053378,0.168598,0.018631,0.085178
2920,0.990553,0.064463,0.713364,0.0552,0.157526
2921,0.40386,0.03157,0.251871,0.018554,0.101865
2922,0.495831,0.043504,0.247398,0.05483,0.150099
2923,0.290117,0.035683,0.127923,0.018211,0.1083
2924,0.683706,0.075164,0.39413,0.05476,0.159652
2925,0.40258,0.052903,0.233641,0.018223,0.097813
2926,0.464046,0.072248,0.1611,0.054903,0.175795
2927,0.291197,0.054143,0.130231,0.018319,0.088504
2928,0.650858,0.074001,0.346363,0.054497,0.175997
2929,0.485606,0.05115,0.330772,0.017934,0.08575
2930,0.463934,0.070626,0.16041,0.054913,0.177985
2931,0.354558,0.051889,0.193748,0.018663,0.090258
2932,0.462776,0.047325,0.165237,0.054394,0.19582
2933,0.3657,0.052316,0.185568,0.018333,0.109483
2934,0.489335,0.068397,0.189623,0.054697,0.176618
2935,0.296335,0.052188,0.134622,0.02081,0.088715
2936,0.489588,0.070009,0.188286,0.05527,0.176023
2937,0.325254,0.033114,0.17776,0.018843,0.095537
2938,0.459482,0.060054,0.194723,0.055174,0.149531
2939,0.404262,0.059552,0.21532,0.033741,0.095649
2940,0.3745,0.028961,0.130477,0.054637,0.160425
2941,0.360918,0.03553,0.204239,0.017824,0.103325
2942,0.566198,0.071916,0.251094,0.05473,0.188458
2943,0.367791,0.076963,0.160446,0.017916,0.112466
2944,0.513923,0.073416,0.196653,0.06538,0.178474
2945,0.443444,0.077593,0.23707,0.017836,0.110945
2946,0.487576,0.073047,0.216763,0.055303,0.142463
2947,0.427871,0.052407,0.247299,0.017943,0.110222
2948,0.478589,0.06819,0.17506,0.054906,0.180433
2949,0.253501,0.031773,0.109079,0.017617,0.095032
2950,0.845106,0.068269,0.53995,0.054714,0.182173
2951,0.301628,0.032593,0.14213,0.018119,0.108786
2952,0.768997,0.075958,0.42971,0.083506,0.179823
2953,0.355457,0.054756,0.179517,0.018342,0.102842
2954,0.550243,0.051192,0.283938,0.054694,0.160419
2955,0.328199,0.069953,0.125773,0.017823,0.11465
2956,0.60449,0.04569,0.331077,0.072883,0.15484
2957,0.370366,0.075639,0.162503,0.017843,0.114381
2958,0.531996,0.072687,0.203903,0.06557,0.189836
2959,0.556153,0.07542,0.31544,0.041764,0.123529
2960,0.484799,0.033381,0.199106,0.054507,0.197805
2961,0.398836,0.072314,0.183993,0.020358,0.122171
2962,0.626084,0.073459,0.299753,0.054996,0.197876
2963,0.458562,0.066241,0.252166,0.029549,0.110606
2964,0.57012,0.073973,0.25656,0.057127,0.18246
2965,0.425362,0.075333,0.216423,0.019376,0.11423
2966,0.457928,0.047988,0.187264,0.055563,0.167113
2967,0.510152,0.067214,0.253623,0.044925,0.14439
2968,0.631695,0.075186,0.312974,0.05575,0.187785
2969,0.383644,0.05231,0.127564,0.057024,0.146746
2970,0.478221,0.067326,0.177377,0.055144,0.178374
2971,0.384024,0.03224,0.197035,0.030652,0.124097
2972,0.5283,0.041607,0.263963,0.05509,0.16764
2973,0.387766,0.05445,0.205943,0.02113,0.106243
2974,0.533604,0.07148,0.2235,0.05563,0.182994
2975,0.322314,0.054816,0.162377,0.019,0.086121
2976,0.447694,0.051612,0.182481,0.055453,0.158148
2977,0.419159,0.053323,0.249691,0.018053,0.098092
2978,0.431073,0.070448,0.110787,0.054717,0.195121
2979,0.550251,0.032392,0.402307,0.018559,0.096993
2980,0.516406,0.076684,0.2344,0.055087,0.150235
2981,0.503441,0.034293,0.339321,0.019024,0.110803
2982,0.425902,0.042403,0.18197,0.05451,0.147019
2983,0.316186,0.051628,0.156354,0.019457,0.088747
2984,0.454842,0.072041,0.1529,0.055,0.174901
2985,0.338549,0.051018,0.181724,0.01853,0.087277
2986,0.563969,0.073984,0.261557,0.054747,0.173681
2987,0.283798,0.03038,0.117703,0.018882,0.116833
2988,0.432464,0.040511,0.185034,0.055083,0.151836
2989,0.363228,0.030909,0.205385,0.018758,0.108176
2990,0.53327,0.052947,0.249229,0.05471,0.176384
2991,0.426664,0.052115,0.269082,0.017694,0.087773
2992,0.455032,0.072831,0.132594,0.05737,0.192237
2993,0.277149,0.053912,0.118333,0.018291,0.086613
2994,0.44012,0.072962,0.17295,0.054084,0.140124
2995,0.315623,0.043248,0.16164,0.01881,0.091925
2996,0.410471,0.032902,0.171114,0.05513,0.151325
2997,0.379583,0.039543,0.220629,0.018204,0.101207
2998,0.41717,0.041147,0.167838,0.054787,0.153398
2999,0.32673,0.052739,0.166378,0.018514,0.089099
3000,0.420418,0.070393,0.118277,0.05486,0.176888
3001,0.416515,0.056248,0.255417,0.018277,0.086573
3002,0.48422,0.03768,0.21458,0.0558,0.17616
3003,0.279791,0.03295,0.127345,0.018766,0.10073
3004,0.451702,0.070381,0.152153,0.05458,0.174588
3005,0.460979,0.057057,0.291548,0.025369,0.087005
3006,0.47034,0.041944,0.193647,0.05516,0.179589
3007,0.562549,0.054463,0.399226,0.018409,0.090451
3008,0.48309,0.07402,0.177606,0.05696,0.174504
3009,0.263491,0.053774,0.106587,0.018139,0.084991
3010,0.899335,0.092588,0.572043,0.055187,0.179517
3011,0.31426,0.03093,0.162636,0.019981,0.100713
3012,0.557557,0.06935,0.245367,0.057436,0.185404
3013,0.292182,0.052592,0.136935,0.018352,0.084303
3014,0.472895,0.068564,0.172347,0.055317,0.176667
3015,0.521368,0.033762,0.375645,0.017669,0.094292
3016,0.535749,0.070996,0.2622,0.054733,0.14782
3017,0.328489,0.032305,0.180372,0.018792,0.09702
3018,0.516126,0.071536,0.19796,0.06707,0.17956
3019,0.723379,0.05529,0.553424,0.017591,0.097074
3020,0.420048,0.07237,0.115436,0.054697,0.177545
3021,0.406951,0.072388,0.20333,0.017873,0.11336
3022,0.578868,0.050549,0.313009,0.05506,0.16025
3023,0.39064,0.099213,0.15222,0.019247,0.11996
3024,0.50539,0.076401,0.17786,0.055204,0.195925
3025,0.410776,0.03109,0.184971,0.072543,0.122172
3026,0.55495,0.071427,0.20912,0.092163,0.18224
3027,0.547979,0.074779,0.25625,0.060689,0.156261
3028,0.5849,0.073323,0.277807,0.055666,0.178104
3029,0.304694,0.032485,0.118295,0.043867,0.110047
3030,0.539008,0.042817,0.267391,0.054474,0.174326
3031,0.384016,0.075619,0.1762,0.018919,0.113278
3032,0.644109,0.072292,0.315094,0.055577,0.201146
3033,0.400599,0.074734,0.1694,0.030398,0.126067
3034,0.531671,0.050308,0.255262,0.05481,0.171291
3035,0.412753,0.067142,0.174603,0.03344,0.137568
3036,0.712161,0.076637,0.401837,0.070116,0.163571
3037,0.60927,0.075913,0.379186,0.029957,0.124214
3038,0.659966,0.073486,0.35294,0.055487,0.178053
3039,0.455342,0.07598,0.189724,0.065337,0.124301
3040,0.591869,0.070742,0.265356,0.055427,0.200344
3041,0.437744,0.074053,0.20473,0.030607,0.128354
3042,0.898199,0.077396,0.500907,0.055087,0.264809
3043,0.505236,0.073673,0.223486,0.058216,0.149861
3044,0.616903,0.07208,0.276483,0.057917,0.210423
3045,0.519482,0.073637,0.222054,0.057047,0.166744
3046,0.69992,0.083732,0.37327,0.054797,0.188121
3047,0.427684,0.070346,0.1466,0.051592,0.159146
3048,0.516593,0.032608,0.196912,0.0551,0.231973
3049,0.394602,0.070719,0.14058,0.020344,0.162959
3050,0.503293,0.072592,0.192576,0.05504,0.183085
3051,0.460949,0.075407,0.21688,0.03139,0.137272
3052,0.474529,0.07187,0.17137,0.05557,0.175719
3053,0.324066,0.054409,0.16188,0.020893,0.086884
3054,0.479119,0.067655,0.165044,0.05506,0.19136
3055,0.291456,0.038148,0.13765,0.019637,0.096021
3056,0.390713,0.031234,0.144541,0.054633,0.160305
3057,0.278323,0.038854,0.12744,0.018431,0.093598
3058,0.527113,0.040554,0.278516,0.054883,0.15316
3059,0.560079,0.030945,0.408948,0.01859,0.101596
3060,0.755183,0.031737,0.475784,0.055204,0.192458
3061,0.31135,0.054196,0.138201,0.018836,0.100117
3062,0.420048,0.038263,0.16516,0.055323,0.161302
3063,0.298181,0.052289,0.138034,0.018939,0.088919
3064,0.434164,0.072483,0.13125,0.054733,0.175698
3065,0.285251,0.054336,0.127279,0.0179,0.085736
3066,0.444405,0.071149,0.138723,0.055097,0.179436
3067,0.305969,0.052923,0.150977,0.018212,0.083857
3068,0.557528,0.062207,0.282704,0.05535,0.157267
3069,0.5747,0.035064,0.425997,0.0188,0.094839
3070,0.4564,0.030528,0.215605,0.05469,0.155577
3071,0.322399,0.042633,0.153306,0.018522,0.107938
3072,0.454358,0.073646,0.134783,0.055077,0.190852
3073,0.773907,0.082704,0.569177,0.017978,0.104048
3074,0.442795,0.076667,0.13828,0.055164,0.172684
3075,0.303658,0.056337,0.132937,0.025514,0.08887
3076,0.863976,0.07375,0.489993,0.055524,0.244709
3077,0.497577,0.07482,0.21467,0.052013,0.156074
3078,0.540987,0.071077,0.234467,0.055407,0.180036
3079,0.400139,0.075785,0.1468,0.031501,0.146053
3080,0.498242,0.029444,0.253661,0.05532,0.159817
3081,0.327434,0.036936,0.165,0.02035,0.105148
3082,0.469673,0.073798,0.14401,0.055474,0.196391
3083,0.44519,0.035851,0.268122,0.031662,0.109555
3084,0.424452,0.031417,0.17769,0.055196,0.160149
3085,0.340713,0.05057,0.169994,0.020156,0.099993
3086,0.48935,0.070191,0.18912,0.054796,0.175243
3087,0.38501,0.030818,0.227885,0.017991,0.108316
3088,0.578409,0.072069,0.270887,0.054913,0.18054
3089,0.301056,0.032515,0.156429,0.017718,0.094394
3090,0.385124,0.040693,0.157196,0.054963,0.132272
3091,0.375133,0.074775,0.168003,0.018451,0.113904
3092,0.522846,0.075909,0.2052,0.06591,0.175827
3093,0.397463,0.072701,0.191664,0.017972,0.115126
3094,0.398224,0.051055,0.128963,0.055577,0.162629
3095,0.430057,0.063643,0.2111,0.030568,0.124746
3096,0.467324,0.048031,0.170485,0.077687,0.171121
3097,0.396849,0.065136,0.165633,0.031192,0.134888
3098,0.44656,0.034294,0.19604,0.055703,0.160523
3099,0.430299,0.04368,0.240054,0.030557,0.116008
3100,0.504781,0.0516,0.208367,0.055287,0.189527
3101,0.426959,0.068718,0.22011,0.019543,0.118588
3102,0.456235,0.075124,0.145704,0.054963,0.180444
3103,0.374417,0.071995,0.17162,0.01815,0.112652
3104,0.486911,0.076302,0.202006,0.05549,0.153113
3105,0.441785,0.045555,0.258301,0.03016,0.107769
3106,0.492235,0.062183,0.209784,0.064947,0.155321
3107,0.309723,0.051751,0.137741,0.020122,0.100109
3108,0.426214,0.068777,0.123086,0.05555,0.178801
3109,0.261805,0.030875,0.114075,0.018281,0.098574
3110,0.543282,0.04243,0.284682,0.054876,0.161294
3111,0.44571,0.03853,0.296068,0.017755,0.093357
3112,0.422139,0.056492,0.142568,0.055043,0.168036
3113,0.437937,0.070081,0.23121,0.018291,0.118355
3114,0.537491,0.072515,0.21747,0.054807,0.192699
3115,0.375789,0.032562,0.145119,0.062477,0.135631
3116,0.40863,0.105639,0.112214,0.053987,0.13679
3117,0.80373,0.036655,0.585847,0.051509,0.129719
3118,0.587324,0.072431,0.300466,0.05537,0.159057
3119,0.441949,0.070182,0.200675,0.04435,0.126742
3120,0.672197,0.072542,0.364716,0.05606,0.178879
3121,0.349601,0.073769,0.132343,0.019815,0.123674
3122,0.47058,0.067041,0.174036,0.054907,0.174596
3123,0.387632,0.053877,0.211532,0.033533,0.08869
3124,0.480166,0.072687,0.178593,0.055487,0.173399
3125,0.383673,0.05102,0.222624,0.021608,0.088421
3126,0.398875,0.0429,0.129144,0.066833,0.159998
3127,0.347376,0.033353,0.194108,0.019127,0.100788
3128,0.38778,0.04337,0.1373,0.058167,0.148943
3129,0.632687,0.041767,0.48312,0.01871,0.08909
3130,0.394458,0.036829,0.134312,0.054697,0.16862
3131,0.275837,0.039917,0.121123,0.01864,0.096157
3132,0.523432,0.075066,0.200397,0.054883,0.193086
3133,0.370917,0.080379,0.168586,0.018988,0.102964
3134,0.453592,0.051864,0.187305,0.055217,0.159206
3135,0.370825,0.05469,0.193615,0.032639,0.089881
3136,0.506222,0.073034,0.203393,0.05489,0.174905
3137,0.576172,0.056209,0.418036,0.017947,0.08398
3138,0.507791,0.075806,0.200263,0.05551,0.176212
3139,0.334651,0.05182,0.181378,0.018299,0.083154
3140,0.42416,0.08124,0.155487,0.055014,0.132419
3141,0.382214,0.033549,0.230207,0.019051,0.099407
3142,0.53235,0.045646,0.261996,0.07259,0.152118
3143,0.356324,0.030345,0.191076,0.032961,0.101942
3144,0.514431,0.068736,0.21063,0.055354,0.179711
3145,0.277429,0.033452,0.12193,0.02613,0.095917
3146,0.53269,0.068156,0.23254,0.05556,0.176434
3147,0.300805,0.05372,0.134313,0.027031,0.085741
3148,0.667071,0.039863,0.415807,0.05531,0.156091
3149,0.280011,0.055712,0.115403,0.020488,0.088408
3150,0.895398,0.06974,0.58333,0.057967,0.184361
3151,0.347092,0.052774,0.187573,0.01855,0.088195
3152,0.385913,0.053102,0.121064,0.055043,0.156704
3153,0.364468,0.049137,0.193733,0.018158,0.10344
3154,0.432676,0.072909,0.16107,0.05546,0.143237
3155,0.330174,0.049121,0.17501,0.018596,0.087447
3156,0.744702,0.073724,0.44237,0.055173,0.173435
3157,0.353941,0.031206,0.19043,0.032642,0.099663
3158,0.597341,0.073511,0.294814,0.055226,0.17379
3159,0.235279,0.02916,0.090935,0.01815,0.097034
3160,0.550245,0.071931,0.248534,0.055183,0.174597
3161,0.32386,0.048322,0.169741,0.018919,0.086878
3162,0.403333,0.039677,0.147314,0.055243,0.161099
3163,0.461704,0.051843,0.307999,0.018009,0.083853
3164,0.695006,0.071613,0.363217,0.064897,0.195279
3165,0.947176,0.075926,0.740214,0.017764,0.113272
3166,0.532111,0.074332,0.211557,0.056536,0.189686
3167,0.461623,0.102909,0.164563,0.017942,0.176209
3168,0.600382,0.072316,0.264856,0.05419,0.20902
3169,0.446849,0.075522,0.233714,0.018413,0.1192
3170,0.68988,0.070351,0.36302,0.054947,0.201562
3171,0.519639,0.072923,0.234806,0.062138,0.149772
3172,0.529478,0.074936,0.209876,0.068423,0.176243
3173,0.405279,0.072327,0.150263,0.031469,0.15122
3174,0.632855,0.048908,0.358712,0.054686,0.170549
3175,0.480572,0.062536,0.244033,0.051408,0.122595
3176,0.428622,0.031228,0.15756,0.05587,0.183964
3177,0.32136,0.052141,0.149947,0.01972,0.099552
3178,0.554673,0.069587,0.23825,0.05548,0.191356
3179,0.42336,0.0586,0.191827,0.061045,0.111888
3180,0.518985,0.113756,0.165237,0.055687,0.184305
3181,0.564803,0.075604,0.354523,0.020329,0.114347
3182,0.399956,0.028422,0.155311,0.054984,0.161239
3183,0.305252,0.041823,0.133541,0.030317,0.099571
3184,0.668856,0.073845,0.330783,0.057697,0.206531
3185,0.441771,0.073771,0.176696,0.051842,0.139462
3186,0.542254,0.07556,0.222377,0.054503,0.189814
3187,0.545629,0.033783,0.329699,0.051295,0.130852
3188,0.693266,0.079502,0.330507,0.063666,0.219591
3189,0.423256,0.073333,0.166094,0.048208,0.135621
3190,0.530955,0.073292,0.214853,0.059854,0.182956
3191,0.523511,0.050305,0.269833,0.058711,0.144662
3192,0.546441,0.068911,0.219664,0.055713,0.202153
3193,0.300223,0.032549,0.129509,0.030261,0.107904
3194,0.88416,0.072016,0.576397,0.057117,0.17863
3195,0.507003,0.074532,0.28435,0.019295,0.128826
3196,0.564567,0.07639,0.26251,0.055026,0.170641
3197,0.361697,0.056757,0.124308,0.050838,0.129794
3198,0.745601,0.080114,0.40341,0.06829,0.193787
3199,0.477492,0.054844,0.23923,0.053176,0.130242
3200,0.470936,0.03321,0.247667,0.054116,0.135943
3201,0.448874,0.075312,0.16662,0.051571,0.155371
3202,0.918224,0.032131,0.676414,0.055154,0.154525
3203,0.278076,0.032858,0.124592,0.020266,0.10036
3204,0.377657,0.03999,0.1319,0.0547,0.151067
3205,0.270017,0.04012,0.11511,0.019245,0.095542
3206,0.45024,0.030565,0.204767,0.05513,0.159778
3207,0.41542,0.078301,0.20251,0.018434,0.116175
3208,0.510253,0.05309,0.219805,0.057066,0.180292
3209,0.291303,0.05452,0.127684,0.01837,0.090729
3210,0.415853,0.052263,0.149967,0.054337,0.159286
3211,0.325081,0.050922,0.158211,0.01856,0.097388
3212,0.547104,0.073148,0.2277,0.072617,0.173639
3213,0.447225,0.051943,0.260875,0.032785,0.101622
3214,0.506783,0.074578,0.200243,0.055063,0.176899
3215,0.389963,0.052737,0.161352,0.062344,0.11353
3216,0.561539,0.038652,0.29305,0.055254,0.174583
3217,0.334531,0.052206,0.173366,0.020184,0.088775
3218,0.415913,0.072248,0.14857,0.053833,0.141262
3219,0.250128,0.039787,0.099691,0.018785,0.091865
3220,0.397076,0.041944,0.130789,0.071513,0.15283
3221,0.268889,0.031747,0.116609,0.018961,0.101572
3222,0.685777,0.072944,0.379357,0.05516,0.178316
3223,0.399716,0.051702,0.233082,0.017892,0.09704
3224,0.432645,0.072892,0.130557,0.055377,0.173819
3225,0.255294,0.030604,0.094099,0.018069,0.112522
3226,0.377035,0.041233,0.131645,0.054637,0.14952
3227,0.366175,0.035723,0.196673,0.018021,0.115758
3228,0.440845,0.074802,0.16863,0.054686,0.142727
3229,0.31935,0.033883,0.168477,0.019146,0.097844
3230,0.613472,0.047396,0.352466,0.056173,0.157437
3231,0.27691,0.036284,0.125043,0.018113,0.09747
3232,0.478294,0.031648,0.21247,0.054553,0.179623
3233,0.33828,0.048627,0.182708,0.018585,0.08836
3234,0.444396,0.072927,0.122917,0.055527,0.193025
3235,0.374769,0.051822,0.217963,0.018011,0.086973
3236,0.43428,0.057379,0.18525,0.0549,0.136751
3237,0.329589,0.053726,0.163083,0.018794,0.093986
3238,0.79164,0.073004,0.485777,0.054963,0.177896
3239,0.424255,0.029369,0.280224,0.018809,0.095853
3240,0.428318,0.073304,0.122383,0.05528,0.177351
3241,0.50462,0.074522,0.301173,0.01762,0.111305
3242,0.555064,0.030885,0.290778,0.071577,0.161824
3243,0.285456,0.03006,0.125341,0.01823,0.111825
3244,0.474152,0.068189,0.159277,0.054894,0.191792
3245,0.342607,0.075197,0.13878,0.017665,0.110965
3246,0.604464,0.07388,0.27147,0.054814,0.2043
3247,0.377122,0.034323,0.166695,0.061113,0.114991
3248,0.456711,0.071742,0.152531,0.054763,0.177675
3249,0.347544,0.032131,0.139877,0.051863,0.123673
3250,0.441247,0.05223,0.21299,0.055434,0.120593
3251,0.2857,0.033148,0.134713,0.020433,0.097406
3252,0.37946,0.039814,0.125929,0.05488,0.158837
3253,0.281086,0.03001,0.136074,0.018439,0.096563
3254,0.349046,0.03756,0.0973,0.055057,0.159129
3255,0.296561,0.032436,0.15031,0.018055,0.09576
3256,0.399613,0.035606,0.154939,0.057923,0.151145
3257,0.264747,0.03301,0.118116,0.018604,0.095017
3258,0.413389,0.034923,0.143209,0.055256,0.180001
3259,0.392144,0.035663,0.244905,0.018366,0.09321
3260,0.52455,0.032705,0.285903,0.054537,0.151405
3261,0.368995,0.072826,0.15152,0.02877,0.115879
3262,0.551315,0.076576,0.219557,0.056534,0.198648
3263,0.400855,0.074569,0.193167,0.018041,0.115078
3264,0.628145,0.077244,0.292363,0.055093,0.203445
3265,0.493696,0.073328,0.205333,0.078173,0.136862
3266,0.488446,0.03583,0.192133,0.054847,0.205636
3267,0.52409,0.071015,0.277874,0.044565,0.130636
3268,0.726223,0.08152,0.38236,0.055514,0.206829
3269,0.526165,0.075121,0.245353,0.059968,0.145723
3270,0.47003,0.074691,0.16515,0.05483,0.175359
3271,0.558705,0.058114,0.299857,0.081973,0.118761
3272,0.510366,0.051013,0.233007,0.056113,0.170233
3273,0.488844,0.076783,0.21031,0.051,0.150751
3274,0.546467,0.082443,0.248153,0.05506,0.160811
3275,0.363838,0.054607,0.132213,0.051175,0.125843
3276,0.471938,0.067627,0.16988,0.054773,0.179658
3277,0.51407,0.0331,0.341393,0.03255,0.107027
3278,0.411176,0.04369,0.190924,0.054857,0.121705
3279,0.448769,0.037616,0.282914,0.020521,0.107718
3280,0.5562,0.072683,0.232964,0.055073,0.19548
3281,0.313756,0.031589,0.160148,0.019382,0.102637
3282,0.482396,0.069013,0.15388,0.0817,0.177803
3283,0.373663,0.053095,0.188378,0.018108,0.114082
3284,0.57716,0.069795,0.278463,0.055457,0.173445
3285,0.5784,0.086438,0.370166,0.020374,0.101422
3286,0.468828,0.075744,0.163383,0.054956,0.174745
3287,0.244941,0.03339,0.09319,0.018124,0.100237
3288,0.367319,0.042297,0.123044,0.055363,0.146615
3289,0.318986,0.057832,0.155539,0.018322,0.087293
3290,0.492495,0.072305,0.19009,0.055594,0.174506
3291,0.319579,0.055166,0.160461,0.018442,0.08551
3292,0.465402,0.036588,0.246273,0.054654,0.127887
3293,0.374999,0.029696,0.228747,0.018734,0.097822
3294,0.502369,0.047426,0.251453,0.054813,0.148677
3295,0.311083,0.031612,0.162754,0.018354,0.098363
3296,0.391618,0.040193,0.139658,0.05489,0.156877
3297,0.285171,0.030159,0.138577,0.018434,0.098001
3298,0.542412,0.070114,0.2269,0.055267,0.190131
3299,0.338297,0.056252,0.177194,0.0182,0.086651
3300,0.452257,0.070058,0.150337,0.055017,0.176845
3301,0.332361,0.046504,0.163263,0.01912,0.103474
3302,0.483732,0.031169,0.240759,0.05481,0.156994
3303,0.317192,0.04045,0.164979,0.01824,0.093523
3304,0.390824,0.029972,0.131077,0.05477,0.175005
3305,0.392208,0.03793,0.225939,0.017851,0.110488
3306,0.613233,0.072149,0.309867,0.05529,0.175927
3307,0.318158,0.03198,0.157383,0.018193,0.110602
3308,0.572488,0.070134,0.299723,0.05573,0.146901
3309,0.414998,0.055139,0.240367,0.019074,0.100418
3310,0.5285,0.072144,0.225193,0.054934,0.176229
3311,0.414566,0.053042,0.235794,0.017926,0.107804
3312,0.560124,0.072559,0.25943,0.054573,0.173562
3313,0.323554,0.030747,0.175427,0.018806,0.098574
3314,0.610061,0.072157,0.30711,0.055826,0.174968
3315,0.30275,0.033324,0.145659,0.019024,0.104743
3316,0.484156,0.067183,0.138267,0.055487,0.223219
3317,0.357408,0.07551,0.144367,0.020615,0.116916
3318,0.676843,0.083146,0.324623,0.055237,0.213837
3319,0.586304,0.074904,0.36724,0.01754,0.12662
3320,0.657882,0.075557,0.300263,0.055124,0.226938
3321,0.593214,0.053754,0.310865,0.076295,0.1523
3322,0.4989,0.078202,0.15679,0.055136,0.208772
3323,0.429706,0.075131,0.197377,0.03069,0.126508
3324,0.927337,0.083073,0.571073,0.0551,0.218091
3325,0.38978,0.074125,0.11565,0.051968,0.148037
3326,0.473111,0.085097,0.179323,0.05572,0.152971
3327,0.311427,0.036512,0.129142,0.030772,0.115001
3328,0.562251,0.073101,0.233407,0.058054,0.197689
3329,0.340935,0.071934,0.131786,0.019541,0.117674
3330,0.526172,0.067101,0.229915,0.05515,0.174006
3331,0.493632,0.078286,0.19653,0.06783,0.150986
3332,0.550882,0.083115,0.227177,0.061827,0.178763
3333,0.634105,0.075432,0.39987,0.034698,0.124105
3334,0.496034,0.045727,0.186851,0.054906,0.20855
3335,0.453828,0.071486,0.19449,0.030695,0.157157
3336,0.626194,0.080232,0.268333,0.055527,0.222102
3337,0.406703,0.072439,0.17281,0.030471,0.130983
3338,0.549878,0.076516,0.223776,0.061283,0.188303
3339,0.49316,0.072819,0.225813,0.051909,0.142619
3340,0.448657,0.031237,0.187892,0.05422,0.175308
3341,0.475213,0.071979,0.245463,0.030617,0.127154
3342,0.570924,0.082957,0.199246,0.068436,0.220285
3343,0.456633,0.075834,0.183456,0.051909,0.145434
3344,0.498498,0.072355,0.17682,0.0554,0.193923
3345,0.494333,0.037878,0.285466,0.051851,0.119138
3346,0.811305,0.071795,0.50152,0.055834,0.182156
3347,0.415467,0.071379,0.183673,0.031392,0.129023
3348,0.51278,0.075337,0.208113,0.055974,0.173356
3349,0.313377,0.054372,0.149315,0.02028,0.08941
3350,0.529873,0.07275,0.228397,0.054957,0.173769
3351,0.32565,0.052444,0.165004,0.01835,0.089852
3352,0.529517,0.073113,0.209013,0.072833,0.174558
3353,0.432512,0.070376,0.208977,0.019012,0.134147
3354,0.363072,0.03003,0.115063,0.055357,0.162622
3355,0.389591,0.049694,0.23117,0.01958,0.089147
3356,0.400802,0.035566,0.14704,0.055247,0.162949
3357,0.405763,0.039444,0.262681,0.018521,0.085117
3358,0.407866,0.03045,0.159194,0.055273,0.162949
3359,0.327416,0.053651,0.168196,0.018672,0.086897
3360,0.360291,0.037257,0.129228,0.05803,0.135776
3361,0.302824,0.054353,0.13566,0.018715,0.094096
3362,0.601803,0.075613,0.283423,0.05506,0.187707
3363,0.285482,0.029819,0.13663,0.018645,0.100388
3364,0.578491,0.074553,0.273486,0.054963,0.175489
3365,0.394239,0.029749,0.239784,0.01839,0.106316
3366,0.516734,0.07196,0.21308,0.055073,0.176621
3367,0.302226,0.0551,0.14513,0.018376,0.08362
3368,0.435345,0.068145,0.14433,0.05524,0.16763
3369,0.709171,0.03544,0.56027,0.019593,0.093868
3370,0.42711,0.045426,0.161187,0.055906,0.164591
3371,0.412206,0.032264,0.250127,0.018613,0.111202
3372,0.417846,0.041453,0.168757,0.055063,0.152573
3373,0.364856,0.030124,0.206607,0.033285,0.09484
3374,0.502948,0.092782,0.17845,0.054826,0.17689
3375,0.3452,0.04662,0.185913,0.01864,0.094027
3376,0.392204,0.029925,0.148088,0.054826,0.159365
3377,0.267293,0.04483,0.110622,0.018225,0.093616
3378,0.478207,0.039927,0.228478,0.054737,0.155065
3379,0.434279,0.03226,0.285044,0.019134,0.097841
3380,0.42471,0.044133,0.170601,0.05522,0.154756
3381,0.437205,0.055483,0.275847,0.020254,0.085621
3382,0.381819,0.066446,0.103894,0.055287,0.156192
3383,0.315132,0.034694,0.163556,0.019161,0.097721
3384,0.451137,0.068622,0.14808,0.054867,0.179568
3385,0.377124,0.05285,0.205735,0.032519,0.08602
3386,0.432675,0.068227,0.133984,0.054663,0.175801
3387,0.396971,0.03268,0.248514,0.018655,0.097122
3388,0.448771,0.037593,0.199029,0.055396,0.156753
3389,0.35709,0.052588,0.199123,0.018293,0.087086
3390,0.498951,0.07219,0.15673,0.094813,0.175218
3391,0.263934,0.032434,0.114191,0.018481,0.098828
3392,0.410638,0.04013,0.158608,0.05482,0.15708
3393,0.274983,0.032698,0.127177,0.018127,0.096981
3394,0.352888,0.041984,0.100845,0.054876,0.155183
3395,0.312372,0.032192,0.166605,0.017783,0.095792
3396,0.396244,0.037097,0.153287,0.05516,0.1507
3397,0.307631,0.034363,0.165784,0.018224,0.08926
3398,0.362769,0.032018,0.101898,0.07129,0.157563
3399,0.4585,0.0385,0.31184,0.018918,0.089242
3400,0.583388,0.075926,0.268634,0.055267,0.183561
3401,0.375564,0.071465,0.163147,0.0238,0.117152
3402,0.62956,0.07383,0.28411,0.055727,0.215893
3403,0.448501,0.075607,0.242573,0.018343,0.111978
3404,0.429812,0.072367,0.124536,0.054757,0.178152
3405,0.375781,0.075794,0.170753,0.017798,0.111436
3406,0.344562,0.028843,0.102356,0.062014,0.151349
3407,0.461885,0.072317,0.221103,0.030403,0.138062
3408,0.611131,0.07833,0.23949,0.055577,0.237734
3409,0.772559,0.04136,0.558067,0.051183,0.121949
3410,0.50241,0.031962,0.242731,0.0584,0.169317
3411,0.394915,0.072844,0.183614,0.019597,0.11886
3412,0.459749,0.076368,0.164853,0.055073,0.163455
3413,0.352735,0.05502,0.151162,0.019267,0.127286
3414,0.57736,0.072195,0.255724,0.054987,0.194454
3415,0.383527,0.072741,0.178394,0.018115,0.114277
3416,0.585478,0.088007,0.245543,0.05502,0.196908
3417,0.389552,0.075744,0.1822,0.017614,0.113994
3418,0.569918,0.073228,0.244067,0.06397,0.188653
3419,0.615988,0.095053,0.370973,0.0294,0.120562
3420,0.58234,0.074698,0.258486,0.05565,0.193506
3421,0.452286,0.075544,0.219097,0.030595,0.12705
3422,0.553889,0.050723,0.282807,0.054994,0.165365
3423,0.482923,0.067384,0.183186,0.051408,0.180945
3424,0.592382,0.07666,0.28494,0.05527,0.175512
3425,0.613176,0.054104,0.427404,0.030405,0.101263
3426,0.499632,0.067443,0.17193,0.05449,0.205769
3427,0.289649,0.054597,0.128285,0.019971,0.086796
3428,0.469445,0.069657,0.167883,0.054403,0.177502
3429,0.295516,0.054031,0.137874,0.018975,0.084636
3430,0.44228,0.069774,0.13867,0.055427,0.178409
3431,0.346219,0.053354,0.189608,0.01824,0.085017
3432,0.434655,0.069475,0.1205,0.054137,0.190543
3433,0.302707,0.035546,0.145849,0.019039,0.102273
3434,0.357753,0.048227,0.106195,0.05489,0.148441
3435,0.364908,0.032084,0.216301,0.018501,0.098022
3436,0.463856,0.038983,0.21199,0.054823,0.15806
3437,0.29196,0.030279,0.14867,0.018399,0.094612
3438,0.874679,0.03929,0.6128,0.055153,0.167436
3439,0.309954,0.03202,0.161443,0.018302,0.098189
3440,0.60349,0.033703,0.354069,0.054806,0.160912
3441,0.326062,0.051384,0.16739,0.01876,0.088528
3442,0.443696,0.070012,0.14294,0.055326,0.175418
3443,0.302059,0.055121,0.138793,0.018085,0.09006
3444,1.17061,0.069775,0.827413,0.055437,0.217982
3445,0.393997,0.058634,0.21759,0.017401,0.100372
3446,0.547152,0.05316,0.257185,0.055047,0.18176
3447,0.57921,0.05183,0.41127,0.024047,0.092063
3448,0.504702,0.06864,0.204091,0.05507,0.176901
3449,0.38863,0.07411,0.157103,0.031411,0.126006
3450,0.544741,0.052762,0.287623,0.054657,0.149699
3451,0.456669,0.070203,0.22326,0.03167,0.131536
3452,0.650047,0.07618,0.363133,0.05528,0.155454
3453,0.495355,0.052867,0.31383,0.030545,0.098113
3454,0.461786,0.072481,0.157133,0.054864,0.177308
3455,0.290347,0.050459,0.13329,0.02018,0.086418
3456,0.477726,0.072553,0.175737,0.055433,0.174003
3457,0.414241,0.055514,0.245219,0.01835,0.095158
3458,0.461208,0.07473,0.157773,0.05537,0.173335
3459,0.296254,0.031039,0.134009,0.028297,0.102909
3460,0.53902,0.04475,0.287134,0.05518,0.151956
3461,0.333178,0.041967,0.180526,0.018751,0.091934
3462,0.391292,0.033448,0.142739,0.0555,0.159605
3463,0.281663,0.0372,0.126526,0.01841,0.099527
3464,0.507938,0.077244,0.19972,0.05581,0.175164
3465,0.370651,0.030844,0.196104,0.033071,0.110632
3466,0.462123,0.074094,0.1568,0.05502,0.176209
3467,0.497394,0.033533,0.318189,0.047943,0.097729
3468,0.658037,0.073964,0.33103,0.07262,0.180423
3469,0.381075,0.032166,0.219177,0.032095,0.097637
3470,0.50847,0.071259,0.19046,0.068437,0.178314
3471,0.332243,0.05377,0.151373,0.041113,0.085987
3472,0.443312,0.058406,0.145037,0.05464,0.185229
3473,0.322332,0.03222,0.174827,0.018207,0.097078
3474,0.527816,0.041047,0.31045,0.054987,0.121332
3475,0.347688,0.035566,0.198911,0.018642,0.094569
3476,0.394633,0.040727,0.143874,0.05484,0.155192
3477,0.317277,0.045629,0.149703,0.017906,0.104039
3478,0.500591,0.06808,0.18454,0.065403,0.182568
3479,0.3739,0.07654,0.167333,0.017676,0.112351
3480,0.485426,0.072846,0.174263,0.055064,0.183253
3481,0.330251,0.05138,0.148487,0.017763,0.112621
3482,0.55253,0.055783,0.240813,0.05475,0.201184
3483,0.315743,0.034816,0.14857,0.031138,0.101219
3484,0.705206,0.043073,0.451451,0.055736,0.154946
3485,0.347998,0.031213,0.164116,0.030636,0.122033
3486,0.567446,0.069649,0.29463,0.054383,0.148784
3487,0.452889,0.030454,0.233827,0.051043,0.137565
3488,0.517575,0.07243,0.190517,0.055487,0.199141
3489,0.264067,0.034014,0.108196,0.020146,0.101711
3490,0.485654,0.073469,0.156213,0.054863,0.201109
3491,0.455181,0.071281,0.247973,0.018363,0.117564
3492,0.47694,0.076514,0.1541,0.05735,0.188976
3493,0.410431,0.074444,0.193373,0.017971,0.124643
3494,0.397205,0.051052,0.129587,0.05698,0.159586
3495,0.332244,0.064404,0.150156,0.018523,0.099161
3496,0.471776,0.031525,0.25913,0.057087,0.124034
3497,0.325367,0.041677,0.170831,0.018349,0.09451
3498,0.493842,0.075399,0.177464,0.066884,0.174095
3499,0.524436,0.071505,0.27371,0.032459,0.146762
3500,0.452965,0.05094,0.18095,0.054486,0.166589
3501,0.383296,0.069875,0.175517,0.01843,0.119474
3502,0.470858,0.074758,0.168033,0.054934,0.173133
3503,0.38011,0.033435,0.232954,0.019006,0.094715
3504,0.521926,0.03527,0.258331,0.065227,0.163098
3505,0.348194,0.042557,0.194169,0.018546,0.092922
3506,0.45375,0.072984,0.148976,0.05562,0.17617
3507,0.368973,0.055206,0.193782,0.018332,0.101653
3508,0.434126,0.070985,0.131207,0.055147,0.176787
3509,0.292326,0.051401,0.138241,0.018333,0.084351
3510,0.388562,0.040627,0.132523,0.055994,0.159418
3511,0.268902,0.030682,0.122478,0.01887,0.096872
3512,0.33617,0.041258,0.094045,0.055076,0.145791
3513,0.319087,0.040667,0.165435,0.01878,0.094205
3514,0.424291,0.030222,0.164452,0.054937,0.17468
3515,0.283443,0.036314,0.122644,0.019111,0.105374
3516,0.40222,0.029735,0.160511,0.05501,0.156964
3517,0.385318,0.057957,0.213204,0.024841,0.089316
3518,0.486813,0.072937,0.174633,0.05544,0.183803
3519,0.317568,0.033512,0.153199,0.019329,0.111528
3520,0.395996,0.044747,0.143363,0.055343,0.152543
3521,0.44238,0.05109,0.28902,0.017935,0.084335
3522,0.573313,0.070974,0.272436,0.055083,0.17482
3523,0.303873,0.055472,0.144881,0.018204,0.085316
3524,0.479758,0.072344,0.177087,0.055473,0.174854
3525,0.32655,0.051589,0.159427,0.018403,0.097131
3526,0.495179,0.072805,0.19378,0.055033,0.173561
3527,0.290724,0.04106,0.138903,0.019921,0.09084
3528,0.425506,0.030481,0.18542,0.055177,0.154428
3529,0.38918,0.031613,0.239157,0.020165,0.098245
3530,0.386711,0.042274,0.137275,0.0548,0.152362
3531,0.331059,0.054717,0.171233,0.018676,0.086433
3532,0.47708,0.069653,0.16035,0.055214,0.191863
3533,0.310268,0.031916,0.162238,0.019149,0.096965
3534,0.34721,0.04033,0.099086,0.05502,0.152774
3535,0.333427,0.030063,0.184264,0.018981,0.100119
3536,0.470624,0.041777,0.209216,0.05503,0.164601
3537,0.387417,0.030575,0.237774,0.01858,0.100488
3538,0.428186,0.03752,0.149355,0.07259,0.168721
3539,0.365244,0.053714,0.176175,0.01878,0.116575
3540,0.410957,0.068127,0.109376,0.055954,0.1775
3541,0.340409,0.052231,0.186435,0.018908,0.082835
3542,0.459433,0.069144,0.160357,0.054926,0.175006
3543,0.436595,0.03964,0.28664,0.018921,0.091394
3544,0.463381,0.042363,0.202628,0.05814,0.16025
3545,0.26157,0.03393,0.111819,0.018668,0.097153
3546,0.488664,0.068857,0.17823,0.06506,0.176517
3547,0.585275,0.076305,0.380113,0.018275,0.110582
3548,0.473313,0.073528,0.168603,0.054926,0.176256
3549,0.339388,0.07482,0.13456,0.017734,0.112274
3550,0.374502,0.029031,0.165435,0.05491,0.125126
3551,0.445392,0.074039,0.2194,0.018097,0.133856
3552,0.342303,0.028844,0.09909,0.054937,0.159432
3553,0.708431,0.040343,0.498093,0.050805,0.11919
3554,0.510213,0.029842,0.206226,0.05503,0.219115
3555,0.512927,0.070375,0.263586,0.045161,0.133805
3556,0.397055,0.050198,0.116018,0.068466,0.162373
3557,0.368282,0.080732,0.122884,0.019768,0.144898
3558,0.56422,0.076166,0.23481,0.058913,0.194331
3559,0.45263,0.071519,0.17841,0.066481,0.13622
3560,0.56831,0.07534,0.23374,0.05747,0.20176
3561,0.465765,0.074835,0.19999,0.051301,0.139639
3562,0.40654,0.043216,0.142567,0.054203,0.166554
3563,0.518155,0.05458,0.294237,0.019093,0.150245
3564,0.500061,0.032454,0.242334,0.05558,0.169693
3565,0.379795,0.03776,0.206463,0.035364,0.100208
3566,0.482045,0.075038,0.161427,0.05523,0.19035
3567,0.405875,0.076431,0.199643,0.017961,0.11184
3568,0.526857,0.072129,0.211263,0.066847,0.176618
3569,0.468511,0.074173,0.26332,0.017876,0.113142
3570,0.38975,0.029585,0.146316,0.054644,0.159205
3571,0.252113,0.04639,0.087536,0.018932,0.099255
3572,0.376805,0.032286,0.10412,0.055417,0.184982
3573,0.396366,0.036893,0.221945,0.030424,0.107104
3574,0.555521,0.04279,0.28583,0.05537,0.171531
3575,0.519304,0.075565,0.30157,0.019253,0.122916
3576,0.439833,0.050634,0.160937,0.066563,0.161699
3577,0.442601,0.066278,0.236126,0.017888,0.122309
3578,0.475263,0.048815,0.234034,0.054953,0.137461
3579,0.410564,0.079022,0.164873,0.018486,0.148183
3580,0.408651,0.050658,0.171641,0.05385,0.132502
3581,0.478873,0.067464,0.25027,0.03132,0.129819
3582,0.471691,0.076512,0.165157,0.055916,0.174106
3583,0.356996,0.031133,0.182051,0.031277,0.112535
3584,0.467666,0.04253,0.201533,0.055007,0.168596
3585,0.457073,0.053681,0.291707,0.020923,0.090762
3586,0.415908,0.07239,0.11208,0.05486,0.176578
3587,0.459216,0.054368,0.289475,0.029548,0.085825
3588,0.456307,0.070715,0.153043,0.05577,0.176779
3589,0.508499,0.052971,0.354404,0.018326,0.082798
3590,0.569469,0.072165,0.262094,0.054927,0.180283
3591,0.473533,0.051763,0.299304,0.017574,0.104892
3592,0.481565,0.085443,0.18981,0.055054,0.151258
3593,0.3332,0.052077,0.17627,0.01907,0.085783
3594,0.460854,0.069839,0.15535,0.055973,0.179692
3595,0.692919,0.050983,0.527811,0.018017,0.096108
3596,0.486345,0.071701,0.18463,0.054517,0.175497
3597,0.320137,0.054319,0.162174,0.018231,0.085413
3598,0.419841,0.041229,0.164767,0.05476,0.159085
3599,0.275853,0.031584,0.128221,0.020094,0.095954
3600,0.49258,0.03367,0.237384,0.064063,0.157463
3601,0.328468,0.040873,0.175401,0.01859,0.093604
3602,0.426156,0.040594,0.177025,0.05531,0.153227
3603,0.386536,0.034216,0.224417,0.018025,0.109878
3604,0.4608,0.069838,0.159037,0.05448,0.177445
3605,0.272517,0.031282,0.125225,0.018527,0.097483
3606,0.459324,0.045196,0.192833,0.05483,0.166465
3607,0.30557,0.032365,0.156327,0.01902,0.097858
3608,0.61423,0.072013,0.277714,0.07288,0.191623
3609,0.376109,0.042672,0.174875,0.032056,0.126506
3610,0.446061,0.069091,0.145166,0.053964,0.17784
3611,0.281313,0.052615,0.119975,0.019597,0.089126
3612,0.459409,0.069773,0.15711,0.055053,0.177473
3613,0.744166,0.052093,0.584539,0.018225,0.089309
3614,0.428201,0.061455,0.191458,0.0566,0.118688
3615,0.489828,0.048713,0.332611,0.01892,0.089584
3616,0.532771,0.041234,0.30972,0.053954,0.127863
3617,0.420217,0.052109,0.252818,0.017834,0.097456
3618,0.507274,0.071184,0.203723,0.05531,0.177057
3619,0.305328,0.054242,0.148905,0.018337,0.083844
3620,0.634951,0.064587,0.359294,0.054717,0.156353
3621,0.431877,0.032145,0.28235,0.018566,0.098816
3622,0.471922,0.06872,0.169227,0.0556,0.178375
3623,0.536032,0.076814,0.329633,0.018239,0.111346
3624,0.448516,0.033375,0.201096,0.054943,0.159102
3625,0.262136,0.044344,0.109769,0.018694,0.089329
3626,0.515873,0.073776,0.197587,0.065314,0.179196
3627,0.397389,0.075469,0.179003,0.017817,0.1251
3628,0.376188,0.064,0.139848,0.055086,0.117254
3629,0.780448,0.073731,0.474163,0.051597,0.180957
3630,0.470007,0.060941,0.145343,0.05894,0.204783
3631,0.641997,0.069182,0.405493,0.019416,0.147906
3632,0.660174,0.076095,0.332403,0.055423,0.196253
3633,0.581686,0.074899,0.264137,0.052029,0.190621
3634,0.542572,0.032932,0.263201,0.0549,0.191539
3635,0.388416,0.069685,0.17682,0.020772,0.121139
3636,0.661692,0.085833,0.27348,0.058227,0.244152
3637,0.568909,0.071946,0.288613,0.051585,0.156765
3638,0.532297,0.074124,0.213467,0.06666,0.178046
3639,0.410332,0.075005,0.180767,0.030564,0.123996
3640,0.572431,0.045085,0.137359,0.054933,0.335054
3641,0.380256,0.070753,0.14991,0.030658,0.128935
3642,0.557756,0.083625,0.18712,0.06415,0.222861
3643,0.38816,0.052594,0.175628,0.045056,0.114882
3644,0.510598,0.072407,0.194724,0.064863,0.178604
3645,0.487983,0.073795,0.212603,0.051471,0.150114
3646,0.450363,0.031037,0.161678,0.05498,0.202668
3647,0.833544,0.046817,0.591604,0.051221,0.143902
3648,0.612237,0.085812,0.261664,0.05923,0.205531
3649,0.415955,0.074649,0.140261,0.051947,0.149098
3650,0.57686,0.085823,0.195703,0.063093,0.232241
3651,0.855626,0.075338,0.54939,0.05176,0.179138
3652,0.475125,0.054242,0.17788,0.065766,0.177237
3653,0.489547,0.071838,0.21321,0.051856,0.152643
3654,0.621929,0.082606,0.261953,0.072637,0.204733
3655,0.473308,0.075406,0.20799,0.031251,0.158661
3656,0.707181,0.074068,0.38396,0.05566,0.193493
3657,0.449202,0.03393,0.212646,0.07142,0.131206
3658,0.516899,0.061947,0.223647,0.05529,0.176015
3659,0.426361,0.053114,0.253208,0.020437,0.099602
3660,0.43605,0.072816,0.131424,0.055783,0.176027
3661,0.254578,0.031662,0.10352,0.01876,0.100636
3662,0.351266,0.040197,0.102247,0.055464,0.153358
3663,0.267914,0.036746,0.11784,0.018683,0.094645
3664,0.614445,0.030704,0.348738,0.054567,0.180436
3665,0.412291,0.035637,0.26069,0.020557,0.095407
3666,0.39243,0.030785,0.132277,0.065196,0.164172
3667,0.364064,0.0364,0.202763,0.019073,0.105828
3668,0.427299,0.074673,0.121493,0.05568,0.175453
3669,0.260079,0.054248,0.098994,0.018432,0.088405
3670,0.52534,0.07053,0.21707,0.055177,0.182563
3671,0.286865,0.031833,0.135449,0.01881,0.100773
3672,0.414753,0.04274,0.164504,0.054883,0.152626
3673,0.306638,0.031873,0.145502,0.018514,0.110749
3674,0.470976,0.04045,0.216316,0.05477,0.15944
3675,0.524123,0.032076,0.374037,0.018969,0.099041
3676,0.47505,0.072063,0.151226,0.05507,0.196691
3677,0.334732,0.05435,0.173827,0.018499,0.088056
3678,0.6606,0.070687,0.348073,0.055894,0.185946
3679,0.313426,0.049225,0.149826,0.018443,0.095932
3680,0.483122,0.071726,0.13438,0.097823,0.179193
3681,0.448825,0.033045,0.294737,0.019109,0.101934
3682,0.522723,0.072097,0.206794,0.05485,0.188982
3683,0.360301,0.051646,0.199427,0.018522,0.090706
3684,0.373992,0.053234,0.114907,0.057846,0.148005
3685,0.425981,0.05156,0.270351,0.017646,0.086424
3686,0.411517,0.072845,0.10777,0.058177,0.172725
3687,0.439793,0.031907,0.284957,0.018382,0.104547
3688,0.638808,0.045277,0.383809,0.054904,0.154818
3689,0.626787,0.032134,0.41048,0.051171,0.133002
3690,0.390147,0.04343,0.126369,0.054927,0.165421
3691,0.452241,0.056454,0.29116,0.01944,0.085187
3692,0.497424,0.069071,0.179993,0.054806,0.193554
3693,0.320385,0.048636,0.100395,0.051347,0.120007
3694,0.508364,0.068993,0.237307,0.055243,0.146821
3695,0.401723,0.065464,0.17636,0.031187,0.128712
3696,0.484744,0.070443,0.182053,0.055567,0.176681
3697,0.601957,0.032052,0.43179,0.019638,0.118477
3698,0.416339,0.073358,0.10953,0.05541,0.178041
3699,0.337629,0.072427,0.11302,0.018221,0.133961
3700,0.450261,0.051829,0.143173,0.05471,0.200549
3701,0.881877,0.072201,0.64762,0.018684,0.143372
3702,0.547527,0.075193,0.205517,0.06202,0.204797
3703,0.469353,0.054302,0.280551,0.022518,0.111982
3704,0.463956,0.06853,0.157243,0.054934,0.183249
3705,0.475405,0.074521,0.180216,0.050496,0.170172
3706,0.543625,0.072098,0.23872,0.05633,0.176477
3707,0.45359,0.074287,0.21889,0.031864,0.128549
3708,0.505376,0.065152,0.198936,0.054787,0.186501
3709,0.474956,0.064377,0.261976,0.030469,0.118134
3710,0.449683,0.03108,0.195974,0.056973,0.165656
3711,0.259349,0.046313,0.101375,0.020137,0.091524
3712,0.470597,0.075566,0.151204,0.05523,0.188597
3713,0.433536,0.071504,0.22424,0.01795,0.119842
3714,0.398657,0.048456,0.116847,0.069147,0.164207
3715,0.445739,0.041482,0.265253,0.033097,0.105907
3716,0.428023,0.051298,0.160204,0.05681,0.159711
3717,0.398234,0.072954,0.201967,0.017538,0.105775
3718,0.346905,0.045141,0.116994,0.053637,0.131133
3719,0.400333,0.039114,0.214084,0.017062,0.130073
3720,0.473147,0.076581,0.147864,0.05477,0.193932
3721,0.396241,0.074801,0.190787,0.017237,0.113416
3722,0.344739,0.0484,0.115823,0.055317,0.125199
3723,0.366339,0.061047,0.18916,0.018558,0.097574
3724,0.4487,0.031458,0.181601,0.07223,0.163411
3725,0.242774,0.03506,0.090532,0.017907,0.099275
3726,0.604196,0.031162,0.354189,0.054843,0.164002
3727,0.4004,0.035947,0.216559,0.024482,0.123412
3728,0.557789,0.076476,0.24569,0.055594,0.180029
3729,0.491616,0.070931,0.281566,0.018957,0.120162
3730,0.427805,0.039042,0.17503,0.054944,0.158789
3731,0.414856,0.031636,0.266699,0.017796,0.098725
3732,0.615194,0.072063,0.28323,0.055183,0.204718
3733,0.316827,0.0525,0.15729,0.01804,0.088997
3734,0.416857,0.076206,0.13853,0.05361,0.148511
3735,0.37893,0.075578,0.15714,0.018383,0.127829
3736,0.421409,0.071938,0.11679,0.055074,0.177607
3737,0.455975,0.03792,0.292729,0.01892,0.106406
3738,0.419306,0.03977,0.164259,0.055327,0.15995
3739,0.446167,0.078213,0.162344,0.051787,0.153823
3740,0.421017,0.031568,0.162536,0.05494,0.171973
3741,0.265716,0.039427,0.110635,0.020009,0.095645
3742,0.500402,0.070846,0.18846,0.05558,0.185516
3743,0.355598,0.053688,0.196148,0.018455,0.087307
3744,0.393359,0.06093,0.14851,0.054747,0.129172
3745,0.297651,0.047536,0.13579,0.018907,0.095418
3746,0.410437,0.029416,0.14984,0.05473,0.176451
3747,0.709324,0.03936,0.553381,0.018146,0.098437
3748,0.940934,0.07401,0.621723,0.057177,0.188024
3749,0.394004,0.054531,0.210956,0.031498,0.097019
3750,0.584251,0.073,0.300414,0.0654,0.145437
3751,0.373176,0.055744,0.168154,0.02198,0.127298
3752,0.518114,0.072824,0.205567,0.055043,0.18468
3753,0.308831,0.052296,0.149229,0.018413,0.088893
3754,0.401284,0.073396,0.11522,0.05759,0.155078
3755,0.286579,0.055572,0.107059,0.018015,0.105933
3756,0.469713,0.041165,0.213396,0.05508,0.160072
3757,0.38001,0.029743,0.23103,0.018094,0.101143
3758,0.48263,0.039177,0.26011,0.055517,0.127826
3759,0.468149,0.083025,0.249916,0.018986,0.116222
3760,0.467344,0.07532,0.159596,0.055076,0.177352
3761,0.316196,0.05432,0.159492,0.018094,0.08429
3762,0.447612,0.070847,0.142404,0.055013,0.179348
3763,0.377065,0.035975,0.227643,0.018871,0.094576
3764,0.417217,0.03171,0.167982,0.055157,0.162368
3765,0.268131,0.033513,0.125352,0.018099,0.091167
3766,0.495474,0.030413,0.233001,0.05447,0.17759
3767,0.380876,0.078835,0.175543,0.019065,0.107433
3768,0.46119,0.076306,0.158433,0.05469,0.171761
3769,0.379163,0.083906,0.17573,0.017849,0.101678
3770,0.579662,0.072313,0.246663,0.055006,0.20568
3771,0.374657,0.05319,0.175633,0.031534,0.1143
3772,0.533164,0.069243,0.21675,0.055813,0.191358
3773,0.343292,0.032197,0.157098,0.040623,0.113374
3774,0.355233,0.03989,0.095724,0.054253,0.165366
3775,0.50403,0.034362,0.331311,0.020858,0.117499
3776,0.41601,0.049627,0.159727,0.05481,0.151846
3777,0.2908,0.058993,0.122786,0.018614,0.090407
3778,0.523662,0.059283,0.249057,0.054603,0.160719
3779,0.316603,0.031485,0.148324,0.030642,0.106152
3780,0.457306,0.069059,0.180817,0.055313,0.152117
3781,0.42599,0.052213,0.24005,0.020472,0.113255
3782,0.448312,0.071546,0.138407,0.05554,0.182819
3783,0.308432,0.032907,0.16147,0.018691,0.095364
3784,0.424747,0.03619,0.181347,0.055077,0.152133
3785,0.436086,0.031503,0.28795,0.018302,0.098331
3786,0.455489,0.03673,0.201622,0.054557,0.16258
3787,0.361748,0.075879,0.156373,0.01754,0.111956
3788,0.373144,0.056792,0.13422,0.05517,0.126962
3789,0.484162,0.031653,0.333537,0.018841,0.100131
3790,0.438038,0.041214,0.160011,0.064374,0.172439
3791,0.428697,0.074861,0.21836,0.017559,0.117917
3792,0.401943,0.028794,0.178183,0.05382,0.141146
3793,0.439943,0.040023,0.222198,0.05096,0.126762
3794,0.551996,0.042343,0.264827,0.077247,0.167579
3795,0.357517,0.097577,0.10825,0.021097,0.130593
3796,0.538105,0.073988,0.20464,0.066907,0.19257
3797,0.397542,0.073888,0.187737,0.019101,0.116816
3798,0.69823,0.077355,0.373483,0.05737,0.190022
3799,0.490187,0.070977,0.216524,0.051,0.151686
3800,0.41338,0.05071,0.138562,0.062157,0.161951
3801,0.411061,0.068902,0.185184,0.030522,0.126453
3802,0.696861,0.03294,0.397491,0.055297,0.211133
3803,0.480922,0.040523,0.301355,0.029401,0.109643
3804,0.713709,0.071315,0.405044,0.054943,0.182407
3805,0.460476,0.074714,0.192627,0.051096,0.142039
3806,0.527841,0.075362,0.2094,0.066346,0.176733
3807,0.519837,0.07182,0.222624,0.051699,0.173694
3808,0.427641,0.042078,0.138691,0.07054,0.176332
3809,0.430263,0.067668,0.200574,0.030556,0.131465
3810,0.54491,0.051726,0.194835,0.055206,0.243143
3811,0.45514,0.071897,0.21957,0.030499,0.133174
3812,0.603102,0.086999,0.273154,0.064017,0.178932
3813,0.505024,0.032722,0.291965,0.052349,0.127988
3814,0.487382,0.067718,0.194386,0.055113,0.170165
3815,0.326048,0.05267,0.160837,0.020688,0.091853
3816,0.511822,0.069514,0.19024,0.05555,0.196518
3817,0.396996,0.052825,0.224968,0.018578,0.100625
3818,0.476353,0.070457,0.171307,0.055513,0.179076
3819,0.56281,0.085692,0.280706,0.050829,0.145583
3820,0.405193,0.031702,0.136626,0.0549,0.181965
3821,0.424112,0.067862,0.192137,0.032508,0.131605
3822,0.467296,0.038089,0.204411,0.06634,0.158456
3823,0.393583,0.04096,0.174907,0.051907,0.125809
3824,0.963486,0.032453,0.712136,0.054997,0.1639
3825,0.562455,0.053977,0.399608,0.020616,0.088254
3826,0.626621,0.069199,0.309973,0.055644,0.191805
3827,0.395053,0.09067,0.16323,0.019716,0.121437
3828,0.533013,0.076728,0.213356,0.05525,0.187679
3829,0.394825,0.052942,0.219314,0.017979,0.10459
3830,0.679139,0.072756,0.36985,0.054883,0.18165
3831,0.288905,0.052014,0.126932,0.018229,0.09173
3832,0.457562,0.071724,0.154153,0.054753,0.176932
3833,0.393837,0.051936,0.220584,0.017538,0.103779
3834,0.567218,0.052817,0.270711,0.055697,0.187993
3835,0.328965,0.051864,0.172548,0.018746,0.085807
3836,0.501429,0.069458,0.182383,0.05535,0.194238
3837,0.413585,0.087389,0.146127,0.051597,0.128472
3838,0.672598,0.072339,0.345156,0.055356,0.199747
3839,0.517615,0.074821,0.234063,0.061222,0.147509
3840,0.547769,0.071848,0.255944,0.054973,0.165004
3841,0.398039,0.071972,0.1515,0.031429,0.143138
3842,0.452949,0.048601,0.173561,0.05502,0.175767
3843,0.35548,0.05954,0.159977,0.03178,0.104183
3844,0.40513,0.075426,0.100403,0.05475,0.174551
3845,0.282234,0.048327,0.126498,0.019022,0.088387
3846,0.478539,0.071502,0.17,0.055026,0.182011
3847,0.28004,0.031011,0.107178,0.01821,0.123641
3848,0.477173,0.089585,0.182796,0.05507,0.149722
3849,0.251709,0.031723,0.099046,0.018719,0.102221
3850,0.648501,0.036593,0.401683,0.055357,0.154868
3851,0.308697,0.042945,0.139715,0.018373,0.107664
3852,0.448482,0.041717,0.190277,0.05506,0.161428
3853,0.256326,0.03029,0.099609,0.01776,0.108667
3854,0.356611,0.035564,0.094766,0.055073,0.171208
3855,0.250446,0.032821,0.101459,0.0174,0.098766
3856,0.385335,0.06984,0.115934,0.055087,0.144474
3857,0.240835,0.033573,0.092433,0.018149,0.09668
3858,0.385275,0.04204,0.119423,0.055014,0.168798
3859,0.321233,0.031263,0.172823,0.018145,0.099002
3860,0.478395,0.036874,0.227571,0.054423,0.159527
3861,0.482826,0.042136,0.323961,0.018043,0.098686
3862,0.449825,0.032364,0.191472,0.05559,0.170399
3863,0.346182,0.071544,0.139883,0.017419,0.117336
3864,0.510439,0.07346,0.203544,0.07293,0.160505
3865,0.424376,0.075717,0.181133,0.018248,0.149278
3866,0.553253,0.073701,0.231066,0.055173,0.193313
3867,0.413336,0.074812,0.183887,0.030443,0.124194
3868,0.448074,0.028845,0.196993,0.05556,0.166676
3869,0.324471,0.04394,0.147649,0.030316,0.102566
3870,0.464108,0.042687,0.203698,0.055213,0.16251
3871,0.406761,0.035437,0.24761,0.02183,0.101884
3872,0.585672,0.069309,0.27446,0.05528,0.186623
3873,0.4251,0.075002,0.216287,0.018225,0.115586
3874,0.471818,0.075448,0.150397,0.054607,0.191366
3875,0.392267,0.072104,0.187134,0.018415,0.114614
3876,0.434413,0.051916,0.158218,0.063534,0.160745
3877,0.44536,0.072249,0.236273,0.017741,0.119097
3878,0.500577,0.032387,0.289111,0.05403,0.125049
3879,0.414771,0.041507,0.224867,0.029619,0.118778
3880,0.578819,0.07777,0.24988,0.054827,0.196342
3881,0.399892,0.034467,0.181796,0.057542,0.126087
3882,0.55495,0.072779,0.247724,0.056384,0.178063
3883,0.265857,0.048047,0.076712,0.01999,0.121108
3884,0.444067,0.069739,0.13906,0.05489,0.180378
3885,0.26813,0.04951,0.110562,0.019073,0.088985
3886,0.493462,0.05246,0.207636,0.054876,0.17849
3887,0.270127,0.054607,0.110775,0.018753,0.085992
3888,0.411817,0.043777,0.15216,0.057054,0.158826
3889,0.275519,0.031524,0.111712,0.018547,0.113736
3890,0.387014,0.041396,0.136364,0.054716,0.154538
3891,0.573766,0.035527,0.416529,0.019536,0.102174
3892,0.38752,0.033447,0.137658,0.05684,0.159575
3893,0.362371,0.039733,0.197687,0.021254,0.103697
3894,0.574106,0.079965,0.238747,0.065366,0.190028
3895,0.305648,0.054701,0.13458,0.01899,0.097377
3896,0.422978,0.073455,0.11872,0.055,0.175803
3897,0.383927,0.052972,0.207191,0.033099,0.090665
3898,0.420022,0.073007,0.116114,0.057157,0.173744
3899,0.321997,0.030974,0.16917,0.018518,0.103335
3900,0.59014,0.040024,0.323082,0.054997,0.172037
3901,0.384945,0.032109,0.228033,0.019073,0.10573
3902,0.517381,0.033156,0.258621,0.05489,0.170714
3903,0.306195,0.051843,0.12892,0.018372,0.10706
3904,0.482984,0.075577,0.180063,0.054904,0.17244
3905,0.603352,0.050404,0.449458,0.017982,0.085508
3906,0.459848,0.070911,0.152284,0.055003,0.18165
3907,0.315869,0.054503,0.15145,0.018141,0.091775
3908,0.461989,0.03897,0.20098,0.05567,0.166369
3909,0.336926,0.053285,0.17903,0.01912,0.085491
3910,0.479279,0.069194,0.15639,0.07291,0.180785
3911,0.64451,0.03796,0.499574,0.017968,0.089008
3912,0.484415,0.071811,0.1753,0.055277,0.182027
3913,0.298002,0.053073,0.130731,0.025031,0.089167
3914,0.42143,0.069798,0.11961,0.054757,0.177265
3915,0.311351,0.043361,0.158417,0.019274,0.090299
3916,0.500306,0.070654,0.176727,0.055643,0.197282
3917,0.381971,0.057218,0.209004,0.018483,0.097266
3918,0.62756,0.036925,0.369854,0.05477,0.166011
3919,0.371182,0.056284,0.19326,0.018294,0.103344
3920,0.498981,0.073191,0.182676,0.054767,0.188347
3921,0.412032,0.084287,0.209154,0.017947,0.100644
3922,0.415845,0.064207,0.168567,0.055423,0.127648
3923,0.395384,0.066767,0.182817,0.031376,0.114424
3924,0.474798,0.077061,0.15498,0.054804,0.187953
3925,0.384736,0.04287,0.152838,0.051008,0.13802
3926,0.575903,0.085061,0.261496,0.056093,0.173253
3927,0.427288,0.040994,0.248165,0.031474,0.106655
3928,0.388421,0.040833,0.124953,0.055466,0.167169
3929,0.29037,0.05425,0.123488,0.020878,0.091754
3930,0.433452,0.040555,0.176914,0.05753,0.158453
3931,0.31115,0.05169,0.152614,0.018936,0.08791
3932,0.486473,0.072507,0.16692,0.054657,0.192389
3933,0.313203,0.053494,0.154129,0.018515,0.087065
3934,0.523574,0.075544,0.215557,0.056254,0.176219
3935,0.301678,0.029532,0.139305,0.01852,0.114321
3936,0.405337,0.046383,0.157843,0.05433,0.146781
3937,0.31944,0.038333,0.160038,0.019913,0.101156
3938,0.429674,0.02959,0.148956,0.061954,0.189174
3939,0.563758,0.070001,0.358393,0.018095,0.117269
3940,0.502696,0.077597,0.184646,0.06546,0.174993
3941,0.382618,0.072389,0.178346,0.01788,0.114003
3942,0.455239,0.032065,0.204672,0.05484,0.163662
3943,0.635016,0.0589,0.47027,0.0182,0.087646
3944,0.491297,0.032173,0.24216,0.07996,0.137004
3945,0.500724,0.071033,0.24552,0.030389,0.153782
3946,0.588515,0.081466,0.243813,0.055634,0.207602
3947,0.555537,0.093781,0.2285,0.056275,0.176981
3948,1.2212,0.075265,0.906013,0.056577,0.183345
3949,0.557333,0.073754,0.27045,0.044487,0.168642
3950,0.727514,0.072033,0.41712,0.057334,0.181027
3951,0.417421,0.072132,0.14429,0.05294,0.148059
3952,0.77819,0.087083,0.417506,0.056976,0.216625
3953,0.391737,0.039072,0.153676,0.064492,0.134497
3954,0.543664,0.069584,0.226176,0.064927,0.182977
3955,0.429135,0.051876,0.159661,0.051171,0.166427
3956,0.503175,0.06856,0.14684,0.05545,0.232325
3957,0.372878,0.074794,0.14093,0.031747,0.125407
3958,0.521172,0.077103,0.17854,0.075507,0.190022
3959,0.470332,0.076776,0.182497,0.059459,0.1516
3960,0.399372,0.029998,0.149512,0.061123,0.158739
3961,0.364573,0.040127,0.18938,0.03052,0.104546
3962,0.402113,0.03052,0.189167,0.054637,0.127789
3963,0.342105,0.06825,0.130304,0.020465,0.123086
3964,0.609155,0.090834,0.279757,0.055266,0.183298
3965,0.459874,0.05238,0.230454,0.051349,0.125691
3966,0.487597,0.073289,0.160933,0.054733,0.198642
3967,0.509398,0.073984,0.216834,0.061305,0.157275
3968,0.46964,0.057517,0.208287,0.056203,0.147633
3969,0.399563,0.072471,0.19975,0.020398,0.106944
3970,0.489,0.076378,0.172153,0.055576,0.184893
3971,0.410469,0.048093,0.185474,0.065775,0.111127
3972,0.537731,0.07116,0.2304,0.055494,0.180677
3973,0.297984,0.030132,0.088382,0.051757,0.127713
3974,0.554691,0.040103,0.298483,0.054637,0.161468
3975,0.323968,0.034745,0.151207,0.019607,0.118409
3976,0.390084,0.03605,0.148901,0.065937,0.139196
3977,0.324384,0.053501,0.163513,0.020021,0.087349
3978,0.441256,0.067826,0.12554,0.065603,0.182287
3979,0.34249,0.053735,0.182636,0.018696,0.087423
3980,0.459977,0.063093,0.168077,0.073406,0.155401
3981,0.357228,0.033023,0.207484,0.018497,0.098224
3982,0.341987,0.033349,0.093666,0.055097,0.159875
3983,0.32258,0.039774,0.15691,0.025634,0.100262
3984,0.368317,0.031786,0.130674,0.05705,0.148807
3985,0.274713,0.03948,0.118275,0.019083,0.097875
3986,0.896025,0.03053,0.64028,0.058503,0.166712
3987,0.471417,0.032837,0.321169,0.01863,0.098781
3988,0.374646,0.035,0.132859,0.054877,0.15191
3989,0.395963,0.05305,0.22347,0.017737,0.101706
3990,0.490053,0.069997,0.18516,0.055127,0.179769
3991,0.303322,0.032632,0.154032,0.018911,0.097747
3992,0.33505,0.040707,0.084647,0.053973,0.155723
3993,0.288279,0.054279,0.117255,0.018574,0.098171
3994,0.601444,0.072867,0.287237,0.055607,0.185733
3995,0.591736,0.032641,0.436665,0.018079,0.104351
3996,0.463517,0.067837,0.15815,0.05496,0.18257
3997,0.37185,0.086667,0.16869,0.017969,0.098524
3998,0.508785,0.071841,0.19304,0.055083,0.188821
3999,0.268912,0.038054,0.116157,0.018547,0.096154
4000,0.452933,0.073784,0.133796,0.05484,0.190513
4001,0.279913,0.053085,0.111961,0.019,0.095867
4002,0.453654,0.057104,0.16482,0.05546,0.17627
4003,0.31271,0.044341,0.158342,0.018139,0.091888
4004,0.556538,0.0448,0.303588,0.05467,0.15348
4005,0.279168,0.032212,0.117431,0.018091,0.111434
4006,0.420726,0.035874,0.161471,0.071623,0.151758
4007,0.265644,0.030033,0.11237,0.019737,0.103504
4008,0.496065,0.036664,0.211097,0.054697,0.193607
4009,0.294692,0.030158,0.146018,0.017876,0.10064
4010,0.523781,0.03867,0.261305,0.054633,0.169173
4011,0.350462,0.030251,0.191388,0.017947,0.110876
4012,0.445554,0.031283,0.190335,0.05456,0.169376
4013,0.395946,0.053628,0.212864,0.017003,0.112451
4014,0.639869,0.068336,0.345383,0.07707,0.14908
4015,0.34302,0.077557,0.127813,0.021427,0.116223
4016,0.45764,0.071897,0.134243,0.054903,0.196597
4017,0.37996,0.052022,0.182293,0.032186,0.113459
4018,0.520463,0.068909,0.204076,0.065783,0.181695
4019,0.391626,0.077437,0.18129,0.018043,0.114856
4020,0.530116,0.074552,0.219957,0.055174,0.180433
4021,0.304593,0.033361,0.145529,0.021174,0.104529
4022,0.504185,0.052407,0.232703,0.054683,0.164392
4023,0.283319,0.033256,0.13431,0.018048,0.097705
4024,0.477077,0.070862,0.147073,0.063977,0.195165
4025,0.514125,0.075607,0.292983,0.017341,0.128194
4026,0.52992,0.072952,0.19826,0.0647,0.194008
4027,0.388929,0.072247,0.183313,0.017655,0.115714
4028,0.37702,0.029386,0.126182,0.05494,0.166512
4029,0.305565,0.04021,0.128687,0.025174,0.111494
4030,0.441485,0.030169,0.171167,0.055147,0.185002
4031,0.308165,0.040396,0.129555,0.030237,0.107977
4032,0.438127,0.029422,0.191776,0.05434,0.162589
4033,0.327084,0.04303,0.16927,0.019336,0.095448
4034,0.447432,0.038204,0.194488,0.055047,0.159693
4035,0.302003,0.032863,0.150776,0.018471,0.099893
4036,0.566963,0.03979,0.293059,0.0706,0.163514
4037,0.525059,0.03049,0.374018,0.018708,0.101843
4038,0.397058,0.037327,0.1206,0.068716,0.170415
4039,0.369537,0.076232,0.161473,0.017797,0.114035
4040,0.48221,0.031079,0.23507,0.054914,0.161147
4041,0.266461,0.043623,0.111485,0.018033,0.09332
4042,0.841786,0.07355,0.519903,0.057653,0.19068
4043,0.474171,0.07723,0.252546,0.019062,0.125333
4044,0.42918,0.074647,0.122447,0.05509,0.176996
4045,0.318125,0.052985,0.160046,0.018056,0.087038
4046,0.451863,0.072916,0.14623,0.0554,0.177317
4047,0.31158,0.030075,0.159568,0.018433,0.103504
4048,0.383105,0.04116,0.118947,0.055133,0.167865
4049,0.301774,0.03709,0.149336,0.018429,0.096919
4050,0.472759,0.032057,0.200712,0.074553,0.165437
4051,0.271618,0.03181,0.097143,0.01902,0.123645
4052,0.394408,0.067764,0.111582,0.054717,0.160345
4053,0.454047,0.052046,0.292021,0.018817,0.091163
4054,0.545505,0.075398,0.233737,0.05799,0.17838
4055,0.395246,0.055221,0.221001,0.018027,0.100997
4056,0.568904,0.0726,0.26553,0.055566,0.175208
4057,0.368877,0.050944,0.20059,0.018501,0.098842
4058,0.436701,0.073396,0.14312,0.05493,0.165255
4059,0.255786,0.033566,0.09952,0.018566,0.104134
4060,0.40377,0.04408,0.140103,0.057453,0.162134
4061,0.366971,0.034386,0.214016,0.018739,0.09983
4062,0.317998,0.039256,0.09707,0.05388,0.127792
4063,0.344682,0.051211,0.182265,0.018514,0.092692
4064,0.457575,0.040896,0.19897,0.055233,0.162476
4065,0.263346,0.031369,0.113138,0.018672,0.100167
4066,0.401374,0.03253,0.141166,0.054807,0.172871
4067,0.311782,0.035789,0.155197,0.021039,0.099757
4068,0.502346,0.072256,0.198843,0.055653,0.175594
4069,0.296653,0.03175,0.146429,0.02059,0.097884
4070,0.421981,0.069979,0.11781,0.054683,0.179509
4071,0.72663,0.086826,0.519497,0.018784,0.101523
4072,0.635921,0.031429,0.3689,0.05448,0.181112
4073,0.3179,0.051204,0.159283,0.018193,0.08922
4074,0.454201,0.045299,0.19091,0.05543,0.162562
4075,0.480738,0.071107,0.16946,0.051134,0.189037
4076,0.483481,0.073957,0.179847,0.054826,0.174851
4077,0.488866,0.074707,0.24151,0.031115,0.141534
4078,0.499026,0.073699,0.19099,0.055343,0.178994
4079,0.325276,0.032517,0.109989,0.051349,0.131421
4080,0.525498,0.036497,0.265691,0.07154,0.15177
4081,0.301713,0.031722,0.146437,0.020818,0.102736
4082,0.434472,0.04157,0.180046,0.054663,0.158193
4083,0.30969,0.032006,0.154732,0.018717,0.104235
4084,0.518047,0.067345,0.200124,0.0555,0.195078
4085,0.312268,0.032709,0.162328,0.018416,0.098815
4086,0.446042,0.070735,0.142057,0.055056,0.178194
4087,0.261112,0.03146,0.109325,0.017978,0.102349
4088,0.409854,0.042053,0.157337,0.054926,0.155538
4089,0.35663,0.03213,0.203568,0.018595,0.102337
4090,0.427868,0.036476,0.154288,0.064043,0.173061
4091,0.355869,0.075837,0.149781,0.018095,0.112156
4092,0.440694,0.07177,0.1355,0.054717,0.178707
4093,0.278368,0.031161,0.129434,0.017708,0.100065
4094,0.406275,0.0389,0.151656,0.055614,0.160105
4095,0.453599,0.037117,0.263962,0.018365,0.134155
4096,0.496087,0.036297,0.128768,0.05511,0.275912
4097,0.446261,0.042617,0.195175,0.051414,0.157055
4098,0.524297,0.073434,0.203864,0.066903,0.180096
4099,0.55444,0.074341,0.25746,0.078656,0.143983
4100,0.459823,0.070747,0.138693,0.055796,0.194587
4101,0.352295,0.031487,0.181104,0.03081,0.108894
4102,0.368184,0.046564,0.10831,0.055627,0.157683
4103,0.303385,0.030426,0.141416,0.019421,0.112122
4104,0.60994,0.04188,0.34018,0.054817,0.173063
4105,0.348655,0.076324,0.137436,0.018766,0.116129
4106,0.546359,0.071498,0.20001,0.068533,0.206318
4107,0.469423,0.075022,0.196913,0.051135,0.146353
4108,0.69365,0.07416,0.388457,0.056527,0.174506
4109,0.537291,0.071915,0.26199,0.061309,0.142077
4110,0.536522,0.08868,0.193003,0.064307,0.190532
4111,0.761633,0.073825,0.462904,0.052752,0.172152
4112,0.641909,0.083936,0.291024,0.056,0.210949
4113,0.450272,0.075012,0.20991,0.03027,0.13508
4114,0.465692,0.075755,0.145743,0.05555,0.188644
4115,0.465965,0.072303,0.184283,0.060769,0.14861
4116,0.31573,0.031963,0.102084,0.053973,0.12771
4117,0.478342,0.067436,0.237073,0.030469,0.143364
4118,0.593356,0.051682,0.281955,0.05418,0.205539
4119,0.498572,0.068305,0.20925,0.052128,0.168889
4120,0.535284,0.073411,0.208887,0.07296,0.180026
4121,0.556173,0.033931,0.29598,0.060664,0.165598
4122,0.393953,0.068738,0.11567,0.054353,0.155192
4123,0.57077,0.052411,0.377637,0.03073,0.109992
4124,0.460578,0.072687,0.15454,0.055476,0.177875
4125,0.403429,0.050654,0.232581,0.019677,0.100517
4126,0.444471,0.069164,0.13948,0.055164,0.180663
4127,0.440473,0.084852,0.2355,0.018494,0.101627
4128,0.647735,0.078537,0.33788,0.056856,0.174462
4129,0.325261,0.046294,0.155983,0.02067,0.102314
4130,0.564024,0.03298,0.320101,0.055894,0.155049
4131,0.35732,0.042584,0.203544,0.018694,0.092498
4132,0.440053,0.034863,0.190124,0.05517,0.159896
4133,0.274879,0.041527,0.115919,0.018494,0.098939
4134,0.428092,0.045884,0.17714,0.05468,0.150388
4135,0.452722,0.032443,0.302505,0.017893,0.099881
4136,0.498985,0.071681,0.18278,0.054693,0.189831
4137,0.293156,0.033121,0.132684,0.018887,0.108464
4138,0.459024,0.072229,0.152047,0.05733,0.177418
4139,0.3234,0.053973,0.149324,0.018049,0.102054
4140,0.452586,0.073524,0.14467,0.05767,0.176722
4141,0.331539,0.083211,0.124177,0.017929,0.106222
4142,0.409046,0.052385,0.105499,0.05432,0.196842
4143,0.33294,0.063837,0.150783,0.018034,0.100286
4144,0.399306,0.032089,0.132985,0.068296,0.165936
4145,0.312623,0.041716,0.145377,0.018556,0.106974
4146,0.426735,0.029854,0.18024,0.055053,0.161588
4147,0.382148,0.037347,0.174629,0.046871,0.123301
4148,0.57563,0.075939,0.270887,0.05527,0.173534
4149,0.342815,0.054082,0.120854,0.051486,0.116393
4150,0.441662,0.038389,0.18255,0.05554,0.165183
4151,0.398596,0.031779,0.235027,0.020109,0.111681
4152,0.388114,0.054867,0.148,0.055296,0.129951
4153,0.424285,0.053754,0.250671,0.019309,0.100551
4154,0.475035,0.073158,0.169354,0.05523,0.177293
4155,0.26142,0.052439,0.101789,0.018597,0.088595
4156,0.446494,0.072411,0.1399,0.0547,0.179483
4157,0.334043,0.048394,0.179342,0.018538,0.087769
4158,0.42193,0.035462,0.15445,0.055667,0.176351
4159,0.378356,0.02963,0.220621,0.018373,0.109732
4160,0.3709,0.041133,0.146152,0.05546,0.128155
4161,0.450802,0.032443,0.297669,0.0186,0.10209
4162,0.475999,0.075162,0.17106,0.05484,0.174937
4163,0.317765,0.053831,0.159372,0.019042,0.08552
4164,0.571455,0.071802,0.264763,0.054537,0.180353
4165,0.367305,0.052232,0.185688,0.017868,0.111517
4166,0.535625,0.075788,0.197037,0.083113,0.179687
4167,0.41234,0.074682,0.197826,0.018838,0.120994
4168,0.690102,0.087386,0.35328,0.054584,0.194852
4169,0.249252,0.034369,0.090006,0.02955,0.095327
4170,0.53189,0.031884,0.275493,0.054977,0.169536
4171,0.25883,0.042286,0.097862,0.018884,0.099798
4172,0.446127,0.032082,0.182332,0.055474,0.176239
4173,0.447203,0.04332,0.290224,0.018027,0.095632
4174,0.367632,0.029658,0.105318,0.070173,0.162483
4175,0.256324,0.04019,0.093795,0.018274,0.104065
4176,0.502572,0.074881,0.171343,0.068664,0.187684
4177,0.389683,0.071665,0.181443,0.017951,0.118624
4178,0.460997,0.075473,0.154266,0.055,0.176258
4179,0.4193,0.031961,0.265094,0.018308,0.103937
4180,0.363547,0.038614,0.113369,0.054727,0.156837
4181,0.45156,0.0403,0.297113,0.01818,0.095967
4182,0.548618,0.029337,0.320144,0.054983,0.144154
4183,0.374036,0.069534,0.165476,0.018144,0.120882
4184,0.489911,0.073489,0.151546,0.05528,0.209596
4185,0.333368,0.07614,0.125137,0.018034,0.114057
4186,0.380822,0.037845,0.123693,0.055037,0.164247
4187,0.369695,0.032073,0.222883,0.018153,0.096586
4188,0.369291,0.030565,0.103107,0.054996,0.180623
4189,0.696429,0.04006,0.53489,0.018888,0.102591
4190,0.422141,0.031588,0.186498,0.054027,0.150028
4191,0.558633,0.073072,0.249387,0.063291,0.172883
4192,0.637524,0.071778,0.333424,0.05541,0.176912
4193,0.428979,0.075297,0.197574,0.030333,0.125775
4194,0.615448,0.076368,0.27129,0.055587,0.212203
4195,0.452074,0.07171,0.22542,0.019037,0.135907
4196,0.394072,0.032909,0.135265,0.065154,0.160744
4197,0.433057,0.070829,0.20161,0.030895,0.129723
4198,0.797377,0.067178,0.483282,0.055523,0.191394
4199,0.423623,0.070315,0.18694,0.030378,0.13599
4200,0.520131,0.08398,0.1892,0.055646,0.191305
4201,0.435585,0.074497,0.200813,0.031563,0.128712
4202,0.769663,0.09037,0.406717,0.065116,0.20746
4203,0.281273,0.036045,0.115358,0.020713,0.109157
4204,0.364744,0.037353,0.11934,0.05507,0.152981
4205,0.373,0.04391,0.175198,0.031997,0.121895
4206,0.50405,0.075435,0.173433,0.075763,0.179419
4207,0.484361,0.045678,0.254619,0.051587,0.132477
4208,0.50668,0.07156,0.17071,0.056633,0.207777
4209,0.346845,0.054456,0.153964,0.031171,0.107254
4210,0.483511,0.072277,0.167624,0.057546,0.186064
4211,0.414556,0.053651,0.178057,0.061688,0.12116
4212,0.465386,0.070721,0.12149,0.054627,0.218548
4213,0.460525,0.071395,0.22779,0.031474,0.129866
4214,0.45813,0.031946,0.209741,0.0548,0.161643
4215,0.355334,0.043767,0.162171,0.035835,0.113561
4216,0.399683,0.03029,0.182857,0.055717,0.130819
4217,0.343196,0.040043,0.174867,0.022641,0.105645
4218,0.375046,0.031426,0.125047,0.05723,0.161343
4219,0.3167,0.030747,0.167909,0.019173,0.098871
4220,0.50132,0.075678,0.192507,0.055783,0.177352
4221,0.48192,0.053742,0.321915,0.018647,0.087616
4222,0.393926,0.041768,0.13672,0.05458,0.160858
4223,0.314828,0.05257,0.155028,0.017825,0.089405
4224,0.46762,0.089593,0.168716,0.055104,0.154207
4225,0.253791,0.031826,0.094958,0.01849,0.108517
4226,0.385371,0.043146,0.139471,0.054376,0.148378
4227,0.436304,0.033873,0.288271,0.01877,0.09539
4228,0.443755,0.032426,0.193549,0.057043,0.160737
4229,0.310313,0.05254,0.151101,0.018152,0.08852
4230,0.487694,0.07269,0.180394,0.056867,0.177743
4231,0.411014,0.089669,0.190684,0.01794,0.112721
4232,0.487666,0.031471,0.21835,0.054734,0.183111
4233,0.462462,0.066012,0.181236,0.051784,0.16343
4234,0.473435,0.076022,0.168077,0.05459,0.174746
4235,0.480706,0.077985,0.246073,0.031589,0.125059
4236,0.535779,0.071066,0.201294,0.072884,0.190535
4237,0.455547,0.032855,0.22418,0.051017,0.147495
4238,0.464302,0.068079,0.14066,0.054874,0.200689
4239,0.640908,0.042666,0.475736,0.027534,0.094972
4240,0.459054,0.074518,0.153133,0.054984,0.176419
4241,0.306316,0.05451,0.145924,0.018955,0.086927
4242,0.448143,0.069789,0.143663,0.05518,0.179511
4243,0.33876,0.074038,0.12899,0.018539,0.117193
4244,0.976873,0.073687,0.654977,0.067346,0.180863
4245,0.295837,0.032229,0.138807,0.018664,0.106137
4246,0.417917,0.04291,0.163722,0.05509,0.156195
4247,0.278379,0.03929,0.131474,0.017805,0.08981
4248,0.378662,0.030609,0.132765,0.057687,0.157601
4249,0.35468,0.04581,0.185119,0.017853,0.105898
4250,0.401894,0.029194,0.157317,0.05439,0.160993
4251,0.316146,0.05314,0.157387,0.017773,0.087846
4252,0.356326,0.029213,0.110649,0.054977,0.161487
4253,0.281885,0.035454,0.11448,0.019143,0.112808
4254,0.499504,0.048685,0.213012,0.055026,0.182781
4255,0.376705,0.072804,0.165037,0.017861,0.121003
4256,0.54615,0.074075,0.240527,0.056957,0.174591
4257,0.454296,0.07204,0.24705,0.017781,0.117425
4258,0.472605,0.07875,0.132086,0.055736,0.206033
4259,0.402829,0.071755,0.195387,0.017649,0.118038
4260,0.546159,0.032109,0.332282,0.055056,0.126712
4261,0.431831,0.04644,0.230813,0.030632,0.123946
4262,0.41039,0.031909,0.16418,0.05543,0.158871
4263,0.397843,0.037853,0.20635,0.045205,0.108435
4264,0.451959,0.075473,0.143163,0.055457,0.177866
4265,0.355748,0.031245,0.192049,0.019656,0.112798
4266,0.380691,0.034366,0.138559,0.054807,0.152959
4267,0.293661,0.036296,0.121269,0.01797,0.118126
4268,0.662991,0.119546,0.204247,0.073607,0.265591
4269,0.697253,0.080129,0.383498,0.018901,0.214725
4270,0.47022,0.059447,0.256828,0.01846,0.135485
4271,0.57448,0.041032,0.224985,0.065597,0.242866
4272,0.466315,0.06971,0.160726,0.032646,0.203233
4273,0.59793,0.043575,0.22186,0.089202,0.243293
4274,0.521358,0.064092,0.188835,0.031861,0.23657
4275,0.512915,0.043641,0.207781,0.073718,0.187775
4276,0.49755,0.040868,0.205251,0.032898,0.218533
4277,0.774953,0.032215,0.499896,0.075829,0.167013
4278,0.48783,0.046146,0.257926,0.029047,0.154711
4279,0.46602,0.05125,0.183005,0.058359,0.173406
4280,0.412793,0.051285,0.148335,0.027677,0.185496
4281,0.508506,0.049678,0.203227,0.073289,0.182312
4282,0.388376,0.04041,0.144277,0.028068,0.175621
4283,0.33817,0.036749,0.14651,0.020342,0.134569
4284,0.308865,0.045744,0.100847,0.020726,0.141548
4285,0.39499,0.041927,0.18984,0.031394,0.131829
4286,0.379455,0.044405,0.155278,0.020252,0.15952
4287,0.3089,0.041488,0.125445,0.018847,0.12312
4288,0.30364,0.045214,0.11308,0.020833,0.124513
4289,0.320349,0.040616,0.130436,0.018626,0.130671
4290,0.425005,0.043619,0.168008,0.032856,0.180522
4291,0.738717,0.038075,0.521727,0.04599,0.132925
4292,0.45188,0.037216,0.248215,0.028598,0.137851
4293,0.469583,0.038162,0.255177,0.046763,0.129481
4294,0.377643,0.04085,0.172105,0.027953,0.136735
4295,0.580458,0.038589,0.366317,0.046078,0.129474
4296,0.354495,0.04998,0.133395,0.027878,0.143242
4297,0.334245,0.038894,0.149934,0.018562,0.126855
4298,0.356733,0.041985,0.175184,0.01707,0.122494
4299,0.30419,0.043903,0.102121,0.019659,0.138507
4300,0.500273,0.041994,0.260711,0.03342,0.164148
4301,0.423263,0.038154,0.203666,0.046049,0.135394
4302,0.45956,0.044377,0.195604,0.03296,0.186619
4303,1.06996,0.039149,0.777416,0.076634,0.176763
4304,0.38834,0.03502,0.17359,0.027959,0.151771
4305,0.458562,0.037694,0.229284,0.048268,0.143316
4306,0.518258,0.069846,0.196939,0.042736,0.208737
4307,0.583277,0.035431,0.270552,0.074331,0.202963
4308,0.458587,0.041279,0.181279,0.03259,0.203439
4309,0.45878,0.032483,0.19868,0.070726,0.156891
4310,0.512627,0.037905,0.25413,0.032809,0.187783
4311,0.457412,0.041777,0.200402,0.058795,0.156438
4312,0.465415,0.046073,0.212659,0.033355,0.173328
4313,0.431547,0.039889,0.168577,0.05863,0.164451
4314,0.500348,0.036283,0.22177,0.031981,0.210314
4315,0.422205,0.034661,0.15442,0.073491,0.159633
4316,0.4589,0.039784,0.190007,0.03183,0.197279
4317,0.395393,0.031549,0.188737,0.031683,0.143424
4318,0.581814,0.045432,0.333468,0.031807,0.171107
4319,0.361616,0.036859,0.113942,0.052371,0.158444
4320,0.522185,0.042758,0.266986,0.031815,0.180626
4321,0.30505,0.042154,0.10998,0.020243,0.132673
4322,0.567783,0.0375,0.357557,0.021168,0.151558
4323,0.268663,0.04432,0.086696,0.01779,0.119857
4324,0.331775,0.042218,0.115577,0.017172,0.156808
4325,0.50553,0.045792,0.220554,0.073653,0.165531
4326,0.397792,0.038717,0.150302,0.028057,0.180716
4327,0.42578,0.039043,0.181861,0.058539,0.146337
4328,0.470773,0.034805,0.211737,0.032172,0.192059
4329,0.332761,0.033737,0.146106,0.020684,0.132234
4330,0.356986,0.042569,0.148656,0.02112,0.144641
4331,0.465012,0.041474,0.156013,0.096722,0.170803
4332,0.47535,0.041337,0.198861,0.031553,0.203599
4333,0.3289,0.031695,0.117122,0.031279,0.148804
4334,0.481876,0.055372,0.184591,0.031748,0.210165
4335,0.431628,0.036769,0.191508,0.057987,0.145364
4336,0.343722,0.041728,0.131644,0.02729,0.14306
4337,0.329955,0.035703,0.1427,0.020591,0.130961
4338,0.47281,0.0399,0.180607,0.03182,0.220483
4339,0.489087,0.042382,0.266174,0.046825,0.133706
4340,0.44608,0.035073,0.171299,0.03183,0.207878
4341,0.547347,0.039462,0.273276,0.074862,0.159747
4342,0.441777,0.039615,0.184037,0.03172,0.186405
4343,0.348993,0.034727,0.133206,0.036423,0.144637
4344,0.353182,0.040328,0.127824,0.020238,0.164792
4345,0.810743,0.05688,0.518004,0.074083,0.161776
4346,0.445688,0.035926,0.181367,0.031867,0.196528
4347,0.335064,0.037155,0.143599,0.021395,0.132915
4348,0.464382,0.045045,0.230622,0.03276,0.155955
4349,0.34924,0.037205,0.157483,0.022921,0.131631
4350,0.335978,0.041336,0.128596,0.019502,0.146544
4351,0.518552,0.0562,0.312093,0.020338,0.129921
4352,0.396118,0.04396,0.18449,0.020485,0.147183
4353,0.47088,0.043552,0.246567,0.031608,0.149153
4354,0.42518,0.041468,0.181207,0.033075,0.16943
4355,0.451292,0.038812,0.149281,0.095158,0.168041
4356,0.382862,0.036414,0.169231,0.028098,0.149119
4357,0.38122,0.037656,0.119186,0.051549,0.172829
4358,0.421726,0.04204,0.159106,0.032987,0.187593
4359,0.399992,0.039054,0.140724,0.071521,0.148693
4360,0.40462,0.036406,0.176433,0.029237,0.162544
4361,0.4016,0.037056,0.156649,0.051118,0.156777
4362,0.51928,0.043548,0.32804,0.021185,0.126507
4363,0.442113,0.041151,0.22981,0.047925,0.123227
4364,0.439164,0.048343,0.21991,0.029284,0.141627
4365,0.473702,0.038139,0.25613,0.046785,0.132648
4366,0.505637,0.04283,0.261026,0.033017,0.168764
4367,1.17649,0.036212,0.959423,0.04672,0.134137
4368,0.456353,0.036481,0.19847,0.033004,0.188398
4369,0.32716,0.033845,0.141483,0.01876,0.133072
4370,0.335087,0.042336,0.140707,0.023579,0.128465
4371,0.584405,0.0431,0.314503,0.073674,0.153128
4372,0.365304,0.043635,0.148008,0.027735,0.145926
4373,0.370897,0.03869,0.158066,0.031675,0.142466
4374,0.361455,0.04161,0.164815,0.018101,0.136929
4375,0.383842,0.044179,0.108618,0.079744,0.151301
4376,0.489964,0.045096,0.256478,0.039171,0.149219
4377,0.334755,0.036196,0.120658,0.020729,0.157172
4378,0.361346,0.041723,0.18017,0.017148,0.122305
4379,0.475827,0.045293,0.292363,0.022484,0.115687
4380,0.52773,0.041094,0.275593,0.033167,0.177876
4381,0.350352,0.038034,0.145457,0.01945,0.147411
4382,0.302685,0.038149,0.10975,0.017618,0.137168
4383,0.29932,0.041256,0.116239,0.01795,0.123875
4384,0.35746,0.053736,0.155407,0.018249,0.130068
4385,0.399177,0.044404,0.21281,0.018961,0.123002
4386,0.324083,0.04179,0.141072,0.016627,0.124594
4387,0.504417,0.04461,0.32231,0.018171,0.119326
4388,0.296702,0.044247,0.109967,0.019444,0.123044
4389,0.371995,0.042366,0.191257,0.018119,0.120253
4390,0.31512,0.042825,0.126252,0.019058,0.126985
4391,0.39958,0.04417,0.19456,0.041535,0.119315
4392,0.47061,0.043433,0.282635,0.020295,0.124247
4393,0.300102,0.043677,0.119172,0.017942,0.119311
4394,0.350192,0.043732,0.141147,0.020207,0.145106
4395,0.328343,0.041264,0.123002,0.018687,0.14539
4396,0.303217,0.042676,0.11673,0.019568,0.124243
4397,0.557065,0.044086,0.374489,0.017773,0.120717
4398,0.460088,0.044634,0.258667,0.019058,0.137729
4399,0.394295,0.041637,0.14803,0.065314,0.139314
4400,0.372495,0.038376,0.163489,0.027294,0.143336
4401,0.314537,0.040604,0.122472,0.017839,0.133622
4402,0.320978,0.04492,0.105707,0.020819,0.149532
4403,0.458008,0.042108,0.273907,0.018218,0.123775
4404,0.291445,0.045578,0.098066,0.020314,0.127487
4405,0.290495,0.041559,0.112127,0.017646,0.119163
4406,0.349707,0.045339,0.148119,0.017349,0.1389
4407,0.35585,0.042207,0.157701,0.01831,0.137632
4408,0.354912,0.046609,0.161234,0.01972,0.127349
4409,0.435673,0.041667,0.194059,0.079419,0.120528
4410,0.583555,0.036977,0.3309,0.038096,0.177582
4411,0.494593,0.035997,0.261343,0.046335,0.150918
4412,0.303592,0.045176,0.099177,0.026647,0.132592
4413,0.382718,0.037047,0.171415,0.018583,0.155673
4414,0.563287,0.041337,0.303849,0.031777,0.186324
4415,0.56268,0.042087,0.371459,0.018618,0.130516
4416,0.302705,0.041943,0.120957,0.017277,0.122528
4417,0.31384,0.044674,0.130082,0.017911,0.121173
4418,0.44181,0.042061,0.185787,0.031795,0.182167
4419,0.457037,0.039288,0.177428,0.074,0.166321
4420,0.327048,0.062715,0.104252,0.02766,0.132421
4421,0.502803,0.037845,0.233384,0.091604,0.13997
4422,0.469472,0.040283,0.182867,0.04232,0.204002
4423,0.565584,0.037166,0.288754,0.074383,0.165281
4424,0.581883,0.04182,0.306717,0.032995,0.200351
4425,0.652307,0.035412,0.334564,0.091866,0.190465
4426,0.370182,0.054711,0.130351,0.033674,0.151446
4427,0.491625,0.03911,0.2663,0.04894,0.137275
4428,0.400172,0.036688,0.185017,0.02784,0.150627
4429,0.970842,0.036297,0.723381,0.051692,0.159472
4430,0.371458,0.043705,0.161118,0.020824,0.145811
4431,0.653482,0.044336,0.39785,0.058843,0.152453
4432,0.404836,0.048043,0.144542,0.028475,0.183776
4433,0.49248,0.052251,0.20288,0.051059,0.18629
4434,0.469726,0.045865,0.25221,0.021328,0.150323
4435,0.39144,0.044992,0.198558,0.01956,0.12833
4436,0.30048,0.045787,0.100769,0.019752,0.134172
4437,0.420418,0.040535,0.239478,0.018132,0.122273
4438,0.33141,0.045225,0.142314,0.017052,0.126819
4439,0.373565,0.041782,0.18712,0.0206,0.124063
4440,0.360973,0.045317,0.158627,0.019604,0.137425
4441,0.447078,0.041403,0.261041,0.018371,0.126263
4442,0.410755,0.045051,0.199964,0.020557,0.145183
4443,0.470075,0.04004,0.259074,0.045666,0.125295
4444,0.360042,0.048286,0.134841,0.027998,0.148917
4445,0.474972,0.036447,0.291567,0.019241,0.127717
4446,0.35424,0.0425,0.170029,0.017784,0.123927
4447,0.339948,0.04384,0.14813,0.01843,0.129548
4448,0.308723,0.041954,0.126901,0.019397,0.120471
4449,0.383563,0.042174,0.197181,0.018938,0.12527
4450,0.44138,0.045277,0.229769,0.021897,0.144437
4451,0.35993,0.04307,0.170831,0.018508,0.127521
4452,0.29367,0.041231,0.109477,0.019522,0.12344
4453,0.379315,0.041992,0.173958,0.025946,0.137419
4454,0.4129,0.039802,0.2217,0.01812,0.133278
4455,0.383122,0.044544,0.156459,0.060397,0.121722
4456,0.350712,0.036316,0.137296,0.03422,0.14288
4457,0.315548,0.037699,0.128074,0.018903,0.130872
4458,0.484392,0.041046,0.299316,0.017298,0.126732
4459,0.482696,0.043992,0.296281,0.018635,0.123788
4460,0.524764,0.040996,0.281519,0.032706,0.169543
4461,0.67674,0.038411,0.451041,0.048493,0.138795
4462,0.355524,0.044526,0.132473,0.028553,0.149972
4463,0.33877,0.041393,0.146866,0.023814,0.126697
4464,0.338175,0.040377,0.120557,0.03363,0.143611
4465,0.381422,0.04114,0.203319,0.01761,0.119353
4466,0.393504,0.044922,0.20463,0.019378,0.124574
4467,0.41524,0.045833,0.179823,0.018283,0.171301
4468,0.385998,0.045907,0.164532,0.019084,0.156475
4469,0.557882,0.04189,0.311017,0.051397,0.153578
4470,0.390516,0.04294,0.187976,0.020854,0.138746
4471,0.636568,0.046042,0.39782,0.052187,0.140519
4472,0.342633,0.036919,0.138415,0.026916,0.140383
4473,0.851973,0.040378,0.605006,0.058936,0.147653
4474,0.38821,0.041722,0.159976,0.027215,0.159297
4475,0.397982,0.03632,0.133798,0.073252,0.154612
4476,0.587325,0.036587,0.297397,0.031245,0.222096
4477,0.449832,0.056533,0.18743,0.046724,0.159145
4478,0.56194,0.039993,0.245636,0.046444,0.229867
4479,0.519654,0.047184,0.280899,0.047083,0.144488
4480,0.521908,0.053833,0.250568,0.031831,0.185676
4481,0.720228,0.039221,0.44228,0.073655,0.165072
4482,0.454852,0.036027,0.1942,0.031757,0.192868
4483,0.409073,0.040955,0.149627,0.080636,0.137855
4484,0.333715,0.033574,0.124683,0.026945,0.148513
4485,0.419128,0.039158,0.147605,0.074371,0.157994
4486,0.457965,0.040581,0.18978,0.03172,0.195884
4487,0.53058,0.041616,0.263262,0.047096,0.178606
4488,1.37218,0.081915,1.1049,0.03161,0.15376
4489,0.47762,0.039707,0.199368,0.073434,0.165111
4490,0.477513,0.039129,0.21956,0.032498,0.186326
4491,0.423725,0.037965,0.155274,0.077471,0.153015
4492,0.503773,0.056896,0.194781,0.042967,0.209129
4493,0.53153,0.036737,0.260977,0.073485,0.160331
4494,0.349107,0.07225,0.101149,0.03036,0.145348
4495,0.407498,0.044025,0.157739,0.068861,0.136873
4496,0.419426,0.04245,0.202387,0.028843,0.145746
4497,0.411328,0.039026,0.194029,0.049442,0.128831
4498,0.365099,0.045435,0.143769,0.028217,0.147678
4499,0.3955,0.039575,0.149615,0.051397,0.154913
4500,0.411795,0.042251,0.167244,0.033096,0.169204
4501,0.76469,0.038949,0.489039,0.079338,0.157364
4502,0.38016,0.043395,0.151294,0.038585,0.146886
4503,0.570555,0.037811,0.289227,0.062601,0.180916
4504,0.574165,0.053592,0.288497,0.0331,0.198976
4505,0.544885,0.034989,0.255822,0.058895,0.195179
4506,0.38608,0.03548,0.174079,0.02794,0.148581
4507,0.77376,0.038987,0.501757,0.075536,0.15748
4508,0.404415,0.036598,0.19304,0.033956,0.140821
4509,0.440633,0.036121,0.199652,0.05562,0.14924
4510,0.391333,0.046432,0.161092,0.027724,0.156085
4511,0.429125,0.037209,0.187904,0.058851,0.145161
4512,0.410726,0.046955,0.172704,0.02796,0.163107
4513,0.418503,0.039535,0.14116,0.073865,0.163943
4514,0.36857,0.036373,0.158904,0.02776,0.145533
4515,0.413134,0.037966,0.182564,0.04518,0.147424
4516,0.394565,0.041896,0.167467,0.028293,0.156909
4517,0.45578,0.039398,0.178744,0.051451,0.186187
4518,0.460172,0.041157,0.269424,0.02243,0.127161
4519,0.410818,0.043571,0.122742,0.074043,0.170462
4520,0.410058,0.0401,0.171819,0.028418,0.169721
4521,0.465983,0.036032,0.193758,0.074011,0.162182
4522,0.35821,0.041876,0.132886,0.034467,0.148981
4523,0.34545,0.03682,0.142074,0.020941,0.145615
4524,0.438482,0.046097,0.189034,0.033273,0.170078
4525,0.296525,0.038319,0.10223,0.01915,0.136826
4526,0.34433,0.040077,0.161264,0.017613,0.125376
4527,0.36852,0.04174,0.158157,0.044736,0.123887
4528,0.34219,0.036778,0.13997,0.027725,0.137717
4529,0.468952,0.035288,0.267649,0.018967,0.147048
4530,0.347514,0.044733,0.16274,0.017752,0.122289
4531,0.303168,0.038741,0.11655,0.017818,0.130059
4532,0.461388,0.044231,0.268869,0.019857,0.128431
4533,0.338562,0.040761,0.160751,0.017672,0.119378
4534,0.812884,0.044706,0.552281,0.038195,0.177702
4535,0.339735,0.059489,0.150847,0.018234,0.111165
4536,0.398957,0.060443,0.161227,0.022972,0.154315
4537,0.340614,0.045552,0.152754,0.018458,0.12385
4538,0.432232,0.041632,0.177121,0.031971,0.181508
4539,0.46014,0.039052,0.243406,0.046982,0.1307
4540,0.581638,0.035959,0.339729,0.031627,0.174323
4541,0.316422,0.032668,0.10883,0.028813,0.146111
4542,0.487565,0.043155,0.221557,0.040061,0.182792
4543,0.4926,0.03919,0.221346,0.073528,0.158536
4544,0.51799,0.050853,0.237479,0.032045,0.197613
4545,0.435105,0.049123,0.177003,0.072771,0.136208
4546,0.549337,0.037922,0.312131,0.031913,0.167371
4547,0.323958,0.034893,0.137175,0.020382,0.131508
4548,0.344895,0.041702,0.138459,0.019191,0.145543
4549,0.529283,0.043211,0.314318,0.031705,0.140049
4550,0.530238,0.04294,0.290734,0.031936,0.164628
4551,0.39955,0.039118,0.159136,0.070772,0.130524
4552,0.33973,0.048582,0.12734,0.02798,0.135828
4553,0.32125,0.036441,0.135732,0.01787,0.131207
4554,0.307254,0.043703,0.104618,0.020799,0.138134
4555,0.269954,0.044149,0.085376,0.017496,0.122933
4556,0.393202,0.042481,0.179778,0.045232,0.125711
4557,0.418016,0.042375,0.235204,0.01858,0.121857
4558,0.29376,0.04178,0.109163,0.019678,0.123139
4559,0.34065,0.044021,0.151207,0.017478,0.127944
4560,0.51695,0.041881,0.318221,0.019941,0.136907
4561,0.395235,0.043763,0.182157,0.044554,0.124761
4562,0.338133,0.041397,0.10826,0.040509,0.147967
4563,0.358018,0.041303,0.162362,0.017404,0.136949
4564,0.515728,0.04936,0.30301,0.018191,0.145167
4565,0.457538,0.035744,0.212347,0.074266,0.135181
4566,0.455194,0.04296,0.24567,0.028984,0.13758
4567,0.543773,0.03267,0.349515,0.031865,0.129723
4568,0.501386,0.029317,0.313649,0.021338,0.137082
4569,0.509423,0.039228,0.23261,0.081132,0.156453
4570,0.535387,0.045947,0.303163,0.033304,0.152973
4571,0.29258,0.03665,0.114916,0.02117,0.119844
4572,0.4328,0.033304,0.195325,0.033359,0.170812
4573,0.443572,0.037801,0.232283,0.046485,0.127003
4574,0.426545,0.043737,0.189794,0.033182,0.159832
4575,0.43671,0.033165,0.194626,0.074344,0.134575
4576,0.88717,0.048094,0.675994,0.029998,0.133084
4577,0.359548,0.037326,0.169329,0.031496,0.121397
4578,0.599407,0.040608,0.365631,0.033119,0.160049
4579,0.32247,0.038163,0.145334,0.020511,0.118462
4580,0.52824,0.030774,0.253985,0.046712,0.196769
4581,0.34761,0.0528,0.158361,0.020167,0.116282
4582,0.3516,0.029917,0.155104,0.027087,0.139492
4583,0.318055,0.036096,0.153777,0.0191,0.109082
4584,0.384405,0.02867,0.187962,0.0217,0.146073
4585,0.405365,0.036417,0.2213,0.018601,0.129047
4586,0.320297,0.038735,0.155078,0.021513,0.104971
4587,0.464476,0.034037,0.264132,0.046573,0.119734
4588,0.366802,0.036953,0.173233,0.029164,0.127452
4589,0.293367,0.032363,0.111017,0.019553,0.130434
4590,0.334278,0.030899,0.169516,0.018571,0.115292
4591,0.324523,0.02845,0.148873,0.018816,0.128384
4592,0.29766,0.028396,0.129615,0.020614,0.119035
4593,0.27669,0.038123,0.11533,0.018149,0.105088
4594,0.369535,0.039684,0.194316,0.020483,0.115052
4595,0.28269,0.037043,0.094377,0.018939,0.132331
4596,0.280745,0.034513,0.113651,0.017236,0.115345
4597,0.725608,0.038975,0.53835,0.018126,0.130157
4598,0.299614,0.036928,0.130294,0.020503,0.111889
4599,0.316604,0.034448,0.15193,0.018876,0.11135
4600,0.437304,0.027677,0.213982,0.032739,0.162906
4601,0.278765,0.03409,0.115644,0.019017,0.110014
4602,0.48118,0.031161,0.26427,0.033227,0.152522
4603,0.313372,0.038396,0.139977,0.01848,0.116519
4604,0.3559,0.031705,0.192992,0.021407,0.109796
4605,0.380035,0.043094,0.179141,0.031773,0.126027
4606,0.781574,0.034542,0.486309,0.059,0.201723
4607,0.461053,0.045893,0.182973,0.079144,0.153043
4608,0.926775,0.039533,0.624091,0.038203,0.224948
4609,0.523635,0.041875,0.210084,0.058631,0.213045
4610,0.423052,0.050175,0.151536,0.029434,0.191907
4611,1.22164,0.054717,0.846256,0.090712,0.229959
4612,0.626459,0.048021,0.262149,0.031317,0.284972
4613,0.655732,0.049187,0.244741,0.06074,0.301064
4614,0.508895,0.051697,0.214944,0.034838,0.207416
4615,0.482284,0.035227,0.187219,0.073205,0.186633
4616,0.53031,0.036943,0.252189,0.037885,0.203293
4617,0.54241,0.035753,0.269018,0.073454,0.164185
4618,0.33518,0.05318,0.126156,0.028442,0.127402
4619,0.60971,0.038765,0.331671,0.073672,0.165602
4620,0.47628,0.036084,0.282998,0.02974,0.127458
4621,0.321997,0.043818,0.127884,0.03073,0.119565
4622,0.352227,0.028524,0.161854,0.020884,0.140965
4623,0.31016,0.03374,0.127594,0.019617,0.129209
4624,0.415953,0.03161,0.256114,0.019926,0.108303
4625,0.319667,0.02829,0.159668,0.017962,0.113747
4626,0.392767,0.027603,0.216457,0.019216,0.129491
4627,0.311016,0.036364,0.150909,0.017929,0.105814
4628,0.419296,0.035628,0.238596,0.02085,0.124222
4629,0.37723,0.028988,0.212326,0.019119,0.116797
4630,0.333968,0.036586,0.169941,0.021054,0.106387
4631,0.361442,0.028065,0.204906,0.017807,0.110664
4632,0.290342,0.033401,0.124937,0.024096,0.107908
4633,0.335318,0.028308,0.147582,0.017785,0.141643
4634,0.480356,0.035217,0.319268,0.01997,0.105901
4635,0.398103,0.037339,0.213622,0.019251,0.127891
4636,0.434266,0.037061,0.184544,0.033058,0.179603
4637,0.299948,0.038215,0.125109,0.019091,0.117533
4638,0.282174,0.030661,0.1094,0.021967,0.120146
4639,0.290216,0.028364,0.131691,0.018104,0.112057
4640,0.328813,0.027772,0.149591,0.020656,0.130794
4641,0.43377,0.028406,0.276916,0.01818,0.110268
4642,0.353,0.028673,0.189873,0.020461,0.113993
4643,0.365767,0.028707,0.196246,0.01892,0.121894
4644,0.34152,0.028113,0.18006,0.020718,0.112629
4645,1.17716,0.037098,1.01363,0.018674,0.107758
4646,0.352296,0.030045,0.179868,0.020735,0.121648
4647,0.43618,0.035936,0.253267,0.018323,0.128654
4648,0.325912,0.033413,0.165635,0.020221,0.106643
4649,0.339794,0.036759,0.171046,0.018383,0.113606
4650,0.304784,0.028346,0.140039,0.021365,0.115034
4651,0.408894,0.029389,0.233537,0.01876,0.127208
4652,0.338562,0.032417,0.173604,0.020514,0.112027
4653,0.349288,0.0387,0.167426,0.018472,0.12469
4654,0.32808,0.027871,0.163656,0.017851,0.118702
4655,0.247738,0.030159,0.086274,0.01814,0.113165
4656,0.31085,0.027411,0.147597,0.019844,0.115998
4657,0.349448,0.035753,0.182107,0.018094,0.113494
4658,0.349956,0.041038,0.175204,0.021686,0.112028
4659,0.286444,0.028915,0.120654,0.019766,0.117109
4660,0.398472,0.029606,0.232517,0.020748,0.115601
4661,0.417093,0.034453,0.256237,0.01961,0.106793
4662,0.475132,0.028809,0.254518,0.039289,0.152516
4663,0.285895,0.036499,0.115893,0.018625,0.114878
4664,0.507848,0.029745,0.27987,0.03418,0.164053
4665,0.315945,0.051285,0.126132,0.018925,0.119603
4666,0.56719,0.031542,0.355823,0.03281,0.147015
4667,0.323275,0.04982,0.147723,0.018477,0.107255
4668,0.469292,0.04511,0.274097,0.025298,0.124787
4669,0.486765,0.028945,0.239486,0.058598,0.159736
4670,0.349648,0.033553,0.165747,0.029729,0.120619
4671,0.449753,0.045919,0.200069,0.051477,0.152288
4672,0.343624,0.036843,0.151015,0.022054,0.133712
4673,0.31154,0.03446,0.151582,0.01984,0.105658
4674,0.50594,0.035935,0.319783,0.020714,0.129508
4675,0.345217,0.027563,0.184289,0.018556,0.114809
4676,0.64194,0.029401,0.410516,0.033097,0.168926
4677,0.278877,0.040603,0.118509,0.01836,0.101405
4678,0.304167,0.038753,0.109969,0.027148,0.128297
4679,0.34083,0.060205,0.116446,0.018832,0.145347
4680,0.416372,0.049053,0.228185,0.016911,0.122223
4681,0.697683,0.045661,0.173302,0.031969,0.446751
4682,0.452888,0.049757,0.210319,0.031867,0.160945
4683,0.446757,0.042224,0.235162,0.045232,0.124139
4684,0.546058,0.0412,0.28584,0.032204,0.186814
4685,0.555705,0.034189,0.299093,0.057864,0.164559
4686,0.588882,0.038594,0.339037,0.031869,0.179382
4687,0.805255,0.039302,0.52972,0.07756,0.158673
4688,0.493747,0.058504,0.240627,0.032032,0.162584
4689,0.498042,0.033196,0.255112,0.058354,0.15138
4690,0.418853,0.039464,0.178885,0.028842,0.171662
4691,0.4433,0.036981,0.189593,0.057847,0.158879
4692,0.347085,0.041788,0.134572,0.027125,0.1436
4693,0.295413,0.036324,0.111095,0.019236,0.128758
4694,0.39754,0.046375,0.20662,0.020831,0.123714
4695,0.324277,0.041758,0.138959,0.019735,0.123825
4696,0.411773,0.045001,0.223405,0.019845,0.123522
4697,0.429495,0.042444,0.246281,0.017657,0.123113
4698,0.297026,0.042573,0.099601,0.020036,0.134816
4699,0.34118,0.040981,0.157898,0.018436,0.123865
4700,0.350642,0.045893,0.142454,0.019369,0.142926
4701,0.374205,0.048288,0.184049,0.017692,0.124176
4702,0.287037,0.047008,0.094152,0.020555,0.125322
4703,0.365095,0.042345,0.15462,0.01756,0.15057
4704,0.631667,0.046313,0.435489,0.019135,0.13073
4705,0.343725,0.065524,0.126587,0.018729,0.132885
4706,0.324575,0.041477,0.099987,0.022257,0.160854
4707,0.438805,0.04262,0.197627,0.031573,0.166985
4708,0.434352,0.043376,0.238179,0.016925,0.135872
4709,0.512425,0.04325,0.267786,0.050726,0.150663
4710,0.363267,0.042257,0.168454,0.016557,0.135999
4711,0.474583,0.046477,0.246749,0.031627,0.14973
4712,0.305858,0.042604,0.107964,0.020563,0.134727
4713,0.357513,0.045351,0.169037,0.020639,0.122486
4714,0.334795,0.0429,0.130042,0.016544,0.145309
4715,0.32672,0.044653,0.145032,0.01806,0.118975
4716,0.556543,0.041543,0.315137,0.033021,0.166842
4717,0.411493,0.038447,0.182701,0.04664,0.143705
4718,0.516333,0.039902,0.256584,0.038412,0.181435
4719,0.342175,0.045942,0.142904,0.019435,0.133894
4720,0.384656,0.040502,0.181274,0.023666,0.139214
4721,0.43517,0.041601,0.180014,0.050808,0.162747
4722,0.522575,0.045291,0.317877,0.02108,0.138327
4723,0.478398,0.0427,0.200728,0.073709,0.161261
4724,0.546668,0.052676,0.288724,0.032863,0.172405
4725,0.345458,0.033704,0.15235,0.020884,0.13852
4726,0.456466,0.043029,0.216031,0.033056,0.16435
4727,0.472133,0.039243,0.187674,0.083307,0.161909
4728,0.350854,0.03524,0.14723,0.028174,0.14021
4729,0.839686,0.039339,0.621347,0.049381,0.129619
4730,0.388606,0.040471,0.173494,0.02814,0.146501
4731,0.499964,0.036893,0.287829,0.031789,0.143453
4732,0.438312,0.042499,0.244877,0.017402,0.133534
4733,0.520752,0.044037,0.227964,0.074699,0.174052
4734,0.45225,0.04227,0.193201,0.032765,0.184014
4735,0.458378,0.039523,0.179962,0.072688,0.166205
4736,0.36059,0.03995,0.134079,0.028347,0.158214
4737,0.525612,0.03597,0.312984,0.047329,0.129329
4738,0.600102,0.045633,0.35186,0.033248,0.169361
4739,0.42373,0.031689,0.14555,0.07364,0.172851
4740,0.475796,0.042783,0.213284,0.033381,0.186348
4741,0.350132,0.036114,0.126324,0.03702,0.150674
4742,0.467866,0.040691,0.210946,0.03325,0.182979
4743,0.36495,0.044107,0.103483,0.051866,0.165494
4744,0.34047,0.044463,0.148403,0.018506,0.129098
4745,0.395052,0.054516,0.17638,0.031679,0.132477
4746,0.302305,0.041869,0.120068,0.017233,0.123135
4747,0.348385,0.043973,0.162096,0.019109,0.123207
4748,0.329454,0.042152,0.133909,0.031635,0.121758
4749,0.464547,0.043302,0.244706,0.047504,0.129035
4750,0.426773,0.046662,0.197469,0.028424,0.154218
4751,0.321865,0.037434,0.130936,0.025097,0.128398
4752,0.48089,0.042446,0.24579,0.01772,0.174934
4753,0.277174,0.045741,0.094269,0.018431,0.118733
4754,0.391444,0.042018,0.208656,0.020197,0.120573
4755,0.428478,0.045632,0.230894,0.017978,0.133974
4756,0.310348,0.042002,0.125814,0.019807,0.122725
4757,0.381054,0.044634,0.193462,0.01784,0.125118
4758,0.31292,0.042199,0.134838,0.016843,0.11904
4759,0.372672,0.044279,0.164081,0.018123,0.146189
4760,0.328274,0.042617,0.125964,0.019971,0.139722
4761,0.467992,0.043584,0.27248,0.017732,0.134196
4762,0.320217,0.042822,0.13715,0.016195,0.12405
4763,0.31813,0.044504,0.135583,0.017742,0.120301
4764,0.307958,0.042547,0.122033,0.019525,0.123853
4765,0.338103,0.045298,0.15226,0.017932,0.122613
4766,0.74262,0.043524,0.523747,0.044349,0.131
4767,0.374795,0.04242,0.184048,0.018586,0.129741
4768,0.447886,0.045859,0.21129,0.032102,0.158635
4769,0.345914,0.036948,0.159653,0.021133,0.12818
4770,0.469217,0.041229,0.19623,0.031932,0.199826
4771,0.45697,0.03651,0.246693,0.045921,0.127846
4772,0.467795,0.042115,0.215893,0.031993,0.177794
4773,0.396563,0.032293,0.184979,0.018786,0.160505
4774,0.33514,0.043267,0.144673,0.01767,0.12953
4775,0.501716,0.046578,0.287556,0.049603,0.117979
4776,0.496876,0.060458,0.254578,0.03181,0.15003
4777,0.35361,0.03499,0.104503,0.051416,0.162701
4778,0.445088,0.042285,0.255522,0.017602,0.129679
4779,0.423815,0.043804,0.191162,0.046381,0.142468
4780,0.387852,0.034947,0.127746,0.029519,0.19564
4781,0.339977,0.03904,0.126939,0.034864,0.139134
4782,0.345497,0.040596,0.141414,0.018679,0.144808
4783,0.424518,0.042431,0.210799,0.030352,0.140936
4784,0.37187,0.0425,0.171627,0.019792,0.137951
4785,0.51698,0.041512,0.275912,0.050789,0.148767
4786,0.449005,0.045585,0.197365,0.032926,0.173129
4787,0.51239,0.036944,0.270593,0.047823,0.15703
4788,0.360813,0.038297,0.15374,0.028056,0.14072
4789,0.287785,0.036645,0.107049,0.018637,0.125454
4790,0.423853,0.045676,0.178308,0.03331,0.166559
4791,0.308897,0.036309,0.123225,0.018837,0.130526
4792,0.682233,0.044589,0.487684,0.021871,0.128089
4793,0.503143,0.041355,0.242096,0.051269,0.168423
4794,0.523185,0.049769,0.26029,0.033154,0.179972
4795,0.424625,0.038481,0.189097,0.048399,0.148648
4796,0.49708,0.04307,0.236584,0.033143,0.184283
4797,0.547725,0.036079,0.244651,0.091518,0.175477
4798,0.491505,0.039726,0.252654,0.033147,0.165978
4799,0.49047,0.039264,0.212801,0.073145,0.16526
4800,0.335607,0.038466,0.129299,0.028357,0.139485
4801,0.431363,0.039073,0.160434,0.077131,0.154725
4802,0.545807,0.03613,0.293501,0.040278,0.175898
4803,0.428635,0.033927,0.127939,0.113028,0.153741
4804,0.920777,0.062823,0.66917,0.032893,0.155891
4805,0.41713,0.03766,0.165231,0.031442,0.182797
4806,0.502017,0.037094,0.224672,0.033026,0.207225
4807,0.497495,0.049922,0.180397,0.075275,0.191901
4808,0.484487,0.051276,0.190558,0.032956,0.209697
4809,0.522115,0.052395,0.272736,0.058679,0.138305
4810,0.437217,0.043424,0.160569,0.03287,0.200354
4811,0.432862,0.036384,0.159967,0.073558,0.162953
4812,0.4631,0.044829,0.192196,0.032994,0.193081
4813,0.357862,0.032392,0.142824,0.036468,0.146178
4814,0.480417,0.041916,0.226389,0.033274,0.178838
4815,0.581028,0.036435,0.297597,0.07509,0.171906
4816,0.35941,0.035453,0.139064,0.02819,0.156703
4817,0.392985,0.038373,0.178854,0.031548,0.14421
4818,0.376552,0.042194,0.160227,0.028856,0.145275
4819,0.57587,0.040528,0.287754,0.051689,0.195899
4820,0.397933,0.042171,0.213114,0.017108,0.12554
4821,0.483305,0.044097,0.208297,0.074675,0.156236
4822,0.357845,0.041753,0.13881,0.028354,0.148928
4823,0.417002,0.037694,0.169967,0.057334,0.152007
4824,0.306037,0.040623,0.094927,0.027318,0.143169
4825,0.430888,0.036233,0.212765,0.03147,0.15042
4826,0.37914,0.044781,0.184321,0.017239,0.132799
4827,0.58088,0.041966,0.293266,0.073843,0.171805
4828,0.380835,0.042507,0.163872,0.02717,0.147286
4829,0.39205,0.035667,0.165592,0.047115,0.143676
4830,0.325495,0.035779,0.12229,0.027549,0.139877
4831,0.334476,0.040839,0.14213,0.02485,0.126657
4832,0.375358,0.040704,0.172576,0.020038,0.14204
4833,0.341766,0.055299,0.143023,0.018707,0.124737
4834,0.374208,0.058608,0.133367,0.020177,0.162056
4835,0.33174,0.037092,0.169986,0.017897,0.106765
4836,0.420352,0.03148,0.187872,0.031855,0.169145
4837,0.263372,0.046004,0.092988,0.018127,0.106253
4838,0.47051,0.038235,0.278011,0.021557,0.132707
4839,0.427588,0.027437,0.236694,0.045263,0.118194
4840,0.495604,0.039943,0.254747,0.031863,0.169051
4841,0.322932,0.032273,0.135429,0.029939,0.125291
4842,0.281242,0.029292,0.119707,0.021716,0.110527
4843,0.41229,0.039474,0.219234,0.019611,0.133971
4844,0.31815,0.029627,0.150199,0.02051,0.117814
4845,0.31708,0.035025,0.157927,0.01902,0.105108
4846,0.348302,0.028833,0.173496,0.0192,0.126773
4847,0.419872,0.037867,0.241777,0.019023,0.121205
4848,0.33608,0.031147,0.136713,0.020103,0.148117
4849,0.341317,0.037149,0.162008,0.018077,0.124083
4850,0.251222,0.031974,0.097949,0.019657,0.101642
4851,0.325138,0.028244,0.15971,0.017429,0.119755
4852,0.4307,0.038429,0.1627,0.032009,0.197562
4853,0.511313,0.04016,0.28864,0.060483,0.12203
4854,0.356573,0.04196,0.169583,0.02853,0.1165
4855,0.40677,0.033231,0.213026,0.046081,0.114432
4856,0.299208,0.037379,0.124793,0.026512,0.110524
4857,0.317622,0.031248,0.135116,0.018051,0.133207
4858,0.306494,0.040442,0.134587,0.019633,0.111832
4859,0.335942,0.034956,0.14706,0.018624,0.135302
4860,0.46414,0.029449,0.28927,0.020846,0.124575
4861,0.343056,0.026976,0.185688,0.01836,0.112032
4862,0.273892,0.036161,0.101233,0.019273,0.117225
4863,0.326014,0.029009,0.16069,0.018774,0.117541
4864,0.41095,0.03657,0.240842,0.020539,0.112999
4865,0.283422,0.037035,0.118743,0.018459,0.109185
4866,0.30084,0.030066,0.138586,0.021044,0.111144
4867,0.36042,0.035968,0.166067,0.026133,0.132252
4868,0.26409,0.028844,0.107171,0.020032,0.108043
4869,0.310805,0.027279,0.138444,0.018271,0.126811
4870,0.75179,0.03186,0.573193,0.022723,0.124014
4871,0.390306,0.028479,0.18742,0.046309,0.128098
4872,0.453746,0.040299,0.215973,0.033803,0.163671
4873,0.446427,0.03941,0.247415,0.04543,0.114172
4874,0.31449,0.039626,0.134631,0.029253,0.11098
4875,0.327202,0.037403,0.15352,0.018451,0.117828
4876,0.30993,0.030065,0.147366,0.017186,0.115313
4877,0.315052,0.035032,0.147801,0.018163,0.114056
4878,0.279574,0.03709,0.114929,0.0208,0.106755
4879,0.307404,0.027412,0.14606,0.019337,0.114595
4880,0.360374,0.03515,0.200127,0.021267,0.10383
4881,0.297258,0.03554,0.117206,0.018638,0.125874
4882,0.268755,0.033012,0.111064,0.020429,0.10425
4883,0.331647,0.031733,0.170149,0.018167,0.111598
4884,0.338438,0.029513,0.178894,0.020366,0.109665
4885,0.371115,0.035694,0.198932,0.018155,0.118334
4886,0.3352,0.043764,0.161917,0.016889,0.11263
4887,0.287963,0.0353,0.128152,0.019214,0.105297
4888,0.525423,0.042495,0.255777,0.050222,0.176929
4889,0.332405,0.037083,0.14106,0.018913,0.135349
4890,0.417625,0.043698,0.234587,0.021909,0.117431
4891,0.378393,0.036384,0.204972,0.01911,0.117927
4892,0.715873,0.03319,0.52862,0.020184,0.133879
4893,0.51115,0.035393,0.3222,0.046747,0.10681
4894,0.330387,0.036633,0.134403,0.02915,0.130201
4895,0.276315,0.036473,0.115102,0.018567,0.106173
4896,0.280277,0.033723,0.119047,0.017444,0.110063
4897,0.345047,0.035313,0.164574,0.018503,0.126657
4898,0.393545,0.027846,0.235597,0.019902,0.1102
4899,0.417837,0.032963,0.252322,0.018381,0.114171
4900,0.305506,0.02737,0.13452,0.017317,0.126299
4901,0.300364,0.027673,0.14316,0.018704,0.110827
4902,0.299522,0.036129,0.11738,0.020082,0.125931
4903,0.321675,0.033489,0.158575,0.018432,0.111179
4904,0.545375,0.036918,0.362399,0.020443,0.125615
4905,0.305425,0.03723,0.150042,0.017501,0.100652
4906,0.388805,0.028077,0.226122,0.019422,0.115184
4907,0.319378,0.027035,0.135692,0.017524,0.139127
4908,0.354165,0.039522,0.190604,0.017981,0.106058
4909,0.309752,0.039807,0.137944,0.018337,0.113664
4910,0.280558,0.029634,0.114201,0.019633,0.11709
4911,0.351363,0.046472,0.159002,0.018492,0.127397
4912,0.339823,0.029145,0.179137,0.019794,0.111747
4913,0.304187,0.032783,0.139454,0.017642,0.114308
4914,0.336865,0.030156,0.160061,0.019981,0.126667
4915,0.406987,0.041479,0.199462,0.045385,0.120661
4916,0.543018,0.038634,0.311969,0.032775,0.15964
4917,0.406742,0.040573,0.210839,0.045645,0.109685
4918,0.339355,0.034315,0.165268,0.026985,0.112787
4919,0.387712,0.029651,0.229207,0.018307,0.110547
4920,0.27677,0.041254,0.10329,0.020908,0.111318
4921,0.30307,0.032767,0.14517,0.01794,0.107193
4922,0.334575,0.03249,0.176551,0.019061,0.106473
4923,0.384082,0.026981,0.22474,0.017706,0.114655
4924,0.26492,0.034801,0.098228,0.02001,0.111881
4925,0.50653,0.034896,0.335547,0.018393,0.117694
4926,0.329808,0.038316,0.158144,0.019538,0.11381
4927,0.341124,0.028094,0.168987,0.018048,0.125995
4928,0.459027,0.037659,0.218769,0.03173,0.170869
4929,0.424257,0.040729,0.224284,0.044807,0.114437
4930,0.26916,0.0336,0.09044,0.029442,0.115678
4931,0.261052,0.035261,0.100164,0.018603,0.107024
4932,0.316026,0.028797,0.153491,0.021066,0.112672
4933,0.335456,0.033207,0.175914,0.017999,0.108336
4934,0.342194,0.030235,0.158787,0.026313,0.126859
4935,0.318642,0.027394,0.148832,0.01795,0.124466
4936,0.292652,0.03825,0.107497,0.020388,0.126517
4937,0.383576,0.032356,0.194987,0.023943,0.13229
4938,0.341057,0.033377,0.180325,0.019654,0.107701
4939,0.349088,0.027569,0.191183,0.01875,0.111586
4940,0.467398,0.028757,0.246468,0.031651,0.160522
4941,0.408345,0.032249,0.205733,0.06672,0.103643
4942,0.374737,0.031363,0.198426,0.029363,0.115585
4943,0.3021,0.034845,0.111833,0.018627,0.136795
4944,0.382728,0.042699,0.195036,0.021671,0.123322
4945,0.28082,0.032619,0.118706,0.018293,0.111202
4946,0.310044,0.028548,0.148756,0.02016,0.11258
4947,0.296408,0.026858,0.11679,0.020891,0.131869
4948,0.431336,0.040496,0.26533,0.022386,0.103124
4949,0.413356,0.026793,0.229764,0.048315,0.108484
4950,0.334638,0.049374,0.136747,0.029421,0.119096
4951,0.414268,0.034499,0.200471,0.046601,0.132697
4952,0.433074,0.03778,0.243157,0.029099,0.123038
4953,0.511395,0.035287,0.308461,0.046201,0.121446
4954,0.315863,0.036746,0.114688,0.035468,0.128961
4955,0.40326,0.035134,0.209021,0.046076,0.113029
4956,0.396434,0.04493,0.199074,0.027586,0.124844
4957,0.260034,0.030816,0.101738,0.018294,0.109186
4958,0.330966,0.037016,0.14717,0.02146,0.12532
4959,0.268247,0.027508,0.091409,0.018252,0.131078
4960,0.303768,0.029242,0.140123,0.019914,0.114489
4961,0.391942,0.031667,0.232676,0.018685,0.108914
4962,0.626447,0.02946,0.3985,0.032663,0.165824
4963,0.335797,0.039068,0.160891,0.019069,0.116769
4964,0.300955,0.031647,0.133623,0.022733,0.112952
4965,0.454044,0.0361,0.266955,0.046238,0.104751
4966,0.445233,0.038724,0.206156,0.033136,0.167217
4967,0.28445,0.038785,0.112099,0.018569,0.114997
4968,0.380482,0.029433,0.205146,0.022641,0.123262
4969,0.264727,0.029665,0.107308,0.018609,0.109145
4970,0.29116,0.029396,0.128928,0.017612,0.115224
4971,0.272663,0.02731,0.106713,0.018222,0.120418
4972,0.370132,0.029343,0.191535,0.01965,0.129604
4973,0.34983,0.027635,0.189954,0.018416,0.113825
4974,0.329583,0.029554,0.162755,0.020136,0.117138
4975,0.313945,0.035619,0.15708,0.01828,0.102966
4976,0.44735,0.030053,0.225458,0.033304,0.158535
4977,0.30156,0.037694,0.132012,0.018843,0.113011
4978,0.322225,0.033301,0.157632,0.021847,0.109445
4979,0.311088,0.03031,0.149761,0.01823,0.112787
4980,0.449932,0.029999,0.193582,0.03793,0.188421
4981,0.280387,0.043054,0.09751,0.01856,0.121263
4982,0.42183,0.04285,0.238795,0.022514,0.117671
4983,0.28494,0.034522,0.122042,0.020829,0.107547
4984,0.319355,0.028867,0.151475,0.020743,0.11827
4985,0.551848,0.030356,0.358056,0.056798,0.106638
4986,0.39767,0.042147,0.206497,0.030039,0.118987
4987,0.265823,0.041141,0.095595,0.017975,0.111112
4988,0.306887,0.036214,0.136558,0.016809,0.117306
4989,0.536785,0.034534,0.347539,0.017922,0.13679
4990,0.32092,0.030987,0.157273,0.020035,0.112625
4991,0.686734,0.028121,0.525467,0.017867,0.115279
4992,0.342748,0.041444,0.15135,0.02182,0.128134
4993,0.392382,0.036236,0.168776,0.045518,0.141852
4994,0.577693,0.039535,0.390533,0.027054,0.120571
4995,0.335283,0.03195,0.176667,0.01788,0.108786
4996,0.525482,0.035741,0.341607,0.020511,0.127623
4997,0.478988,0.037063,0.267182,0.046555,0.128188
4998,0.336325,0.047806,0.133712,0.028415,0.126392
4999,0.400175,0.035033,0.175554,0.06714,0.122448
5000,0.32807,0.051334,0.136036,0.028692,0.112008
5001,0.280485,0.035379,0.122324,0.01799,0.104792
5002,0.339967,0.036256,0.176274,0.02039,0.107047
5003,0.270962,0.028495,0.115664,0.017651,0.109152
5004,0.355687,0.035172,0.159902,0.030807,0.129806
5005,0.320972,0.034808,0.133659,0.020068,0.132437
5006,0.50878,0.028373,0.278207,0.04561,0.15659
5007,0.41673,0.034338,0.210649,0.065333,0.10641
5008,0.588225,0.047497,0.357491,0.032078,0.151159
5009,0.75092,0.045516,0.543105,0.045676,0.116623
5010,0.32026,0.032697,0.144079,0.028148,0.115336
5011,0.350145,0.041209,0.162764,0.026084,0.120088
5012,0.368127,0.032827,0.194714,0.018721,0.121865
5013,0.304383,0.03604,0.110551,0.018692,0.1391
5014,0.312522,0.035012,0.15654,0.020194,0.100776
5015,0.46623,0.028301,0.307772,0.017911,0.112246
5016,0.355093,0.028321,0.179606,0.019944,0.127222
5017,0.298286,0.033764,0.114404,0.01768,0.132438
5018,0.54728,0.028228,0.337801,0.031756,0.149495
5019,0.32195,0.036776,0.161442,0.018014,0.105718
5020,0.32614,0.026818,0.141804,0.043498,0.11402
5021,0.543457,0.035735,0.354546,0.018154,0.135022
5022,0.341403,0.035845,0.146531,0.021299,0.137728
5023,0.531032,0.030153,0.370392,0.018502,0.111985
5024,0.42549,0.03324,0.207675,0.03331,0.151265
5025,0.417142,0.035262,0.216854,0.060458,0.104568
5026,0.308508,0.044334,0.1059,0.029288,0.128986
5027,0.330245,0.03416,0.144227,0.018752,0.133106
5028,0.288903,0.031194,0.12348,0.018271,0.115958
5029,0.304137,0.038067,0.113057,0.018303,0.13471
5030,0.287413,0.028233,0.126808,0.017258,0.115114
5031,0.29097,0.028031,0.13323,0.01871,0.110999
5032,0.346287,0.027042,0.186961,0.019806,0.112478
5033,0.385505,0.028167,0.213098,0.018596,0.125644
5034,0.54014,0.027174,0.377684,0.019665,0.115617
5035,0.36142,0.037357,0.168383,0.018392,0.137288
5036,0.304344,0.033761,0.137764,0.020877,0.111942
5037,0.261663,0.030217,0.105771,0.018212,0.107463
5038,0.268817,0.032295,0.112337,0.019616,0.104569
5039,0.356713,0.032946,0.195109,0.017952,0.110706
5040,0.318738,0.033146,0.155996,0.019498,0.110098
5041,0.30189,0.027472,0.130502,0.018013,0.125903
5042,0.34758,0.028191,0.181116,0.022972,0.115301
5043,0.411715,0.037241,0.233794,0.019196,0.121484
5044,0.350567,0.028114,0.189042,0.020615,0.112796
5045,0.265925,0.027854,0.101157,0.018108,0.118806
5046,0.427818,0.028805,0.265534,0.019528,0.113951
5047,0.281532,0.027825,0.108654,0.017954,0.127099
5048,0.296264,0.03722,0.140367,0.01994,0.098737
5049,0.2941,0.031688,0.136587,0.018383,0.107442
5050,0.442084,0.037171,0.188808,0.033501,0.182604
5051,0.300007,0.039556,0.142133,0.018316,0.100002
5052,0.514456,0.036408,0.27441,0.032703,0.170935
5053,0.420315,0.04329,0.198328,0.053982,0.124715
5054,0.384503,0.050986,0.183183,0.027606,0.122728
5055,0.412128,0.029784,0.208608,0.047802,0.125934
5056,0.378394,0.039457,0.186923,0.029185,0.122829
5057,0.586344,0.034861,0.404971,0.01838,0.128132
5058,0.260066,0.032244,0.094866,0.018011,0.114945
5059,0.259638,0.029075,0.102604,0.018547,0.109412
5060,0.690736,0.035381,0.528143,0.020741,0.106471
5061,0.314026,0.029208,0.156159,0.018131,0.110528
5062,0.459072,0.031479,0.300104,0.020096,0.107393
5063,0.314782,0.029274,0.154186,0.018165,0.113157
5064,0.31411,0.034395,0.1512,0.019957,0.108558
5065,0.334007,0.028778,0.179148,0.01788,0.108201
5066,0.777978,0.035585,0.584404,0.020291,0.137698
5067,0.419844,0.035656,0.264996,0.01828,0.100912
5068,0.3317,0.038816,0.170777,0.020739,0.101368
5069,0.293982,0.032843,0.140181,0.017783,0.103175
5070,0.29508,0.03526,0.140055,0.019526,0.100239
5071,0.39178,0.034405,0.233673,0.017915,0.105787
5072,0.439297,0.038117,0.244073,0.019057,0.13805
5073,0.306212,0.027903,0.14351,0.018155,0.116644
5074,0.476906,0.034022,0.256243,0.041356,0.145285
5075,0.374702,0.047382,0.183157,0.024441,0.119722
5076,0.334406,0.032639,0.16272,0.018948,0.120099
5077,0.325942,0.035319,0.169893,0.018417,0.102313
5078,0.263032,0.032241,0.105597,0.019425,0.105769
5079,0.302156,0.036179,0.124461,0.018099,0.123417
5080,0.483264,0.035019,0.317555,0.02079,0.1099
5081,0.437992,0.035856,0.258171,0.018498,0.125467
5082,0.43063,0.039809,0.198086,0.0318,0.160935
5083,0.249325,0.034387,0.088053,0.018025,0.10886
5084,0.435055,0.042048,0.184247,0.032062,0.176698
5085,0.494593,0.032702,0.307637,0.045128,0.109126
5086,0.352997,0.04453,0.16148,0.028546,0.118441
5087,0.450353,0.031502,0.277612,0.018483,0.122756
5088,0.279532,0.0308,0.106515,0.021445,0.120772
5089,0.407288,0.034478,0.226635,0.0182,0.127975
5090,0.39641,0.028318,0.223589,0.019875,0.124628
5091,0.621417,0.029003,0.464252,0.017788,0.110374
5092,0.423967,0.034782,0.204868,0.031629,0.152688
5093,0.411669,0.038067,0.192409,0.062491,0.118702
5094,0.320568,0.03653,0.119965,0.02986,0.134213
5095,0.347536,0.04179,0.182963,0.024774,0.098009
5096,0.325875,0.032068,0.130926,0.018599,0.144282
5097,0.250685,0.030255,0.093107,0.01772,0.109603
5098,0.334362,0.027358,0.176197,0.020568,0.110239
5099,0.351438,0.034756,0.18733,0.018423,0.110929
5100,0.31084,0.026929,0.136499,0.018978,0.128434
5101,0.34031,0.032155,0.181538,0.018135,0.108482
5102,0.346456,0.027169,0.169019,0.018743,0.131525
5103,0.378276,0.036263,0.216555,0.018178,0.10728
5104,0.499893,0.042731,0.277068,0.033009,0.147085
5105,0.275206,0.044151,0.099445,0.018879,0.112731
5106,0.255485,0.02976,0.097947,0.018377,0.109401
5107,0.322948,0.037299,0.14371,0.018453,0.123486
5108,0.31225,0.031283,0.139204,0.021975,0.119788
5109,0.352357,0.037564,0.177532,0.018654,0.118607
5110,0.358115,0.035168,0.188234,0.01719,0.117523
5111,0.363948,0.028187,0.194212,0.018638,0.122911
5112,0.263162,0.029315,0.106185,0.020157,0.107505
5113,0.2932,0.027684,0.134752,0.018319,0.112445
5114,0.486677,0.030497,0.308682,0.020121,0.127377
5115,0.275635,0.027701,0.103767,0.018387,0.12578
5116,0.41778,0.029457,0.260044,0.020306,0.107973
5117,0.50007,0.030997,0.33849,0.018467,0.112116
5118,0.675225,0.03679,0.427882,0.038524,0.172029
5119,0.315527,0.04447,0.143304,0.018677,0.109076
5120,0.314763,0.030831,0.143247,0.018596,0.122089
5121,0.270505,0.036757,0.111507,0.018286,0.103955
5122,0.299398,0.027753,0.124247,0.020538,0.12686
5123,0.289995,0.034624,0.102956,0.024757,0.127658
5124,0.325688,0.029307,0.160298,0.019787,0.116296
5125,0.421873,0.039533,0.242824,0.018375,0.121141
5126,0.320196,0.028798,0.147721,0.01759,0.126087
5127,0.298262,0.033772,0.121082,0.018852,0.124556
5128,0.327058,0.02898,0.151237,0.02029,0.126551
5129,0.32766,0.038073,0.154547,0.018203,0.116837
5130,0.301845,0.032045,0.141617,0.020709,0.107474
5131,0.310313,0.034064,0.156467,0.018105,0.101677
5132,0.462096,0.036241,0.299599,0.020729,0.105527
5133,0.811688,0.028327,0.606127,0.062176,0.115058
5134,0.482568,0.045757,0.251704,0.033142,0.151965
5135,0.74883,0.047164,0.546174,0.047278,0.108214
5136,0.311537,0.036146,0.117917,0.029484,0.12799
5137,0.281202,0.035107,0.096585,0.018305,0.131205
5138,0.59976,0.027978,0.381065,0.032885,0.157832
5139,0.407668,0.03579,0.234467,0.018677,0.118734
5140,0.317405,0.03807,0.137119,0.022226,0.11999
5141,0.316738,0.034819,0.140954,0.018173,0.122792
5142,0.321764,0.035791,0.160086,0.020658,0.105229
5143,0.267712,0.034921,0.10829,0.018225,0.106276
5144,0.545243,0.028875,0.370877,0.027415,0.118076
5145,0.35347,0.036847,0.149412,0.018254,0.148957
5146,0.31725,0.029212,0.155859,0.0174,0.114779
5147,0.308304,0.027684,0.13649,0.019155,0.124975
5148,0.319105,0.029238,0.155384,0.017752,0.116731
5149,0.290937,0.034585,0.136054,0.017732,0.102566
5150,0.262823,0.028334,0.098914,0.019551,0.116024
5151,0.396672,0.033861,0.227097,0.017969,0.117745
5152,0.36807,0.028355,0.206172,0.019544,0.113999
5153,0.282525,0.033636,0.12947,0.017665,0.101754
5154,0.32056,0.028342,0.158816,0.020098,0.113304
5155,0.66086,0.029505,0.448734,0.061524,0.121097
5156,0.294934,0.041858,0.103287,0.028121,0.121668
5157,0.423062,0.042879,0.20491,0.046787,0.128486
5158,0.28515,0.037716,0.100324,0.027375,0.119735
5159,0.291146,0.029825,0.114928,0.017565,0.128828
5160,0.368406,0.035052,0.185754,0.019925,0.127675
5161,0.26412,0.028394,0.107904,0.017533,0.110289
5162,0.482288,0.028679,0.307401,0.019033,0.127175
5163,0.321228,0.041015,0.129117,0.018053,0.133043
5164,0.309765,0.030546,0.14815,0.021223,0.109846
5165,0.254315,0.029709,0.099853,0.017532,0.107221
5166,0.292516,0.037072,0.103571,0.018814,0.133059
5167,0.5902,0.029257,0.433553,0.017719,0.109671
5168,0.32398,0.026987,0.156344,0.019089,0.12156
5169,0.3227,0.032457,0.161416,0.017869,0.110958
5170,0.312194,0.035992,0.131516,0.018855,0.125831
5171,0.293976,0.039136,0.103232,0.01884,0.132768
5172,0.289492,0.0282,0.132713,0.01936,0.109219
5173,0.26193,0.028975,0.107159,0.017875,0.107921
5174,0.350054,0.027546,0.195526,0.018835,0.108147
5175,0.273352,0.029494,0.116507,0.017507,0.109844
5176,0.526714,0.027081,0.355897,0.020719,0.123017
5177,0.396907,0.028875,0.228441,0.017681,0.12191
5178,0.719161,0.037603,0.481824,0.047279,0.152455
5179,0.544486,0.039542,0.3492,0.045149,0.110595
5180,0.357976,0.038327,0.166546,0.02852,0.124583
5181,0.449276,0.034898,0.227787,0.046085,0.140506
5182,0.298502,0.043842,0.117891,0.027821,0.108948
5183,0.285645,0.039237,0.11535,0.018153,0.112905
5184,0.539554,0.037863,0.354276,0.019782,0.127633
5185,0.327663,0.0346,0.145633,0.01875,0.12868
5186,0.39024,0.029368,0.215155,0.020997,0.12472
5187,0.31781,0.035659,0.160666,0.018466,0.103019
5188,0.308214,0.037783,0.121887,0.020291,0.128253
5189,0.355308,0.03562,0.181648,0.018482,0.119558
5190,0.861472,0.038989,0.694168,0.025897,0.102418
5191,0.506542,0.039922,0.297109,0.021973,0.147538
5192,0.360747,0.02872,0.192088,0.022295,0.117644
5193,0.509802,0.03775,0.295981,0.050214,0.125857
5194,0.297204,0.036817,0.10662,0.029023,0.124744
5195,0.406225,0.036205,0.202453,0.048703,0.118864
5196,0.302477,0.043376,0.100366,0.033942,0.124793
5197,0.34216,0.035547,0.18027,0.022736,0.103607
5198,0.557953,0.031913,0.394825,0.019133,0.112082
5199,0.27671,0.03322,0.111737,0.018704,0.113049
5200,0.32456,0.030974,0.144422,0.021094,0.12807
5201,0.270942,0.037313,0.111377,0.018268,0.103984
5202,0.31204,0.035619,0.132078,0.017596,0.126747
5203,0.299767,0.0314,0.142883,0.018456,0.107028
5204,0.54572,0.034683,0.360132,0.020505,0.1304
5205,0.301385,0.02801,0.146872,0.018242,0.108261
5206,0.476282,0.02733,0.295843,0.020978,0.132131
5207,0.324182,0.027974,0.164053,0.018711,0.113444
5208,0.400436,0.034056,0.239772,0.020293,0.106315
5209,0.388682,0.0288,0.191313,0.06049,0.108079
5210,0.45632,0.0381,0.213712,0.032961,0.171547
5211,0.348114,0.036712,0.180077,0.01881,0.112515
5212,0.41722,0.031607,0.244553,0.022631,0.118429
5213,0.38651,0.029688,0.17994,0.067953,0.108929
5214,0.463977,0.046107,0.209973,0.033336,0.174561
5215,0.292218,0.036163,0.11596,0.01933,0.120765
5216,0.349834,0.037861,0.143473,0.021321,0.147179
5217,0.429103,0.029021,0.238619,0.031662,0.129801
5218,0.343862,0.038137,0.132935,0.020861,0.151929
5219,0.403797,0.034817,0.183279,0.052163,0.133538
5220,0.349552,0.037211,0.17435,0.01873,0.119261
5221,0.581163,0.041462,0.362317,0.048203,0.129181
5222,0.512418,0.036053,0.276882,0.03944,0.160043
5223,0.341503,0.041588,0.166069,0.01902,0.114826
5224,0.66782,0.030713,0.430407,0.033332,0.173368
5225,0.435537,0.037447,0.227702,0.04601,0.124378
5226,0.489305,0.033673,0.264565,0.033439,0.157628
5227,0.260995,0.035157,0.09143,0.019314,0.115094
5228,0.313027,0.0345,0.146902,0.022426,0.109199
5229,0.326353,0.028191,0.167032,0.021382,0.109748
5230,0.392217,0.035561,0.20405,0.018274,0.134332
5231,0.326893,0.0363,0.171137,0.017856,0.1016
5232,0.354012,0.027974,0.191401,0.019454,0.115183
5233,0.31135,0.02927,0.149519,0.018207,0.114354
5234,0.420443,0.036558,0.260741,0.018986,0.104158
5235,0.390365,0.031781,0.221641,0.019275,0.117668
5236,0.369405,0.037497,0.174117,0.019998,0.137793
5237,0.391945,0.032368,0.202524,0.046335,0.110718
5238,0.30175,0.039443,0.110087,0.0286,0.12362
5239,0.294967,0.036163,0.101784,0.023843,0.133177
5240,0.318012,0.036768,0.153007,0.021469,0.106768
5241,0.469573,0.029045,0.311037,0.018776,0.110715
5242,0.421778,0.03279,0.200756,0.031816,0.156416
5243,0.717694,0.042062,0.517531,0.046752,0.111349
5244,0.29437,0.04311,0.100371,0.028262,0.122627
5245,0.402545,0.035634,0.183615,0.045304,0.137992
5246,0.433603,0.042467,0.240355,0.027232,0.123549
5247,0.329222,0.033081,0.151474,0.017974,0.126693
5248,0.433703,0.038295,0.180972,0.033083,0.181353
5249,0.392215,0.054453,0.209799,0.019544,0.108419
5250,0.320317,0.042285,0.141451,0.021621,0.11496
5251,0.341375,0.035693,0.179644,0.021454,0.104584
5252,0.321323,0.033363,0.160594,0.018135,0.109231
5253,0.30453,0.035501,0.120687,0.018017,0.130325
5254,0.407783,0.033423,0.233636,0.019504,0.12122
5255,0.303106,0.026934,0.143654,0.017789,0.114729
5256,0.53669,0.029036,0.322412,0.031987,0.153255
5257,0.306206,0.06445,0.109477,0.018564,0.113715
5258,0.418328,0.033341,0.239464,0.018782,0.126741
5259,0.459738,0.030257,0.294344,0.018135,0.117002
5260,0.290197,0.032029,0.125354,0.025014,0.1078
5261,0.307915,0.0358,0.124664,0.017914,0.129537
5262,0.324828,0.030347,0.16654,0.020099,0.107842
5263,0.296512,0.029417,0.135872,0.022956,0.108267
5264,0.30845,0.033187,0.145801,0.018948,0.110514
5265,0.376005,0.05091,0.193341,0.018922,0.112832
5266,0.361974,0.029567,0.201334,0.02032,0.110753
5267,0.415708,0.027815,0.2518,0.018735,0.117358
5268,0.261228,0.034095,0.10288,0.02013,0.104123
5269,0.324742,0.02729,0.165924,0.0182,0.113328
5270,0.483146,0.029028,0.320151,0.02024,0.113727
5271,0.270613,0.027286,0.110011,0.018184,0.115132
5272,0.293653,0.028932,0.132073,0.019529,0.113119
5273,0.389225,0.037861,0.205223,0.018446,0.127695
5274,0.339737,0.03569,0.176171,0.02053,0.107346
5275,0.392806,0.026902,0.237593,0.018649,0.109662
5276,0.392622,0.037559,0.233496,0.020232,0.101335
5277,0.332478,0.038404,0.160381,0.018471,0.115222
5278,0.255258,0.031275,0.092314,0.018156,0.113513
5279,0.292618,0.034163,0.131377,0.018387,0.108691
5280,0.394676,0.028195,0.234837,0.019666,0.111978
5281,0.426834,0.027751,0.261119,0.019631,0.118333
5282,0.339892,0.032959,0.170716,0.020614,0.115603
5283,0.61902,0.030134,0.46216,0.018809,0.107917
5284,0.364052,0.034745,0.201944,0.020695,0.106668
5285,0.296854,0.030138,0.131073,0.018081,0.117562
5286,0.359038,0.035271,0.200054,0.01968,0.104033
5287,0.273793,0.035261,0.116734,0.018536,0.103262
5288,0.299733,0.049395,0.130591,0.017027,0.10272
5289,0.384122,0.026946,0.18202,0.061173,0.113983
5290,0.325922,0.05113,0.122919,0.02912,0.122753
5291,0.317096,0.036833,0.128426,0.018178,0.133659
5292,0.397,0.027594,0.22791,0.021665,0.119831
5293,0.248645,0.027273,0.076513,0.01842,0.126439
5294,0.308113,0.028999,0.1396,0.020177,0.119337
5295,0.287235,0.029499,0.129939,0.017889,0.109908
5296,0.321398,0.029823,0.157203,0.021561,0.112811
5297,0.399235,0.038253,0.196767,0.062769,0.101446
5298,0.43663,0.038873,0.200963,0.032836,0.163958
5299,0.470532,0.036981,0.267226,0.046656,0.119669
5300,0.441806,0.041293,0.20491,0.033171,0.162432
5301,0.418665,0.037649,0.203133,0.046286,0.131597
5302,0.2979,0.050957,0.1007,0.029713,0.11653
5303,0.341827,0.033417,0.171741,0.018931,0.117738
5304,0.326072,0.033915,0.158661,0.021767,0.111729
5305,0.289887,0.035898,0.10944,0.018159,0.12639
5306,0.409435,0.028878,0.223965,0.02076,0.135832
5307,0.33122,0.030047,0.174287,0.01849,0.108396
5308,0.31368,0.02715,0.136097,0.020097,0.130336
5309,0.26096,0.03043,0.087097,0.024722,0.118711
5310,0.30277,0.027777,0.131347,0.020744,0.122902
5311,0.321975,0.034937,0.151302,0.018374,0.117362
5312,0.265327,0.03524,0.102986,0.020279,0.106822
5313,0.344913,0.045444,0.178127,0.018266,0.103076
5314,0.72688,0.035181,0.552919,0.019758,0.119022
5315,0.283627,0.040064,0.111272,0.01777,0.114521
5316,0.26096,0.035843,0.106497,0.016125,0.102495
5317,0.390103,0.034567,0.196452,0.046403,0.112681
5318,0.352759,0.046364,0.15753,0.028484,0.120381
5319,0.342782,0.040911,0.162415,0.01852,0.120936
5320,0.587088,0.030885,0.419315,0.021895,0.114993
5321,0.279393,0.037389,0.11126,0.018157,0.112587
5322,0.294318,0.028461,0.119673,0.019927,0.126257
5323,0.31002,0.029686,0.152105,0.01803,0.110199
5324,0.270435,0.031918,0.116499,0.019258,0.10276
5325,0.46562,0.034676,0.283563,0.017857,0.129524
5326,0.332256,0.032707,0.1749,0.01893,0.105719
5327,0.307334,0.028698,0.128335,0.019227,0.131074
5328,0.31838,0.034363,0.144627,0.019865,0.119525
5329,0.346833,0.038141,0.173637,0.017863,0.117192
5330,0.39718,0.032695,0.233138,0.027555,0.103792
5331,0.435315,0.031048,0.271492,0.017714,0.115061
5332,0.293292,0.030874,0.133674,0.01892,0.109824
5333,0.314872,0.034442,0.160127,0.018399,0.101904
5334,0.352678,0.034929,0.173099,0.01874,0.12591
5335,0.35754,0.029637,0.192811,0.01811,0.116982
5336,0.324895,0.028056,0.17126,0.018652,0.106927
5337,0.355735,0.029427,0.202859,0.017922,0.105527
5338,0.634763,0.035517,0.456124,0.019363,0.123759
5339,0.262445,0.038079,0.104012,0.019581,0.100773
5340,0.26542,0.036072,0.102037,0.019669,0.107642
5341,0.327838,0.040461,0.161395,0.018267,0.107715
5342,0.319402,0.027057,0.127002,0.020843,0.1445
5343,0.268225,0.035117,0.111647,0.018168,0.103293
5344,0.49063,0.039171,0.310392,0.019672,0.121395
5345,0.280753,0.03647,0.120827,0.017999,0.105457
5346,0.3604,0.034467,0.192026,0.01988,0.114027
5347,0.515862,0.030535,0.346347,0.01797,0.12101
5348,0.280873,0.031423,0.120231,0.019374,0.109845
5349,0.29377,0.028875,0.138678,0.017224,0.108993
5350,0.274492,0.035153,0.110797,0.020177,0.108365
5351,0.32884,0.028128,0.168461,0.018564,0.113687
5352,0.331695,0.033424,0.163657,0.019821,0.114793
5353,0.274275,0.027841,0.118687,0.01834,0.109407
5354,0.364167,0.029644,0.207316,0.01963,0.107577
5355,0.318797,0.027031,0.156221,0.017279,0.118266
5356,0.278663,0.035397,0.11937,0.020205,0.103691
5357,0.335637,0.041689,0.152279,0.018988,0.122681
5358,0.270207,0.029,0.109452,0.019776,0.111979
5359,0.399387,0.036268,0.226548,0.01872,0.117851
5360,0.572895,0.030184,0.358477,0.033695,0.150539
5361,0.308594,0.038926,0.136947,0.018652,0.114069
5362,0.495636,0.03428,0.315659,0.022326,0.123371
5363,0.337862,0.029878,0.145484,0.02145,0.14105
5364,0.295786,0.034682,0.121216,0.01849,0.121398
5365,0.38882,0.034614,0.208788,0.018524,0.126894
5366,0.257498,0.034884,0.09222,0.022801,0.107593
5367,0.335422,0.036198,0.17109,0.02055,0.107584
5368,0.250554,0.029737,0.087748,0.019848,0.113221
5369,0.380414,0.028118,0.206776,0.018764,0.126756
5370,0.394778,0.029032,0.217676,0.020185,0.127885
5371,0.56536,0.035739,0.364046,0.046306,0.119269
5372,0.437134,0.036574,0.185107,0.033,0.182453
5373,0.322342,0.033588,0.161424,0.0189,0.10843
5374,0.293384,0.035804,0.103696,0.022082,0.131802
5375,0.640496,0.035769,0.435877,0.045911,0.122939
5376,0.330736,0.039515,0.132564,0.027625,0.131032
5377,0.328723,0.03278,0.171797,0.018243,0.105903
5378,0.275436,0.032304,0.113797,0.021105,0.10823
5379,0.348066,0.03572,0.159538,0.025201,0.127607
5380,0.272543,0.034405,0.100022,0.019899,0.118217
5381,0.333067,0.031185,0.155402,0.019031,0.127449
5382,0.4559,0.029031,0.218851,0.032937,0.175081
5383,0.275004,0.033646,0.114681,0.018363,0.108314
5384,0.43934,0.029468,0.193114,0.033398,0.18336
5385,0.424018,0.03843,0.228593,0.043197,0.113798
5386,0.482772,0.036616,0.214801,0.037904,0.193451
5387,1.05907,0.041994,0.838591,0.056244,0.122241
5388,0.385152,0.03858,0.167636,0.030116,0.14882
5389,0.417597,0.0322,0.162307,0.082213,0.140877
5390,0.63105,0.037927,0.435331,0.028982,0.12881
5391,0.301108,0.036521,0.124026,0.020464,0.120097
5392,0.348994,0.028124,0.187071,0.021271,0.112528
5393,0.408808,0.035093,0.202461,0.04564,0.125614
5394,0.460336,0.034377,0.268916,0.028305,0.128738
5395,0.309672,0.035253,0.119753,0.018721,0.135945
5396,0.317438,0.028254,0.142737,0.019914,0.126533
5397,0.353472,0.036427,0.197057,0.018007,0.101981
5398,0.374228,0.035953,0.192485,0.019916,0.125874
5399,0.345037,0.028812,0.18905,0.018106,0.109069
5400,0.442435,0.035113,0.18918,0.041094,0.177048
5401,0.466752,0.037545,0.268854,0.019339,0.141014
5402,0.436498,0.031375,0.181525,0.031958,0.19164
5403,0.295587,0.031881,0.135015,0.019749,0.108942
5404,0.477608,0.031601,0.268234,0.031767,0.146006
5405,0.43171,0.036697,0.228265,0.045085,0.121663
5406,0.436897,0.037993,0.193853,0.031857,0.173194
5407,0.319827,0.036088,0.151324,0.018015,0.1144
5408,0.475406,0.029753,0.316531,0.018759,0.110363
5409,0.271275,0.030823,0.111913,0.018086,0.110453
5410,0.314256,0.033683,0.155503,0.019826,0.105244
5411,0.29696,0.028222,0.12651,0.017776,0.124452
5412,0.387876,0.037133,0.199643,0.019188,0.131912
5413,0.471276,0.032001,0.315058,0.017999,0.106218
5414,0.433255,0.036924,0.27453,0.019708,0.102093
5415,0.276763,0.036532,0.121643,0.017947,0.100641
5416,0.463183,0.027957,0.202419,0.046803,0.186004
5417,0.507547,0.032925,0.324326,0.045779,0.104517
5418,0.433025,0.041986,0.184189,0.031905,0.174945
5419,0.425497,0.033889,0.214266,0.045243,0.132099
5420,0.344061,0.031393,0.158576,0.029597,0.124495
5421,0.72784,0.036002,0.517815,0.04642,0.127603
5422,0.511207,0.03343,0.317191,0.02949,0.131096
5423,0.342828,0.038019,0.156384,0.023399,0.125026
5424,0.328153,0.032494,0.144965,0.02209,0.128604
5425,0.27105,0.037218,0.107385,0.017867,0.10858
5426,0.376282,0.033861,0.218457,0.019567,0.104397
5427,0.355293,0.036173,0.199693,0.018331,0.101096
5428,0.440268,0.027075,0.282738,0.019779,0.110676
5429,0.348783,0.028202,0.19051,0.018483,0.111588
5430,0.298166,0.034853,0.135069,0.02213,0.106114
5431,0.298088,0.037804,0.138937,0.019005,0.102342
5432,0.30866,0.027843,0.153126,0.016703,0.110988
5433,0.286312,0.032251,0.125774,0.018323,0.109964
5434,0.301718,0.034467,0.145712,0.019313,0.102226
5435,0.324077,0.034444,0.143065,0.018399,0.128169
5436,0.365462,0.03624,0.18014,0.019472,0.12961
5437,0.317748,0.036344,0.118684,0.018274,0.144446
5438,0.37446,0.036891,0.212871,0.0216,0.103098
5439,0.253597,0.034771,0.09594,0.01898,0.103906
5440,0.303693,0.031377,0.139407,0.019362,0.113547
5441,0.280083,0.031464,0.12062,0.018639,0.10936
5442,0.566233,0.029144,0.404661,0.02003,0.112398
5443,0.285015,0.034294,0.127094,0.018334,0.105293
5444,0.413762,0.034975,0.251372,0.020106,0.107309
5445,0.309365,0.027683,0.137329,0.018316,0.126037
5446,0.36948,0.02976,0.184772,0.026444,0.128504
5447,0.478863,0.035744,0.269047,0.046734,0.127338
5448,0.323835,0.034077,0.120715,0.029506,0.139537
5449,0.47818,0.035774,0.269994,0.051976,0.120436
5450,0.779948,0.046223,0.542106,0.038105,0.153514
5451,0.4131,0.038764,0.214664,0.045803,0.113869
5452,0.404818,0.047647,0.200099,0.030506,0.126566
5453,0.452522,0.051171,0.188829,0.059155,0.153367
5454,0.358305,0.035314,0.142362,0.029116,0.151513
5455,0.543878,0.034504,0.342842,0.048396,0.118136
5456,0.365188,0.048802,0.141592,0.029203,0.145591
5457,0.37704,0.030828,0.217454,0.01902,0.109738
5458,0.360127,0.027517,0.192754,0.018936,0.12092
5459,0.38511,0.029875,0.176814,0.064312,0.114109
5460,0.357278,0.035953,0.165697,0.029258,0.12637
5461,0.799648,0.041906,0.148654,0.018538,0.59055
5462,0.40688,0.057116,0.196474,0.029519,0.123771
5463,0.379903,0.03059,0.206669,0.018642,0.124002
5464,0.424792,0.031707,0.264914,0.021157,0.107014
5465,0.45221,0.032187,0.262619,0.046639,0.110765
5466,0.349804,0.042997,0.15334,0.029731,0.123736
5467,0.514577,0.036641,0.247211,0.07408,0.156645
5468,0.48092,0.043244,0.247014,0.03281,0.157852
5469,0.377174,0.04125,0.144552,0.053014,0.138358
5470,0.429256,0.033507,0.18588,0.033005,0.176864
5471,0.447426,0.037945,0.248774,0.021494,0.139213
5472,0.487484,0.037535,0.273907,0.032875,0.143167
5473,0.431088,0.037692,0.158894,0.084616,0.149886
5474,1.13006,0.043626,0.871924,0.038367,0.176143
5475,0.41919,0.035047,0.118011,0.079095,0.187037
5476,0.354262,0.035953,0.158392,0.028479,0.131438
5477,0.333206,0.034761,0.126526,0.021987,0.149932
5478,0.334392,0.035998,0.170204,0.021047,0.107143
5479,0.429906,0.029171,0.20909,0.051931,0.139714
5480,0.407557,0.030084,0.241414,0.025533,0.110526
5481,0.630985,0.03812,0.373888,0.076014,0.142963
5482,0.530296,0.03971,0.32222,0.031986,0.13638
5483,0.519263,0.036651,0.292509,0.052013,0.13809
5484,0.349337,0.03878,0.169014,0.022371,0.119172
5485,0.292585,0.036424,0.131641,0.019596,0.104924
5486,0.312306,0.035958,0.12915,0.020172,0.127026
5487,0.27647,0.033448,0.117103,0.018197,0.107722
5488,0.28681,0.032735,0.12742,0.019204,0.107451
5489,0.36139,0.035318,0.179182,0.018565,0.128325
5490,0.291785,0.031225,0.133123,0.020023,0.107414
5491,0.357442,0.028937,0.170399,0.019628,0.138478
5492,0.327667,0.030596,0.133009,0.02044,0.143622
5493,0.324574,0.033673,0.166756,0.017636,0.106509
5494,0.285443,0.029401,0.125367,0.019943,0.110732
5495,0.420643,0.027688,0.248258,0.023356,0.121341
5496,0.28558,0.034764,0.128971,0.019672,0.102173
5497,0.30441,0.027281,0.149649,0.018132,0.109348
5498,0.397526,0.028247,0.233643,0.019952,0.115684
5499,0.269412,0.028256,0.110619,0.017308,0.113229
5500,0.453242,0.03009,0.236292,0.031979,0.154881
5501,0.435712,0.050155,0.221649,0.045412,0.118496
5502,0.35758,0.038034,0.169283,0.028329,0.121934
5503,0.636982,0.037691,0.454693,0.018094,0.126504
5504,0.549927,0.038206,0.37436,0.021084,0.116277
5505,0.44263,0.035574,0.254507,0.045629,0.10692
5506,0.303048,0.043861,0.110085,0.028012,0.12109
5507,0.269145,0.03006,0.11484,0.0183,0.105945
5508,0.452497,0.027554,0.29094,0.021177,0.112826
5509,0.455847,0.034527,0.283806,0.017966,0.119548
5510,0.363655,0.053524,0.170523,0.020394,0.119214
5511,0.422373,0.052287,0.189106,0.046581,0.134399
5512,0.51426,0.042543,0.256265,0.03368,0.181772
5513,0.416767,0.038584,0.185668,0.047875,0.14464
5514,0.39873,0.040559,0.171643,0.028378,0.15815
5515,0.497053,0.038236,0.225553,0.074343,0.158921
5516,0.44501,0.039793,0.176251,0.042831,0.186135
5517,0.417064,0.035627,0.13993,0.074968,0.166539
5518,0.489355,0.041976,0.231813,0.033428,0.182138
5519,0.552663,0.033027,0.288127,0.065461,0.166048
5520,0.328544,0.033537,0.127676,0.020946,0.146385
5521,0.411933,0.050766,0.133333,0.062568,0.165266
5522,0.46601,0.047364,0.230342,0.028399,0.159905
5523,0.609348,0.041493,0.417963,0.018766,0.131126
5524,0.353145,0.043735,0.172167,0.017143,0.1201
5525,0.443718,0.041527,0.231205,0.046044,0.124942
5526,0.37951,0.040626,0.16392,0.028027,0.146937
5527,0.42265,0.036396,0.169134,0.058809,0.158311
5528,0.40371,0.037069,0.194767,0.029509,0.142365
5529,0.474885,0.034798,0.23601,0.03162,0.172457
5530,0.415235,0.04458,0.229355,0.017584,0.123716
5531,0.44816,0.042175,0.198943,0.058738,0.148304
5532,0.38573,0.040243,0.167865,0.028486,0.149136
5533,0.54955,0.038612,0.307427,0.05831,0.145201
5534,0.383433,0.050833,0.169736,0.028084,0.13478
5535,0.549972,0.038574,0.301104,0.051194,0.1591
5536,0.357378,0.042093,0.169699,0.017264,0.128322
5537,0.409916,0.043611,0.157222,0.058897,0.150186
5538,0.35781,0.040318,0.133037,0.028218,0.156237
5539,0.364843,0.037211,0.141349,0.031355,0.154928
5540,0.471315,0.042842,0.225096,0.032928,0.170449
5541,0.430144,0.038769,0.165521,0.058789,0.167065
5542,0.614465,0.036826,0.363061,0.038342,0.176236
5543,0.45518,0.046957,0.179246,0.073869,0.155108
5544,0.664945,0.036566,0.422264,0.033349,0.172766
5545,0.737583,0.040928,0.500651,0.05088,0.145124
5546,0.490923,0.042178,0.235749,0.032895,0.180101
5547,0.457037,0.034781,0.218446,0.045907,0.157903
5548,0.32647,0.043689,0.110609,0.028445,0.143727
5549,0.451318,0.035858,0.23583,0.046012,0.133618
5550,0.664848,0.049684,0.409142,0.031909,0.174113
5551,0.443078,0.03658,0.222674,0.031966,0.151858
5552,0.415092,0.036787,0.160304,0.032037,0.185964
5553,0.35331,0.039666,0.102354,0.053501,0.157789
5554,0.468648,0.041272,0.230565,0.031936,0.164875
5555,0.539557,0.038083,0.310811,0.047927,0.142736
5556,0.631204,0.040051,0.350904,0.03871,0.201539
5557,0.39154,0.050426,0.168891,0.019864,0.152359
5558,0.54427,0.042183,0.308844,0.031783,0.16146
5559,0.320393,0.038235,0.125891,0.01837,0.137897
5560,0.610007,0.036466,0.363798,0.032304,0.177439
5561,0.41155,0.040177,0.143291,0.073453,0.154629
5562,0.311343,0.034425,0.099707,0.027942,0.149269
5563,0.334105,0.037856,0.144647,0.0232,0.128402
5564,0.374565,0.039119,0.182978,0.020212,0.132256
5565,0.868796,0.045417,0.658514,0.029218,0.135647
5566,0.590356,0.045213,0.395587,0.01988,0.129676
5567,0.331782,0.04142,0.141549,0.018712,0.130101
5568,0.367768,0.04261,0.170454,0.020605,0.134099
5569,0.387082,0.04257,0.193214,0.017589,0.133709
5570,0.281664,0.044291,0.096456,0.019,0.121917
5571,0.341194,0.043128,0.142021,0.018612,0.137433
5572,0.347244,0.04454,0.157271,0.020135,0.125298
5573,0.38455,0.04241,0.169006,0.017997,0.155137
5574,0.308418,0.043114,0.125692,0.019565,0.120047
5575,0.481728,0.042163,0.287866,0.01764,0.134059
5576,0.32748,0.043151,0.12654,0.019159,0.13863
5577,0.803178,0.043802,0.614217,0.018897,0.126262
5578,0.35311,0.0431,0.152202,0.020092,0.137716
5579,0.388442,0.045202,0.202174,0.01757,0.123496
5580,0.450482,0.043847,0.207714,0.03217,0.166751
5581,0.359166,0.037291,0.162914,0.023733,0.135228
5582,0.520995,0.038186,0.279204,0.033305,0.1703
5583,0.423893,0.04158,0.182021,0.044987,0.155305
5584,0.363008,0.0465,0.133366,0.029857,0.153285
5585,0.312353,0.036969,0.128952,0.018728,0.127704
5586,0.370095,0.045727,0.170221,0.026557,0.12759
5587,0.44606,0.04195,0.229974,0.045488,0.128648
5588,0.34191,0.042437,0.126101,0.028072,0.1453
5589,0.784366,0.037647,0.568124,0.048559,0.130036
5590,0.382776,0.041714,0.16189,0.028419,0.150753
5591,0.372972,0.038983,0.167617,0.020589,0.145783
5592,0.38755,0.042277,0.193301,0.017274,0.134698
5593,0.568702,0.038755,0.286063,0.074451,0.169433
5594,0.556384,0.042385,0.296376,0.03336,0.184263
5595,0.412832,0.034201,0.158716,0.074411,0.145504
5596,0.371808,0.038282,0.16773,0.028429,0.137367
5597,0.420144,0.03608,0.210481,0.031492,0.142091
5598,0.42281,0.043541,0.160898,0.032856,0.185515
5599,0.488814,0.037845,0.265076,0.048431,0.137462
5600,0.367577,0.056635,0.144549,0.029176,0.137217
5601,0.341362,0.042007,0.09224,0.051128,0.155987
5602,0.45348,0.044973,0.23105,0.022057,0.1554
5603,0.42895,0.041906,0.153413,0.073448,0.160183
5604,0.325378,0.04512,0.115332,0.028237,0.136689
5605,0.426352,0.040141,0.144658,0.058195,0.183358
5606,0.40289,0.062688,0.165278,0.027851,0.147073
5607,0.51515,0.050877,0.229622,0.051472,0.183179
5608,0.423312,0.040984,0.21564,0.01738,0.149308
5609,0.431758,0.043924,0.164204,0.073355,0.150275
5610,0.467124,0.04198,0.199687,0.033494,0.191963
5611,0.40613,0.033459,0.188328,0.031289,0.153054
5612,0.61182,0.041155,0.362333,0.032993,0.175339
5613,0.323164,0.037511,0.121327,0.021367,0.142959
5614,0.495306,0.03983,0.25243,0.033213,0.169833
5615,0.497673,0.036458,0.284467,0.046576,0.130172
5616,0.345764,0.035718,0.129143,0.028099,0.152804
5617,0.284185,0.038345,0.097539,0.018215,0.130086
5618,0.338164,0.054988,0.14017,0.018357,0.124649
5619,0.490716,0.043176,0.26762,0.031372,0.148548
5620,0.410078,0.043152,0.185479,0.017988,0.163459
5621,0.571595,0.045078,0.290204,0.0734,0.162913
5622,0.722405,0.036886,0.44607,0.04153,0.197919
5623,0.69666,0.033972,0.410145,0.07604,0.176503
5624,0.535215,0.060134,0.275396,0.032028,0.167657
5625,0.468877,0.03443,0.197382,0.074794,0.162271
5626,0.386407,0.034722,0.176215,0.026674,0.148796
5627,0.482428,0.040107,0.209305,0.085843,0.147173
5628,0.628145,0.035721,0.362433,0.032246,0.197745
5629,0.718295,0.034243,0.504102,0.032528,0.147422
5630,0.486215,0.036667,0.215725,0.032185,0.201638
5631,0.407927,0.040049,0.136854,0.073648,0.157376
5632,0.379963,0.036162,0.163814,0.026886,0.153101
5633,0.393892,0.037511,0.159392,0.063142,0.133847
5634,0.374087,0.04819,0.160661,0.02748,0.137756
5635,0.31579,0.038651,0.123186,0.028592,0.125361
5636,0.448262,0.041768,0.261514,0.01837,0.12661
5637,0.357722,0.044159,0.169697,0.018947,0.124919
5638,0.340395,0.04131,0.140424,0.01982,0.138841
5639,0.372578,0.043394,0.187278,0.018013,0.123893
5640,0.402242,0.040176,0.197819,0.022386,0.141861
5641,0.399225,0.044425,0.216988,0.017614,0.120198
5642,0.514842,0.041825,0.319786,0.020136,0.133095
5643,0.440735,0.042197,0.25335,0.018776,0.126412
5644,0.330985,0.04443,0.149319,0.016893,0.120343
5645,0.265885,0.041506,0.082977,0.017526,0.123876
5646,0.382827,0.042673,0.195182,0.019545,0.125427
5647,0.42965,0.044579,0.245342,0.01764,0.122089
5648,0.395538,0.044781,0.205952,0.019819,0.124986
5649,0.340857,0.040912,0.158887,0.01753,0.123528
5650,0.374598,0.044639,0.18194,0.019083,0.128936
5651,0.42245,0.038002,0.199005,0.018444,0.166999
5652,0.586808,0.051448,0.382047,0.020798,0.132515
5653,0.325977,0.037331,0.131045,0.017952,0.139649
5654,0.338188,0.0452,0.149486,0.019256,0.124246
5655,0.297113,0.041419,0.117524,0.017452,0.120718
5656,0.39007,0.045109,0.190798,0.028004,0.126159
5657,0.348217,0.041277,0.141049,0.018087,0.147804
5658,0.343792,0.045953,0.151617,0.020971,0.125251
5659,0.290958,0.041568,0.108254,0.019372,0.121764
5660,0.39533,0.043308,0.204777,0.020005,0.12724
5661,0.417952,0.04114,0.231891,0.018287,0.126634
5662,0.425038,0.044094,0.224707,0.019907,0.13633
5663,0.449767,0.041573,0.239142,0.045266,0.123786
5664,0.28287,0.037632,0.080877,0.028033,0.136328
5665,0.358493,0.036223,0.17691,0.01811,0.12725
5666,0.46835,0.042425,0.226817,0.032758,0.16635
5667,0.366203,0.038432,0.162581,0.023224,0.141966
5668,0.286767,0.035041,0.096391,0.019451,0.135884
5669,0.34812,0.041645,0.166106,0.018208,0.122161
5670,0.404648,0.045561,0.209536,0.022175,0.127376
5671,0.321042,0.042229,0.134433,0.018115,0.126265
5672,0.429362,0.045259,0.1573,0.032947,0.193856
5673,0.327736,0.037152,0.12134,0.019194,0.15005
5674,0.425554,0.041752,0.167832,0.033116,0.182854
5675,0.41765,0.036926,0.19236,0.04612,0.142244
5676,0.48149,0.048101,0.226751,0.03288,0.173758
5677,0.416958,0.03432,0.161644,0.073895,0.147099
5678,0.418766,0.042116,0.18162,0.028255,0.166775
5679,0.464132,0.037384,0.193932,0.07471,0.158106
5680,0.464078,0.04157,0.245151,0.027668,0.149689
5681,0.76474,0.039012,0.503464,0.051737,0.170527
5682,0.546798,0.044541,0.284159,0.043338,0.17476
5683,0.472846,0.041207,0.149014,0.075942,0.206683
5684,0.393848,0.042977,0.181187,0.028277,0.141407
5685,0.462717,0.038028,0.193098,0.074088,0.157503
5686,0.33732,0.044175,0.122211,0.027844,0.14309
5687,0.873873,0.039,0.599619,0.075621,0.159633
5688,0.377752,0.055164,0.16927,0.027639,0.125679
5689,0.5225,0.04599,0.210949,0.074966,0.190595
5690,0.5251,0.042124,0.265986,0.033764,0.183226
5691,0.583415,0.034906,0.306741,0.053531,0.188237
5692,0.33475,0.042777,0.142007,0.01802,0.131946
5693,0.458397,0.042991,0.200826,0.06025,0.15433
5694,0.864408,0.043232,0.619966,0.033106,0.168104
5695,0.41335,0.034495,0.156426,0.073795,0.148634
5696,0.33524,0.039946,0.122922,0.027125,0.145247
5697,0.483108,0.036848,0.195552,0.03102,0.219688
5698,0.492386,0.068294,0.197644,0.031854,0.194594
5699,0.505722,0.042934,0.256087,0.060363,0.146338
5700,0.340515,0.035262,0.11778,0.027417,0.160056
5701,0.409464,0.038493,0.143983,0.075685,0.151303
5702,0.389347,0.043939,0.180303,0.035902,0.129203
5703,0.390913,0.038293,0.135927,0.075982,0.140711
5704,0.36102,0.036431,0.147999,0.028949,0.147641
5705,0.469672,0.048015,0.258585,0.033686,0.129386
5706,0.353715,0.044706,0.154822,0.020032,0.134155
5707,0.326603,0.038815,0.144737,0.018339,0.124712
5708,0.325685,0.04303,0.13839,0.019736,0.124529
5709,0.875235,0.051553,0.386968,0.019635,0.417079
5710,0.339855,0.049905,0.127959,0.019355,0.142636
5711,0.40759,0.042977,0.15727,0.018887,0.188456
5712,0.431898,0.044913,0.225766,0.01997,0.141249
5713,0.81193,0.046413,0.535505,0.074037,0.155975
5714,0.515122,0.035531,0.265846,0.032338,0.181407
5715,0.517716,0.037816,0.27121,0.058084,0.150606
5716,0.452912,0.03721,0.17586,0.031817,0.208025
5717,0.460095,0.037982,0.162881,0.057924,0.201308
5718,0.36107,0.033315,0.142018,0.02753,0.158207
5719,0.411846,0.037111,0.198771,0.046725,0.129239
5720,0.367505,0.036199,0.164653,0.027226,0.139427
5721,0.303873,0.038642,0.11495,0.019455,0.130826
5722,0.314695,0.041557,0.132555,0.019563,0.12102
5723,0.580077,0.042287,0.392726,0.017806,0.127258
5724,0.363823,0.042354,0.162391,0.01743,0.141648
5725,0.385535,0.043304,0.159726,0.04548,0.137025
5726,0.336988,0.034028,0.135392,0.027183,0.140385
5727,0.336325,0.038288,0.140385,0.01751,0.140142
5728,0.409463,0.042765,0.22366,0.019895,0.123143
5729,0.380143,0.04472,0.17731,0.01928,0.138833
5730,0.315545,0.040965,0.117473,0.019739,0.137368
5731,0.363063,0.04398,0.176844,0.019138,0.123101
5732,0.330115,0.041028,0.149294,0.016846,0.122947
5733,0.426565,0.04353,0.242714,0.018206,0.122115
5734,0.425483,0.040428,0.18197,0.032887,0.170198
5735,0.331997,0.039597,0.147912,0.018986,0.125502
5736,0.424845,0.04145,0.183594,0.033616,0.166185
5737,0.312148,0.044698,0.112227,0.018672,0.136551
5738,0.331383,0.035328,0.145237,0.021553,0.129265
5739,0.336232,0.04182,0.148279,0.018771,0.127362
5740,0.458872,0.04174,0.194331,0.04387,0.178931
5741,0.475254,0.039388,0.207792,0.074109,0.153965
5742,0.519877,0.03558,0.274201,0.03286,0.177236
5743,0.461505,0.03283,0.194416,0.073669,0.16059
5744,0.6222,0.058764,0.340184,0.032949,0.190303
5745,0.434005,0.03852,0.179524,0.055642,0.160319
5746,0.324645,0.045992,0.109846,0.027728,0.141079
5747,0.46683,0.037814,0.179864,0.075246,0.173906
5748,0.500028,0.037586,0.232847,0.033008,0.196587
5749,0.498125,0.037333,0.253329,0.058803,0.14866
5750,0.441502,0.041855,0.17668,0.033297,0.18967
5751,0.55484,0.039911,0.280579,0.059262,0.175088
5752,0.515796,0.043786,0.267359,0.032884,0.171767
5753,0.448952,0.035795,0.166137,0.079232,0.167788
5754,0.31755,0.048181,0.088998,0.0279,0.152471
5755,0.39216,0.03552,0.165724,0.062924,0.127992
5756,0.371335,0.047778,0.156974,0.027983,0.1386
5757,0.347058,0.035652,0.155384,0.019151,0.136871
5758,0.388727,0.044762,0.174517,0.02946,0.139988
5759,0.37968,0.041251,0.187687,0.019488,0.131254
5760,0.29609,0.04436,0.111172,0.016892,0.123666
5761,0.359865,0.040415,0.178821,0.018305,0.122324
5762,0.33741,0.043642,0.136201,0.02039,0.137177
5763,0.46475,0.041122,0.254851,0.045686,0.123091
5764,0.353075,0.036715,0.147844,0.028008,0.140508
5765,0.326668,0.03756,0.132717,0.019654,0.136737
5766,0.370753,0.043223,0.162728,0.024998,0.139804
5767,0.337673,0.041688,0.153732,0.019062,0.123191
5768,0.31609,0.045147,0.129426,0.016588,0.124929
5769,0.471135,0.041477,0.288397,0.018502,0.122759
5770,0.31791,0.044445,0.127087,0.020821,0.125557
5771,0.313406,0.041968,0.114066,0.018097,0.139275
5772,0.457558,0.044445,0.210316,0.041227,0.16157
5773,0.312554,0.036035,0.126356,0.018035,0.132128
5774,0.422516,0.042905,0.174117,0.031733,0.173761
5775,0.514228,0.036713,0.294532,0.052931,0.130052
5776,0.658722,0.041192,0.403549,0.031972,0.182009
5777,0.417976,0.037116,0.155814,0.075832,0.149214
5778,0.47178,0.05507,0.181538,0.047042,0.18813
5779,0.415354,0.042068,0.163074,0.057616,0.152596
5780,0.317386,0.047031,0.103201,0.027838,0.139316
5781,0.27347,0.037423,0.085074,0.019376,0.131597
5782,0.390656,0.042041,0.190516,0.020487,0.137612
5783,0.403874,0.045479,0.20843,0.018472,0.131493
5784,0.36943,0.045159,0.159696,0.019913,0.144662
5785,0.463257,0.041454,0.284487,0.017789,0.119527
5786,0.364443,0.045519,0.169907,0.019748,0.129269
5787,0.29315,0.042075,0.08657,0.039655,0.12485
5788,0.38125,0.047259,0.189147,0.021073,0.123771
5789,0.368986,0.041665,0.180254,0.018251,0.128816
5790,0.311296,0.045121,0.120973,0.019314,0.125888
5791,0.299482,0.041435,0.10948,0.017504,0.131063
5792,0.34382,0.04673,0.15466,0.019853,0.122577
5793,0.336027,0.041487,0.15649,0.017463,0.120587
5794,0.348305,0.0427,0.15029,0.019456,0.135859
5795,0.380197,0.042263,0.19482,0.018862,0.124252
5796,0.376918,0.050246,0.185521,0.016837,0.124314
5797,0.480626,0.040914,0.284495,0.018398,0.136819
5798,0.305342,0.045307,0.101745,0.019412,0.138878
5799,0.314818,0.041935,0.133659,0.018831,0.120393
5800,0.418558,0.046056,0.162363,0.031969,0.17817
5801,0.423632,0.037225,0.192173,0.045498,0.148736
5802,0.490006,0.040188,0.249451,0.05625,0.144117
5803,0.464306,0.036594,0.233831,0.04617,0.147711
5804,0.807603,0.041781,0.547883,0.038234,0.179705
5805,0.316925,0.048922,0.119393,0.018178,0.130432
5806,0.971677,0.071401,0.71652,0.033264,0.150492
5807,0.503672,0.03279,0.252415,0.05854,0.159927
5808,0.644168,0.045073,0.282467,0.045664,0.270964
5809,0.368927,0.073132,0.118145,0.023523,0.154127
5810,0.460873,0.058005,0.16766,0.032827,0.202381
5811,0.333363,0.040849,0.132733,0.01987,0.139911
5812,0.617387,0.043531,0.37852,0.03287,0.162466
5813,0.3281,0.039109,0.141016,0.018454,0.129521
5814,0.32114,0.042894,0.10418,0.022582,0.151484
5815,0.388388,0.042449,0.175564,0.0318,0.138575
5816,0.482858,0.046393,0.228727,0.032961,0.174777
5817,0.43774,0.036181,0.185497,0.059615,0.156447
5818,0.369375,0.064088,0.125779,0.027904,0.151604
5819,0.532787,0.036679,0.254839,0.074451,0.166818
5820,0.46312,0.03721,0.224139,0.033013,0.168758
5821,0.495042,0.036123,0.217299,0.059325,0.182295
5822,0.406772,0.046665,0.173566,0.028396,0.158145
5823,0.550427,0.037607,0.309412,0.058806,0.144602
5824,0.545007,0.041206,0.283937,0.033162,0.186702
5825,0.505038,0.038475,0.225102,0.075095,0.166366
5826,0.505168,0.062499,0.255052,0.032943,0.154674
5827,0.413145,0.036087,0.144977,0.081047,0.151034
5828,0.450485,0.034933,0.173719,0.03322,0.208613
5829,0.49149,0.038651,0.186465,0.090625,0.175749
5830,0.29658,0.03651,0.086623,0.02788,0.145567
5831,0.45363,0.037802,0.205619,0.058988,0.151221
5832,0.378675,0.047686,0.143044,0.028016,0.159929
5833,0.424937,0.038859,0.178195,0.031548,0.176335
5834,0.426625,0.041936,0.234058,0.017828,0.132803
5835,0.39841,0.04382,0.158947,0.047368,0.148275
5836,0.442028,0.035846,0.233342,0.029136,0.143704
5837,0.41288,0.037468,0.196891,0.048589,0.129932
5838,0.33154,0.03605,0.123027,0.028071,0.144392
5839,0.439603,0.040981,0.204357,0.046291,0.147974
5840,0.560182,0.036356,0.360917,0.028658,0.134251
5841,0.39065,0.03651,0.151668,0.070308,0.132164
5842,0.39516,0.04382,0.163897,0.038232,0.149211
5843,0.404178,0.036437,0.209231,0.01846,0.14005
5844,0.346573,0.044299,0.165637,0.016697,0.11994
5845,0.348967,0.042235,0.14675,0.019085,0.140897
5846,0.330115,0.044065,0.134289,0.016768,0.134993
5847,0.36938,0.040068,0.183272,0.017835,0.128205
5848,0.377598,0.042576,0.19043,0.019301,0.125291
5849,0.482727,0.041254,0.299761,0.018495,0.123217
5850,0.327888,0.044394,0.128611,0.019404,0.135479
5851,0.382932,0.041311,0.196222,0.017787,0.127612
5852,0.47828,0.044241,0.236614,0.032089,0.165336
5853,0.490854,0.041625,0.273581,0.046103,0.129545
5854,0.320654,0.048186,0.10841,0.028551,0.135507
5855,0.543608,0.04483,0.32,0.04757,0.131208
5856,0.371552,0.04332,0.162982,0.027133,0.138117
5857,0.45541,0.03862,0.238234,0.046096,0.13246
5858,0.523108,0.041628,0.249181,0.031791,0.200508
5859,0.41704,0.034393,0.193144,0.046282,0.143221
5860,0.343785,0.045846,0.139304,0.026675,0.13196
5861,0.31505,0.035093,0.127822,0.01901,0.133125
5862,0.31826,0.04457,0.131347,0.017103,0.12524
5863,0.31944,0.04146,0.139177,0.017912,0.120891
5864,0.324037,0.04644,0.128607,0.020623,0.128367
5865,0.55124,0.05011,0.352007,0.017876,0.131247
5866,0.346017,0.045112,0.161486,0.020421,0.118998
5867,0.291975,0.040633,0.103068,0.017935,0.130339
5868,0.30346,0.044866,0.113417,0.018913,0.126264
5869,0.347062,0.041903,0.160244,0.019223,0.125692
5870,0.312925,0.047317,0.109268,0.020111,0.136229
5871,0.685803,0.042076,0.500908,0.017967,0.124852
5872,0.341315,0.045333,0.149884,0.019242,0.126856
5873,0.337841,0.042196,0.158473,0.018024,0.119148
5874,0.30604,0.045458,0.120799,0.01945,0.120333
5875,0.315306,0.044188,0.12308,0.017732,0.130306
5876,0.430938,0.044604,0.203139,0.021026,0.162169
5877,0.609194,0.042288,0.419052,0.018171,0.129683
5878,0.37014,0.044092,0.177482,0.019665,0.128901
5879,0.426824,0.043984,0.184618,0.045508,0.152714
5880,0.457508,0.03753,0.192023,0.034172,0.193783
5881,0.402044,0.033556,0.168704,0.066765,0.133019
5882,0.45425,0.043552,0.193454,0.032915,0.184329
5883,0.330174,0.044762,0.125467,0.019274,0.140671
5884,0.466342,0.042626,0.217774,0.033265,0.172677
5885,0.482218,0.039541,0.208626,0.074978,0.159073
5886,0.530052,0.035491,0.279227,0.0329,0.182434
5887,0.47489,0.036836,0.224547,0.058421,0.155086
5888,0.438024,0.044821,0.192076,0.029157,0.17197
5889,0.37793,0.036644,0.105503,0.06553,0.170253
5890,0.56164,0.038175,0.322595,0.032773,0.168097
5891,0.40206,0.038001,0.152118,0.078059,0.133882
5892,0.38916,0.047458,0.16374,0.028201,0.149761
5893,0.446462,0.039297,0.23506,0.04665,0.125455
5894,0.471137,0.034366,0.198429,0.038498,0.199844
5895,0.30292,0.04459,0.094868,0.028998,0.134464
5896,0.50456,0.03575,0.302541,0.023764,0.142505
5897,0.578853,0.044696,0.337633,0.058798,0.137726
5898,0.462097,0.036333,0.203315,0.032701,0.189748
5899,0.313695,0.041736,0.123163,0.02028,0.128516
5900,0.340166,0.045144,0.149236,0.0217,0.124086
5901,0.306212,0.041322,0.124817,0.018482,0.121591
5902,0.333804,0.04723,0.142411,0.017139,0.127024
5903,0.3464,0.041315,0.164708,0.018322,0.122055
5904,0.478426,0.043446,0.274357,0.020993,0.13963
5905,0.336586,0.042883,0.152503,0.018503,0.122697
5906,0.36313,0.045146,0.162291,0.020928,0.134765
5907,0.29406,0.03925,0.109697,0.018009,0.127104
5908,0.307007,0.04582,0.10088,0.020364,0.139943
5909,0.52305,0.049297,0.335752,0.01854,0.119461
5910,0.381667,0.045824,0.193677,0.019351,0.122815
5911,0.281987,0.042862,0.090775,0.019011,0.129339
5912,0.403188,0.044596,0.190367,0.025426,0.142799
5913,0.323769,0.041365,0.131647,0.018056,0.132701
5914,0.367553,0.044235,0.181673,0.016547,0.125098
5915,0.48417,0.041964,0.271045,0.046913,0.124248
5916,0.37494,0.036301,0.168134,0.028158,0.142347
5917,0.317063,0.041836,0.12639,0.01817,0.130667
5918,0.433328,0.044712,0.237653,0.022916,0.128047
5919,0.379527,0.04103,0.191113,0.019183,0.128201
5920,0.32184,0.04405,0.130308,0.020473,0.127009
5921,0.378515,0.04135,0.154962,0.063713,0.11849
5922,0.595043,0.042676,0.378477,0.026976,0.146914
5923,0.406265,0.035066,0.190036,0.045983,0.13518
5924,0.33791,0.040625,0.12388,0.02801,0.145395
5925,0.347163,0.036203,0.160591,0.018717,0.131652
5926,0.296515,0.052776,0.100177,0.01704,0.126522
5927,0.478213,0.042775,0.285845,0.017563,0.13203
5928,0.354267,0.044122,0.160421,0.020008,0.129716
5929,0.52039,0.043595,0.32909,0.017926,0.129779
5930,0.474615,0.04205,0.239362,0.031904,0.161299
5931,0.4111,0.039116,0.164834,0.061219,0.145931
5932,0.388665,0.043665,0.175441,0.029549,0.14001
5933,0.317945,0.044639,0.125887,0.017862,0.129557
5934,0.34364,0.042335,0.149979,0.020455,0.130871
5935,0.326847,0.043228,0.142713,0.017819,0.123087
5936,0.50334,0.054849,0.302522,0.02015,0.125819
5937,0.39143,0.046002,0.201022,0.017672,0.126734
5938,0.38229,0.042853,0.198313,0.019779,0.121345
5939,1.03981,0.042976,0.851554,0.018617,0.126661
5940,0.337652,0.044577,0.151282,0.019937,0.121856
5941,0.38181,0.045042,0.14947,0.065659,0.121639
5942,0.36976,0.034691,0.168149,0.026903,0.140017
5943,0.272175,0.039123,0.090257,0.018086,0.124709
5944,0.274363,0.043765,0.077092,0.017533,0.135973
5945,0.355524,0.042641,0.169521,0.017565,0.125797
5946,0.337608,0.045439,0.144982,0.017808,0.129379
5947,0.330593,0.051812,0.133627,0.018199,0.126955
5948,0.348253,0.044168,0.150081,0.019774,0.13423
5949,0.319313,0.038702,0.123626,0.017701,0.139284
5950,0.548652,0.045758,0.361417,0.019612,0.121865
5951,0.283958,0.042067,0.097142,0.01785,0.126899
5952,0.353312,0.041804,0.169464,0.018875,0.123169
5953,0.401172,0.043195,0.204197,0.017457,0.136323
5954,0.392695,0.044092,0.160874,0.03114,0.156589
5955,0.450064,0.042871,0.223427,0.047103,0.136663
5956,0.863737,0.038894,0.607581,0.032889,0.184373
5957,0.697265,0.044772,0.466221,0.046338,0.139934
5958,0.693072,0.037622,0.434706,0.04296,0.177784
5959,0.414774,0.039246,0.154146,0.066889,0.154493
5960,0.771658,0.056566,0.426326,0.031821,0.256945
5961,0.698734,0.066934,0.304534,0.092397,0.234869
5962,0.484787,0.06677,0.185204,0.033071,0.199742
5963,0.596668,0.044395,0.272861,0.075899,0.203513
5964,0.522488,0.0698,0.196152,0.03844,0.218096
5965,0.474877,0.042404,0.226134,0.059044,0.147295
5966,0.494353,0.063661,0.211758,0.032915,0.186019
5967,0.598325,0.033174,0.276957,0.074809,0.213385
5968,0.394556,0.060671,0.151611,0.028054,0.15422
5969,0.496437,0.048544,0.185096,0.082514,0.180283
5970,0.385082,0.039887,0.160327,0.028713,0.156155
5971,0.300157,0.055523,0.098577,0.021523,0.124534
5972,0.33506,0.042004,0.14719,0.017104,0.128762
5973,0.452865,0.044148,0.254234,0.019905,0.134578
5974,0.311144,0.042705,0.1233,0.020489,0.12465
5975,0.390122,0.050403,0.165094,0.045661,0.128964
5976,0.372836,0.037091,0.169587,0.027691,0.138467
5977,0.431276,0.038291,0.238067,0.027329,0.127589
5978,0.356608,0.043114,0.165994,0.017549,0.129951
5979,0.344888,0.044416,0.162259,0.01869,0.119523
5980,0.31541,0.043934,0.11186,0.020614,0.139002
5981,0.35786,0.043912,0.171924,0.018311,0.123713
5982,0.320348,0.042268,0.13952,0.017203,0.121357
5983,0.37123,0.044729,0.16044,0.018624,0.147437
5984,0.397308,0.04209,0.218081,0.016871,0.120266
5985,0.938556,0.045855,0.702472,0.04744,0.142789
5986,0.370546,0.0389,0.158394,0.027842,0.14541
5987,0.295608,0.037509,0.108218,0.018581,0.1313
5988,0.448872,0.045157,0.196965,0.033161,0.173589
5989,0.634198,0.038535,0.410388,0.046248,0.139027
5990,0.595446,0.050432,0.279697,0.0323,0.233017
5991,0.331414,0.052831,0.118657,0.019409,0.140517
5992,0.612312,0.045077,0.27555,0.047031,0.244654
5993,0.644102,0.065952,0.379643,0.04768,0.150827
5994,0.380727,0.042248,0.161387,0.027155,0.149937
5995,0.444218,0.039961,0.257016,0.01801,0.129231
5996,0.471548,0.042354,0.232206,0.032128,0.16486
5997,0.40884,0.039847,0.17702,0.045522,0.146451
5998,0.551985,0.055206,0.29314,0.032565,0.171074
5999,0.43397,0.036384,0.174986,0.058313,0.164287
6000,0.38954,0.03896,0.149486,0.043588,0.157506
6001,0.49999,0.036869,0.230654,0.074117,0.15835
6002,0.442792,0.03745,0.177502,0.032016,0.195824
6003,0.379982,0.03727,0.165196,0.031941,0.145575
6004,0.54664,0.065944,0.236521,0.031845,0.21233
6005,0.44725,0.038439,0.157853,0.083859,0.167099
6006,0.523284,0.036937,0.280601,0.032202,0.173544
6007,0.530946,0.034421,0.300278,0.050603,0.145644
6008,0.371164,0.036027,0.153995,0.027067,0.154075
6009,0.461285,0.038194,0.195685,0.051147,0.176259
6010,0.356713,0.054276,0.154005,0.020604,0.127828
6011,0.39658,0.04188,0.209507,0.019561,0.125632
6012,0.348214,0.046047,0.147226,0.020023,0.134918
6013,0.353377,0.041966,0.171903,0.018195,0.121313
6014,0.465018,0.045707,0.22376,0.032306,0.163245
6015,0.404436,0.037398,0.176463,0.060436,0.130139
6016,0.340922,0.035762,0.134553,0.02745,0.143157
6017,0.337967,0.043542,0.13949,0.024011,0.130924
6018,0.39062,0.042823,0.19748,0.019592,0.130725
6019,0.368035,0.041902,0.180777,0.017714,0.127642
6020,0.335392,0.046505,0.146662,0.019278,0.122947
6021,0.4928,0.041891,0.274509,0.045376,0.131024
6022,0.403788,0.043391,0.170814,0.028538,0.161045
6023,0.505128,0.03377,0.292062,0.045023,0.134273
6024,0.600292,0.037398,0.292172,0.05911,0.211612
6025,0.451333,0.06859,0.142379,0.067167,0.173197
6026,0.421923,0.047237,0.198262,0.02954,0.146884
6027,0.312585,0.03634,0.123344,0.018454,0.134447
6028,0.3034,0.042904,0.106942,0.0273,0.126254
6029,0.35922,0.044091,0.168882,0.018061,0.128186
6030,0.45404,0.042819,0.264771,0.017645,0.128805
6031,0.38962,0.041779,0.194974,0.027469,0.125398
6032,0.344127,0.045488,0.152492,0.020851,0.125296
6033,0.317528,0.040494,0.135494,0.018475,0.123065
6034,0.447998,0.043805,0.25744,0.016563,0.13019
6035,0.523985,0.05161,0.307838,0.042731,0.121806
6036,0.341042,0.03663,0.12268,0.029472,0.15226
6037,0.350669,0.035103,0.149333,0.017944,0.148289
6038,0.354265,0.044584,0.147248,0.021871,0.140562
6039,0.283737,0.039687,0.10064,0.018677,0.124733
6040,0.364645,0.04577,0.15814,0.019991,0.140744
6041,0.319565,0.041974,0.136926,0.01829,0.122375
6042,0.328733,0.044641,0.135064,0.02063,0.128398
6043,0.40313,0.04083,0.195366,0.046266,0.120668
6044,0.37064,0.03624,0.164217,0.028005,0.142178
6045,0.310142,0.041302,0.112856,0.024866,0.131118
6046,0.336452,0.044224,0.144957,0.022809,0.124462
6047,0.48521,0.041222,0.270078,0.045551,0.128359
6048,0.5084,0.036203,0.270974,0.03341,0.167813
6049,0.837962,0.037908,0.617756,0.045627,0.136671
6050,0.595828,0.03709,0.336627,0.032959,0.189152
6051,0.38286,0.038764,0.190149,0.019003,0.134944
6052,0.593383,0.043046,0.346107,0.03827,0.16596
6053,0.353173,0.047289,0.153529,0.018582,0.133773
6054,0.597664,0.040233,0.355047,0.033051,0.169333
6055,0.403907,0.036443,0.172642,0.06259,0.132232
6056,0.442818,0.066455,0.21763,0.02822,0.130513
6057,0.392522,0.039146,0.115613,0.075432,0.162331
6058,0.510194,0.043766,0.253666,0.033409,0.179353
6059,0.453656,0.034601,0.202444,0.059253,0.157358
6060,0.400138,0.056194,0.168463,0.02815,0.147331
6061,0.571203,0.03897,0.299141,0.081837,0.151255
6062,0.39335,0.03544,0.181932,0.029275,0.146703
6063,0.409294,0.038504,0.178078,0.047062,0.14565
6064,0.303115,0.039238,0.092611,0.035201,0.136065
6065,0.32336,0.037896,0.133378,0.020313,0.131773
6066,0.499758,0.045395,0.310711,0.02072,0.122932
6067,0.275047,0.041945,0.085748,0.018226,0.129128
6068,0.595902,0.046293,0.40644,0.019992,0.123177
6069,0.571786,0.042632,0.355724,0.0456,0.12783
6070,0.369446,0.035651,0.151067,0.027361,0.155367
6071,0.36066,0.070636,0.144704,0.018878,0.126442
6072,0.443327,0.042346,0.195892,0.032285,0.172804
6073,0.36448,0.053587,0.164537,0.018237,0.128119
6074,0.373072,0.035652,0.166224,0.018112,0.153084
6075,0.432791,0.044417,0.215838,0.030678,0.141858
6076,0.418206,0.042019,0.1516,0.032371,0.192216
6077,0.453944,0.039203,0.182444,0.06787,0.164427
6078,0.607576,0.066513,0.291661,0.031899,0.217503
6079,0.335324,0.0324,0.148014,0.020737,0.134173
6080,0.389772,0.039993,0.181874,0.021839,0.146066
6081,0.401318,0.040851,0.129572,0.082268,0.148627
6082,0.508482,0.040568,0.262157,0.03219,0.173567
6083,0.419632,0.036032,0.157766,0.073414,0.15242
6084,0.561776,0.040984,0.330537,0.028662,0.161593
6085,0.54094,0.062486,0.22968,0.051592,0.197182
6086,0.339476,0.04242,0.144591,0.01836,0.134105
6087,0.371492,0.044188,0.177863,0.019745,0.129696
6088,0.373523,0.042145,0.17456,0.021281,0.135537
6089,0.394283,0.045548,0.16995,0.045819,0.132966
6090,0.320637,0.039162,0.112539,0.027118,0.141818
6091,0.30831,0.03875,0.118652,0.017604,0.133304
6092,0.490396,0.043047,0.246486,0.032385,0.168478
6093,0.44631,0.040797,0.195543,0.057928,0.152042
6094,0.405562,0.039195,0.180725,0.028468,0.157174
6095,0.530045,0.039062,0.261116,0.057526,0.172341
6096,0.37836,0.035331,0.1597,0.026844,0.156485
6097,0.46368,0.035657,0.194375,0.07304,0.160608
6098,0.484518,0.042022,0.248841,0.039949,0.153706
6099,0.50017,0.039687,0.193626,0.076062,0.190795
6100,0.70032,0.04733,0.411476,0.038758,0.202756
6101,0.447,0.039981,0.194957,0.048693,0.163369
6102,0.474075,0.040366,0.217338,0.03301,0.183361
6103,0.328227,0.038033,0.130736,0.019186,0.140272
6104,0.368965,0.037419,0.174102,0.019137,0.138307
6105,0.40342,0.042164,0.176297,0.047347,0.137612
6106,0.482688,0.040849,0.257027,0.028133,0.156679
6107,0.391775,0.035637,0.148041,0.05101,0.157087
6108,0.422385,0.045181,0.181557,0.033089,0.162558
6109,0.417125,0.038918,0.14306,0.073909,0.161238
6110,0.355967,0.04083,0.155875,0.02801,0.131252
6111,0.34234,0.035078,0.142805,0.023511,0.140946
6112,0.306998,0.044869,0.125902,0.01715,0.119077
6113,0.334302,0.040784,0.143142,0.019033,0.131343
6114,0.306627,0.0445,0.104983,0.020811,0.136333
6115,0.275045,0.039827,0.097267,0.018204,0.119747
6116,0.3589,0.042615,0.17069,0.021125,0.12447
6117,0.298702,0.041946,0.11757,0.018323,0.120863
6118,0.33803,0.043506,0.139104,0.02029,0.13513
6119,0.32247,0.043579,0.142173,0.017946,0.118772
6120,0.556184,0.042071,0.305457,0.032971,0.175685
6121,0.485588,0.049737,0.256764,0.043192,0.135895
6122,0.35381,0.045829,0.142774,0.028118,0.137089
6123,0.525887,0.035808,0.307761,0.046524,0.135794
6124,0.7646,0.03686,0.532247,0.033275,0.162218
6125,0.57314,0.033788,0.365515,0.02015,0.153687
6126,0.513888,0.046252,0.237912,0.04326,0.186464
6127,0.586792,0.032738,0.322729,0.074331,0.156994
6128,0.343443,0.046743,0.134371,0.028239,0.13409
6129,0.476452,0.035562,0.263151,0.0479,0.129839
6130,0.352653,0.043672,0.143429,0.028106,0.137446
6131,0.386825,0.035595,0.205271,0.018471,0.127488
6132,0.335648,0.045389,0.132834,0.018021,0.139404
6133,0.357348,0.043148,0.170187,0.019438,0.124575
6134,0.391328,0.045715,0.201755,0.019904,0.123954
6135,0.298035,0.042226,0.115064,0.018526,0.122219
6136,0.295882,0.044299,0.107427,0.022044,0.122112
6137,0.470313,0.040183,0.289071,0.018508,0.122551
6138,0.32139,0.042805,0.131531,0.020896,0.126158
6139,0.328588,0.040651,0.14666,0.017948,0.123329
6140,0.34384,0.044135,0.145807,0.017138,0.13676
6141,0.438622,0.040861,0.227149,0.045936,0.124676
6142,0.334424,0.042255,0.126348,0.026794,0.139027
6143,0.404237,0.035014,0.198404,0.045522,0.125297
6144,0.348562,0.042521,0.124577,0.0271,0.154364
6145,0.39212,0.035389,0.211469,0.018536,0.126726
6146,0.305823,0.045881,0.11094,0.020857,0.128145
6147,0.331085,0.039584,0.14235,0.028373,0.120778
6148,0.348,0.041719,0.160924,0.020131,0.125226
6149,0.31773,0.041445,0.137904,0.018821,0.11956
6150,0.307735,0.045446,0.110247,0.019575,0.132467
6151,0.526193,0.041675,0.346647,0.017713,0.120158
6152,0.46256,0.0437,0.225494,0.031772,0.161594
6153,0.32696,0.037668,0.137592,0.018448,0.133252
6154,0.319695,0.039818,0.135702,0.017677,0.126498
6155,0.334095,0.041315,0.153526,0.018515,0.120739
6156,0.316921,0.053977,0.122489,0.020581,0.119874
6157,0.461402,0.041151,0.285996,0.017651,0.116604
6158,0.27796,0.045746,0.09049,0.019741,0.121983
6159,0.39021,0.052214,0.204174,0.017576,0.116246
6160,0.320362,0.045312,0.13562,0.01876,0.12067
6161,0.321755,0.040414,0.140487,0.017816,0.123038
6162,0.387668,0.044797,0.20035,0.018785,0.123736
6163,0.369192,0.042092,0.185469,0.018476,0.123155
6164,0.431202,0.04464,0.236959,0.020288,0.129315
6165,0.411304,0.042324,0.202488,0.045666,0.120826
6166,0.342646,0.040554,0.132097,0.027291,0.142704
6167,0.391156,0.034791,0.171577,0.045826,0.138962
6168,0.460085,0.042196,0.221944,0.037239,0.158706
6169,0.620774,0.041495,0.401992,0.045345,0.131942
6170,0.327872,0.037354,0.112214,0.042101,0.136203
6171,0.676174,0.040039,0.486341,0.021374,0.12842
6172,0.42088,0.041949,0.232901,0.021246,0.124784
6173,0.349636,0.044998,0.146436,0.018132,0.14007
6174,0.420346,0.043219,0.161707,0.032248,0.183172
6175,0.46789,0.038363,0.24969,0.045636,0.134201
6176,0.39106,0.04066,0.135113,0.056778,0.158509
6177,0.38749,0.036686,0.155353,0.06461,0.130841
6178,0.351982,0.041486,0.14286,0.028072,0.139564
6179,0.464805,0.03611,0.283789,0.018755,0.126151
6180,0.350536,0.044069,0.162737,0.020475,0.123255
6181,0.434404,0.04079,0.25306,0.018555,0.121999
6182,0.313177,0.045314,0.122875,0.020841,0.124147
6183,0.515416,0.041806,0.3088,0.04693,0.11788
6184,0.436588,0.041849,0.23537,0.027933,0.131436
6185,0.289942,0.036214,0.107466,0.019025,0.127237
6186,0.311436,0.044988,0.107161,0.020883,0.138404
6187,0.336446,0.0407,0.14648,0.01809,0.131176
6188,0.451982,0.043376,0.215416,0.033079,0.160111
6189,0.28319,0.046014,0.088238,0.018741,0.130197
6190,0.459882,0.040194,0.261041,0.02192,0.136727
6191,0.328286,0.04151,0.14332,0.020247,0.123209
6192,0.488428,0.044878,0.247184,0.03883,0.157536
6193,0.426696,0.038005,0.1833,0.062958,0.142433
6194,0.502202,0.043994,0.26149,0.033383,0.163335
6195,0.359248,0.03957,0.17282,0.019075,0.127783
6196,0.346362,0.041743,0.15611,0.021998,0.126511
6197,0.365907,0.043202,0.182315,0.018366,0.122024
6198,0.32501,0.041661,0.138413,0.017809,0.127127
6199,0.355628,0.045847,0.167656,0.018504,0.123621
6200,0.486262,0.042055,0.249189,0.034336,0.160682
6201,0.48823,0.038367,0.269745,0.045935,0.134183
6202,0.36296,0.043434,0.151408,0.028364,0.139754
6203,0.293403,0.037476,0.110593,0.018313,0.127021
6204,0.324902,0.040866,0.138695,0.019772,0.125569
6205,0.32503,0.043493,0.129513,0.017731,0.134293
6206,0.341868,0.04209,0.138733,0.021688,0.139357
6207,0.416338,0.045642,0.15338,0.051415,0.165901
6208,0.518162,0.041123,0.285523,0.03273,0.158786
6209,0.336413,0.038707,0.092645,0.052099,0.152962
6210,0.457695,0.040929,0.219097,0.033341,0.164328
6211,0.410657,0.039783,0.178805,0.047881,0.144188
6212,0.540695,0.036857,0.279346,0.03336,0.191132
6213,0.416768,0.034416,0.158594,0.07616,0.147598
6214,0.432405,0.045515,0.195145,0.045487,0.146258
6215,0.44545,0.035831,0.170095,0.073422,0.166102
6216,0.4188,0.043863,0.181739,0.028293,0.164905
6217,0.43685,0.03575,0.173475,0.06943,0.158195
6218,0.311912,0.044737,0.121762,0.021361,0.124052
6219,0.419665,0.041465,0.234429,0.020433,0.123338
6220,0.396583,0.043085,0.213252,0.016588,0.123658
6221,0.31005,0.041668,0.125774,0.019088,0.12352
6222,0.312285,0.046417,0.123852,0.019767,0.122249
6223,0.299505,0.041168,0.110713,0.017857,0.129767
6224,0.272515,0.044574,0.08801,0.01692,0.123011
6225,0.363466,0.040967,0.1874,0.01776,0.117339
6226,0.316233,0.044699,0.132747,0.018946,0.119841
6227,0.362607,0.041213,0.181969,0.017087,0.122338
6228,0.574712,0.04408,0.32421,0.031752,0.17467
6229,0.452267,0.037139,0.180953,0.080626,0.153549
6230,0.37144,0.037508,0.16873,0.027458,0.137744
6231,0.641228,0.037954,0.350282,0.074898,0.178094
6232,0.38741,0.036748,0.165307,0.027235,0.15812
6233,0.394808,0.038144,0.141722,0.076797,0.138145
6234,0.352938,0.040838,0.143148,0.028925,0.140027
6235,0.378095,0.05598,0.133235,0.030718,0.158162
6236,0.350578,0.042236,0.156519,0.019526,0.132297
6237,0.39476,0.043774,0.214445,0.020035,0.116506
6238,0.595117,0.04206,0.406955,0.020807,0.125295
6239,0.422178,0.043381,0.198939,0.045019,0.134839
6240,0.468447,0.040498,0.217715,0.03202,0.178214
6241,0.464269,0.070662,0.179154,0.046522,0.167931
6242,0.411181,0.073333,0.148744,0.034162,0.154942
6243,0.418,0.033695,0.150596,0.0734,0.160309
6244,0.448993,0.039177,0.200714,0.031975,0.177127
6245,0.346354,0.031921,0.13602,0.035193,0.14322
6246,0.42811,0.044398,0.180836,0.032089,0.170787
6247,0.325645,0.036058,0.108457,0.031188,0.149942
6248,0.359223,0.060751,0.148279,0.02258,0.127613
6249,0.63914,0.036153,0.441477,0.020833,0.140677
6250,0.462102,0.042719,0.231124,0.032027,0.156232
6251,0.397788,0.038468,0.169227,0.062798,0.127295
6252,0.375093,0.039774,0.16667,0.027038,0.141611
6253,0.367662,0.039181,0.157611,0.030809,0.140061
6254,0.422748,0.041583,0.170669,0.03308,0.177416
6255,0.377412,0.038486,0.15268,0.037478,0.148768
6256,0.70415,0.033019,0.495196,0.020297,0.155638
6257,0.466592,0.036142,0.213548,0.051699,0.165203
6258,0.48931,0.044996,0.245257,0.033213,0.165844
6259,0.501722,0.038708,0.223906,0.074362,0.164746
6260,0.495685,0.06259,0.199854,0.03333,0.199911
6261,0.462981,0.038495,0.242434,0.049013,0.133039
6262,0.505143,0.035166,0.255138,0.033087,0.181752
6263,0.453602,0.033332,0.170562,0.090092,0.159616
6264,0.45848,0.048496,0.208077,0.0331,0.168807
6265,0.3845,0.042217,0.134907,0.054205,0.153171
6266,0.460506,0.036816,0.224298,0.033051,0.166341
6267,0.434948,0.037947,0.177046,0.061891,0.158064
6268,0.351734,0.039488,0.158922,0.022396,0.130928
6269,0.389092,0.040272,0.205454,0.019145,0.124221
6270,0.440186,0.045002,0.16088,0.033289,0.201015
6271,0.437173,0.038247,0.213671,0.046114,0.139141
6272,0.33816,0.042826,0.120682,0.029177,0.145475
6273,0.45154,0.041116,0.233174,0.046182,0.131068
6274,0.366172,0.037283,0.162254,0.029058,0.137577
6275,0.301942,0.039021,0.118161,0.019164,0.125596
6276,0.3419,0.041028,0.152117,0.019515,0.12924
6277,0.337824,0.041609,0.145068,0.018356,0.132791
6278,0.370806,0.045165,0.163233,0.020209,0.142199
6279,0.3484,0.042654,0.154174,0.01811,0.133462
6280,0.3703,0.04427,0.17137,0.019498,0.135162
6281,0.482753,0.04275,0.299745,0.017986,0.122272
6282,0.293304,0.053506,0.101663,0.016941,0.121194
6283,0.303068,0.041416,0.1177,0.018857,0.125095
6284,0.457317,0.043865,0.186099,0.042835,0.184518
6285,0.475612,0.038107,0.25574,0.046116,0.135649
6286,0.449005,0.041677,0.190673,0.0342,0.182455
6287,0.41239,0.038523,0.162589,0.07387,0.137408
6288,0.581143,0.043137,0.33173,0.033035,0.173241
6289,0.525946,0.037359,0.283571,0.058979,0.146037
6290,0.490686,0.04472,0.227813,0.03318,0.184973
6291,0.4102,0.041464,0.146792,0.076238,0.145706
6292,0.470782,0.042125,0.20153,0.043575,0.183552
6293,0.473206,0.032223,0.210646,0.074103,0.156234
6294,0.442316,0.04539,0.183044,0.047993,0.165889
6295,0.419074,0.036149,0.178674,0.052576,0.151675
6296,0.78166,0.044323,0.526292,0.031889,0.179156
6297,0.35259,0.037878,0.104107,0.051939,0.158666
6298,0.318947,0.042362,0.13059,0.017584,0.128411
6299,0.519728,0.043845,0.324261,0.019689,0.131933
6300,0.410698,0.045461,0.220307,0.0202,0.12473
6301,0.34746,0.0418,0.160678,0.017563,0.127419
6302,0.284435,0.044399,0.103497,0.016851,0.119688
6303,0.381887,0.041005,0.154517,0.030483,0.155882
6304,0.406508,0.047066,0.221103,0.01949,0.118849
6305,0.372293,0.040842,0.117583,0.052168,0.1617
6306,0.364072,0.045569,0.166136,0.01935,0.133017
6307,0.413425,0.040911,0.199316,0.047997,0.125201
6308,0.32726,0.040971,0.120991,0.027207,0.138091
6309,0.330224,0.035129,0.116473,0.018631,0.159991
6310,0.380587,0.045506,0.182383,0.021925,0.130773
6311,0.381545,0.040822,0.157055,0.061745,0.121923
6312,0.379992,0.040969,0.16126,0.027314,0.150449
6313,0.42774,0.034621,0.221065,0.045592,0.126462
6314,0.47547,0.040918,0.219187,0.032232,0.183133
6315,0.415765,0.031547,0.194001,0.045341,0.144876
6316,0.38998,0.034548,0.167061,0.027262,0.161109
6317,0.41407,0.036091,0.17464,0.061407,0.141932
6318,0.372742,0.036735,0.171179,0.027288,0.13754
6319,0.857575,0.040893,0.643997,0.048295,0.12439
6320,0.356413,0.035249,0.147874,0.027293,0.145997
6321,0.522632,0.038204,0.341317,0.017895,0.125216
6322,0.48663,0.041393,0.248557,0.032247,0.164433
6323,0.324215,0.039048,0.131417,0.019284,0.134466
6324,0.40309,0.039013,0.211015,0.021546,0.131516
6325,0.297067,0.041539,0.117553,0.017902,0.120073
6326,0.357103,0.044755,0.15329,0.021513,0.137545
6327,0.289505,0.041094,0.112433,0.017659,0.118319
6328,0.459923,0.04212,0.263637,0.019147,0.135019
6329,0.406167,0.041383,0.22775,0.017989,0.119045
6330,0.416856,0.042479,0.224637,0.017152,0.132588
6331,0.383282,0.041043,0.201497,0.01873,0.122012
6332,0.398203,0.044683,0.209132,0.02063,0.123758
6333,0.331963,0.040517,0.127897,0.029754,0.133795
6334,0.406795,0.041961,0.215142,0.018076,0.131616
6335,0.30801,0.040327,0.128052,0.018341,0.12129
6336,0.323555,0.043529,0.140172,0.016794,0.12306
6337,0.30808,0.040086,0.127427,0.017714,0.122853
6338,0.589292,0.044766,0.330331,0.03306,0.181135
6339,0.331533,0.037926,0.140994,0.019273,0.13334
6340,0.399975,0.038724,0.2126,0.021461,0.12719
6341,0.314283,0.040081,0.131966,0.018218,0.124018
6342,0.806035,0.045203,0.616422,0.021799,0.122611
6343,0.325153,0.042471,0.142916,0.018353,0.121413
6344,0.504137,0.041623,0.309254,0.02127,0.13199
6345,0.359503,0.044689,0.160611,0.01933,0.134873
6346,0.268483,0.041386,0.086447,0.020902,0.119748
6347,0.348442,0.043204,0.163281,0.017846,0.124111
6348,0.347938,0.041523,0.167771,0.020495,0.118149
6349,0.34405,0.044507,0.148667,0.018159,0.132717
6350,0.421375,0.041454,0.163119,0.033076,0.183726
6351,0.34834,0.037947,0.140904,0.02407,0.145419
6352,0.393562,0.037415,0.209236,0.019778,0.127133
6353,0.401305,0.044012,0.192524,0.04571,0.119059
6354,0.382847,0.04332,0.149694,0.039224,0.150609
6355,0.393852,0.037647,0.203151,0.018173,0.134881
6356,0.479297,0.040968,0.243517,0.033198,0.161614
6357,0.304542,0.039025,0.123061,0.019407,0.123049
6358,0.520082,0.041027,0.282787,0.033488,0.16278
6359,0.621574,0.038061,0.407934,0.046905,0.128674
6360,0.558263,0.042563,0.304229,0.033174,0.178297
6361,0.544288,0.036313,0.333906,0.04576,0.128309
6362,0.495985,0.044564,0.223964,0.033139,0.194318
6363,0.355247,0.04006,0.160932,0.021136,0.133119
6364,0.300223,0.035198,0.112886,0.01975,0.132389
6365,0.345992,0.041596,0.161191,0.017958,0.125247
6366,0.305665,0.041553,0.119919,0.017228,0.126965
6367,0.330413,0.042431,0.146304,0.01852,0.123158
6368,0.424647,0.047103,0.169901,0.033201,0.174442
6369,0.382414,0.037594,0.185552,0.018731,0.140537
6370,0.330845,0.043215,0.138596,0.022422,0.126612
6371,0.387215,0.041379,0.200504,0.01823,0.127102
6372,0.392506,0.04413,0.213202,0.019679,0.115495
6373,0.349568,0.045874,0.151858,0.018765,0.133071
6374,0.301682,0.041277,0.114756,0.020853,0.124796
6375,0.478204,0.04227,0.294124,0.01785,0.12396
6376,0.337966,0.043112,0.147628,0.019483,0.127743
6377,0.385436,0.042626,0.202187,0.017549,0.123074
6378,0.464914,0.042124,0.232791,0.032003,0.157996
6379,0.31165,0.039503,0.120169,0.018188,0.13379
6380,0.277962,0.04102,0.097417,0.017083,0.122442
6381,0.313266,0.042792,0.11948,0.018701,0.132293
6382,0.66121,0.044381,0.476284,0.021512,0.119033
6383,0.305306,0.043896,0.123339,0.017857,0.120214
6384,0.491628,0.042368,0.30676,0.019899,0.122601
6385,0.39203,0.044887,0.175361,0.045075,0.126707
6386,0.346673,0.035472,0.145563,0.027446,0.138192
6387,0.446038,0.040672,0.248843,0.017386,0.139137
6388,0.322075,0.042257,0.131328,0.021035,0.127455
6389,0.318845,0.044193,0.135523,0.018344,0.120785
6390,0.31197,0.043015,0.129257,0.020106,0.119592
6391,0.310858,0.044088,0.13013,0.017525,0.119115
6392,0.52225,0.041441,0.286883,0.031983,0.161943
6393,0.302025,0.037562,0.119098,0.018209,0.127156
6394,0.439074,0.040955,0.258663,0.01752,0.121936
6395,0.405746,0.042937,0.222328,0.01845,0.122031
6396,0.334576,0.042271,0.132513,0.020414,0.139378
6397,0.321758,0.042144,0.14206,0.017424,0.12013
6398,0.471858,0.042968,0.271618,0.019794,0.137478
6399,0.312376,0.042923,0.132513,0.017658,0.119282
6400,0.309194,0.042935,0.106223,0.018924,0.141112
6401,0.36955,0.045634,0.175777,0.017878,0.130261
6402,0.331612,0.041981,0.149832,0.016978,0.122821
6403,0.441162,0.043968,0.195506,0.025324,0.176364
6404,0.468404,0.041713,0.233602,0.032058,0.161031
6405,0.30854,0.037573,0.117187,0.018579,0.135201
6406,0.331828,0.037941,0.137855,0.017138,0.138894
6407,0.38611,0.043788,0.16588,0.059798,0.116644
6408,0.394344,0.036437,0.192353,0.027838,0.137716
6409,0.358584,0.037577,0.149476,0.031657,0.139874
6410,0.695707,0.044153,0.43997,0.033002,0.178582
6411,0.348727,0.038456,0.134434,0.03197,0.143867
6412,0.324558,0.039012,0.137013,0.017572,0.130961
6413,0.30024,0.040514,0.117313,0.019748,0.122665
6414,0.317852,0.0442,0.115716,0.02103,0.136906
6415,0.333792,0.040519,0.154333,0.018287,0.120653
6416,0.33399,0.044627,0.138205,0.019846,0.131312
6417,0.5001,0.042419,0.319431,0.018097,0.120153
6418,0.295962,0.045325,0.111983,0.018081,0.120573
6419,0.559993,0.046287,0.37143,0.019093,0.123183
6420,0.381345,0.04606,0.18088,0.020459,0.133946
6421,0.27359,0.041514,0.092523,0.018051,0.121502
6422,0.353735,0.045857,0.162327,0.020508,0.125043
6423,0.345967,0.042256,0.165119,0.017757,0.120835
6424,0.365385,0.04437,0.156047,0.028844,0.136124
6425,0.327038,0.041842,0.133277,0.018319,0.1336
6426,0.374418,0.044224,0.19062,0.021197,0.118377
6427,0.281128,0.041375,0.098665,0.01944,0.121648
6428,0.326208,0.043655,0.141837,0.019717,0.120999
6429,0.334372,0.041336,0.148401,0.018076,0.126559
6430,0.324853,0.045881,0.124811,0.019573,0.134588
6431,0.453792,0.041615,0.265637,0.018215,0.128325
6432,0.57669,0.044302,0.324278,0.03304,0.17507
6433,0.50924,0.038657,0.293978,0.046288,0.130317
6434,0.360155,0.048446,0.150785,0.027976,0.132948
6435,0.31775,0.036325,0.135148,0.018115,0.128162
6436,0.828612,0.046687,0.6263,0.021429,0.134196
6437,0.65224,0.045353,0.422765,0.049264,0.134858
6438,0.47394,0.035836,0.262033,0.02914,0.146931
6439,0.30992,0.036586,0.125253,0.01866,0.129421
6440,0.314454,0.045399,0.123765,0.021323,0.123967
6441,0.330422,0.041325,0.147558,0.018271,0.123268
6442,0.373233,0.044505,0.163457,0.019717,0.145554
6443,0.28032,0.041681,0.099444,0.018381,0.120814
6444,0.303555,0.043364,0.116496,0.019677,0.124018
6445,0.329575,0.04064,0.147035,0.01812,0.12378
6446,0.3738,0.042333,0.165649,0.019482,0.146336
6447,0.499849,0.041189,0.316211,0.018649,0.1238
6448,0.403875,0.044871,0.216822,0.017125,0.125057
6449,0.41629,0.048181,0.189747,0.045365,0.132997
6450,0.878645,0.04055,0.608824,0.039805,0.189466
6451,0.427768,0.051499,0.178777,0.067941,0.129551
6452,0.310735,0.043877,0.097511,0.028267,0.14108
6453,0.323738,0.042357,0.124164,0.018096,0.139121
6454,0.498933,0.042074,0.252035,0.032154,0.17267
6455,0.430955,0.039378,0.183192,0.057487,0.150898
6456,0.386378,0.04506,0.151789,0.027657,0.161872
6457,0.442248,0.037843,0.188004,0.051642,0.164759
6458,0.467537,0.041931,0.219351,0.032196,0.174059
6459,0.380675,0.039203,0.135311,0.050629,0.155532
6460,0.5086,0.043852,0.176331,0.059397,0.22902
6461,0.37748,0.06363,0.12944,0.020628,0.163782
6462,0.343333,0.049912,0.145557,0.021657,0.126207
6463,0.4414,0.041371,0.190831,0.051003,0.158195
6464,0.403183,0.044711,0.200034,0.020283,0.138155
6465,0.451268,0.052026,0.197607,0.051314,0.150321
6466,0.455977,0.044579,0.264387,0.017154,0.129857
6467,0.492057,0.044097,0.250027,0.057211,0.140722
6468,0.325592,0.036595,0.125834,0.027205,0.135958
6469,0.322893,0.038008,0.135868,0.01967,0.129347
6470,0.4074,0.04273,0.214264,0.02703,0.123376
6471,0.346663,0.043884,0.167762,0.017942,0.117075
6472,0.339148,0.042796,0.151034,0.01752,0.127798
6473,0.420473,0.045727,0.184442,0.055934,0.13437
6474,0.380307,0.047783,0.168131,0.028191,0.136202
6475,0.339003,0.038337,0.154711,0.018994,0.126961
6476,0.341575,0.041414,0.154317,0.021169,0.124675
6477,0.368155,0.045608,0.184681,0.017878,0.119988
6478,0.417586,0.041568,0.168502,0.031993,0.175523
6479,0.280923,0.038622,0.087849,0.018404,0.136048
6480,0.753398,0.041587,0.499492,0.044961,0.167358
6481,0.427148,0.044194,0.187684,0.062057,0.133213
6482,0.31553,0.03927,0.108686,0.027247,0.140327
6483,0.355606,0.034976,0.177829,0.017881,0.12492
6484,0.428674,0.044659,0.216086,0.02153,0.146399
6485,0.312034,0.041358,0.131791,0.018328,0.120557
6486,0.32617,0.045254,0.116312,0.020741,0.143863
6487,0.29234,0.04106,0.116956,0.018027,0.116297
6488,0.323785,0.043585,0.124338,0.020051,0.135811
6489,0.388792,0.04226,0.198099,0.018796,0.129637
6490,0.300805,0.041842,0.121066,0.017294,0.120603
6491,0.312702,0.043867,0.116786,0.018114,0.133935
6492,0.36799,0.04044,0.177144,0.01705,0.133356
6493,0.631606,0.04206,0.424078,0.047477,0.117991
6494,0.377754,0.04703,0.167033,0.029478,0.134213
6495,0.35837,0.03976,0.166409,0.018212,0.133989
6496,0.621967,0.045001,0.384503,0.033217,0.159246
6497,0.367085,0.038613,0.163077,0.020075,0.14532
6498,0.557825,0.03974,0.366309,0.023024,0.128752
6499,0.471648,0.041357,0.259226,0.047515,0.12355
6500,0.384505,0.04605,0.17718,0.028063,0.133212
6501,0.507784,0.037739,0.299279,0.04577,0.124996
6502,0.346452,0.042161,0.117514,0.029425,0.157352
6503,0.472515,0.038965,0.25943,0.047063,0.127057
6504,0.459627,0.034803,0.204397,0.033249,0.187178
6505,0.342627,0.032883,0.158778,0.021326,0.12964
6506,0.319823,0.040748,0.13358,0.019728,0.125767
6507,0.467505,0.043419,0.29129,0.018102,0.114694
6508,0.447493,0.041494,0.205595,0.03292,0.167484
6509,0.462938,0.037612,0.255208,0.043401,0.126717
6510,0.313025,0.036893,0.115205,0.027847,0.13308
6511,0.405763,0.035296,0.198592,0.046463,0.125412
6512,0.341997,0.03623,0.142102,0.028179,0.135486
6513,0.274088,0.034911,0.09295,0.018177,0.12805
6514,0.411182,0.04176,0.22203,0.021553,0.125839
6515,0.320548,0.046347,0.12304,0.017983,0.133178
6516,0.302897,0.044204,0.107284,0.01696,0.134449
6517,0.33885,0.055302,0.13679,0.026929,0.119829
6518,0.44831,0.038429,0.196307,0.032866,0.180708
6519,0.78436,0.03896,0.56693,0.050837,0.127633
6520,0.359805,0.042206,0.154345,0.02815,0.135104
6521,0.263812,0.035783,0.085136,0.018356,0.124537
6522,0.30443,0.04401,0.12519,0.017302,0.117928
6523,0.523604,0.041669,0.316965,0.045637,0.119333
6524,0.307172,0.036489,0.101618,0.028252,0.140813
6525,0.306545,0.041704,0.12477,0.019155,0.120916
6526,0.480115,0.044275,0.245797,0.031882,0.158161
6527,0.397803,0.036645,0.170138,0.063532,0.127488
6528,0.373512,0.04141,0.167575,0.027168,0.137359
6529,0.48071,0.035714,0.27787,0.017957,0.149169
6530,0.63147,0.043801,0.425729,0.019899,0.142041
6531,0.312407,0.04223,0.128097,0.019102,0.122978
6532,0.471998,0.042421,0.231974,0.031897,0.165706
6533,0.28773,0.040709,0.100187,0.018075,0.128759
6534,0.55318,0.041473,0.33262,0.03183,0.147257
6535,0.510777,0.042968,0.252684,0.075956,0.139169
6536,0.443775,0.03671,0.199347,0.032272,0.175446
6537,0.339897,0.036215,0.125644,0.021,0.157038
6538,0.474498,0.050007,0.234744,0.03225,0.157497
6539,0.410843,0.037108,0.143169,0.073134,0.157432
6540,1.19588,0.042957,0.9308,0.041252,0.180871
6541,0.43468,0.035969,0.155477,0.07324,0.169994
6542,0.397195,0.03874,0.1751,0.028043,0.155312
6543,0.484584,0.04524,0.188186,0.078124,0.173034
6544,0.539848,0.044476,0.268602,0.03181,0.19496
6545,0.311574,0.032106,0.11718,0.019776,0.142512
6546,0.466987,0.043304,0.218311,0.031994,0.173378
6547,0.482312,0.043434,0.209974,0.075274,0.15363
6548,0.851018,0.047079,0.595606,0.038015,0.170318
6549,0.496087,0.035551,0.261189,0.058397,0.14095
6550,0.525222,0.056375,0.225172,0.031963,0.211712
6551,0.58762,0.04453,0.281527,0.073346,0.188217
6552,0.455428,0.036945,0.187704,0.031935,0.198844
6553,0.319908,0.04004,0.132264,0.0198,0.127804
6554,0.405378,0.041158,0.156414,0.032021,0.175785
6555,0.45031,0.040172,0.18355,0.05769,0.168898
6556,0.414145,0.036053,0.195897,0.028344,0.153851
6557,0.449013,0.037594,0.196781,0.059112,0.155526
6558,0.475738,0.040506,0.21049,0.033049,0.191693
6559,0.43283,0.032697,0.166648,0.079097,0.154388
6560,0.499166,0.045697,0.245669,0.033081,0.174719
6561,0.6252,0.038737,0.428711,0.020658,0.137094
6562,0.481325,0.037156,0.223934,0.034482,0.185753
6563,0.479857,0.03944,0.205007,0.08394,0.15147
6564,0.355415,0.046625,0.145724,0.027918,0.135148
6565,0.33156,0.037611,0.139991,0.01977,0.134188
6566,0.32867,0.041744,0.150186,0.017308,0.119432
6567,0.33784,0.051428,0.142144,0.019673,0.124595
6568,0.388372,0.041194,0.197771,0.028504,0.120903
6569,0.376562,0.04354,0.18682,0.019413,0.126789
6570,0.328377,0.042095,0.129461,0.019709,0.137112
6571,0.343382,0.043521,0.159487,0.01829,0.122084
6572,0.299854,0.043622,0.114087,0.020637,0.121508
6573,0.38957,0.045684,0.154539,0.06538,0.123967
6574,0.332352,0.043302,0.125122,0.027955,0.135973
6575,0.362196,0.038102,0.179494,0.017891,0.126709
6576,0.330164,0.041299,0.140423,0.023496,0.124946
6577,0.39354,0.042715,0.208253,0.019066,0.123506
6578,0.301166,0.046608,0.120258,0.017158,0.117142
6579,0.447076,0.044478,0.261197,0.018671,0.12273
6580,0.30805,0.041148,0.125923,0.01688,0.124099
6581,0.520478,0.045,0.291326,0.047756,0.136396
6582,0.293818,0.040986,0.090618,0.03068,0.131534
6583,0.33623,0.038262,0.149681,0.025629,0.122658
6584,0.426954,0.040496,0.199541,0.019633,0.167284
6585,0.381898,0.044024,0.194912,0.018912,0.12405
6586,0.339748,0.042539,0.143532,0.020136,0.133541
6587,0.28168,0.043354,0.102626,0.018328,0.117372
6588,0.38101,0.040775,0.194967,0.021634,0.123634
6589,0.404807,0.042873,0.207334,0.024018,0.130582
6590,0.316038,0.042548,0.129267,0.020128,0.124095
6591,0.399357,0.04474,0.207752,0.024407,0.122458
6592,0.351664,0.041752,0.1589,0.020516,0.130496
6593,0.293895,0.042356,0.108472,0.018513,0.124554
6594,0.31399,0.041686,0.131729,0.01703,0.123545
6595,0.368736,0.042908,0.1705,0.01829,0.137038
6596,0.336442,0.04475,0.152044,0.020265,0.119383
6597,0.444974,0.041407,0.2624,0.01818,0.122987
6598,0.518698,0.042208,0.272223,0.038086,0.166181
6599,0.30935,0.053602,0.093565,0.02847,0.133713
6600,0.417382,0.036507,0.224178,0.022201,0.134496
6601,0.549473,0.044542,0.335823,0.04654,0.122568
6602,0.351246,0.040488,0.145623,0.027556,0.137579
6603,0.290065,0.038808,0.105179,0.018006,0.128072
6604,0.546,0.041885,0.3602,0.020543,0.123372
6605,0.298225,0.043353,0.118123,0.017358,0.119391
6606,0.43947,0.043127,0.253814,0.017394,0.125135
6607,0.448244,0.043221,0.231117,0.045422,0.128484
6608,0.32234,0.037051,0.12077,0.027411,0.137108
6609,0.48935,0.035749,0.28073,0.04518,0.127691
6610,0.346806,0.036241,0.13816,0.037308,0.135097
6611,0.329575,0.041616,0.143177,0.01751,0.127272
6612,0.309777,0.04497,0.106609,0.020571,0.137627
6613,0.356413,0.040833,0.178542,0.01819,0.118848
6614,0.33619,0.041519,0.149648,0.017501,0.127522
6615,0.29086,0.041556,0.113742,0.01828,0.117282
6616,0.4113,0.042232,0.228457,0.019949,0.120662
6617,0.301745,0.04289,0.12537,0.017607,0.115878
6618,0.282333,0.041925,0.09767,0.019873,0.122865
6619,0.550082,0.045525,0.35437,0.017691,0.132496
6620,0.456287,0.041863,0.256926,0.019316,0.138182
6621,0.492858,0.043005,0.230672,0.077612,0.141569
6622,0.587966,0.042367,0.314227,0.03837,0.193002
6623,0.289527,0.037415,0.098603,0.017891,0.135618
6624,0.476904,0.040064,0.230771,0.031904,0.174165
6625,0.528376,0.036149,0.225577,0.08785,0.1788
6626,0.514263,0.051172,0.268476,0.031983,0.162632
6627,0.440782,0.038423,0.196109,0.054248,0.152002
6628,0.44964,0.03653,0.20668,0.031922,0.174508
6629,0.405772,0.038625,0.128517,0.082179,0.156451
6630,0.324316,0.039296,0.111603,0.02787,0.145547
6631,0.312425,0.037882,0.125138,0.019626,0.129779
6632,0.277745,0.042855,0.086258,0.020284,0.128348
6633,0.337453,0.043685,0.160911,0.017585,0.115272
6634,0.71272,0.042174,0.526035,0.018141,0.12637
6635,0.343253,0.041468,0.146436,0.018573,0.136776
6636,0.335462,0.045039,0.133815,0.020031,0.136577
6637,0.311423,0.041532,0.129117,0.019089,0.121685
6638,0.308968,0.045692,0.119237,0.020091,0.123948
6639,0.3926,0.041977,0.211536,0.018386,0.120701
6640,0.320453,0.045201,0.129377,0.02081,0.125065
6641,0.40644,0.04017,0.226037,0.018256,0.121977
6642,0.425705,0.042683,0.206967,0.023187,0.152868
6643,0.38071,0.043251,0.144326,0.062069,0.131064
6644,0.34883,0.041062,0.124974,0.028317,0.154477
6645,0.299938,0.036122,0.113976,0.018335,0.131505
6646,0.31803,0.043771,0.132597,0.017077,0.124585
6647,0.308474,0.04136,0.126951,0.017984,0.122179
6648,0.376135,0.04447,0.188716,0.019883,0.123066
6649,0.277438,0.045543,0.095927,0.017623,0.118345
6650,0.48945,0.041435,0.2572,0.032904,0.157911
6651,0.420632,0.037385,0.196629,0.047378,0.13924
6652,0.377318,0.040976,0.162724,0.028295,0.145323
6653,0.370536,0.037846,0.189356,0.01838,0.124954
6654,0.552658,0.043794,0.304027,0.038081,0.166756
6655,0.315973,0.040851,0.127014,0.018393,0.129715
6656,0.322895,0.040456,0.128288,0.017823,0.136328
6657,0.449274,0.041063,0.263752,0.02128,0.123179
6658,0.57225,0.044697,0.333674,0.03329,0.160589
6659,0.288325,0.038553,0.092334,0.025633,0.131805
6660,0.426215,0.040088,0.168952,0.033035,0.18414
6661,0.412303,0.035541,0.196254,0.045524,0.134984
6662,0.354828,0.041573,0.135844,0.027877,0.149534
6663,0.357973,0.035384,0.179535,0.017794,0.12526
6664,0.406685,0.045337,0.20832,0.018661,0.134367
6665,0.30285,0.041941,0.120261,0.018521,0.122127
6666,0.329257,0.04554,0.138959,0.022599,0.122159
6667,0.348877,0.040793,0.169052,0.017898,0.121134
6668,0.36136,0.044458,0.17447,0.020879,0.121553
6669,0.387687,0.04098,0.161254,0.045486,0.139967
6670,0.503752,0.0379,0.301849,0.028093,0.13591
6671,0.340358,0.035063,0.156247,0.017927,0.131121
6672,0.424482,0.041177,0.173771,0.03287,0.176664
6673,0.339578,0.042239,0.149334,0.018786,0.129219
6674,0.31774,0.035606,0.135547,0.017424,0.129163
6675,0.577398,0.054656,0.329192,0.047466,0.146084
6676,0.445472,0.044651,0.160486,0.038342,0.201993
6677,0.53398,0.043598,0.258134,0.075024,0.157224
6678,0.537708,0.043847,0.314484,0.034953,0.144424
6679,0.516876,0.040761,0.280707,0.058603,0.136805
6680,0.376922,0.041285,0.141064,0.038622,0.155951
6681,0.470561,0.036546,0.172534,0.081761,0.17972
6682,0.726098,0.07031,0.413847,0.038624,0.203317
6683,0.526797,0.036786,0.30115,0.050522,0.138339
6684,0.351216,0.04246,0.144996,0.030024,0.133736
6685,0.396658,0.045235,0.160213,0.063665,0.127545
6686,0.334032,0.035583,0.128601,0.027091,0.142757
6687,0.443938,0.037715,0.234116,0.045755,0.126352
6688,0.455996,0.036249,0.21109,0.032013,0.176644
6689,0.33283,0.03143,0.152884,0.018297,0.130219
6690,0.425248,0.042203,0.241926,0.017527,0.123592
6691,0.403912,0.042728,0.202398,0.017761,0.141025
6692,0.420774,0.042894,0.16421,0.032158,0.181512
6693,0.36443,0.038742,0.165518,0.019621,0.140549
6694,0.478962,0.038465,0.242904,0.031928,0.165665
6695,0.357496,0.037584,0.167012,0.0216,0.1313
6696,0.342858,0.036384,0.15874,0.019118,0.128616
6697,0.440787,0.040778,0.23704,0.044849,0.11812
6698,0.71162,0.045178,0.498651,0.029106,0.138685
6699,0.385682,0.03861,0.15449,0.067495,0.125087
6700,0.456128,0.038507,0.202656,0.03202,0.182945
6701,0.564264,0.034947,0.353497,0.045048,0.130772
6702,0.490874,0.036666,0.245676,0.031879,0.176653
6703,0.467506,0.033695,0.258841,0.045864,0.129106
6704,0.43028,0.040396,0.191978,0.053371,0.144535
6705,0.296012,0.037212,0.10798,0.01813,0.13269
6706,0.3271,0.045157,0.141697,0.016977,0.123269
6707,0.637152,0.044645,0.451867,0.018833,0.121807
6708,0.398453,0.045478,0.201946,0.020315,0.130714
6709,0.311134,0.041532,0.129676,0.017769,0.122157
6710,0.436774,0.04542,0.172108,0.031833,0.187413
6711,0.413217,0.039989,0.21985,0.018308,0.13507
6712,0.34261,0.041283,0.149973,0.019767,0.131587
6713,0.384962,0.040622,0.156736,0.063738,0.123866
6714,0.33761,0.036877,0.141427,0.027594,0.131712
6715,0.55652,0.036657,0.361793,0.018546,0.139524
6716,0.363,0.043376,0.178694,0.020373,0.120557
6717,0.341978,0.04498,0.128359,0.01995,0.148689
6718,0.428425,0.039792,0.17185,0.0331,0.183683
6719,0.46534,0.03869,0.238852,0.046231,0.141567
6720,0.341065,0.04025,0.142985,0.028074,0.129756
6721,0.398855,0.038177,0.216623,0.018522,0.125533
6722,0.341305,0.041148,0.157492,0.019316,0.123349
6723,0.324277,0.0433,0.140849,0.01854,0.121588
6724,0.346367,0.042243,0.157413,0.020125,0.126586
6725,0.380028,0.043729,0.153533,0.066901,0.115865
6726,0.40141,0.042916,0.180817,0.038709,0.138968
6727,0.398958,0.037733,0.17933,0.046655,0.13524
6728,0.4708,0.04648,0.245083,0.028063,0.151174
6729,0.301255,0.037802,0.11553,0.024414,0.123509
6730,0.479175,0.040994,0.298005,0.017233,0.122943
6731,0.34153,0.044082,0.153701,0.02657,0.117177
6732,0.295374,0.038706,0.109403,0.018934,0.128331
6733,0.335932,0.043849,0.159839,0.017883,0.114361
6734,0.40479,0.041728,0.20892,0.023535,0.130607
6735,0.307612,0.043873,0.11537,0.019283,0.129086
6736,0.692308,0.04187,0.507618,0.020972,0.121848
6737,0.380283,0.042086,0.155619,0.06292,0.119658
6738,0.324593,0.04144,0.121855,0.028181,0.133117
6739,0.345048,0.035044,0.161275,0.018481,0.130248
6740,0.532943,0.043097,0.347387,0.020416,0.122043
6741,0.350632,0.042297,0.160182,0.018543,0.12961
6742,0.327285,0.045667,0.144537,0.017027,0.120054
6743,0.425608,0.0406,0.247775,0.018097,0.119136
6744,0.390577,0.045293,0.203037,0.020852,0.121395
6745,0.307085,0.040869,0.129204,0.018143,0.118869
6746,0.357038,0.044152,0.168372,0.020077,0.124437
6747,0.380513,0.040283,0.199455,0.01832,0.122455
6748,0.352705,0.045006,0.162272,0.01701,0.128417
6749,0.43162,0.04108,0.250237,0.01865,0.121653
6750,0.410155,0.046025,0.210429,0.021623,0.132078
6751,0.291483,0.035895,0.092159,0.018019,0.14541
6752,0.567975,0.04503,0.383082,0.020101,0.119762
6753,0.453927,0.040318,0.231202,0.045878,0.136529
6754,0.363895,0.042308,0.155562,0.02785,0.138175
6755,0.32242,0.03643,0.129227,0.018681,0.138082
6756,0.281983,0.041398,0.103251,0.017476,0.119858
6757,0.375796,0.039786,0.195757,0.018273,0.12198
6758,0.485527,0.044888,0.280074,0.019984,0.140581
6759,0.303557,0.041512,0.122891,0.017558,0.121596
6760,0.348735,0.045406,0.164441,0.019735,0.119153
6761,0.337024,0.040886,0.157528,0.017769,0.120841
6762,0.315238,0.04396,0.116857,0.019853,0.134568
6763,0.359387,0.04087,0.174951,0.018568,0.124998
6764,0.315793,0.045471,0.122421,0.019855,0.128046
6765,0.32707,0.041138,0.149777,0.017609,0.118546
6766,0.366465,0.056558,0.163597,0.01938,0.12693
6767,0.390285,0.0402,0.210494,0.017718,0.121873
6768,0.3049,0.044954,0.105462,0.020138,0.134346
6769,0.303057,0.04096,0.126109,0.01753,0.118458
6770,0.358315,0.045154,0.156957,0.018044,0.13816
6771,0.60015,0.0418,0.388761,0.033375,0.136214
6772,0.300292,0.04439,0.102112,0.016547,0.137243
6773,0.362607,0.041465,0.179447,0.01768,0.124015
6774,0.47723,0.045799,0.279274,0.020139,0.132018
6775,0.453204,0.040453,0.268582,0.020238,0.123931
6776,0.426588,0.045066,0.158682,0.031949,0.190891
6777,0.416478,0.036881,0.208854,0.045512,0.125231
6778,0.493232,0.034976,0.21001,0.048577,0.199669
6779,0.335043,0.040035,0.144774,0.01888,0.131354
6780,0.320803,0.040394,0.117707,0.020927,0.141775
6781,0.4819,0.047515,0.205481,0.073925,0.154979
6782,0.497273,0.041485,0.244394,0.031914,0.17948
6783,0.431853,0.038441,0.169826,0.074116,0.14947
6784,0.448272,0.04127,0.193717,0.03173,0.181555
6785,0.627407,0.038091,0.376951,0.05828,0.154085
6786,0.570816,0.042477,0.322544,0.031984,0.173811
6787,0.319094,0.042552,0.124084,0.019957,0.132501
6788,0.508266,0.039491,0.260732,0.031674,0.176369
6789,0.48256,0.039152,0.237996,0.057896,0.147516
6790,0.369844,0.034519,0.147167,0.027292,0.160866
6791,0.490052,0.03775,0.180206,0.084427,0.187669
6792,0.54435,0.035533,0.256897,0.03798,0.21394
6793,0.517702,0.045612,0.271794,0.069343,0.130953
6794,0.39902,0.052818,0.13172,0.03021,0.184272
6795,0.313348,0.038862,0.122826,0.020174,0.131486
6796,0.463712,0.04445,0.169227,0.050095,0.19994
6797,0.51742,0.040896,0.243956,0.051826,0.180742
6798,0.367392,0.038304,0.166754,0.018119,0.144215
6799,0.386394,0.040844,0.10114,0.095894,0.148516
6800,0.369096,0.051134,0.148452,0.028042,0.141468
6801,0.374926,0.035018,0.162573,0.03195,0.145385
6802,0.344915,0.043315,0.161579,0.017517,0.122504
6803,0.283738,0.045184,0.093074,0.02035,0.12513
6804,0.379897,0.044425,0.198267,0.020658,0.116547
6805,0.362394,0.039578,0.182801,0.019027,0.120988
6806,0.399122,0.043621,0.21008,0.017103,0.128318
6807,0.402076,0.041946,0.179904,0.046642,0.133584
6808,0.349306,0.045273,0.115811,0.02822,0.160002
6809,0.297156,0.036014,0.111098,0.018577,0.131467
6810,0.360057,0.044214,0.157981,0.021146,0.136716
6811,0.409183,0.040159,0.229065,0.01857,0.121389
6812,0.332648,0.044792,0.133193,0.020234,0.134429
6813,0.370677,0.040643,0.178639,0.019085,0.13231
6814,0.493372,0.045521,0.290333,0.020942,0.136576
6815,0.482086,0.041768,0.230051,0.056262,0.154005
6816,0.327925,0.043195,0.143421,0.020324,0.120985
6817,0.384035,0.041829,0.151668,0.064926,0.125612
6818,0.386395,0.048553,0.164038,0.028342,0.145462
6819,0.369258,0.035975,0.157742,0.031955,0.143586
6820,0.420584,0.04311,0.215695,0.017684,0.144095
6821,0.396828,0.044255,0.169428,0.031851,0.151294
6822,0.44715,0.042154,0.232205,0.021505,0.151286
6823,0.532922,0.049634,0.241102,0.088581,0.153605
6824,0.35612,0.04452,0.12863,0.046287,0.136683
6825,0.516893,0.043513,0.227779,0.076567,0.169034
6826,0.628237,0.040516,0.394285,0.029497,0.163939
6827,0.476613,0.04585,0.19707,0.059642,0.174051
6828,0.376323,0.037743,0.158933,0.028381,0.151266
6829,0.422585,0.041116,0.164237,0.05898,0.158252
6830,0.556848,0.040984,0.29175,0.039564,0.18455
6831,0.440473,0.036694,0.16657,0.075923,0.161286
6832,0.657042,0.058584,0.42732,0.029734,0.141404
6833,0.842373,0.043102,0.591007,0.060505,0.147759
6834,0.620854,0.043072,0.342016,0.03315,0.202616
6835,0.412764,0.037287,0.153979,0.046748,0.17475
6836,0.532707,0.038911,0.271813,0.032005,0.189978
6837,0.442978,0.033635,0.171166,0.074051,0.164126
6838,0.367696,0.042689,0.14191,0.027267,0.15583
6839,0.857292,0.037735,0.57298,0.079903,0.166674
6840,0.398385,0.044203,0.173683,0.027791,0.152708
6841,0.538028,0.050818,0.22183,0.051944,0.213436
6842,0.38891,0.042939,0.167312,0.020441,0.158218
6843,0.48553,0.044593,0.211849,0.074704,0.154384
6844,0.387415,0.040748,0.168719,0.027481,0.150467
6845,0.393697,0.038175,0.173917,0.029433,0.152172
6846,0.698338,0.045121,0.494947,0.020602,0.137668
6847,0.289445,0.044513,0.103822,0.01861,0.1225
6848,0.356075,0.045475,0.147464,0.020202,0.142934
6849,0.412077,0.039458,0.201398,0.045358,0.125863
6850,0.424738,0.035851,0.218997,0.02937,0.14052
6851,0.461318,0.052474,0.231647,0.045882,0.131315
6852,0.475813,0.035768,0.228447,0.032339,0.179259
6853,0.331522,0.036298,0.139285,0.018542,0.137397
6854,0.325805,0.041264,0.140734,0.020796,0.123011
6855,0.44004,0.042171,0.25846,0.017821,0.121588
6856,0.428203,0.044904,0.171771,0.03208,0.179448
6857,0.424916,0.045003,0.22581,0.018943,0.13516
6858,0.484006,0.035804,0.237374,0.032979,0.177849
6859,0.3048,0.039524,0.119546,0.01832,0.12741
6860,0.297165,0.040791,0.11084,0.017557,0.127977
6861,0.277594,0.043584,0.099586,0.017271,0.117153
6862,0.3711,0.041285,0.188614,0.02044,0.120761
6863,0.367,0.043785,0.159676,0.017589,0.14595
6864,0.338542,0.043147,0.15124,0.019444,0.124711
6865,0.569218,0.046543,0.325511,0.046765,0.150399
6866,0.34639,0.040438,0.124804,0.038643,0.142505
6867,0.316507,0.037727,0.125822,0.018302,0.134656
6868,0.456245,0.04159,0.218377,0.033301,0.162977
6869,0.411913,0.040772,0.17018,0.068692,0.132269
6870,0.441287,0.042023,0.189447,0.033443,0.176374
6871,0.414363,0.039501,0.19341,0.045669,0.135783
6872,0.450295,0.039746,0.222001,0.02943,0.159118
6873,0.760505,0.039559,0.489996,0.07528,0.15567
6874,0.389532,0.042838,0.167037,0.028626,0.151031
6875,0.500363,0.048793,0.180999,0.073123,0.197448
6876,0.48608,0.045863,0.183706,0.038166,0.218345
6877,0.568312,0.036154,0.257004,0.075134,0.20002
6878,0.554585,0.0412,0.295082,0.033152,0.185151
6879,0.433162,0.038322,0.200526,0.048039,0.146275
6880,0.50921,0.034641,0.267444,0.033044,0.174081
6881,0.624182,0.049887,0.328051,0.074059,0.172185
6882,0.789598,0.036733,0.519702,0.037908,0.195255
6883,0.379912,0.041408,0.157914,0.031488,0.149102
6884,0.631578,0.03714,0.307798,0.03873,0.24791
6885,0.596994,0.06128,0.253031,0.062207,0.220476
6886,0.481736,0.064034,0.13863,0.037938,0.241134
6887,0.45529,0.051203,0.181317,0.045971,0.176799
6888,0.611878,0.046795,0.276277,0.031982,0.256824
6889,0.422215,0.046003,0.131673,0.083046,0.161493
6890,0.676719,0.040523,0.418013,0.032975,0.185208
6891,0.439632,0.03221,0.146709,0.074274,0.186439
6892,0.444214,0.079582,0.209972,0.029948,0.124712
6893,0.580416,0.038391,0.30694,0.074472,0.160613
6894,0.646202,0.037258,0.422954,0.03306,0.15293
6895,0.38085,0.04851,0.130616,0.035174,0.16655
6896,0.370918,0.036315,0.163224,0.019907,0.151472
6897,0.45901,0.041934,0.188306,0.074021,0.154749
6898,0.476482,0.040074,0.232415,0.032854,0.171139
6899,0.404598,0.042218,0.152786,0.04734,0.162254
6900,0.336247,0.036749,0.131536,0.02836,0.139602
6901,0.396948,0.039873,0.2074,0.021149,0.128526
6902,0.530133,0.04307,0.29526,0.033042,0.158761
6903,0.398645,0.036387,0.156573,0.069529,0.136156
6904,0.509857,0.035509,0.30879,0.027378,0.13818
6905,0.461648,0.039382,0.168713,0.079868,0.173685
6906,0.90533,0.073524,0.613476,0.032166,0.186164
6907,0.480338,0.0329,0.201863,0.074099,0.171476
6908,0.505658,0.054578,0.204021,0.031965,0.215094
6909,0.514926,0.033109,0.243279,0.057864,0.180674
6910,0.54417,0.04167,0.283183,0.0318,0.187517
6911,0.431526,0.037401,0.171731,0.072834,0.14956
6912,0.39866,0.041243,0.176613,0.027425,0.153379
6913,0.522541,0.037747,0.271518,0.051503,0.161773
6914,0.505973,0.052052,0.264528,0.031827,0.157566
6915,0.286684,0.037195,0.081541,0.031578,0.13637
6916,0.385315,0.039924,0.199856,0.017651,0.127884
6917,0.3976,0.041403,0.161177,0.046253,0.148767
6918,0.417097,0.042645,0.179896,0.028541,0.166015
6919,0.484485,0.036419,0.272932,0.045159,0.129975
6920,0.352555,0.036762,0.122152,0.028764,0.164877
6921,0.421637,0.037701,0.158682,0.058291,0.166963
6922,0.3683,0.035593,0.15765,0.027412,0.147645
6923,0.417105,0.039017,0.147107,0.074149,0.156832
6924,0.609435,0.036271,0.358037,0.038212,0.176915
6925,0.601432,0.03496,0.32921,0.074371,0.162891
6926,0.412847,0.03726,0.17332,0.028961,0.173306
6927,0.337431,0.037467,0.141652,0.027289,0.131023
6928,0.495147,0.042912,0.255544,0.032082,0.164609
6929,0.431412,0.03722,0.189886,0.046017,0.158289
6930,0.476385,0.040712,0.192967,0.033028,0.209678
6931,0.455467,0.043273,0.25381,0.018305,0.140079
6932,0.489822,0.045387,0.227788,0.038258,0.178389
6933,0.497998,0.039707,0.20096,0.074104,0.183227
6934,0.53543,0.05827,0.273828,0.032832,0.1705
6935,0.524666,0.040051,0.25008,0.07401,0.160525
6936,0.472703,0.046628,0.185507,0.043276,0.197292
6937,0.46563,0.032465,0.217532,0.058977,0.156656
6938,0.468417,0.042378,0.197257,0.033068,0.195714
6939,0.3259,0.033029,0.118417,0.023859,0.150595
6940,0.449395,0.03984,0.198002,0.032972,0.178581
6941,0.424415,0.03756,0.181457,0.06235,0.143048
6942,0.445595,0.044595,0.166959,0.038208,0.195833
6943,0.52489,0.037466,0.25401,0.073976,0.159438
6944,0.51034,0.036384,0.24539,0.032977,0.195589
6945,0.557305,0.034715,0.347899,0.031507,0.143184
6946,0.335835,0.045035,0.142445,0.018144,0.130211
6947,0.272658,0.042077,0.087874,0.020394,0.122313
6948,0.306573,0.043634,0.102624,0.021038,0.139277
6949,0.324865,0.044382,0.140866,0.01788,0.121737
6950,0.365633,0.041763,0.1843,0.016451,0.123119
6951,0.387456,0.043179,0.20496,0.018794,0.120523
6952,0.37087,0.039943,0.183424,0.021081,0.126422
6953,0.890185,0.043765,0.704397,0.019084,0.122939
6954,0.367525,0.044511,0.17585,0.017447,0.129717
6955,0.382315,0.041772,0.149381,0.060475,0.130687
6956,0.689714,0.042739,0.442694,0.033002,0.171279
6957,0.517487,0.03394,0.236032,0.048133,0.199382
6958,0.446157,0.060427,0.179784,0.035697,0.170249
6959,0.430043,0.04221,0.200972,0.04739,0.139471
6960,0.996386,0.057934,0.694934,0.033167,0.210351
6961,0.620872,0.064302,0.239779,0.074266,0.242525
6962,0.661046,0.069488,0.342193,0.038384,0.210981
6963,0.487674,0.040394,0.21914,0.04419,0.18395
6964,1.10777,0.044398,0.756272,0.050961,0.256139
6965,0.685176,0.06723,0.295342,0.076674,0.24593
6966,0.474368,0.058266,0.16393,0.033896,0.218276
6967,0.562807,0.041612,0.181336,0.074432,0.265427
6968,0.623168,0.074902,0.243051,0.044258,0.260957
6969,0.477575,0.063775,0.160329,0.057484,0.195987
6970,0.408337,0.058643,0.151596,0.027513,0.170585
6971,0.452933,0.036394,0.175047,0.074328,0.167164
6972,0.66829,0.036885,0.394494,0.032093,0.204818
6973,0.516375,0.039695,0.232904,0.074427,0.169349
6974,0.566966,0.039197,0.312277,0.032168,0.183324
6975,0.505448,0.044855,0.257977,0.057866,0.14475
6976,0.416246,0.041119,0.186924,0.035124,0.153079
6977,0.475004,0.033341,0.204363,0.074934,0.162366
6978,0.327568,0.035672,0.124014,0.027339,0.140543
6979,0.29582,0.041396,0.109777,0.019589,0.125058
6980,0.447822,0.044817,0.252773,0.018266,0.131966
6981,0.375912,0.05352,0.177846,0.01934,0.125206
6982,0.399007,0.043573,0.210889,0.026502,0.118043
6983,0.32332,0.041899,0.141174,0.019117,0.12113
6984,0.437196,0.041789,0.24126,0.021843,0.132304
6985,0.414124,0.045697,0.190814,0.056137,0.121476
6986,0.297274,0.034218,0.086088,0.027621,0.149347
6987,0.303242,0.036919,0.12247,0.018152,0.125701
6988,0.324932,0.063216,0.114362,0.01784,0.129514
6989,0.278584,0.041822,0.094326,0.018703,0.123733
6990,0.458584,0.043831,0.245374,0.019966,0.149413
6991,0.398177,0.041134,0.217789,0.018454,0.1208
6992,0.375115,0.044222,0.18908,0.020115,0.121698
6993,0.42132,0.042537,0.223216,0.018531,0.137036
6994,0.337967,0.043714,0.156087,0.020625,0.117541
6995,0.457981,0.042208,0.251063,0.019136,0.145574
6996,0.296238,0.04248,0.113743,0.017171,0.122844
6997,0.33896,0.042339,0.142795,0.017879,0.135947
6998,0.329625,0.04364,0.148114,0.019768,0.118103
6999,0.504188,0.042065,0.320457,0.018198,0.123468
7000,0.321632,0.044717,0.124776,0.02016,0.131979
7001,0.371545,0.043151,0.171583,0.01804,0.138771
7002,0.38868,0.040643,0.204666,0.01964,0.123731
7003,0.344442,0.044506,0.133761,0.018768,0.147407
7004,0.32943,0.042624,0.132795,0.019802,0.134209
7005,0.321082,0.042137,0.135453,0.018648,0.124844
7006,0.354376,0.043858,0.171939,0.0169,0.121679
7007,0.36245,0.04294,0.168466,0.018194,0.13285
7008,0.317008,0.043652,0.121376,0.020424,0.131556
7009,0.34544,0.042606,0.157508,0.018868,0.126458
7010,0.500475,0.045212,0.254516,0.03328,0.167467
7011,0.566442,0.040583,0.34471,0.047169,0.13398
7012,0.463237,0.051294,0.204308,0.033126,0.174509
7013,0.339954,0.034539,0.152235,0.020713,0.132467
7014,0.47711,0.041363,0.221988,0.032999,0.18076
7015,0.435125,0.040011,0.158,0.082718,0.154396
7016,0.461023,0.047099,0.210607,0.032853,0.170464
7017,0.44017,0.033668,0.227147,0.03199,0.147365
7018,0.475283,0.044953,0.231707,0.032994,0.165629
7019,0.495662,0.036343,0.226269,0.074277,0.158773
7020,0.339777,0.0447,0.123255,0.028028,0.143794
7021,0.389468,0.041354,0.15012,0.064499,0.133495
7022,0.483177,0.042753,0.222347,0.033207,0.18487
7023,0.411973,0.035083,0.192843,0.045919,0.138128
7024,0.46235,0.044228,0.185613,0.033007,0.199502
7025,0.638448,0.037193,0.350169,0.073576,0.17751
7026,0.468293,0.045223,0.189347,0.033042,0.200681
7027,0.45828,0.040996,0.181242,0.058894,0.177148
7028,0.590013,0.046319,0.311827,0.032975,0.198892
7029,0.521453,0.033027,0.251958,0.074269,0.162199
7030,0.355014,0.052976,0.132018,0.029338,0.140682
7031,0.396498,0.046408,0.148407,0.068563,0.13312
7032,0.348622,0.036891,0.143894,0.027744,0.140093
7033,0.403163,0.038893,0.214287,0.019449,0.130534
7034,0.471635,0.041749,0.281871,0.021095,0.12692
7035,0.449473,0.043708,0.262599,0.01845,0.124716
7036,0.331385,0.041775,0.149497,0.01963,0.120483
7037,0.312867,0.041743,0.125939,0.018443,0.126742
7038,0.37063,0.041541,0.188197,0.016405,0.124487
7039,0.4816,0.043937,0.297077,0.018972,0.121614
7040,0.28978,0.041375,0.10808,0.016541,0.123784
7041,0.30864,0.044151,0.125115,0.018219,0.121155
7042,0.308488,0.042151,0.129235,0.016803,0.120299
7043,0.314842,0.043971,0.126343,0.018343,0.126185
7044,0.483123,0.041432,0.246255,0.0168,0.178636
7045,0.379813,0.045487,0.174069,0.018154,0.142103
7046,0.493238,0.04084,0.255582,0.031836,0.16498
7047,0.457495,0.039013,0.247675,0.045505,0.125302
7048,0.53066,0.049904,0.272265,0.038135,0.170356
7049,0.517822,0.034124,0.304191,0.046164,0.133343
7050,0.36921,0.036569,0.167131,0.027333,0.138177
7051,0.451037,0.059477,0.211797,0.046811,0.132952
7052,0.429492,0.042764,0.199094,0.037568,0.150066
7053,0.417343,0.036464,0.161896,0.05212,0.166863
7054,0.328623,0.04352,0.134447,0.021045,0.129611
7055,0.370757,0.041112,0.121024,0.062226,0.146395
7056,0.407648,0.043041,0.195477,0.02338,0.14575
7057,0.491216,0.039778,0.280761,0.047767,0.12291
7058,0.343582,0.068125,0.110422,0.027819,0.137216
7059,0.36473,0.036646,0.18324,0.019407,0.125437
7060,0.323564,0.041076,0.138402,0.020284,0.123802
7061,0.346905,0.043493,0.161651,0.017895,0.123866
7062,0.379435,0.041274,0.18477,0.019658,0.133733
7063,0.32899,0.051045,0.139394,0.017887,0.120664
7064,0.30453,0.041291,0.122274,0.019938,0.121027
7065,0.622688,0.042128,0.435077,0.018736,0.126747
7066,0.292976,0.041632,0.10873,0.017386,0.125228
7067,0.304086,0.043758,0.113778,0.017746,0.128804
7068,0.305018,0.040837,0.121704,0.019418,0.123059
7069,0.332486,0.043786,0.131052,0.018101,0.139547
7070,0.392276,0.041596,0.197149,0.019817,0.133714
7071,0.393044,0.041801,0.212244,0.017889,0.12111
7072,0.288218,0.041928,0.103272,0.019268,0.12375
7073,0.373624,0.042324,0.164311,0.020198,0.146791
7074,0.36655,0.04257,0.172357,0.019703,0.13192
7075,0.317584,0.042081,0.1236,0.017751,0.134152
7076,0.45094,0.043077,0.270636,0.01984,0.117387
7077,0.43666,0.042271,0.245732,0.018026,0.130631
7078,0.461415,0.041732,0.229274,0.03176,0.158649
7079,0.45855,0.038327,0.247857,0.046028,0.126338
7080,0.32973,0.036149,0.12684,0.028129,0.138612
7081,0.327654,0.036628,0.12685,0.021708,0.142468
7082,0.45189,0.039871,0.201664,0.033448,0.176907
7083,0.30183,0.038911,0.121059,0.018913,0.122947
7084,0.402036,0.041784,0.212996,0.023039,0.124217
7085,0.429722,0.043046,0.246979,0.018664,0.121033
7086,0.29535,0.041439,0.114403,0.020226,0.119282
7087,0.328428,0.043046,0.148819,0.017863,0.1187
7088,0.381748,0.040646,0.194183,0.021205,0.125714
7089,0.363903,0.043424,0.18483,0.018965,0.116684
7090,0.45591,0.041343,0.218272,0.033027,0.163268
7091,0.332682,0.039206,0.146297,0.019072,0.128107
7092,0.4874,0.041791,0.247843,0.033194,0.164572
7093,0.311862,0.039118,0.12554,0.019021,0.128183
7094,0.470642,0.041959,0.231987,0.033435,0.163261
7095,0.394706,0.038127,0.203538,0.019232,0.133809
7096,0.472842,0.03645,0.22095,0.033333,0.182109
7097,0.471885,0.03746,0.252836,0.046793,0.134796
7098,0.4685,0.039538,0.202161,0.033083,0.193718
7099,0.36297,0.03804,0.156489,0.025744,0.142697
7100,0.322028,0.034502,0.11122,0.020799,0.155507
7101,0.384617,0.035178,0.15097,0.070354,0.128115
7102,0.34902,0.047723,0.119276,0.039927,0.142094
7103,0.414687,0.036321,0.228675,0.018821,0.13087
7104,0.364725,0.044722,0.179236,0.017398,0.123369
7105,0.31001,0.0404,0.126817,0.018443,0.12435
7106,0.4171,0.04347,0.23779,0.019574,0.116266
7107,0.390468,0.040975,0.16712,0.045445,0.136928
7108,0.344146,0.036433,0.136938,0.02798,0.142795
7109,0.357627,0.041725,0.169601,0.018498,0.127803
7110,0.365943,0.057226,0.147026,0.01832,0.143371
7111,0.31563,0.041525,0.122426,0.018674,0.133005
7112,0.348837,0.044624,0.154868,0.02058,0.128765
7113,0.411016,0.041229,0.230378,0.018304,0.121105
7114,0.372678,0.044249,0.187471,0.019631,0.121327
7115,0.310863,0.040696,0.127263,0.01841,0.124494
7116,0.431993,0.044296,0.168933,0.033054,0.18571
7117,0.298918,0.037977,0.093399,0.018911,0.148631
7118,0.316964,0.037865,0.127193,0.018814,0.133092
7119,0.41295,0.041925,0.21685,0.019103,0.135072
7120,0.427905,0.039822,0.16706,0.033328,0.187695
7121,0.335673,0.037797,0.140022,0.018725,0.139129
7122,0.355463,0.038633,0.1332,0.028386,0.155244
7123,0.438818,0.041439,0.170087,0.058678,0.168614
7124,0.35775,0.042545,0.134225,0.027102,0.153878
7125,0.438482,0.03658,0.155815,0.052304,0.193783
7126,0.27631,0.05665,0.074079,0.017352,0.128229
7127,0.64334,0.043225,0.427478,0.030923,0.141714
7128,0.49683,0.044099,0.301822,0.020195,0.130714
7129,0.373345,0.046895,0.125747,0.03078,0.169923
7130,0.529402,0.038277,0.288024,0.031815,0.171286
7131,0.479797,0.03958,0.266816,0.031853,0.141548
7132,0.506655,0.054767,0.244364,0.032077,0.175447
7133,0.481695,0.036994,0.210054,0.076421,0.158226
7134,0.465303,0.042439,0.195212,0.032255,0.195397
7135,0.49203,0.040126,0.252442,0.046891,0.152571
7136,0.340888,0.037126,0.123567,0.027172,0.153023
7137,0.415145,0.037454,0.197901,0.0462,0.13359
7138,0.427182,0.043294,0.183511,0.029482,0.170895
7139,0.41536,0.03823,0.157881,0.072912,0.146337
7140,0.389734,0.041598,0.164432,0.02707,0.156634
7141,0.432863,0.039573,0.181904,0.050846,0.16054
7142,0.658537,0.042754,0.403907,0.038705,0.173171
7143,0.422478,0.041512,0.141814,0.077598,0.161554
7144,0.364052,0.040486,0.107446,0.057015,0.159105
7145,0.413002,0.031967,0.139865,0.078656,0.162514
7146,0.354508,0.039475,0.142244,0.027644,0.145145
7147,0.46174,0.036356,0.233001,0.031,0.161383
7148,0.379023,0.044753,0.180129,0.021115,0.133026
7149,0.532103,0.05208,0.255819,0.051702,0.172502
7150,0.463153,0.044328,0.184435,0.039389,0.195001
7151,0.460865,0.03834,0.25008,0.031898,0.140547
7152,0.305185,0.041189,0.110389,0.021877,0.13173
7153,0.39746,0.043572,0.188987,0.046625,0.118276
7154,0.490245,0.04269,0.269547,0.027837,0.150171
7155,0.360546,0.041144,0.173201,0.018499,0.127702
7156,0.444512,0.041136,0.259602,0.02091,0.122864
7157,0.387292,0.04434,0.204344,0.018145,0.120463
7158,0.330875,0.040966,0.144754,0.022219,0.122936
7159,0.370027,0.043879,0.18553,0.019061,0.121557
7160,0.403986,0.040971,0.223851,0.020513,0.118651
7161,0.403728,0.043209,0.19601,0.046306,0.118203
7162,0.464532,0.037071,0.205417,0.03284,0.189204
7163,0.433772,0.032654,0.20565,0.045681,0.149787
7164,0.500828,0.044046,0.258757,0.033169,0.164856
7165,0.334276,0.037844,0.142981,0.018904,0.134547
7166,0.526555,0.039309,0.285307,0.033968,0.167971
7167,0.424375,0.038727,0.189112,0.06329,0.133246
7168,0.562397,0.043898,0.304131,0.033152,0.181216
7169,0.624217,0.04159,0.411724,0.046244,0.124659
7170,0.35011,0.034814,0.14809,0.02816,0.139046
7171,0.603294,0.038751,0.333744,0.068387,0.162412
7172,0.414424,0.073997,0.173076,0.029283,0.138068
7173,0.432674,0.034169,0.236019,0.020388,0.142098
7174,0.403904,0.043442,0.20278,0.021245,0.136437
7175,0.299982,0.040399,0.11547,0.018663,0.12545
7176,0.36438,0.043739,0.181541,0.020303,0.118797
7177,0.382248,0.0408,0.153959,0.064679,0.12281
7178,0.346085,0.047955,0.116279,0.046705,0.135146
7179,0.324748,0.036056,0.143322,0.018764,0.126606
7180,0.39583,0.044713,0.193211,0.02074,0.137166
7181,0.278605,0.04094,0.098137,0.018306,0.121222
7182,0.38936,0.041468,0.20122,0.020887,0.125785
7183,0.316302,0.039718,0.135728,0.018454,0.122402
7184,0.342255,0.04202,0.156956,0.020087,0.123192
7185,0.340897,0.043316,0.155599,0.018172,0.12381
7186,0.380637,0.043201,0.17843,0.021551,0.137455
7187,0.388413,0.04463,0.202577,0.018804,0.122402
7188,0.306136,0.045286,0.113939,0.02095,0.125961
7189,0.32956,0.043116,0.14916,0.020606,0.116678
7190,0.452502,0.038582,0.244344,0.018429,0.151147
7191,0.333104,0.041476,0.151177,0.018354,0.122097
7192,0.43696,0.043714,0.234567,0.02903,0.129649
7193,0.462387,0.043212,0.243223,0.046698,0.129254
7194,0.508798,0.03722,0.240683,0.033035,0.19786
7195,0.670073,0.039101,0.448863,0.047756,0.134353
7196,0.356994,0.05465,0.13149,0.029336,0.141518
7197,0.573082,0.041608,0.29107,0.075117,0.165287
7198,0.372184,0.049868,0.145139,0.028046,0.149131
7199,0.51568,0.03841,0.2683,0.059994,0.148976
7200,0.381138,0.037218,0.161267,0.02891,0.153743
7201,0.605588,0.038972,0.341086,0.092327,0.133203
7202,0.56814,0.035278,0.318097,0.031787,0.182978
7203,0.564754,0.037608,0.286699,0.074135,0.166312
7204,0.314848,0.055732,0.101043,0.028342,0.129731
7205,0.433604,0.041396,0.166645,0.057502,0.168061
7206,0.393417,0.03519,0.17751,0.028589,0.152128
7207,0.498523,0.052358,0.231114,0.058166,0.156885
7208,0.329265,0.035656,0.11925,0.028605,0.145754
7209,0.484433,0.03852,0.255927,0.048054,0.141932
7210,0.50095,0.035006,0.26211,0.031934,0.1719
7211,0.342637,0.034517,0.158099,0.019018,0.131003
7212,0.298883,0.03698,0.110503,0.017644,0.133756
7213,0.402395,0.044008,0.21375,0.018596,0.126041
7214,0.337205,0.042107,0.14251,0.02081,0.131778
7215,0.43657,0.043404,0.250617,0.018005,0.124544
7216,0.47084,0.04213,0.231437,0.03251,0.164763
7217,0.33654,0.038154,0.136249,0.018353,0.143784
7218,0.314828,0.037263,0.126669,0.017687,0.133209
7219,0.307653,0.047758,0.115237,0.018625,0.126033
7220,0.349277,0.043269,0.157298,0.016649,0.132061
7221,0.497376,0.069549,0.279913,0.01893,0.128984
7222,0.44044,0.043985,0.18871,0.032034,0.175711
7223,0.3238,0.037094,0.136553,0.01868,0.131473
7224,0.441605,0.042316,0.235724,0.020966,0.142599
7225,0.425552,0.041286,0.161932,0.073606,0.148728
7226,0.381365,0.035697,0.177435,0.027379,0.140854
7227,0.340165,0.036021,0.11536,0.037857,0.150927
7228,0.45973,0.065047,0.227804,0.0352,0.131679
7229,0.353997,0.041054,0.141347,0.03088,0.140716
7230,0.38687,0.04492,0.178559,0.020291,0.1431
7231,0.352705,0.041086,0.10949,0.051277,0.150852
7232,0.30378,0.044212,0.117795,0.01924,0.122533
7233,0.379347,0.042616,0.161049,0.030641,0.145041
7234,0.381225,0.044241,0.19345,0.019501,0.124033
7235,0.33588,0.041123,0.13728,0.019806,0.137671
7236,0.521298,0.044274,0.281537,0.032272,0.163215
7237,0.440497,0.048367,0.213777,0.046613,0.13174
7238,0.539495,0.038023,0.287827,0.043976,0.169669
7239,0.32543,0.043784,0.114016,0.018518,0.149112
7240,0.298423,0.035285,0.10694,0.018606,0.137592
7241,0.59105,0.044151,0.359321,0.061662,0.125916
7242,0.39789,0.054413,0.162087,0.037079,0.144311
7243,0.500982,0.038759,0.248239,0.051043,0.162941
7244,0.328995,0.042135,0.136547,0.017425,0.132888
7245,0.420143,0.043729,0.137677,0.074141,0.164596
7246,0.377653,0.03609,0.172261,0.02817,0.141132
7247,0.579202,0.038415,0.361999,0.049315,0.129473
7248,0.64007,0.042438,0.424269,0.029209,0.144154
7249,0.290695,0.036539,0.100337,0.019583,0.134236
7250,0.285475,0.044834,0.096594,0.017684,0.126363
7251,0.444827,0.042722,0.206302,0.045626,0.150177
7252,0.427195,0.047334,0.207857,0.034072,0.137932
7253,0.5954,0.034151,0.409032,0.018567,0.13365
7254,0.424947,0.043847,0.16582,0.032954,0.182326
7255,0.30057,0.043446,0.10664,0.01966,0.130824
7256,0.311753,0.038426,0.119874,0.01987,0.133583
7257,0.460038,0.04331,0.251777,0.04642,0.118531
7258,0.620987,0.036357,0.385484,0.032995,0.166151
7259,0.45276,0.039061,0.223797,0.045237,0.144665
7260,0.533174,0.058457,0.255304,0.032957,0.186456
7261,0.353697,0.036616,0.152161,0.025072,0.139848
7262,0.339515,0.04171,0.117408,0.02144,0.158957
7263,0.47767,0.041635,0.181851,0.074066,0.180118
7264,0.379383,0.036048,0.181116,0.028606,0.133613
7265,0.424157,0.035699,0.171181,0.05219,0.165087
7266,0.506866,0.045393,0.242731,0.033579,0.185163
7267,0.461317,0.035011,0.181381,0.074317,0.170608
7268,0.6102,0.037735,0.351447,0.046371,0.174647
7269,0.451483,0.039343,0.208414,0.059394,0.144332
7270,0.35201,0.050926,0.132012,0.029145,0.139927
7271,0.399938,0.044297,0.177716,0.047271,0.130654
7272,0.501203,0.05397,0.238254,0.033335,0.175644
7273,0.347644,0.038779,0.155801,0.019086,0.133978
7274,0.359356,0.038595,0.159133,0.022971,0.138657
7275,0.363242,0.040566,0.179797,0.018296,0.124583
7276,0.484222,0.043806,0.24508,0.03338,0.161956
7277,0.402974,0.041168,0.15923,0.055397,0.147179
7278,0.367742,0.041261,0.166539,0.027188,0.132754
7279,0.43003,0.035324,0.247567,0.019725,0.127414
7280,0.45695,0.045367,0.20641,0.032114,0.173059
7281,1.3475,0.03356,0.184368,0.049491,1.08008
7282,0.436132,0.059019,0.17783,0.028579,0.170704
7283,0.426164,0.036036,0.139776,0.073989,0.176363
7284,0.716148,0.041612,0.455708,0.032157,0.186671
7285,0.463963,0.035346,0.196511,0.07468,0.157426
7286,0.58892,0.034226,0.3245,0.031995,0.198199
7287,0.498017,0.03519,0.21844,0.084288,0.160099
7288,0.428202,0.042695,0.17766,0.028674,0.179173
7289,0.346307,0.033727,0.13056,0.034326,0.147694
7290,0.434833,0.040746,0.165121,0.032079,0.196887
7291,0.456816,0.037716,0.171819,0.087722,0.159559
7292,0.509692,0.04137,0.265136,0.031751,0.171435
7293,0.443108,0.035084,0.228329,0.031791,0.147904
7294,0.43635,0.05384,0.170893,0.03181,0.179807
7295,0.560552,0.039058,0.287333,0.076861,0.1573
7296,0.595528,0.045117,0.344568,0.031865,0.173978
7297,0.410356,0.03358,0.183494,0.047893,0.145389
7298,0.356642,0.040469,0.148836,0.027136,0.140201
7299,0.45938,0.03627,0.25102,0.045374,0.126716
7300,0.471388,0.04444,0.202189,0.033199,0.19156
7301,0.358537,0.033636,0.143992,0.034496,0.146413
7302,0.40719,0.038455,0.20712,0.019014,0.142601
7303,0.445355,0.043504,0.207813,0.030829,0.163209
7304,0.29069,0.044801,0.109541,0.017606,0.118742
7305,0.406316,0.041967,0.220953,0.019908,0.123488
7306,0.288132,0.044155,0.102902,0.019149,0.121926
7307,0.417317,0.042333,0.20662,0.018808,0.149556
7308,0.537525,0.044078,0.297946,0.041407,0.154094
7309,0.523064,0.03857,0.30057,0.045828,0.138096
7310,0.358637,0.04485,0.13785,0.029616,0.146321
7311,0.62551,0.04454,0.37379,0.064602,0.142578
7312,0.358795,0.04867,0.145706,0.028137,0.136282
7313,0.41359,0.035681,0.196978,0.031319,0.149612
7314,0.429275,0.045177,0.23245,0.01728,0.134368
7315,0.420382,0.044263,0.17551,0.056263,0.144346
7316,0.345698,0.045884,0.143888,0.020853,0.135073
7317,0.340377,0.041002,0.158555,0.020177,0.120643
7318,0.354702,0.04498,0.142072,0.020505,0.147145
7319,0.36847,0.038949,0.185079,0.018831,0.125611
7320,0.292575,0.044449,0.091339,0.019806,0.136981
7321,0.347665,0.044158,0.145794,0.018504,0.139209
7322,0.644525,0.046528,0.453601,0.021203,0.123193
7323,0.304715,0.041735,0.118712,0.018413,0.125855
7324,0.322672,0.046642,0.117662,0.021466,0.136902
7325,0.320733,0.041716,0.134702,0.018268,0.126047
7326,0.336548,0.045532,0.136272,0.01677,0.137974
7327,0.527478,0.041463,0.34439,0.01822,0.123405
7328,0.696035,0.046112,0.421027,0.034806,0.19409
7329,0.309147,0.040453,0.114339,0.019975,0.13438
7330,0.35003,0.04268,0.149247,0.019675,0.138428
7331,0.339225,0.042385,0.141807,0.026103,0.12893
7332,0.372628,0.038869,0.182539,0.018874,0.132346
7333,0.381557,0.043851,0.185407,0.018225,0.134074
7334,0.536763,0.042294,0.351213,0.019649,0.123607
7335,0.594171,0.042645,0.38149,0.047794,0.122242
7336,0.40223,0.035839,0.190507,0.029363,0.146521
7337,0.345063,0.036237,0.136554,0.02471,0.147562
7338,0.434055,0.04256,0.233247,0.018938,0.13931
7339,0.286513,0.041089,0.104142,0.018194,0.123088
7340,0.353283,0.045308,0.149517,0.020827,0.137631
7341,0.38107,0.041336,0.155966,0.062578,0.12119
7342,0.396123,0.038969,0.176017,0.028406,0.152731
7343,0.323445,0.035925,0.138781,0.018854,0.129885
7344,0.385348,0.044053,0.178306,0.020546,0.142443
7345,0.324587,0.041768,0.138947,0.01831,0.125562
7346,0.327302,0.04651,0.133592,0.020992,0.126208
7347,0.380287,0.041929,0.154462,0.062776,0.12112
7348,0.332777,0.045469,0.118281,0.028467,0.14056
7349,0.394815,0.03787,0.21304,0.018017,0.125888
7350,0.46947,0.043569,0.281902,0.017378,0.126621
7351,0.435975,0.041329,0.22416,0.046757,0.123729
7352,0.359267,0.03786,0.138824,0.042682,0.139901
7353,0.31598,0.036241,0.130217,0.017771,0.131751
7354,0.337843,0.044973,0.139494,0.016787,0.136589
7355,0.422752,0.040626,0.230149,0.017804,0.134173
7356,0.627193,0.045416,0.42779,0.021991,0.131996
7357,0.387114,0.050036,0.139908,0.067912,0.129258
7358,0.44368,0.03647,0.181936,0.031865,0.193409
7359,0.640854,0.039103,0.424401,0.046387,0.130963
7360,0.368833,0.045225,0.160061,0.02753,0.136017
7361,0.31985,0.03792,0.132831,0.018151,0.130948
7362,0.402956,0.05335,0.202537,0.020405,0.126664
7363,0.367513,0.044198,0.17879,0.021003,0.123522
7364,0.488482,0.041719,0.304991,0.02017,0.121602
7365,0.380653,0.043431,0.146281,0.067273,0.123668
7366,0.521858,0.034513,0.264539,0.03822,0.184586
7367,0.295767,0.048005,0.100187,0.018262,0.129313
7368,0.482773,0.039541,0.283981,0.021501,0.13775
7369,0.32408,0.041135,0.143092,0.017543,0.12231
7370,0.34913,0.045456,0.163374,0.018463,0.121837
7371,0.37927,0.041328,0.149656,0.067127,0.121159
7372,0.708792,0.036383,0.455338,0.031964,0.185107
7373,0.438782,0.038538,0.188362,0.057714,0.154168
7374,0.45585,0.039018,0.216298,0.031882,0.168652
7375,0.512088,0.03423,0.232662,0.074107,0.171089
7376,0.379914,0.039805,0.131077,0.055773,0.153259
7377,0.516026,0.037482,0.223771,0.075123,0.17965
7378,0.363476,0.040386,0.144922,0.037337,0.140831
7379,0.535994,0.047452,0.244692,0.074443,0.169407
7380,0.37727,0.039975,0.166796,0.027278,0.143221
7381,0.340458,0.035846,0.128753,0.030763,0.145096
7382,0.426264,0.044956,0.153511,0.031862,0.195935
7383,0.481877,0.036312,0.273119,0.031699,0.140747
7384,0.354992,0.044121,0.144307,0.0219,0.144664
7385,0.472832,0.05035,0.197808,0.074029,0.150645
7386,0.350958,0.042848,0.142398,0.028144,0.137568
7387,0.334443,0.035821,0.150841,0.019382,0.128399
7388,0.365194,0.044049,0.167837,0.021367,0.131941
7389,0.29717,0.04128,0.116339,0.018646,0.120905
7390,0.303474,0.044568,0.116313,0.020191,0.122402
7391,0.52711,0.05424,0.28839,0.046932,0.137548
7392,0.36028,0.046653,0.136656,0.028272,0.148699
7393,0.374533,0.041475,0.148277,0.032045,0.152736
7394,0.310882,0.039711,0.119473,0.017521,0.134177
7395,0.360175,0.041229,0.176556,0.02045,0.12194
7396,0.33067,0.044872,0.144645,0.019953,0.1212
7397,0.281464,0.040306,0.103503,0.018566,0.119089
7398,0.333657,0.045497,0.131258,0.02037,0.136532
7399,0.35275,0.041884,0.171203,0.018986,0.120677
7400,0.312265,0.045179,0.115175,0.020648,0.131263
7401,0.389592,0.041499,0.163333,0.06191,0.12285
7402,0.541458,0.042056,0.294403,0.033016,0.171983
7403,0.43262,0.032571,0.198486,0.047974,0.153589
7404,0.364796,0.044746,0.1406,0.04522,0.13423
7405,0.412902,0.041322,0.198774,0.047626,0.12518
7406,0.398246,0.038131,0.186708,0.028756,0.144651
7407,0.463898,0.036759,0.190802,0.073805,0.162532
7408,0.45856,0.048163,0.22595,0.02819,0.156257
7409,0.49554,0.036753,0.240967,0.060145,0.157675
7410,0.493007,0.054003,0.231076,0.032943,0.174985
7411,0.381465,0.038705,0.128434,0.054264,0.160062
7412,0.388358,0.033063,0.189043,0.020843,0.145409
7413,0.439137,0.041895,0.167535,0.069438,0.160269
7414,0.884224,0.048342,0.634784,0.032947,0.168151
7415,0.433585,0.034897,0.176162,0.058998,0.163528
7416,0.54886,0.047423,0.282439,0.038208,0.18079
7417,0.487905,0.043474,0.201201,0.074491,0.168739
7418,0.37888,0.043775,0.168045,0.029574,0.137486
7419,0.552133,0.044521,0.285617,0.073975,0.14802
7420,0.459705,0.037,0.199872,0.033013,0.18982
7421,0.427073,0.03187,0.177673,0.074233,0.143297
7422,0.45673,0.049273,0.194364,0.032953,0.18014
7423,0.512617,0.044929,0.254811,0.061106,0.151771
7424,0.370292,0.040587,0.155049,0.028709,0.145947
7425,0.60185,0.038588,0.353344,0.051817,0.158101
7426,0.463463,0.043746,0.233042,0.031877,0.154798
7427,0.4421,0.039407,0.178141,0.068324,0.156228
7428,0.452952,0.035451,0.192709,0.031915,0.192877
7429,0.501415,0.032778,0.236971,0.075291,0.156375
7430,0.378623,0.041588,0.166172,0.027421,0.143442
7431,0.322095,0.046235,0.123819,0.021005,0.131036
7432,0.362203,0.044434,0.155552,0.021242,0.140975
7433,0.326172,0.040725,0.139607,0.018452,0.127388
7434,0.32845,0.046267,0.134682,0.02017,0.127331
7435,0.411293,0.041322,0.223217,0.017863,0.128891
7436,0.309542,0.04604,0.122292,0.019835,0.121375
7437,0.349447,0.040971,0.166477,0.017848,0.124151
7438,0.338892,0.042445,0.150123,0.018887,0.127437
7439,0.396058,0.041138,0.184142,0.018551,0.152227
7440,0.431867,0.046651,0.173042,0.032251,0.179923
7441,0.44315,0.03693,0.222422,0.045199,0.138599
7442,0.566973,0.04838,0.309827,0.031776,0.17699
7443,0.454035,0.036303,0.206617,0.058097,0.153018
7444,0.744422,0.061953,0.497736,0.032052,0.152681
7445,0.418557,0.036074,0.138111,0.073468,0.170904
7446,0.337247,0.036654,0.122529,0.027125,0.150939
7447,0.42329,0.038644,0.174371,0.057197,0.153078
7448,0.481989,0.035008,0.206327,0.042942,0.197712
7449,0.45015,0.03371,0.167217,0.074035,0.175188
7450,0.447605,0.03487,0.201592,0.032024,0.179119
7451,0.569947,0.03724,0.358571,0.032168,0.141968
7452,0.478742,0.066073,0.193495,0.031988,0.187186
7453,0.476142,0.040208,0.186274,0.073696,0.175964
7454,0.37875,0.074068,0.149461,0.028703,0.126518
7455,0.33675,0.042912,0.130499,0.019554,0.143785
7456,0.313425,0.041988,0.128944,0.019417,0.123076
7457,0.302353,0.045886,0.112132,0.018342,0.125993
7458,0.51978,0.042986,0.33269,0.017686,0.126418
7459,0.349116,0.05551,0.145514,0.021624,0.126468
7460,0.35496,0.035155,0.155734,0.018583,0.145488
7461,0.349238,0.043862,0.165641,0.018717,0.121018
7462,0.484728,0.041674,0.293714,0.020678,0.128662
7463,0.41455,0.045093,0.175351,0.046438,0.147668
7464,0.360233,0.041559,0.15346,0.028293,0.136921
7465,0.497278,0.038903,0.312824,0.019287,0.126264
7466,0.302313,0.042797,0.113361,0.017714,0.128441
7467,0.35472,0.044273,0.16431,0.018247,0.12789
7468,0.297656,0.044171,0.113006,0.016696,0.123783
7469,0.29801,0.0438,0.117014,0.018323,0.118873
7470,0.47461,0.042775,0.217334,0.033065,0.181436
7471,0.353893,0.039104,0.159282,0.021872,0.133635
7472,0.50276,0.034268,0.296509,0.020653,0.15133
7473,0.371375,0.042115,0.17091,0.019251,0.139099
7474,0.583097,0.045831,0.392544,0.021561,0.123161
7475,0.281985,0.038861,0.088854,0.019104,0.135166
7476,0.4955,0.04503,0.305274,0.020523,0.124673
7477,0.334988,0.0443,0.15266,0.018211,0.119817
7478,0.379054,0.045958,0.186366,0.020376,0.126354
7479,0.3953,0.04226,0.211626,0.018032,0.123382
7480,0.42397,0.043118,0.163454,0.032849,0.184549
7481,0.400554,0.037081,0.154294,0.06605,0.143129
7482,0.328426,0.035569,0.125528,0.028095,0.139234
7483,0.458416,0.035464,0.235356,0.03175,0.155846
7484,0.56962,0.043904,0.387732,0.021185,0.116799
7485,0.640906,0.052131,0.363506,0.074254,0.151015
7486,0.784478,0.036073,0.551187,0.033033,0.164185
7487,0.424716,0.037404,0.126942,0.079349,0.181021
7488,0.45041,0.051996,0.191599,0.033029,0.173786
7489,0.688862,0.048585,0.372563,0.059262,0.208452
7490,0.481268,0.056892,0.177096,0.038374,0.208906
7491,0.336924,0.045048,0.125751,0.020123,0.146002
7492,0.340468,0.038569,0.137485,0.018354,0.14606
7493,0.641034,0.054059,0.330723,0.073498,0.182754
7494,0.380216,0.040416,0.153519,0.03847,0.147811
7495,0.41761,0.036268,0.210953,0.031731,0.138658
7496,0.333218,0.046982,0.125063,0.021758,0.139415
7497,0.490982,0.042401,0.221831,0.070429,0.156321
7498,0.364127,0.042363,0.153148,0.027777,0.140839
7499,0.389978,0.037299,0.138023,0.063066,0.15159
7500,0.445828,0.036785,0.192011,0.032056,0.184976
7501,0.479729,0.04099,0.2424,0.057818,0.138521
7502,0.397338,0.043206,0.163374,0.027265,0.163493
7503,0.48199,0.039511,0.242464,0.058223,0.141792
7504,0.459538,0.041439,0.180889,0.032092,0.205118
7505,0.58886,0.039886,0.328271,0.058772,0.161931
7506,0.727048,0.042849,0.477969,0.032327,0.173903
7507,0.428094,0.0447,0.17647,0.046721,0.160203
7508,0.35355,0.036207,0.145605,0.027107,0.144631
7509,0.402837,0.042593,0.189346,0.045144,0.125754
7510,0.735498,0.03647,0.499196,0.031975,0.167857
7511,0.382615,0.061465,0.153705,0.019486,0.147959
7512,0.556718,0.038292,0.31757,0.032394,0.168462
7513,0.370783,0.041216,0.157573,0.036127,0.135867
7514,0.370597,0.036681,0.171306,0.019352,0.143258
7515,0.391202,0.042005,0.116163,0.07368,0.159354
7516,0.34872,0.040457,0.125945,0.027172,0.155146
7517,0.310442,0.035727,0.125953,0.01952,0.129242
7518,0.377484,0.044986,0.168363,0.018552,0.145583
7519,0.42636,0.040737,0.233258,0.019305,0.13306
7520,0.361565,0.04416,0.17785,0.019985,0.11957
7521,0.31475,0.040399,0.135857,0.019023,0.119471
7522,0.290485,0.045297,0.10184,0.01949,0.123858
7523,0.41543,0.041626,0.152284,0.100086,0.121434
7524,0.555205,0.040426,0.346617,0.027087,0.141075
7525,0.40922,0.0357,0.200314,0.018773,0.154433
7526,0.320882,0.045658,0.138777,0.017487,0.11896
7527,0.31275,0.041477,0.122182,0.018157,0.130934
7528,0.454818,0.044676,0.267487,0.020088,0.122567
7529,0.360348,0.040588,0.178311,0.017962,0.123487
7530,0.313465,0.045842,0.126414,0.019729,0.12148
7531,0.296473,0.042295,0.114174,0.018051,0.121953
7532,0.517652,0.050747,0.272634,0.031938,0.162333
7533,0.334885,0.037855,0.115207,0.018983,0.16284
7534,0.414785,0.041301,0.171652,0.033258,0.168574
7535,0.33896,0.037774,0.14507,0.019049,0.137067
7536,0.32922,0.039104,0.127835,0.018656,0.143625
7537,0.399067,0.041962,0.211454,0.018783,0.126868
7538,0.431005,0.044419,0.245562,0.016846,0.124178
7539,0.359232,0.043784,0.17597,0.018663,0.120815
7540,0.803432,0.045377,0.556266,0.03276,0.169029
7541,0.342565,0.039024,0.138724,0.020339,0.144478
7542,0.332427,0.039442,0.148692,0.019929,0.124364
7543,0.44599,0.043199,0.233836,0.049795,0.11916
7544,0.578165,0.042115,0.329142,0.033188,0.17372
7545,0.412396,0.033095,0.193964,0.046712,0.138625
7546,0.459018,0.0402,0.207424,0.033047,0.178347
7547,0.485936,0.037354,0.263137,0.04583,0.139615
7548,0.41052,0.040154,0.189321,0.028386,0.152659
7549,0.7668,0.035692,0.484126,0.075163,0.171819
7550,0.501838,0.043073,0.254542,0.03314,0.171083
7551,0.475905,0.033911,0.1936,0.075112,0.173282
7552,0.46601,0.035596,0.271269,0.028237,0.130908
7553,0.513507,0.037012,0.248322,0.059217,0.168956
7554,0.46462,0.045815,0.171509,0.033257,0.214039
7555,0.446418,0.031455,0.186582,0.069287,0.159094
7556,0.397632,0.04864,0.175447,0.02896,0.144585
7557,0.767988,0.036114,0.489287,0.07912,0.163467
7558,0.382375,0.042265,0.183836,0.028179,0.128095
7559,0.401806,0.037726,0.181697,0.047775,0.134608
7560,0.813324,0.041176,0.588563,0.02839,0.155195
7561,0.549343,0.05008,0.263378,0.059093,0.176792
7562,0.333245,0.051323,0.104541,0.02866,0.148721
7563,0.381096,0.042879,0.155271,0.03163,0.151316
7564,0.569475,0.03976,0.307632,0.043283,0.1788
7565,0.431178,0.038381,0.133114,0.09375,0.165933
7566,0.3371,0.045398,0.122786,0.030092,0.138824
7567,0.428613,0.044786,0.160861,0.066101,0.156865
7568,0.551943,0.042238,0.278624,0.033057,0.198024
7569,0.420745,0.037101,0.158994,0.074537,0.150113
7570,0.335802,0.045108,0.122836,0.029504,0.138354
7571,0.431172,0.040795,0.20277,0.031633,0.155974
7572,0.492055,0.042673,0.209704,0.031943,0.207735
7573,0.609153,0.038917,0.316696,0.075848,0.177692
7574,0.396528,0.040679,0.178118,0.028229,0.149502
7575,0.468987,0.034982,0.195204,0.073659,0.165142
7576,0.472164,0.037192,0.222312,0.031752,0.180908
7577,0.444292,0.041249,0.192284,0.057668,0.153091
7578,0.389918,0.039855,0.16729,0.028199,0.154574
7579,0.48828,0.03982,0.25166,0.058228,0.138572
7580,0.351554,0.039437,0.128967,0.027474,0.155676
7581,0.490684,0.038498,0.228124,0.052111,0.171951
7582,0.423214,0.042007,0.232592,0.021031,0.127584
7583,0.317616,0.043262,0.127899,0.019429,0.127026
7584,0.377075,0.043129,0.173576,0.019523,0.140847
7585,0.336196,0.043262,0.14327,0.019366,0.130298
7586,0.337404,0.046782,0.138624,0.019472,0.132526
7587,0.276232,0.042079,0.093032,0.017941,0.12318
7588,0.366872,0.04271,0.180484,0.020789,0.122889
7589,0.41677,0.04319,0.196023,0.045494,0.132063
7590,0.31668,0.041648,0.104408,0.027009,0.143615
7591,0.332803,0.038519,0.13195,0.018622,0.143712
7592,0.372708,0.043487,0.149797,0.018239,0.161185
7593,0.390912,0.042104,0.179445,0.045436,0.123927
7594,0.336242,0.04148,0.115155,0.027606,0.152001
7595,0.813364,0.039791,0.602393,0.04579,0.12539
7596,0.481205,0.052897,0.225378,0.031895,0.171035
7597,0.35558,0.037528,0.160207,0.020298,0.137547
7598,0.52109,0.038663,0.251826,0.052318,0.178283
7599,0.5465,0.041048,0.303416,0.062102,0.139934
7600,0.46872,0.057644,0.176693,0.03208,0.202303
7601,0.433206,0.037588,0.215886,0.04608,0.133652
7602,0.32777,0.046728,0.114031,0.029092,0.137919
7603,0.445254,0.045818,0.232634,0.045731,0.121071
7604,0.375286,0.04164,0.163866,0.027486,0.142294
7605,0.451382,0.03588,0.265263,0.01904,0.131199
7606,0.326416,0.044814,0.141164,0.017591,0.122847
7607,0.404425,0.041252,0.184886,0.045876,0.132411
7608,0.432507,0.0366,0.220676,0.028458,0.146773
7609,0.387613,0.036662,0.137533,0.068469,0.144949
7610,0.337245,0.036733,0.117553,0.028547,0.154412
7611,0.41535,0.041365,0.20023,0.048971,0.124784
7612,0.33436,0.036696,0.131308,0.029177,0.137179
7613,0.402082,0.037017,0.200685,0.02766,0.13672
7614,0.398465,0.045813,0.194115,0.020856,0.137681
7615,0.324757,0.042192,0.137916,0.018867,0.125782
7616,0.331392,0.044987,0.124018,0.01706,0.145327
7617,0.390395,0.040577,0.212197,0.018545,0.119076
7618,0.355968,0.045279,0.156607,0.020779,0.133303
7619,0.305427,0.041036,0.128127,0.018246,0.118018
7620,0.377192,0.043894,0.158755,0.01735,0.157193
7621,0.299402,0.041829,0.119045,0.018883,0.119645
7622,0.306755,0.044822,0.117013,0.020231,0.124689
7623,0.301888,0.040209,0.121333,0.018156,0.12219
7624,0.522057,0.047106,0.314223,0.020839,0.139889
7625,0.4402,0.040376,0.23465,0.047277,0.117897
7626,0.368322,0.050257,0.127936,0.044457,0.145672
7627,0.367122,0.03722,0.171064,0.018633,0.140205
7628,0.300135,0.042201,0.096876,0.017691,0.143367
7629,0.323858,0.041439,0.141284,0.018696,0.122439
7630,0.29983,0.044724,0.099436,0.019977,0.135693
7631,0.307915,0.041848,0.127007,0.018522,0.120538
7632,0.354223,0.044458,0.151057,0.021717,0.136991
7633,0.309065,0.040879,0.127939,0.018334,0.121913
7634,0.292872,0.042572,0.088966,0.025955,0.135379
7635,0.342395,0.044274,0.154789,0.017971,0.125361
7636,0.389245,0.04256,0.199937,0.021281,0.125467
7637,0.465375,0.042264,0.25625,0.046491,0.12037
7638,0.349853,0.045849,0.140586,0.02815,0.135268
7639,0.346411,0.038027,0.164367,0.01865,0.125367
7640,0.56625,0.04255,0.376381,0.02142,0.125899
7641,0.36544,0.042659,0.182827,0.018256,0.121698
7642,0.3835,0.04418,0.187659,0.017013,0.134648
7643,0.344655,0.04035,0.159644,0.018916,0.125745
7644,0.314555,0.04506,0.128738,0.016978,0.123779
7645,0.35946,0.040763,0.170404,0.018262,0.130031
7646,0.298365,0.044207,0.098561,0.019727,0.13587
7647,0.31094,0.040639,0.127682,0.018357,0.124262
7648,0.309325,0.043427,0.125512,0.01667,0.123716
7649,0.493455,0.043327,0.312048,0.018125,0.119955
7650,0.292573,0.04542,0.102754,0.021044,0.123355
7651,0.349215,0.042267,0.170229,0.018915,0.117804
7652,0.313406,0.042374,0.11727,0.020113,0.133649
7653,0.467067,0.043584,0.289347,0.017678,0.116458
7654,0.36134,0.042136,0.174257,0.019416,0.125531
7655,0.3496,0.043312,0.17242,0.017598,0.11627
7656,0.507825,0.042581,0.265834,0.032048,0.167362
7657,0.432205,0.036686,0.250287,0.018786,0.126446
7658,0.294703,0.043892,0.108974,0.01791,0.123927
7659,0.338005,0.041092,0.144754,0.02187,0.130289
7660,0.539983,0.041534,0.294559,0.032159,0.171731
7661,0.506233,0.037414,0.28847,0.045531,0.134818
7662,0.33575,0.040949,0.116864,0.02894,0.148997
7663,0.469907,0.03742,0.250632,0.03093,0.150925
7664,0.478533,0.038302,0.229726,0.031862,0.178643
7665,0.377464,0.03923,0.098598,0.083221,0.156415
7666,0.330232,0.04198,0.130014,0.021825,0.136413
7667,0.435755,0.046351,0.161664,0.076103,0.151637
7668,0.510418,0.045899,0.265831,0.032226,0.166462
7669,0.663437,0.039197,0.438987,0.04686,0.138393
7670,0.459262,0.036582,0.206714,0.03205,0.183916
7671,0.371703,0.032664,0.166149,0.03108,0.14181
7672,0.463347,0.038198,0.226414,0.032023,0.166712
7673,0.462264,0.037073,0.177501,0.080301,0.167389
7674,0.530226,0.07397,0.224196,0.039479,0.192581
7675,0.361984,0.040346,0.139457,0.030988,0.151193
7676,0.541973,0.035644,0.301731,0.032179,0.172419
7677,0.421238,0.038842,0.153847,0.0734,0.155149
7678,0.579418,0.03579,0.311187,0.032826,0.199615
7679,0.447335,0.03388,0.15523,0.073104,0.185121
7680,0.40979,0.037321,0.198056,0.028615,0.145798
7681,0.440784,0.033067,0.161328,0.07341,0.172979
7682,0.444936,0.035794,0.190437,0.032342,0.186363
7683,0.444802,0.048386,0.184501,0.072364,0.139551
7684,0.443614,0.043779,0.217949,0.028306,0.15358
7685,0.446122,0.036647,0.208798,0.059019,0.141658
7686,0.407716,0.04181,0.19466,0.028221,0.143025
7687,0.477896,0.037676,0.234267,0.05224,0.153713
7688,0.448384,0.041721,0.260568,0.020764,0.125331
7689,0.534334,0.055267,0.259189,0.07477,0.145108
7690,0.413928,0.047788,0.180743,0.02932,0.156077
7691,0.343734,0.036028,0.137994,0.031531,0.138181
7692,0.520278,0.043349,0.28622,0.032927,0.157782
7693,0.400496,0.037854,0.19046,0.020606,0.151576
7694,0.31083,0.040767,0.11837,0.018154,0.133539
7695,0.351878,0.042154,0.163253,0.01886,0.127611
7696,0.435193,0.045265,0.18153,0.033201,0.175197
7697,0.336876,0.038724,0.143281,0.018596,0.136275
7698,0.349743,0.039784,0.133663,0.022439,0.153857
7699,0.39304,0.044521,0.157771,0.046128,0.14462
7700,0.450325,0.03607,0.227393,0.028516,0.158346
7701,0.371158,0.041397,0.185567,0.018549,0.125645
7702,0.323897,0.047106,0.137177,0.017583,0.122031
7703,0.321894,0.041789,0.136709,0.020266,0.12313
7704,0.557305,0.043627,0.3558,0.028946,0.128932
7705,0.337967,0.04154,0.141066,0.017814,0.137547
7706,0.32942,0.04272,0.135149,0.021024,0.130527
7707,0.365734,0.041621,0.178686,0.020111,0.125316
7708,0.345508,0.045557,0.137938,0.020392,0.141621
7709,0.3101,0.042336,0.120065,0.018271,0.129428
7710,0.353121,0.04543,0.15218,0.020464,0.135047
7711,0.30885,0.041844,0.128387,0.018127,0.120492
7712,0.455783,0.046062,0.197025,0.033034,0.179662
7713,0.433775,0.040217,0.24873,0.018867,0.125961
7714,0.525492,0.039464,0.288582,0.033467,0.163979
7715,0.404913,0.035264,0.176295,0.063097,0.130257
7716,0.322075,0.041349,0.115557,0.028934,0.136235
7717,0.33598,0.03649,0.153454,0.018388,0.127648
7718,0.332425,0.043485,0.125557,0.021184,0.142199
7719,0.462198,0.042926,0.25953,0.01818,0.141562
7720,0.294087,0.044771,0.105935,0.02007,0.123311
7721,0.357465,0.042921,0.168154,0.018626,0.127764
7722,0.309476,0.044154,0.124587,0.017218,0.123517
7723,0.398547,0.042114,0.214865,0.018255,0.123313
7724,0.340073,0.043492,0.155005,0.020587,0.120989
7725,0.30811,0.042187,0.121422,0.018218,0.126283
7726,0.306923,0.045915,0.110333,0.019505,0.13117
7727,0.400276,0.041972,0.210816,0.018127,0.129361
7728,0.403768,0.04434,0.207588,0.017659,0.134181
7729,0.39245,0.052596,0.19335,0.01801,0.128494
7730,0.436467,0.04461,0.182427,0.031959,0.177471
7731,0.406898,0.05632,0.168155,0.046395,0.136028
7732,0.50638,0.040777,0.254104,0.032102,0.179397
7733,0.42419,0.037779,0.171737,0.062634,0.15204
7734,0.350197,0.042335,0.143939,0.028543,0.13538
7735,0.505332,0.044104,0.316257,0.018477,0.126494
7736,0.355185,0.043763,0.139934,0.021933,0.149555
7737,0.454777,0.045325,0.219085,0.030922,0.159445
7738,0.335065,0.043701,0.145297,0.020088,0.125979
7739,0.37432,0.043907,0.1882,0.019725,0.122488
7740,0.41835,0.043036,0.164181,0.031996,0.179137
7741,0.494955,0.038839,0.281592,0.04522,0.129304
7742,0.40241,0.04026,0.190829,0.02897,0.142351
7743,0.438472,0.037296,0.222947,0.0476,0.130629
7744,0.381297,0.047255,0.159219,0.027602,0.147221
7745,0.387097,0.03567,0.156334,0.06159,0.133503
7746,0.40906,0.063774,0.183302,0.027548,0.134436
7747,0.298588,0.035855,0.118971,0.017644,0.126118
7748,0.41739,0.044558,0.231859,0.02048,0.120493
7749,0.295333,0.040566,0.115209,0.017396,0.122162
7750,0.43009,0.041923,0.165401,0.041217,0.181549
7751,0.428178,0.041749,0.206614,0.045855,0.13396
7752,0.451205,0.037616,0.191312,0.032095,0.190182
7753,0.31607,0.041993,0.122661,0.029161,0.122255
7754,0.299062,0.037633,0.112924,0.017848,0.130657
7755,0.391766,0.042141,0.158301,0.045508,0.145816
7756,0.805705,0.037293,0.596804,0.029346,0.142262
7757,0.336554,0.044012,0.141606,0.018411,0.132525
7758,0.324008,0.040977,0.139174,0.019829,0.124028
7759,0.678418,0.046064,0.495224,0.018008,0.119122
7760,0.350635,0.043515,0.166784,0.020872,0.119464
7761,0.41413,0.041007,0.211001,0.042973,0.119149
7762,0.37003,0.036588,0.173006,0.028442,0.131994
7763,0.320655,0.035479,0.13908,0.018671,0.127425
7764,0.369027,0.043888,0.186351,0.01797,0.120818
7765,0.542513,0.042374,0.332116,0.047794,0.120229
7766,0.327992,0.03622,0.124118,0.02836,0.139294
7767,0.282443,0.039935,0.099649,0.018161,0.124698
7768,0.6992,0.045607,0.49581,0.02175,0.136033
7769,0.297286,0.040851,0.114896,0.01753,0.124009
7770,0.364472,0.045852,0.159634,0.021862,0.137124
7771,0.314774,0.041594,0.13076,0.018987,0.123433
7772,0.435618,0.043785,0.243929,0.017405,0.130499
7773,0.372426,0.04091,0.179314,0.01831,0.133892
7774,0.329814,0.04497,0.138177,0.02096,0.125707
7775,0.406985,0.040691,0.193572,0.046627,0.126095
7776,0.43464,0.03605,0.24061,0.028312,0.129668
7777,0.378552,0.035198,0.200414,0.01874,0.1242
7778,0.782512,0.043047,0.594754,0.017939,0.126772
7779,0.484654,0.044378,0.303992,0.0188,0.117484
7780,0.481422,0.040974,0.231194,0.033425,0.175829
7781,0.344232,0.038352,0.152246,0.019258,0.134376
7782,0.324436,0.03914,0.129104,0.018207,0.137985
7783,0.35579,0.04198,0.172643,0.018009,0.123158
7784,0.344705,0.044443,0.158079,0.017575,0.124608
7785,0.35815,0.042159,0.17121,0.01871,0.126071
7786,0.458622,0.042312,0.19852,0.038544,0.179246
7787,0.43219,0.046904,0.189297,0.045378,0.150611
7788,0.328203,0.03471,0.127923,0.02907,0.1365
7789,0.685672,0.036479,0.497183,0.018762,0.133248
7790,0.369912,0.044996,0.183856,0.01791,0.12315
7791,0.318386,0.04175,0.12149,0.017773,0.137373
7792,0.425638,0.045011,0.181276,0.033375,0.165976
7793,0.421964,0.03588,0.202356,0.048459,0.135269
7794,0.353896,0.04303,0.130466,0.028721,0.151679
7795,0.350814,0.036549,0.097804,0.052038,0.164423
7796,0.366422,0.042984,0.17586,0.01714,0.130438
7797,0.789782,0.042256,0.506436,0.07464,0.16645
7798,0.569683,0.041655,0.307054,0.032809,0.188165
7799,0.478774,0.038333,0.212458,0.05936,0.168623
7800,0.492836,0.048629,0.236864,0.031925,0.175418
7801,0.45501,0.046903,0.14806,0.073221,0.186826
7802,0.538814,0.039263,0.275945,0.03224,0.191366
7803,0.469595,0.036349,0.19967,0.075489,0.158087
7804,0.386545,0.037157,0.16859,0.028261,0.152537
7805,0.484228,0.037314,0.273029,0.049519,0.124366
7806,0.4991,0.035876,0.264849,0.032036,0.166339
7807,0.342444,0.038429,0.153196,0.018606,0.132213
7808,0.355785,0.037982,0.148156,0.021084,0.148563
7809,0.381094,0.042395,0.137468,0.051386,0.149845
7810,0.351777,0.055044,0.132537,0.019797,0.144399
7811,0.363193,0.064316,0.135773,0.02167,0.141434
7812,0.52792,0.040144,0.326088,0.021545,0.140143
7813,0.45483,0.041299,0.200657,0.051123,0.161751
7814,0.559297,0.043256,0.30966,0.038198,0.168183
7815,0.479035,0.040434,0.206057,0.073353,0.159191
7816,0.389427,0.04186,0.166672,0.02788,0.153015
7817,0.434325,0.037799,0.183827,0.031566,0.181133
7818,0.424395,0.036432,0.16958,0.032144,0.186239
7819,0.402018,0.047615,0.208359,0.020288,0.125756
7820,0.36159,0.039721,0.160216,0.026205,0.135448
7821,0.370262,0.037921,0.186063,0.018354,0.127924
7822,0.503225,0.041544,0.269967,0.032334,0.15938
7823,0.46561,0.037908,0.23914,0.052945,0.135617
7824,0.37376,0.036563,0.13642,0.029209,0.171568
7825,0.40335,0.03723,0.164718,0.063217,0.138185
7826,0.48282,0.039097,0.225783,0.032558,0.185382
7827,0.33179,0.037087,0.137015,0.018401,0.139287
7828,0.369366,0.036761,0.168627,0.021245,0.142733
7829,0.420557,0.042386,0.24289,0.017598,0.117683
7830,0.477228,0.042814,0.239239,0.031949,0.163226
7831,0.432032,0.037659,0.246166,0.018771,0.129436
7832,0.318045,0.055312,0.108946,0.01802,0.135767
7833,0.388832,0.041751,0.162507,0.045586,0.138988
7834,0.36417,0.043953,0.159142,0.028398,0.132677
7835,0.33449,0.035328,0.150645,0.01793,0.130587
7836,0.334295,0.04558,0.133686,0.022326,0.132703
7837,0.30691,0.041505,0.119207,0.018033,0.128165
7838,0.318042,0.044273,0.126429,0.020345,0.126995
7839,0.40277,0.040203,0.21842,0.018517,0.12563
7840,0.339745,0.043714,0.150884,0.017346,0.127801
7841,0.440898,0.040152,0.257044,0.01806,0.125642
7842,0.475338,0.043711,0.224791,0.033096,0.17374
7843,0.300155,0.035647,0.111239,0.018917,0.134352
7844,0.519772,0.044023,0.278649,0.033106,0.163994
7845,0.323908,0.038171,0.12568,0.018692,0.141365
7846,0.333463,0.038371,0.132932,0.030641,0.131519
7847,0.3529,0.041913,0.149047,0.019792,0.142148
7848,0.394232,0.04462,0.191462,0.020349,0.137801
7849,0.332185,0.040761,0.142392,0.025288,0.123744
7850,0.359667,0.041969,0.165014,0.018499,0.134185
7851,0.46897,0.040527,0.258697,0.042821,0.126925
7852,0.362453,0.041814,0.149704,0.028293,0.142642
7853,0.324253,0.036506,0.140502,0.017919,0.129326
7854,0.37129,0.058564,0.165204,0.018461,0.129061
7855,0.447154,0.041657,0.238421,0.019399,0.147677
7856,0.326465,0.045115,0.140826,0.01731,0.123214
7857,0.312677,0.041213,0.129847,0.018283,0.123334
7858,0.442042,0.045174,0.255182,0.020437,0.121249
7859,0.291342,0.041919,0.101609,0.01861,0.129204
7860,0.323787,0.044859,0.136021,0.019672,0.123235
7861,0.500428,0.041849,0.304047,0.018915,0.135617
7862,0.467948,0.045009,0.279067,0.016557,0.127315
7863,0.343593,0.040941,0.155554,0.018369,0.128729
7864,0.30544,0.044342,0.120356,0.020531,0.120211
7865,0.777252,0.043366,0.583294,0.01817,0.132422
7866,0.897545,0.047998,0.686265,0.020618,0.142664
7867,0.283837,0.042803,0.085275,0.018882,0.136877
7868,0.532561,0.044727,0.21164,0.032853,0.243341
7869,0.48827,0.078315,0.162376,0.054481,0.193098
7870,0.470346,0.04645,0.180918,0.038313,0.204665
7871,0.36849,0.058622,0.144412,0.019009,0.146447
7872,0.706225,0.036603,0.445858,0.032948,0.190816
7873,0.713004,0.038865,0.397478,0.061825,0.214836
7874,0.662357,0.062572,0.358387,0.031781,0.209617
7875,0.54398,0.044272,0.236424,0.075374,0.18791
7876,0.492442,0.05785,0.200161,0.031916,0.202515
7877,0.439956,0.040713,0.188674,0.059949,0.15062
7878,0.55015,0.043426,0.311149,0.029029,0.166546
7879,0.39514,0.037447,0.118009,0.0817,0.157984
7880,0.489858,0.059612,0.221204,0.031947,0.177095
7881,0.414868,0.037364,0.137646,0.077984,0.161874
7882,0.368206,0.041075,0.156744,0.027192,0.143195
7883,0.384772,0.038494,0.160936,0.03563,0.149712
7884,0.367232,0.041373,0.182826,0.02042,0.122613
7885,0.304923,0.043782,0.124557,0.017835,0.118749
7886,0.405774,0.042003,0.213109,0.016904,0.133758
7887,0.430046,0.047,0.171243,0.052214,0.159589
7888,0.46174,0.041772,0.235367,0.031939,0.152662
7889,0.399155,0.038995,0.12277,0.084562,0.152828
7890,0.4908,0.034948,0.225269,0.044029,0.186554
7891,0.355612,0.033768,0.137054,0.032036,0.152754
7892,0.406302,0.041721,0.183182,0.017276,0.164123
7893,0.623724,0.043227,0.390619,0.059083,0.130795
7894,0.400684,0.050237,0.170528,0.036379,0.14354
7895,0.435152,0.034944,0.193204,0.052211,0.154793
7896,0.45829,0.04518,0.200267,0.032115,0.180728
7897,0.653922,0.036588,0.385542,0.074946,0.156846
7898,0.38223,0.03507,0.183217,0.02848,0.135463
7899,0.452532,0.037446,0.2357,0.04803,0.131356
7900,0.467056,0.035119,0.222788,0.032976,0.176173
7901,0.350258,0.038764,0.141622,0.018772,0.1511
7902,0.346428,0.036678,0.15899,0.019831,0.130929
7903,0.366885,0.042538,0.185206,0.017899,0.121242
7904,0.46695,0.041546,0.2297,0.032099,0.163605
7905,0.322772,0.039474,0.135833,0.018218,0.129247
7906,0.398895,0.041766,0.170976,0.017335,0.168818
7907,0.392282,0.044916,0.186599,0.03174,0.129027
7908,0.518527,0.042953,0.318678,0.02112,0.135776
7909,0.385545,0.041973,0.14273,0.052043,0.148799
7910,0.77021,0.046579,0.577609,0.020464,0.125558
7911,0.499743,0.041452,0.244027,0.059842,0.154422
7912,0.52984,0.055674,0.25805,0.03323,0.182886
7913,0.296437,0.035159,0.10927,0.021345,0.130663
7914,0.479653,0.035652,0.235266,0.032994,0.175741
7915,0.495948,0.039055,0.20786,0.076355,0.172678
7916,0.459358,0.04608,0.21319,0.033,0.167088
7917,0.55226,0.033873,0.293292,0.058951,0.166144
7918,0.348408,0.043559,0.128657,0.029117,0.147075
7919,0.475595,0.035985,0.227665,0.059861,0.152084
7920,0.575603,0.03743,0.291369,0.038415,0.208389
7921,0.65325,0.048485,0.374235,0.074242,0.156288
7922,0.838795,0.041873,0.568865,0.0328,0.195257
7923,0.55256,0.036193,0.30515,0.059416,0.151801
7924,0.5581,0.040866,0.218272,0.047805,0.251157
7925,0.516193,0.056915,0.171764,0.077637,0.209877
7926,0.975113,0.058508,0.686022,0.033074,0.197509
7927,0.454714,0.03491,0.175003,0.058604,0.186197
7928,0.466082,0.036269,0.188313,0.033226,0.208274
7929,0.566262,0.040469,0.218061,0.073982,0.23375
7930,0.530862,0.066225,0.239505,0.037928,0.187204
7931,0.51311,0.049053,0.248357,0.059099,0.156601
7932,0.505845,0.050383,0.181199,0.037859,0.236404
7933,0.446335,0.041942,0.171652,0.073093,0.159648
7934,0.38034,0.036493,0.16865,0.028311,0.146886
7935,0.41475,0.049674,0.158272,0.048651,0.158153
7936,0.514445,0.037005,0.256541,0.032825,0.188074
7937,0.533295,0.035359,0.288662,0.058731,0.150543
7938,0.34435,0.047956,0.111927,0.027911,0.156556
7939,0.371073,0.038592,0.152532,0.04207,0.137879
7940,0.353908,0.041885,0.145152,0.020582,0.146289
7941,0.38892,0.042803,0.172225,0.03193,0.141962
7942,0.391755,0.042209,0.200791,0.021636,0.127119
7943,0.33549,0.044355,0.153066,0.0213,0.116769
7944,0.446915,0.042109,0.261691,0.020025,0.12309
7945,0.394371,0.043333,0.160141,0.069225,0.121672
7946,0.385274,0.040055,0.177081,0.027128,0.14101
7947,0.424013,0.039173,0.235681,0.01842,0.130739
7948,0.267263,0.041053,0.075157,0.016948,0.134105
7949,0.409343,0.044208,0.210124,0.01903,0.135981
7950,0.416613,0.054169,0.20118,0.02032,0.140944
7951,0.433223,0.043782,0.255584,0.017779,0.116078
7952,0.503732,0.043776,0.265306,0.031888,0.162762
7953,0.455146,0.036209,0.244599,0.045695,0.128643
7954,0.509508,0.041454,0.261451,0.032115,0.174488
7955,0.29663,0.037065,0.111667,0.018767,0.129131
7956,0.358755,0.044921,0.123664,0.018716,0.171454
7957,0.478773,0.042241,0.229659,0.058069,0.148804
7958,0.49209,0.041998,0.221338,0.032158,0.196596
7959,0.494815,0.032438,0.224742,0.075571,0.162064
7960,0.361585,0.049045,0.139667,0.038535,0.134338
7961,0.49825,0.038848,0.213849,0.073829,0.171724
7962,0.534408,0.044078,0.29254,0.034877,0.162913
7963,0.296675,0.056245,0.084954,0.021526,0.13395
7964,0.332468,0.043906,0.141874,0.021768,0.12492
7965,0.620482,0.045979,0.386024,0.047059,0.14142
7966,0.456535,0.035255,0.197851,0.031839,0.19159
7967,0.34569,0.038072,0.157228,0.018093,0.132297
7968,0.306405,0.040248,0.119647,0.017446,0.129064
7969,0.336582,0.041562,0.156389,0.017355,0.121276
7970,0.40356,0.045552,0.211314,0.017214,0.12948
7971,0.36878,0.057993,0.168954,0.018914,0.122919
7972,0.326196,0.046212,0.132862,0.018842,0.12828
7973,0.42719,0.041539,0.246334,0.018096,0.121221
7974,0.41904,0.044849,0.152627,0.031893,0.189671
7975,0.40746,0.037261,0.172172,0.062823,0.135204
7976,0.498304,0.033533,0.26729,0.031849,0.165632
7977,0.426955,0.03576,0.182619,0.062472,0.146104
7978,0.307008,0.04204,0.106271,0.028155,0.130542
7979,0.314652,0.037874,0.12909,0.018468,0.12922
7980,0.47858,0.045489,0.29153,0.021584,0.119977
7981,0.40909,0.041706,0.226726,0.018743,0.121915
7982,0.296958,0.04141,0.100535,0.020492,0.134521
7983,0.343096,0.041857,0.159835,0.018373,0.123031
7984,0.540708,0.044213,0.306743,0.03386,0.155892
7985,0.471415,0.039135,0.246657,0.046601,0.139022
7986,0.568075,0.043028,0.31283,0.032804,0.179413
7987,0.306075,0.036108,0.109843,0.019668,0.140456
7988,0.32944,0.042138,0.13897,0.017785,0.130547
7989,0.382472,0.043492,0.155843,0.06063,0.122507
7990,0.371024,0.047416,0.154687,0.028698,0.140223
7991,0.380252,0.050212,0.176989,0.019386,0.133665
7992,0.483394,0.043958,0.22397,0.033069,0.182397
7993,0.440946,0.038412,0.158414,0.076779,0.167341
7994,0.473842,0.04352,0.216986,0.032956,0.18038
7995,0.58913,0.034204,0.320284,0.074272,0.16037
7996,0.486522,0.04809,0.224664,0.033108,0.18066
7997,0.45686,0.042361,0.21268,0.052226,0.149593
7998,0.312812,0.036164,0.127274,0.018252,0.131122
7999,0.286378,0.043738,0.095456,0.020196,0.126988
8000,0.334582,0.041296,0.146022,0.020528,0.126736
8001,0.352748,0.042493,0.16826,0.018857,0.123138
8002,0.356793,0.041576,0.170323,0.016698,0.128196
8003,0.374435,0.043467,0.171305,0.018777,0.140886
8004,0.550063,0.044077,0.361163,0.01964,0.125183
8005,0.317,0.042718,0.127792,0.018763,0.127727
8006,0.350586,0.04126,0.160397,0.025769,0.12316
8007,0.591986,0.043373,0.377395,0.046617,0.124601
8008,0.391056,0.04271,0.168021,0.028237,0.152088
8009,0.47173,0.039246,0.25103,0.05755,0.123904
8010,0.490975,0.04616,0.2363,0.033104,0.175411
8011,0.36223,0.033514,0.152843,0.01981,0.156063
8012,0.33367,0.040202,0.137903,0.018547,0.137018
8013,0.297605,0.04096,0.117186,0.018489,0.12097
8014,0.329727,0.045033,0.14623,0.0172,0.121264
8015,0.50052,0.041642,0.302013,0.018481,0.138384
8016,0.299545,0.044788,0.110923,0.01721,0.126624
8017,0.395072,0.041222,0.174344,0.046644,0.132862
8018,0.338333,0.041213,0.126071,0.028123,0.142926
8019,0.323597,0.036894,0.115911,0.019312,0.15148
8020,0.358955,0.045941,0.174349,0.017203,0.121462
8021,0.419057,0.041876,0.237872,0.01777,0.121539
8022,0.5113,0.044936,0.276347,0.031728,0.158289
8023,0.417922,0.035797,0.211235,0.045529,0.125361
8024,0.321718,0.047008,0.113577,0.027222,0.133911
8025,0.35985,0.034998,0.181994,0.018251,0.124607
8026,0.395125,0.045385,0.19402,0.017916,0.137804
8027,0.368702,0.041255,0.183992,0.018451,0.125004
8028,0.319483,0.044415,0.122736,0.019785,0.132547
8029,0.310845,0.039677,0.116665,0.018137,0.136366
8030,0.445305,0.045272,0.2541,0.020825,0.125108
8031,0.346068,0.041347,0.163544,0.017759,0.123418
8032,0.37266,0.045263,0.18501,0.019367,0.12302
8033,0.418493,0.041935,0.238167,0.018575,0.119816
8034,0.530682,0.069163,0.248241,0.031717,0.181561
8035,0.310572,0.037543,0.117224,0.019618,0.136187
8036,0.539568,0.039514,0.304112,0.03216,0.163782
8037,0.292148,0.036303,0.108752,0.01923,0.127863
8038,0.446853,0.036115,0.192067,0.032094,0.186577
8039,0.457836,0.039231,0.174808,0.073874,0.169923
8040,0.415232,0.035636,0.181697,0.036844,0.161055
8041,0.507623,0.037031,0.277325,0.057776,0.135491
8042,0.47397,0.038845,0.222594,0.032061,0.18047
8043,0.410898,0.033581,0.138494,0.081939,0.156884
8044,0.34503,0.034504,0.133811,0.027105,0.14961
8045,0.396243,0.035085,0.172272,0.048169,0.140717
8046,0.367338,0.041005,0.146692,0.027367,0.152274
8047,0.482993,0.035699,0.237845,0.05881,0.150639
8048,0.37873,0.04379,0.154251,0.020813,0.159876
8049,0.440315,0.043616,0.164602,0.072837,0.15926
8050,0.520871,0.046892,0.254854,0.032097,0.187028
8051,0.747192,0.0454,0.470902,0.074443,0.156447
8052,0.324208,0.034823,0.112057,0.027233,0.150095
8053,0.580702,0.052818,0.262729,0.073749,0.191406
8054,0.39633,0.041316,0.154427,0.034231,0.166356
8055,0.672924,0.049758,0.377707,0.066006,0.179453
8056,0.492284,0.043842,0.301357,0.017368,0.129717
8057,0.499257,0.034058,0.251338,0.05191,0.161951
8058,0.460926,0.042771,0.228457,0.032951,0.156747
8059,0.556503,0.037368,0.280634,0.058498,0.180003
8060,0.543498,0.057592,0.292967,0.039361,0.153578
8061,0.52195,0.038948,0.245214,0.074191,0.163597
8062,0.388013,0.042635,0.150589,0.028084,0.166705
8063,0.430134,0.036606,0.148964,0.073261,0.171303
8064,0.30754,0.041859,0.093041,0.028531,0.144109
8065,0.506496,0.036396,0.208858,0.073568,0.187674
8066,0.41226,0.051967,0.188558,0.028709,0.143026
8067,0.501572,0.036517,0.2539,0.059377,0.151778
8068,0.57779,0.037363,0.337181,0.034507,0.168739
8069,0.352566,0.034369,0.152113,0.026968,0.139116
8070,0.316896,0.03916,0.12908,0.019457,0.129199
8071,0.653628,0.04368,0.47131,0.018694,0.119944
8072,0.391352,0.042296,0.193356,0.029886,0.125814
8073,0.344526,0.04266,0.156537,0.01934,0.125989
8074,0.479034,0.042999,0.225986,0.032936,0.177113
8075,0.267152,0.037852,0.074937,0.018856,0.135507
8076,0.377338,0.037145,0.176439,0.027953,0.135801
8077,0.291718,0.042441,0.108794,0.019147,0.121336
8078,0.293904,0.042687,0.111731,0.017673,0.121813
8079,0.290595,0.043871,0.098024,0.025858,0.122842
8080,0.321477,0.040679,0.139928,0.016763,0.124107
8081,0.648428,0.043291,0.434271,0.047393,0.123473
8082,0.508698,0.050314,0.256568,0.03312,0.168696
8083,0.31125,0.033568,0.12832,0.018981,0.130381
8084,0.535684,0.039411,0.279187,0.033449,0.183637
8085,0.2996,0.036336,0.116451,0.019057,0.127756
8086,0.30951,0.043548,0.125218,0.017685,0.123059
8087,0.278903,0.040154,0.098489,0.018047,0.122213
8088,0.464465,0.042293,0.273321,0.021627,0.127224
8089,0.285012,0.042913,0.105059,0.019225,0.117815
8090,0.426546,0.045157,0.223846,0.020463,0.13708
8091,0.34482,0.041394,0.163649,0.018368,0.121409
8092,0.485566,0.044207,0.248109,0.033198,0.160052
8093,0.451268,0.038299,0.226081,0.049056,0.137832
8094,0.366208,0.043091,0.132166,0.027548,0.163403
8095,0.447418,0.035724,0.235231,0.046705,0.129758
8096,0.344295,0.036773,0.131038,0.0278,0.148684
8097,0.42108,0.041047,0.176911,0.058257,0.144865
8098,0.615958,0.040758,0.371678,0.027959,0.175563
8099,0.443513,0.038214,0.211732,0.030917,0.16265
8100,0.517228,0.040994,0.284248,0.032221,0.159765
8101,0.454482,0.038611,0.237274,0.03157,0.147027
8102,0.34951,0.04038,0.148855,0.019852,0.140423
8103,0.389575,0.041787,0.204233,0.020909,0.122646
8104,1.23656,0.039195,1.02621,0.037409,0.133744
8105,0.339295,0.044609,0.152917,0.018187,0.123582
8106,0.489527,0.043943,0.243666,0.031931,0.169987
8107,0.414597,0.038364,0.179592,0.046687,0.149954
8108,0.333782,0.040424,0.123883,0.027351,0.142124
8109,0.424787,0.038298,0.243575,0.018401,0.124513
8110,0.393207,0.042311,0.19716,0.02031,0.133426
8111,0.35723,0.043059,0.180145,0.01771,0.116316
8112,0.421518,0.041965,0.160393,0.032048,0.187112
8113,0.35292,0.036324,0.169013,0.018028,0.129555
8114,0.568568,0.041602,0.262211,0.032662,0.232093
8115,0.662863,0.040279,0.390998,0.07376,0.157826
8116,0.335755,0.040213,0.125483,0.027196,0.142863
8117,0.51699,0.038413,0.241705,0.075018,0.161854
8118,0.49544,0.080277,0.2378,0.031941,0.145422
8119,0.431523,0.040576,0.174375,0.058027,0.158545
8120,0.428698,0.038952,0.199467,0.029454,0.160825
8121,0.311002,0.038831,0.119836,0.021284,0.131051
8122,0.431337,0.041563,0.16187,0.031642,0.196262
8123,0.706857,0.039514,0.421134,0.076014,0.170195
8124,0.529032,0.062159,0.270293,0.032316,0.164264
8125,0.48351,0.032781,0.223778,0.068886,0.158065
8126,0.380488,0.040304,0.159705,0.028874,0.151605
8127,0.52694,0.033511,0.280099,0.059136,0.154194
8128,0.523355,0.045396,0.262172,0.038452,0.177335
8129,0.354068,0.036135,0.15915,0.020541,0.138242
8130,0.384385,0.03892,0.178149,0.024444,0.142872
8131,0.57145,0.041208,0.383457,0.019188,0.127597
8132,0.424854,0.0438,0.234587,0.020364,0.126103
8133,0.415744,0.042045,0.198301,0.048351,0.127047
8134,0.38052,0.046048,0.160882,0.028101,0.145489
8135,0.40227,0.035978,0.191368,0.031641,0.143283
8136,0.369195,0.045673,0.179196,0.017093,0.127233
8137,0.392584,0.041605,0.184239,0.044214,0.122526
8138,0.348273,0.047323,0.122714,0.028344,0.149892
8139,0.287848,0.035789,0.107538,0.018523,0.125998
8140,0.406602,0.043776,0.219227,0.017943,0.125656
8141,0.384292,0.040964,0.201104,0.019599,0.122625
8142,0.340208,0.043751,0.133172,0.019904,0.143381
8143,0.299443,0.04056,0.119406,0.018438,0.121039
8144,0.57636,0.044661,0.385632,0.02097,0.125097
8145,0.440818,0.041001,0.226641,0.045504,0.127672
8146,0.363892,0.041126,0.139347,0.039388,0.144031
8147,0.338245,0.035945,0.115989,0.019124,0.167187
8148,0.29887,0.042361,0.111352,0.017564,0.127593
8149,0.43811,0.041746,0.252589,0.019601,0.124174
8150,0.41179,0.044006,0.227152,0.020803,0.119829
8151,0.302822,0.041993,0.1211,0.018483,0.121246
8152,0.452103,0.043538,0.190298,0.03865,0.179617
8153,0.32401,0.041821,0.119564,0.018614,0.144011
8154,0.288857,0.034675,0.108748,0.017945,0.127489
8155,0.397067,0.042075,0.192371,0.023257,0.139364
8156,0.446853,0.041715,0.258167,0.018643,0.128328
8157,0.308035,0.042116,0.111521,0.018874,0.135524
8158,0.42303,0.041983,0.178744,0.033185,0.169118
8159,0.449988,0.039735,0.233157,0.046998,0.130098
8160,0.385807,0.036614,0.161994,0.028706,0.158493
8161,0.437125,0.038038,0.154427,0.0734,0.17126
8162,0.428202,0.040737,0.223142,0.029275,0.135048
8163,0.400822,0.037554,0.188654,0.048482,0.126132
8164,0.36268,0.035935,0.161194,0.02857,0.136981
8165,0.309998,0.03904,0.125744,0.019555,0.125659
8166,0.456718,0.041905,0.275108,0.01759,0.122115
8167,0.452576,0.04372,0.26258,0.018183,0.128093
8168,0.891642,0.041917,0.660727,0.033,0.155998
8169,0.303478,0.049168,0.105298,0.01913,0.129882
8170,0.5229,0.045074,0.290523,0.031906,0.155397
8171,0.555174,0.041276,0.32495,0.04555,0.143398
8172,0.453852,0.043878,0.190994,0.031796,0.187184
8173,0.322948,0.039966,0.119794,0.019569,0.143619
8174,0.475548,0.035696,0.23635,0.031913,0.171589
8175,0.48111,0.038562,0.217817,0.048008,0.176723
8176,0.476802,0.037061,0.217718,0.032124,0.189899
8177,0.487474,0.033796,0.200103,0.091651,0.161924
8178,0.49946,0.037047,0.248139,0.031909,0.182365
8179,0.479513,0.036606,0.190774,0.090999,0.161134
8180,0.310224,0.036038,0.10983,0.027179,0.137177
8181,0.381387,0.036854,0.189454,0.01974,0.135339
8182,0.434414,0.042407,0.181034,0.031933,0.17904
8183,0.511664,0.040734,0.293868,0.0469,0.130162
8184,0.332828,0.035873,0.130054,0.027485,0.139416
8185,0.285712,0.037291,0.10231,0.017614,0.128497
8186,0.2821,0.041465,0.099514,0.019645,0.121476
8187,0.340892,0.047259,0.159867,0.017667,0.116099
8188,0.356407,0.042164,0.175015,0.019269,0.119959
8189,0.297895,0.042332,0.11266,0.020836,0.122067
8190,0.35695,0.042377,0.174547,0.021317,0.118709
8191,0.348506,0.041762,0.111473,0.01882,0.176451
8192,0.56148,0.043665,0.185396,0.019778,0.312641
8193,0.367895,0.04421,0.173791,0.01792,0.131974
8194,0.814266,0.043442,0.574842,0.031935,0.164047
8195,0.337004,0.037439,0.13363,0.032206,0.133729
8196,0.438712,0.037271,0.18884,0.033239,0.179362
8197,0.455978,0.037629,0.184763,0.074004,0.159582
8198,0.983035,0.03668,0.743593,0.032068,0.170694
8199,0.489832,0.033157,0.255327,0.059542,0.141806
8200,0.580768,0.043202,0.318716,0.03814,0.18071
8201,0.34084,0.036688,0.143572,0.021769,0.138811
8202,0.67769,0.037333,0.430647,0.033247,0.176463
8203,0.586805,0.037505,0.278489,0.074061,0.19675
8204,0.61267,0.063277,0.253773,0.049664,0.245956
8205,0.437825,0.061073,0.194367,0.04532,0.137065
8206,0.385616,0.037548,0.175614,0.02811,0.144344
8207,0.33086,0.039196,0.124245,0.019738,0.147681
8208,0.475128,0.043633,0.223993,0.033554,0.173948
8209,0.441747,0.038358,0.189273,0.060799,0.153317
8210,0.332334,0.036469,0.116059,0.028309,0.151497
8211,0.571573,0.041576,0.282618,0.079847,0.167532
8212,0.553117,0.03801,0.29778,0.032954,0.184373
8213,0.29215,0.047645,0.099526,0.021241,0.123738
8214,0.306803,0.043695,0.115893,0.018357,0.128858
8215,0.453085,0.041088,0.175923,0.074295,0.161779
8216,0.640955,0.042401,0.37399,0.043004,0.18156
8217,0.808945,0.037627,0.513486,0.076554,0.181278
8218,0.34997,0.052188,0.12454,0.034195,0.139047
8219,0.4355,0.040515,0.155754,0.058371,0.18086
8220,0.33446,0.041876,0.113987,0.02832,0.150277
8221,0.60937,0.047647,0.34081,0.049034,0.171879
8222,0.475725,0.043206,0.210129,0.033423,0.188967
8223,0.43904,0.036904,0.150015,0.07812,0.174001
8224,0.587033,0.036451,0.342715,0.033096,0.174771
8225,0.42161,0.039398,0.153485,0.082012,0.146715
8226,0.641015,0.041007,0.39029,0.038581,0.171137
8227,0.40859,0.040249,0.152145,0.074326,0.14187
8228,0.316477,0.036725,0.116156,0.02825,0.135346
8229,0.3594,0.03637,0.153357,0.02008,0.149593
8230,0.323805,0.04503,0.118529,0.021514,0.138732
8231,0.34809,0.04085,0.168254,0.018733,0.120253
8232,0.383533,0.046313,0.191184,0.02001,0.126026
8233,0.468018,0.040115,0.286151,0.018311,0.123441
8234,0.302497,0.044982,0.120814,0.018117,0.118584
8235,0.370624,0.039695,0.190636,0.01817,0.122123
8236,0.32358,0.044377,0.131297,0.020287,0.127619
8237,0.30208,0.041161,0.120659,0.018616,0.121644
8238,0.48279,0.041912,0.233731,0.032168,0.174979
8239,0.43476,0.037079,0.195754,0.061176,0.140751
8240,0.534518,0.035481,0.284641,0.053449,0.160947
8241,0.345715,0.036992,0.146582,0.020381,0.14176
8242,0.338625,0.040638,0.135899,0.018973,0.143115
8243,0.333985,0.044035,0.146492,0.018978,0.12448
8244,0.335617,0.043947,0.149474,0.019115,0.123081
8245,0.390492,0.040869,0.173204,0.047445,0.128974
8246,0.654165,0.047342,0.429822,0.027832,0.149169
8247,0.329195,0.035793,0.139454,0.018187,0.135761
8248,0.316142,0.042908,0.110244,0.017921,0.145069
8249,0.383465,0.041953,0.186497,0.018337,0.136678
8250,0.428617,0.04345,0.239727,0.020293,0.125147
8251,0.296188,0.042167,0.114184,0.0177,0.122137
8252,0.451657,0.040745,0.206921,0.032205,0.171786
8253,0.441313,0.036463,0.225848,0.0458,0.133202
8254,0.332118,0.036998,0.117267,0.027534,0.150319
8255,0.58403,0.041482,0.281934,0.08388,0.176734
8256,0.375732,0.040219,0.165854,0.027353,0.142306
8257,0.452712,0.038207,0.239974,0.048435,0.126096
8258,0.375977,0.054514,0.152686,0.027527,0.14125
8259,0.338238,0.039927,0.151268,0.0198,0.127243
8260,0.47854,0.043385,0.286024,0.018704,0.130427
8261,0.322387,0.043433,0.137382,0.017511,0.124061
8262,0.391928,0.043501,0.194867,0.02798,0.12558
8263,0.40975,0.043453,0.159369,0.058723,0.148205
8264,0.303218,0.040674,0.087157,0.027151,0.148236
8265,0.438127,0.035639,0.174172,0.067794,0.160522
8266,0.46773,0.044728,0.195851,0.032256,0.194895
8267,0.377532,0.032653,0.170732,0.031204,0.142943
8268,0.441152,0.039659,0.18942,0.032036,0.180037
8269,0.411095,0.036174,0.156245,0.051606,0.16707
8270,0.4731,0.063367,0.238977,0.033874,0.136882
8271,0.501996,0.042808,0.223477,0.073917,0.161794
8272,0.50043,0.034676,0.229183,0.033296,0.203275
8273,0.319284,0.03397,0.131978,0.020605,0.132731
8274,0.407186,0.041366,0.219838,0.01767,0.128312
8275,0.388894,0.043821,0.178057,0.043179,0.123837
8276,0.342066,0.042312,0.126368,0.028504,0.144882
8277,0.38104,0.038877,0.169698,0.031336,0.141129
8278,0.42489,0.041764,0.176394,0.033353,0.173379
8279,0.509002,0.039424,0.26508,0.059231,0.145267
8280,0.325485,0.040686,0.110922,0.028222,0.145655
8281,0.287093,0.038166,0.098566,0.020132,0.130229
8282,0.320257,0.043021,0.121678,0.023175,0.132383
8283,0.328013,0.043048,0.139824,0.01973,0.125411
8284,0.340485,0.043125,0.13802,0.017236,0.142104
8285,0.33896,0.044023,0.147377,0.018194,0.129366
8286,0.372366,0.042451,0.185832,0.017391,0.126692
8287,0.329496,0.044766,0.136717,0.01847,0.129543
8288,0.42155,0.041875,0.165981,0.033169,0.180525
8289,0.34744,0.04055,0.152083,0.019675,0.135132
8290,0.330943,0.036272,0.14449,0.021149,0.129032
8291,0.432958,0.044022,0.21265,0.054243,0.122043
8292,0.37599,0.03551,0.168463,0.028354,0.143663
8293,0.383122,0.038811,0.17513,0.031807,0.137374
8294,0.313985,0.042482,0.129471,0.017384,0.124648
8295,0.44514,0.04468,0.17871,0.051926,0.169824
8296,0.354147,0.042066,0.165477,0.020321,0.126283
8297,0.472098,0.044339,0.20697,0.074429,0.14636
8298,0.364904,0.034989,0.163622,0.029165,0.137128
8299,0.389183,0.037012,0.151503,0.069618,0.13105
8300,0.543642,0.051183,0.28753,0.033254,0.171675
8301,0.480922,0.032491,0.261605,0.046166,0.14066
8302,0.473665,0.047404,0.222783,0.033414,0.170064
8303,0.42009,0.032555,0.19646,0.04663,0.144445
8304,0.591418,0.04157,0.334907,0.033396,0.181545
8305,0.406685,0.035232,0.137455,0.08209,0.151908
8306,0.53092,0.042903,0.26991,0.038365,0.179742
8307,0.458372,0.042458,0.174875,0.075003,0.166036
8308,0.496042,0.04192,0.249257,0.033553,0.171312
8309,0.461892,0.037629,0.215403,0.059725,0.149135
8310,0.462515,0.038916,0.19494,0.034,0.194659
8311,0.838267,0.045889,0.573056,0.063029,0.156293
8312,0.46468,0.043081,0.213278,0.033159,0.175162
8313,0.296558,0.041525,0.112995,0.02007,0.121968
8314,0.316845,0.034894,0.124499,0.018006,0.139446
8315,0.44197,0.043734,0.200776,0.057632,0.139828
8316,0.380667,0.035388,0.169723,0.027392,0.148164
8317,0.405548,0.038079,0.171353,0.030947,0.165169
8318,0.66827,0.042359,0.466038,0.021118,0.138755
8319,0.44245,0.055896,0.198283,0.058112,0.130159
8320,0.332443,0.040116,0.124725,0.027272,0.14033
8321,0.3916,0.03599,0.152804,0.046867,0.155939
8322,0.326183,0.036244,0.125862,0.027498,0.136579
8323,0.57299,0.042175,0.336921,0.059013,0.134881
8324,0.441778,0.047416,0.230579,0.02878,0.135003
8325,0.494327,0.036507,0.222542,0.079981,0.155297
8326,0.50734,0.070847,0.256104,0.035642,0.144747
8327,0.461722,0.03522,0.195379,0.058013,0.17311
8328,0.529178,0.041313,0.26868,0.032287,0.186898
8329,0.47205,0.036962,0.1898,0.073707,0.171581
8330,0.610595,0.047498,0.352762,0.032806,0.177529
8331,0.481065,0.037483,0.238999,0.058176,0.146407
8332,0.454053,0.037009,0.192797,0.041488,0.182759
8333,0.308983,0.036709,0.113221,0.020145,0.138908
8334,0.298275,0.045209,0.114974,0.020932,0.11716
8335,0.309316,0.040706,0.122666,0.025892,0.120052
8336,0.33189,0.045225,0.146186,0.019659,0.12082
8337,0.338653,0.041396,0.112277,0.017768,0.167212
8338,0.302678,0.046793,0.116257,0.020469,0.119159
8339,0.387972,0.043159,0.149484,0.046164,0.149165
8340,0.341302,0.039621,0.12964,0.027343,0.144698
8341,0.42836,0.035735,0.248547,0.018094,0.125984
8342,0.35328,0.045037,0.151629,0.020765,0.135849
8343,0.403897,0.040827,0.226141,0.017957,0.118972
8344,0.34892,0.045453,0.156371,0.0202,0.126896
8345,0.303945,0.040347,0.094837,0.018669,0.150092
8346,0.47065,0.17756,0.171194,0.016472,0.105424
8347,0.630308,0.040616,0.377931,0.055381,0.15638
8348,0.4441,0.042566,0.190115,0.033195,0.178224
8349,0.57563,0.046561,0.31873,0.059341,0.150998
8350,0.427537,0.046453,0.196249,0.034304,0.150531
8351,0.464697,0.040692,0.217954,0.051876,0.154175
8352,0.308135,0.036631,0.110744,0.017688,0.143072
8353,0.418958,0.043145,0.180135,0.051859,0.143819
8354,0.312672,0.043606,0.117065,0.01708,0.134921
8355,0.30105,0.043146,0.120022,0.021192,0.11669
8356,0.29153,0.042993,0.103431,0.020883,0.124223
8357,0.37204,0.04341,0.172574,0.019032,0.137024
8358,0.33402,0.040391,0.14689,0.020065,0.126674
8359,0.353037,0.04314,0.172366,0.019562,0.117969
8360,0.34486,0.04268,0.15756,0.020293,0.124327
8361,0.302748,0.044203,0.123787,0.018982,0.115776
8362,0.364202,0.042057,0.170802,0.019674,0.131669
8363,0.345742,0.043652,0.166504,0.0186,0.116986
8364,0.324217,0.041785,0.143119,0.019478,0.119835
8365,0.362852,0.042967,0.18422,0.018413,0.117252
8366,0.30935,0.04065,0.126527,0.02048,0.121693
8367,0.379443,0.04259,0.199829,0.019244,0.11778
8368,0.469732,0.041323,0.286527,0.020387,0.121495
8369,0.29455,0.043008,0.113887,0.01857,0.119085
8370,0.318262,0.042535,0.139884,0.016614,0.119229
8371,0.381722,0.047198,0.198589,0.018465,0.11747
8372,0.46878,0.040958,0.235483,0.034265,0.158074
8373,0.312102,0.038448,0.120926,0.018886,0.133842
8374,0.30486,0.035395,0.124136,0.018669,0.12666
8375,0.299902,0.0563,0.09815,0.02002,0.125432
8376,0.323486,0.040569,0.124529,0.021978,0.13641
8377,0.266118,0.040118,0.08494,0.018244,0.122816
8378,0.371744,0.044128,0.172779,0.020066,0.134771
8379,0.349398,0.040252,0.170288,0.018038,0.12082
8380,0.41281,0.044566,0.214671,0.021644,0.131929
8381,0.43916,0.040316,0.250406,0.025793,0.122645
8382,0.624362,0.044237,0.387514,0.03319,0.159421
8383,0.515336,0.041018,0.30166,0.04773,0.124928
8384,0.47351,0.049084,0.189581,0.0331,0.201745
8385,0.330666,0.035667,0.148901,0.01904,0.127058
8386,0.427085,0.037647,0.173084,0.033111,0.183243
8387,0.362048,0.039284,0.163324,0.024992,0.134448
8388,0.35449,0.033998,0.165709,0.019461,0.135322
8389,0.44019,0.042064,0.253034,0.018931,0.126161
8390,0.339238,0.041681,0.154734,0.01815,0.124673
8391,0.310828,0.043226,0.125067,0.018351,0.124184
8392,0.458796,0.04274,0.266759,0.019859,0.129438
8393,0.438244,0.041478,0.230818,0.04587,0.120078
8394,0.355068,0.044076,0.123118,0.027304,0.16057
8395,0.315798,0.036662,0.13387,0.017489,0.127777
8396,0.324312,0.042313,0.139837,0.019865,0.122297
8397,0.393793,0.043019,0.189993,0.018721,0.14206
8398,0.32654,0.043447,0.126025,0.020361,0.136707
8399,1.11535,0.045429,0.93434,0.018062,0.117515
8400,0.69809,0.043611,0.438849,0.038598,0.177032
8401,0.504058,0.044032,0.278637,0.045624,0.135765
8402,0.35729,0.036981,0.125716,0.039175,0.155418
8403,0.590784,0.051998,0.231163,0.09601,0.211613
8404,0.423408,0.055092,0.176679,0.035636,0.156001
8405,0.43045,0.041928,0.186369,0.047715,0.154438
8406,0.344298,0.036671,0.13594,0.027697,0.14399
8407,0.344846,0.039304,0.148973,0.018365,0.138204
8408,0.299798,0.044938,0.114177,0.02049,0.120193
8409,0.357733,0.043315,0.147378,0.020537,0.146503
8410,0.399625,0.043294,0.202417,0.020073,0.133841
8411,0.377907,0.041969,0.193175,0.018139,0.124624
8412,0.420868,0.04406,0.153487,0.031888,0.191433
8413,0.527,0.038453,0.313407,0.045538,0.129602
8414,0.358015,0.03526,0.152475,0.027406,0.142874
8415,0.968737,0.044301,0.780742,0.020013,0.123681
8416,0.477815,0.050759,0.220328,0.033178,0.17355
8417,0.349195,0.032003,0.162104,0.022161,0.132927
8418,0.311188,0.04095,0.107245,0.019095,0.143898
8419,0.324555,0.041955,0.141992,0.017777,0.122831
8420,0.38008,0.045129,0.169235,0.020219,0.145497
8421,0.488367,0.042967,0.302899,0.018076,0.124425
8422,0.306098,0.04409,0.123142,0.019239,0.119627
8423,0.50632,0.04247,0.290656,0.045701,0.127493
8424,0.373656,0.036192,0.148204,0.028343,0.160917
8425,0.39583,0.044121,0.173507,0.045943,0.132259
8426,0.486198,0.045114,0.274319,0.028193,0.138572
8427,0.38874,0.039109,0.200541,0.018307,0.130783
8428,0.317665,0.041543,0.137429,0.017052,0.121641
8429,0.386228,0.043622,0.156142,0.063157,0.123307
8430,0.403875,0.046003,0.163855,0.035258,0.158759
8431,0.496505,0.039691,0.303315,0.019001,0.134498
8432,0.34591,0.041372,0.164289,0.017258,0.122991
8433,0.457088,0.044456,0.275914,0.018493,0.118225
8434,0.334333,0.04192,0.145442,0.020685,0.126286
8435,0.38776,0.044165,0.162488,0.046101,0.135006
8436,0.36662,0.035813,0.153125,0.027847,0.149835
8437,0.518982,0.037233,0.32207,0.018967,0.140712
8438,0.459887,0.045636,0.251007,0.023229,0.140015
8439,0.33202,0.041814,0.146774,0.018929,0.124503
8440,0.346175,0.044631,0.160734,0.01716,0.12365
8441,0.521701,0.041577,0.309027,0.047728,0.123369
8442,0.363204,0.049617,0.129014,0.043789,0.140784
8443,0.334337,0.036557,0.151321,0.018066,0.128393
8444,0.32507,0.044204,0.129592,0.021952,0.129322
8445,0.371396,0.04085,0.18951,0.018812,0.122224
8446,0.327533,0.045096,0.139012,0.020374,0.123051
8447,0.498846,0.041877,0.310894,0.018747,0.127328
8448,0.574657,0.045573,0.320337,0.033126,0.175621
8449,0.485505,0.037411,0.26067,0.047108,0.140316
8450,0.346972,0.04326,0.135746,0.02812,0.139846
8451,0.566082,0.039273,0.316144,0.070212,0.140453
8452,0.397365,0.047566,0.169896,0.028013,0.15189
8453,0.529843,0.038526,0.247864,0.089847,0.153606
8454,0.401153,0.039845,0.167984,0.028695,0.164629
8455,0.584967,0.035932,0.331994,0.052363,0.164678
8456,0.563086,0.04505,0.35994,0.021406,0.13669
8457,0.40617,0.041682,0.18346,0.031424,0.149604
8458,0.339644,0.043794,0.156869,0.019544,0.119437
8459,0.458298,0.045604,0.258903,0.020339,0.133452
8460,0.31503,0.043575,0.138173,0.016869,0.116413
8461,0.373894,0.042616,0.191548,0.018727,0.121003
8462,0.315852,0.04098,0.140442,0.016579,0.117851
8463,0.341386,0.039917,0.158154,0.018676,0.124639
8464,0.43283,0.041919,0.251324,0.017613,0.121974
8465,0.32798,0.041638,0.144879,0.01864,0.122823
8466,0.33849,0.040968,0.153889,0.018839,0.124794
8467,0.395215,0.044456,0.201227,0.017986,0.131546
8468,0.38541,0.041988,0.202964,0.019596,0.120862
8469,0.31126,0.041681,0.130234,0.017888,0.121457
8470,0.467916,0.043802,0.280868,0.019991,0.123255
8471,0.32101,0.044092,0.127911,0.017681,0.131326
8472,0.38606,0.041364,0.194917,0.025884,0.123895
8473,0.390552,0.044681,0.143857,0.069465,0.132549
8474,0.560406,0.056083,0.349178,0.027357,0.127788
8475,0.327124,0.038785,0.141922,0.019311,0.127106
8476,0.294016,0.041861,0.11289,0.019672,0.119593
8477,0.307112,0.044608,0.11289,0.018185,0.131429
8478,0.462372,0.040616,0.226436,0.032142,0.163178
8479,0.459448,0.037741,0.206889,0.059267,0.155551
8480,0.337084,0.036281,0.140166,0.027216,0.133421
8481,0.544682,0.046093,0.342991,0.018434,0.137164
8482,0.619426,0.041014,0.37044,0.03836,0.169612
8483,0.357604,0.046689,0.16529,0.018229,0.127396
8484,0.43528,0.03865,0.248152,0.021071,0.127407
8485,0.444524,0.04066,0.227534,0.041826,0.134504
8486,0.292148,0.041931,0.108324,0.01732,0.124573
8487,0.391986,0.041001,0.1663,0.046945,0.13774
8488,0.402632,0.042668,0.184649,0.028451,0.146864
8489,0.32825,0.033902,0.145396,0.018282,0.13067
8490,0.370254,0.043864,0.170849,0.020963,0.134578
8491,0.66487,0.040901,0.48679,0.01846,0.118719
8492,0.470157,0.043018,0.266143,0.018402,0.142594
8493,0.388962,0.043534,0.16174,0.045483,0.138205
8494,0.336365,0.041609,0.120043,0.027214,0.147499
8495,0.401576,0.037306,0.216202,0.018292,0.129776
8496,0.340617,0.041217,0.159947,0.020446,0.119007
8497,0.296178,0.0438,0.106533,0.017789,0.128056
8498,0.306807,0.041323,0.12393,0.019453,0.122101
8499,0.322742,0.043677,0.141096,0.018361,0.119608
8500,0.390563,0.040065,0.209878,0.017054,0.123566
8501,0.30288,0.041209,0.117813,0.018964,0.124894
8502,0.295417,0.040519,0.108829,0.020154,0.125915
8503,0.52807,0.041523,0.320508,0.046502,0.119537
8504,0.575805,0.039356,0.3026,0.038666,0.195183
8505,0.355353,0.048798,0.151776,0.018465,0.136314
8506,0.325782,0.035259,0.141802,0.017732,0.130989
8507,0.375754,0.043286,0.197507,0.01793,0.117031
8508,0.313688,0.044454,0.130119,0.018066,0.121049
8509,0.365387,0.04348,0.181423,0.018898,0.121586
8510,0.453188,0.041403,0.218333,0.033164,0.160288
8511,0.350095,0.039079,0.16554,0.019057,0.126419
8512,0.39743,0.04224,0.213317,0.018159,0.123714
8513,0.39567,0.04195,0.21507,0.018562,0.120088
8514,0.37923,0.040698,0.196763,0.017006,0.124763
8515,0.464185,0.054012,0.2273,0.047105,0.135768
8516,0.500835,0.044545,0.24756,0.038552,0.170178
8517,0.294132,0.037026,0.096713,0.033044,0.127349
8518,0.764747,0.037249,0.506902,0.042974,0.177622
8519,0.62508,0.037898,0.339844,0.090178,0.15716
8520,0.54278,0.063144,0.29201,0.033323,0.154303
8521,0.54355,0.039993,0.290875,0.068936,0.143746
8522,0.590522,0.036552,0.276883,0.038308,0.238779
8523,0.46292,0.047405,0.168919,0.073777,0.172819
8524,0.504075,0.049724,0.249766,0.032967,0.171618
8525,0.4374,0.043265,0.164042,0.074128,0.155965
8526,0.545617,0.046081,0.275024,0.043755,0.180757
8527,0.52309,0.037633,0.219309,0.074683,0.191465
8528,0.53235,0.0442,0.276106,0.033262,0.178782
8529,0.364947,0.037259,0.140897,0.03768,0.149111
8530,0.33323,0.034481,0.130777,0.019456,0.148516
8531,0.518442,0.042852,0.239801,0.073613,0.162176
8532,0.74488,0.048285,0.477884,0.0333,0.185411
8533,0.459253,0.032707,0.207151,0.051897,0.167498
8534,0.518113,0.042768,0.240764,0.03339,0.201191
8535,0.51317,0.039671,0.238582,0.059133,0.175784
8536,0.483588,0.046392,0.219464,0.033253,0.184479
8537,0.36791,0.034011,0.14906,0.036033,0.148806
8538,0.483393,0.034033,0.246145,0.032944,0.170271
8539,0.455642,0.037066,0.15022,0.103022,0.165334
8540,0.545312,0.039561,0.255166,0.032106,0.218479
8541,0.489312,0.035457,0.225192,0.075819,0.152844
8542,0.339865,0.04426,0.129847,0.02875,0.137008
8543,0.476118,0.0415,0.170002,0.074019,0.190597
8544,0.380134,0.050433,0.157214,0.02751,0.144977
8545,0.551585,0.040506,0.262774,0.051678,0.196627
8546,0.696693,0.05959,0.483322,0.020924,0.132857
8547,0.471396,0.053502,0.189944,0.052003,0.175947
8548,0.484103,0.044259,0.217771,0.032014,0.190059
8549,0.469912,0.037461,0.199744,0.074,0.158707
8550,0.720773,0.050648,0.469434,0.031779,0.168912
8551,0.445077,0.062809,0.173144,0.06599,0.143134
8552,0.625783,0.05115,0.294001,0.031141,0.249491
8553,0.47166,0.059513,0.151488,0.076162,0.184497
8554,0.399045,0.040087,0.166824,0.027116,0.165018
8555,0.501872,0.037211,0.203134,0.074022,0.187505
8556,0.366426,0.038554,0.141562,0.027226,0.159084
8557,0.43353,0.041926,0.203734,0.031355,0.156515
8558,0.368108,0.057023,0.152834,0.020659,0.137592
8559,0.3649,0.041962,0.112661,0.048325,0.161952
8560,0.466046,0.044792,0.228103,0.031844,0.161307
8561,0.416582,0.0403,0.19328,0.047675,0.135327
8562,0.367974,0.050417,0.163482,0.028709,0.125366
8563,0.392762,0.041789,0.204364,0.018095,0.128514
8564,0.331112,0.040836,0.106627,0.018782,0.164867
8565,0.39401,0.044468,0.19288,0.018917,0.137745
8566,0.419908,0.042598,0.173674,0.031859,0.171777
8567,0.46784,0.039658,0.244221,0.050505,0.133456
8568,0.465455,0.034759,0.200171,0.032021,0.198504
8569,0.32723,0.038468,0.118917,0.018889,0.150956
8570,0.66552,0.038789,0.406987,0.047189,0.172555
8571,0.43825,0.038829,0.178219,0.047704,0.173498
8572,0.4405,0.036888,0.173686,0.033155,0.196771
8573,0.43108,0.036413,0.161317,0.074318,0.159032
8574,0.487465,0.042185,0.230728,0.03311,0.181442
8575,0.404736,0.034508,0.130762,0.076133,0.163333
8576,0.437298,0.05181,0.18103,0.029749,0.174709
8577,0.482895,0.045125,0.194881,0.072212,0.170677
8578,0.320898,0.043225,0.13093,0.017749,0.128994
8579,0.329926,0.044594,0.12463,0.020811,0.139891
8580,0.31252,0.040896,0.126879,0.021319,0.123426
8581,0.321618,0.045386,0.134707,0.019031,0.122494
8582,0.2962,0.042606,0.110267,0.019675,0.123652
8583,0.313614,0.043602,0.131139,0.01823,0.120643
8584,0.403472,0.041142,0.216998,0.020476,0.124856
8585,0.287662,0.043708,0.103516,0.018369,0.122069
8586,0.352074,0.041306,0.167532,0.016885,0.126351
8587,0.412116,0.043052,0.201131,0.046286,0.121647
8588,0.487328,0.040654,0.228913,0.046127,0.171634
8589,0.43344,0.035466,0.201458,0.046688,0.149828
8590,0.37322,0.05294,0.15325,0.029844,0.137186
8591,0.41128,0.042611,0.184316,0.053964,0.130389
8592,0.395462,0.038106,0.18786,0.028131,0.141365
8593,0.400776,0.03815,0.151823,0.048057,0.162746
8594,0.370038,0.045306,0.143568,0.028188,0.152976
8595,0.44466,0.038822,0.197247,0.046056,0.162535
8596,0.526627,0.050869,0.319158,0.028141,0.128459
8597,0.337295,0.038346,0.13443,0.024359,0.14016
8598,0.439082,0.041431,0.175,0.033324,0.189327
8599,0.372233,0.036137,0.177581,0.027577,0.130938
8600,0.627554,0.04578,0.384287,0.033117,0.16437
8601,0.43035,0.038109,0.202536,0.0463,0.143405
8602,0.445226,0.046005,0.1756,0.032753,0.190868
8603,0.93867,0.041715,0.726246,0.046851,0.123858
8604,0.400296,0.042749,0.197197,0.028024,0.132326
8605,0.552534,0.03688,0.326827,0.051777,0.13705
8606,0.379222,0.036898,0.181119,0.028278,0.132927
8607,0.312225,0.036157,0.13196,0.018109,0.125999
8608,0.34448,0.043629,0.166259,0.017456,0.117136
8609,0.354434,0.040778,0.17482,0.018326,0.12051
8610,0.335508,0.043386,0.145853,0.019767,0.126502
8611,0.389615,0.041059,0.20973,0.0184,0.120426
8612,0.305655,0.043892,0.098133,0.019974,0.143656
8613,0.311057,0.042985,0.094842,0.018448,0.154782
8614,0.455745,0.04464,0.253588,0.021451,0.136066
8615,0.31945,0.040532,0.141485,0.018463,0.11897
8616,0.47797,0.045692,0.292225,0.02008,0.119973
8617,0.532663,0.040865,0.324485,0.045345,0.121968
8618,0.473473,0.036113,0.227142,0.03208,0.178138
8619,0.343657,0.034101,0.159003,0.018363,0.13219
8620,0.337524,0.041231,0.151675,0.017478,0.12714
8621,0.414627,0.043742,0.20745,0.045531,0.117904
8622,0.328735,0.036372,0.128135,0.027767,0.136461
8623,0.31596,0.048521,0.127689,0.018246,0.121504
8624,0.344312,0.041384,0.155277,0.019636,0.128015
8625,0.456427,0.041636,0.250047,0.045134,0.11961
8626,0.368626,0.034782,0.171484,0.027265,0.135095
8627,0.38288,0.037105,0.199569,0.019005,0.127201
8628,0.421927,0.042074,0.17327,0.032181,0.174402
8629,0.299465,0.039519,0.115964,0.018612,0.12537
8630,0.345535,0.041289,0.161277,0.01754,0.125429
8631,0.301137,0.043596,0.118657,0.01742,0.121464
8632,0.404265,0.041334,0.191239,0.021393,0.150299
8633,0.311475,0.043525,0.127864,0.017644,0.122442
8634,0.42275,0.042499,0.21738,0.019181,0.14369
8635,0.62643,0.04208,0.415119,0.046677,0.122554
8636,0.484285,0.036669,0.252022,0.032321,0.163273
8637,0.555505,0.032821,0.310961,0.072246,0.139477
8638,0.412001,0.07331,0.158523,0.03435,0.145818
8639,0.43502,0.032397,0.168955,0.073122,0.160546
8640,0.3965,0.04697,0.173369,0.027266,0.148895
8641,0.347528,0.036371,0.127923,0.031789,0.151445
8642,0.36339,0.044492,0.169544,0.020786,0.128568
8643,0.515182,0.040849,0.258886,0.052064,0.163383
8644,0.406925,0.042562,0.224109,0.019763,0.120491
8645,0.4101,0.041138,0.148846,0.073488,0.146628
8646,0.39754,0.036091,0.174389,0.028593,0.158467
8647,0.745296,0.03728,0.553207,0.022437,0.132372
8648,0.382165,0.043324,0.15675,0.027534,0.154557
8649,0.543483,0.041403,0.353368,0.019302,0.12941
8650,0.331435,0.04428,0.129584,0.020328,0.137243
8651,0.26951,0.040904,0.090839,0.018573,0.119194
8652,0.332603,0.043228,0.143111,0.020494,0.12577
8653,0.31512,0.042972,0.137409,0.01801,0.116729
8654,0.350825,0.042891,0.153801,0.01993,0.134203
8655,0.364438,0.042749,0.170241,0.019029,0.132419
8656,0.30797,0.041945,0.120649,0.016597,0.128779
8657,0.281295,0.045061,0.102767,0.01823,0.115237
8658,0.306778,0.04115,0.11793,0.02566,0.122038
8659,0.527675,0.043623,0.337901,0.020105,0.126046
8660,0.310103,0.041191,0.129264,0.02043,0.119218
8661,0.421096,0.043902,0.241646,0.020941,0.114607
8662,0.423722,0.040734,0.179794,0.033783,0.169411
8663,0.429128,0.037929,0.208667,0.04695,0.135582
8664,0.30534,0.044258,0.096258,0.029611,0.135213
8665,0.395324,0.042909,0.152506,0.063592,0.136317
8666,0.323712,0.034036,0.11879,0.02931,0.141576
8667,0.327764,0.03929,0.14437,0.020246,0.123858
8668,0.618315,0.041331,0.416796,0.019371,0.140817
8669,0.74131,0.043635,0.555814,0.018695,0.123166
8670,0.49481,0.041608,0.257277,0.033235,0.16269
8671,0.29403,0.039051,0.10645,0.018245,0.130284
8672,0.618472,0.041469,0.379071,0.03307,0.164862
8673,0.339094,0.039048,0.152024,0.019005,0.129017
8674,0.521137,0.040629,0.270714,0.036207,0.173587
8675,0.398366,0.059894,0.16235,0.045438,0.130684
8676,0.472878,0.046175,0.187164,0.032985,0.206554
8677,0.488883,0.034084,0.247532,0.058806,0.148461
8678,0.543182,0.04232,0.258189,0.033022,0.209651
8679,0.456784,0.037008,0.207344,0.058591,0.153841
8680,0.393262,0.041395,0.158901,0.028116,0.16485
8681,0.404316,0.038961,0.136184,0.073749,0.155422
8682,0.315793,0.036436,0.10719,0.029313,0.142854
8683,0.500262,0.036972,0.272773,0.047967,0.14255
8684,0.347992,0.048254,0.129162,0.030119,0.140457
8685,0.301832,0.038824,0.1183,0.01979,0.124918
8686,0.478422,0.041087,0.272804,0.021116,0.143415
8687,0.403128,0.042901,0.21578,0.018514,0.125933
8688,0.421602,0.041883,0.22982,0.019945,0.129954
8689,0.464608,0.044043,0.275856,0.025156,0.119553
8690,0.435006,0.052576,0.181997,0.032118,0.168315
8691,0.310364,0.039147,0.122157,0.018637,0.130423
8692,0.478686,0.041443,0.246547,0.032061,0.158635
8693,0.601014,0.036713,0.37909,0.046045,0.139166
8694,0.336665,0.040174,0.12686,0.027414,0.142217
8695,0.39483,0.03547,0.183883,0.045012,0.130465
8696,0.328138,0.036445,0.128355,0.028979,0.134359
8697,0.488627,0.036728,0.268394,0.045647,0.137858
8698,0.39511,0.041586,0.168918,0.028603,0.156003
8699,0.406617,0.038839,0.223662,0.018097,0.126019
8700,0.293267,0.045284,0.107743,0.020642,0.119598
8701,0.372672,0.045946,0.193526,0.017721,0.115479
8702,0.310325,0.044084,0.112227,0.019712,0.134302
8703,0.281584,0.041582,0.094693,0.017806,0.127503
8704,0.376785,0.064559,0.146735,0.018522,0.146969
8705,0.35465,0.047746,0.155688,0.018327,0.132889
8706,0.316764,0.044135,0.127437,0.020148,0.125044
8707,0.290122,0.041768,0.103627,0.024827,0.1199
8708,0.388947,0.044811,0.198813,0.019809,0.125514
8709,0.401347,0.040825,0.221391,0.017717,0.121414
8710,0.285829,0.045254,0.098049,0.019837,0.122689
8711,0.337298,0.040301,0.158339,0.017216,0.121442
8712,0.339122,0.066415,0.125748,0.017201,0.129758
8713,0.378982,0.04335,0.202126,0.01812,0.115386
8714,0.36694,0.042705,0.169986,0.019779,0.13447
8715,0.291988,0.043598,0.108883,0.017702,0.121805
8716,0.314028,0.044483,0.125233,0.019545,0.124767
8717,0.415202,0.045182,0.229596,0.017722,0.122702
8718,0.312255,0.042695,0.12737,0.020261,0.121929
8719,0.381677,0.044886,0.168892,0.018055,0.149844
8720,0.31205,0.041556,0.11959,0.017372,0.133532
8721,0.29051,0.045251,0.103554,0.018221,0.123484
8722,0.397863,0.041848,0.212587,0.020581,0.122847
8723,0.447853,0.044521,0.237904,0.017796,0.147632
8724,0.35155,0.0415,0.15572,0.020065,0.134265
8725,0.314577,0.043051,0.13175,0.018285,0.121491
8726,0.295085,0.042029,0.11169,0.016901,0.124465
8727,0.4077,0.044437,0.216312,0.01785,0.129101
8728,0.47275,0.042232,0.28124,0.023484,0.125794
8729,0.603873,0.045084,0.38535,0.048651,0.124788
8730,0.457132,0.03758,0.194197,0.033089,0.192266
8731,0.316743,0.032828,0.131712,0.019553,0.13265
8732,0.51031,0.044524,0.267702,0.033364,0.16472
8733,0.989118,0.038786,0.754594,0.044124,0.151614
8734,0.363275,0.045286,0.150224,0.029627,0.138138
8735,0.386254,0.043527,0.150718,0.064658,0.127351
8736,0.489173,0.037679,0.282736,0.028533,0.140225
8737,0.437888,0.038599,0.16853,0.074033,0.156726
8738,0.366635,0.043992,0.144419,0.028154,0.15007
8739,0.375805,0.03668,0.186587,0.019963,0.132575
8740,0.366915,0.044526,0.149484,0.02261,0.150295
8741,0.453655,0.041696,0.163207,0.074989,0.173763
8742,0.66184,0.037472,0.406201,0.033165,0.185002
8743,0.475035,0.039021,0.199819,0.076292,0.159903
8744,0.529683,0.044113,0.273589,0.033143,0.178838
8745,0.480802,0.038841,0.208708,0.074083,0.15917
8746,0.399865,0.044363,0.181807,0.02894,0.144755
8747,0.384405,0.036899,0.167219,0.044846,0.135441
8748,0.350698,0.041762,0.136611,0.028008,0.144317
8749,0.292012,0.03639,0.10673,0.018615,0.130277
8750,0.454893,0.042072,0.257544,0.017436,0.137841
8751,0.29783,0.043627,0.112067,0.018533,0.123603
8752,0.338175,0.042802,0.145257,0.020224,0.129892
8753,0.53569,0.044338,0.323162,0.02937,0.13882
8754,0.32544,0.043864,0.131151,0.021566,0.128859
8755,0.304435,0.035792,0.118762,0.019478,0.130403
8756,0.359978,0.043577,0.17238,0.017326,0.126695
8757,0.399625,0.041897,0.21802,0.018459,0.121249
8758,0.442922,0.046458,0.175744,0.033672,0.187048
8759,0.336003,0.034516,0.14447,0.019128,0.137889
8760,0.32336,0.040641,0.126277,0.018082,0.13836
8761,0.34808,0.041376,0.161581,0.019217,0.125906
8762,0.273992,0.044558,0.088574,0.017221,0.123639
8763,0.383157,0.041379,0.201411,0.018172,0.122195
8764,0.394,0.042067,0.191672,0.019661,0.1406
8765,0.329022,0.042821,0.144981,0.018065,0.123155
8766,0.35686,0.042848,0.16744,0.02102,0.125552
8767,0.293052,0.04387,0.10955,0.017686,0.121946
8768,0.298746,0.04263,0.116196,0.019169,0.120751
8769,0.38416,0.045712,0.201126,0.018462,0.11886
8770,0.305638,0.042119,0.11904,0.018918,0.125561
8771,0.321766,0.045262,0.136884,0.017594,0.122026
8772,0.362528,0.04016,0.18074,0.019121,0.122507
8773,0.487192,0.043126,0.31104,0.017655,0.115371
8774,0.589866,0.040192,0.297724,0.089132,0.162818
8775,0.306628,0.037059,0.119278,0.018392,0.131899
8776,0.405208,0.038715,0.17131,0.019225,0.175958
8777,0.3546,0.041673,0.152387,0.024494,0.136046
8778,0.764762,0.046495,0.574552,0.020607,0.123108
8779,0.26891,0.040627,0.090331,0.018194,0.119758
8780,0.276795,0.044844,0.090354,0.019165,0.122432
8781,0.594866,0.040691,0.411571,0.017946,0.124658
8782,0.303558,0.043356,0.125407,0.019754,0.115041
8783,0.373427,0.043348,0.180367,0.0186,0.131112
8784,0.462022,0.042118,0.225736,0.03224,0.161928
8785,0.314905,0.038572,0.114997,0.018988,0.142348
8786,0.28776,0.041208,0.106444,0.017962,0.122146
8787,0.316334,0.043762,0.133974,0.017996,0.120602
8788,0.379932,0.04412,0.181732,0.019215,0.134865
8789,0.439682,0.040594,0.262759,0.017664,0.118665
8790,0.292958,0.043917,0.110388,0.019377,0.119276
8791,0.366825,0.040936,0.181579,0.018671,0.125639
8792,0.388292,0.045363,0.201493,0.021074,0.120362
8793,0.326984,0.040594,0.147279,0.017821,0.12129
8794,0.450982,0.045277,0.21723,0.032249,0.156226
8795,0.357538,0.046616,0.164596,0.018024,0.128302
8796,0.57291,0.039674,0.31448,0.031915,0.186841
8797,0.332816,0.038814,0.145836,0.018721,0.129445
8798,0.344686,0.040842,0.158153,0.019902,0.125789
8799,0.371246,0.042899,0.171337,0.017887,0.139123
8800,0.287752,0.040937,0.103091,0.019999,0.123725
8801,0.353046,0.041924,0.169171,0.018354,0.123597
8802,0.317293,0.044028,0.120358,0.019525,0.133382
8803,0.325967,0.041776,0.142036,0.018216,0.123939
8804,0.310409,0.041045,0.13806,0.021097,0.110207
8805,0.33184,0.04202,0.141116,0.018237,0.130467
8806,0.473478,0.045062,0.28107,0.018507,0.128839
8807,0.329006,0.041674,0.14093,0.018746,0.127656
8808,0.3497,0.044929,0.149943,0.020906,0.133922
8809,0.340142,0.04082,0.157974,0.018346,0.123002
8810,0.329373,0.045543,0.138967,0.020701,0.124162
8811,0.27106,0.040583,0.089138,0.018093,0.123246
8812,0.336745,0.04397,0.143003,0.020768,0.129004
8813,0.325645,0.041087,0.131986,0.01803,0.134542
8814,0.319613,0.044822,0.118703,0.02842,0.127668
8815,0.54759,0.040682,0.321385,0.047162,0.138361
8816,0.4466,0.036595,0.19095,0.033149,0.185906
8817,0.402228,0.036013,0.167217,0.061231,0.137767
8818,0.503348,0.037573,0.271745,0.03313,0.1609
8819,0.350542,0.037555,0.155015,0.018644,0.139328
8820,0.631585,0.037634,0.388005,0.033143,0.172803
8821,0.33448,0.037116,0.150679,0.019232,0.127453
8822,0.323542,0.040716,0.11909,0.018324,0.145412
8823,0.489358,0.053737,0.213114,0.059541,0.162966
8824,0.407048,0.041911,0.165869,0.03298,0.166288
8825,0.406575,0.037727,0.162924,0.053509,0.152415
8826,0.42744,0.040277,0.184265,0.032752,0.170146
8827,0.532087,0.036919,0.268361,0.073485,0.153322
8828,0.324303,0.037466,0.123822,0.02843,0.134585
8829,0.496837,0.03547,0.312668,0.021003,0.127696
8830,0.390072,0.044798,0.198362,0.020789,0.126123
8831,0.296718,0.041107,0.113697,0.018948,0.122966
8832,0.406035,0.045109,0.197272,0.02062,0.143034
8833,0.34769,0.040773,0.169358,0.01844,0.119119
8834,0.316974,0.044049,0.133593,0.021034,0.118298
8835,0.334654,0.040776,0.157282,0.018007,0.118589
8836,0.386796,0.042907,0.206246,0.017235,0.120408
8837,0.416537,0.040257,0.235647,0.018413,0.12222
8838,0.310763,0.043672,0.112436,0.02005,0.134605
8839,0.43976,0.040841,0.258759,0.018014,0.122146
8840,0.524862,0.045121,0.281797,0.03322,0.164724
8841,0.510623,0.04032,0.289252,0.045474,0.135577
8842,0.40732,0.047165,0.191957,0.029105,0.139093
8843,0.709713,0.038349,0.490894,0.047831,0.132639
8844,0.410584,0.045892,0.177038,0.038563,0.149091
8845,0.742987,0.038854,0.529421,0.045751,0.128961
8846,0.549227,0.06221,0.174106,0.033182,0.279729
8847,0.563652,0.08782,0.260814,0.054243,0.160775
8848,0.40959,0.048458,0.15918,0.028268,0.173684
8849,0.440266,0.04906,0.154462,0.046145,0.190599
8850,0.509266,0.044964,0.293156,0.028356,0.14279
8851,0.447337,0.045371,0.250231,0.018525,0.13321
8852,0.367892,0.044177,0.164322,0.02123,0.138163
8853,0.292823,0.043566,0.114282,0.01765,0.117325
8854,0.362782,0.043152,0.163306,0.019331,0.136993
8855,0.67947,0.043211,0.491064,0.018432,0.126763
8856,0.556426,0.046221,0.364726,0.020458,0.125021
8857,0.413822,0.042073,0.193074,0.045768,0.132907
8858,0.309243,0.035622,0.105201,0.027461,0.140959
8859,0.44406,0.041463,0.233428,0.045683,0.123486
8860,0.456654,0.035092,0.190671,0.031883,0.199008
8861,0.521635,0.045278,0.269334,0.045687,0.161336
8862,0.532098,0.040322,0.285041,0.032196,0.174539
8863,0.3294,0.038743,0.137164,0.020031,0.133462
8864,0.356156,0.03798,0.145368,0.020869,0.151939
8865,0.449477,0.042191,0.178851,0.051661,0.176774
8866,0.44732,0.041736,0.197516,0.032184,0.175884
8867,0.46303,0.037959,0.217271,0.030439,0.177361
8868,0.850576,0.046103,0.585079,0.03826,0.181134
8869,0.475315,0.057213,0.205064,0.057783,0.155255
8870,0.45949,0.043828,0.178204,0.032107,0.205351
8871,0.62505,0.039987,0.378744,0.049131,0.157188
8872,0.370098,0.042182,0.140504,0.027609,0.159803
8873,0.410726,0.03601,0.179902,0.031324,0.16349
8874,0.339506,0.056268,0.134236,0.021058,0.127944
8875,0.458638,0.041174,0.222858,0.030883,0.163723
8876,0.37212,0.045559,0.165079,0.019977,0.141505
8877,0.3925,0.041504,0.150241,0.051992,0.148763
8878,0.491446,0.051832,0.229528,0.031891,0.178195
8879,0.343512,0.05008,0.142007,0.020433,0.130992
8880,0.329238,0.039421,0.135198,0.01808,0.136539
8881,0.314788,0.041692,0.125783,0.020254,0.127059
8882,0.411892,0.045275,0.222116,0.020749,0.123752
8883,0.327484,0.038018,0.137701,0.01863,0.133135
8884,0.320118,0.045695,0.128517,0.01998,0.125926
8885,0.379342,0.042902,0.174836,0.018357,0.143247
8886,0.480542,0.045383,0.289121,0.020726,0.125312
8887,0.44556,0.041047,0.23318,0.04627,0.125063
8888,0.51125,0.046593,0.268403,0.03588,0.160374
8889,0.361812,0.03736,0.160461,0.02506,0.138931
8890,0.296016,0.034497,0.094405,0.019128,0.147986
8891,0.66946,0.043275,0.48794,0.018546,0.119699
8892,0.3468,0.041618,0.163066,0.018193,0.123923
8893,0.4354,0.044525,0.236853,0.033903,0.120119
8894,0.33833,0.04209,0.13742,0.01739,0.14143
8895,0.380414,0.04279,0.149543,0.063329,0.124752
8896,0.355282,0.036295,0.14832,0.028432,0.142235
8897,0.348032,0.038604,0.161552,0.017588,0.130288
8898,0.320024,0.042751,0.131464,0.017344,0.128465
8899,0.330778,0.043674,0.146574,0.019355,0.121175
8900,0.33008,0.041523,0.147284,0.016626,0.124647
8901,0.350124,0.043916,0.167221,0.019705,0.119282
8902,0.33345,0.041374,0.14541,0.018021,0.128645
8903,0.36142,0.04335,0.175996,0.019279,0.122795
8904,0.364562,0.042292,0.159787,0.020295,0.142188
8905,0.299443,0.044089,0.112711,0.018573,0.12407
8906,0.42177,0.04226,0.222836,0.021341,0.135333
8907,0.3031,0.043809,0.117348,0.01845,0.123493
8908,0.606203,0.04281,0.412297,0.020717,0.130379
8909,0.514962,0.043979,0.327615,0.019016,0.124352
8910,0.387572,0.045184,0.203967,0.016558,0.121863
8911,0.44005,0.041581,0.231697,0.046281,0.120491
8912,0.49953,0.03667,0.264657,0.033144,0.165059
8913,0.418485,0.038654,0.179089,0.060646,0.140096
8914,0.601683,0.04663,0.328635,0.042961,0.183457
8915,0.346028,0.036083,0.1415,0.018734,0.149711
8916,0.564923,0.051852,0.298938,0.03306,0.181073
8917,0.475405,0.052384,0.224733,0.05849,0.139798
8918,0.354622,0.042612,0.134555,0.029566,0.147889
8919,0.418237,0.043311,0.173007,0.051821,0.150098
8920,0.51536,0.041942,0.27765,0.032932,0.162836
8921,0.445405,0.037714,0.172564,0.075646,0.159481
8922,0.424445,0.044739,0.196571,0.0371,0.146035
8923,0.386053,0.036806,0.152519,0.071077,0.125651
8924,0.340558,0.036662,0.142066,0.028218,0.133612
8925,0.41393,0.035769,0.232666,0.018999,0.126496
8926,0.33419,0.043697,0.152752,0.017295,0.120446
8927,0.422937,0.04041,0.243147,0.018206,0.121174
8928,0.492613,0.044398,0.243031,0.032902,0.172282
8929,0.313387,0.037906,0.122732,0.018378,0.134371
8930,0.338265,0.037245,0.155783,0.017998,0.127239
8931,0.303578,0.041407,0.121287,0.019194,0.12169
8932,0.35562,0.044262,0.1733,0.017287,0.120771
8933,0.416605,0.040835,0.239613,0.018422,0.117735
8934,0.341847,0.044903,0.15205,0.019652,0.125242
8935,0.4389,0.041907,0.229643,0.045841,0.121509
8936,0.472993,0.039564,0.204427,0.03332,0.195682
8937,0.34223,0.038623,0.13416,0.019314,0.150133
8938,0.332743,0.037099,0.148275,0.021598,0.125771
8939,0.436535,0.041545,0.215435,0.045797,0.133758
8940,0.529305,0.044162,0.241144,0.039938,0.204061
8941,0.315458,0.036962,0.124857,0.018961,0.134678
8942,0.354813,0.036423,0.158577,0.020959,0.138854
8943,0.397763,0.034265,0.183762,0.031066,0.14867
8944,0.38789,0.041457,0.194534,0.018251,0.133648
8945,0.555282,0.055615,0.331371,0.03084,0.137456
8946,0.367242,0.041525,0.178846,0.019824,0.127047
8947,0.497725,0.050797,0.2756,0.04746,0.123868
8948,0.29951,0.035082,0.101174,0.027281,0.135973
8949,0.296057,0.038225,0.111879,0.01824,0.127713
8950,0.710162,0.042624,0.525287,0.019926,0.122325
8951,0.295235,0.061222,0.088787,0.018259,0.126967
8952,0.323207,0.043934,0.135445,0.020322,0.123506
8953,0.38437,0.040521,0.203166,0.017868,0.122815
8954,0.359092,0.044269,0.161619,0.019629,0.133575
8955,0.279043,0.040629,0.100417,0.018507,0.11949
8956,0.33576,0.053367,0.139404,0.019017,0.123972
8957,0.45613,0.036089,0.272967,0.018287,0.128787
8958,0.307817,0.047091,0.111314,0.019444,0.129968
8959,0.32727,0.064216,0.109211,0.019325,0.134518
8960,0.351213,0.042525,0.152437,0.018661,0.13759
8961,0.377963,0.041529,0.193724,0.017966,0.124744
8962,0.360692,0.042079,0.165124,0.020199,0.13329
8963,0.410344,0.042563,0.184707,0.060299,0.122775
8964,0.363753,0.041413,0.184497,0.016847,0.120996
8965,0.409095,0.04159,0.169464,0.063466,0.134575
8966,0.434412,0.041357,0.20978,0.028983,0.154292
8967,0.392545,0.036612,0.164644,0.06176,0.129529
8968,0.474458,0.040283,0.265814,0.028126,0.140235
8969,0.326548,0.036338,0.144337,0.020367,0.125506
8970,0.422078,0.043518,0.231529,0.018762,0.128269
8971,0.33516,0.041831,0.151106,0.018626,0.123597
8972,0.323163,0.044684,0.135727,0.020544,0.122208
8973,0.364832,0.041471,0.181924,0.018387,0.12305
8974,0.324125,0.041733,0.117611,0.01701,0.147771
8975,0.331835,0.04036,0.148544,0.019123,0.123808
8976,0.316252,0.044433,0.130778,0.017053,0.123988
8977,0.322714,0.040397,0.121284,0.018616,0.142417
8978,0.591617,0.04372,0.325947,0.038456,0.183494
8979,0.321713,0.038029,0.126251,0.019164,0.138269
8980,0.3491,0.043709,0.164183,0.01764,0.123568
8981,0.383398,0.04113,0.195836,0.01782,0.128612
8982,0.602156,0.043504,0.356744,0.038328,0.16358
8983,0.428222,0.036735,0.19985,0.046818,0.144819
8984,0.33201,0.04596,0.114004,0.039561,0.132485
8985,0.319236,0.040905,0.128441,0.018502,0.131388
8986,0.541628,0.0452,0.340796,0.021536,0.134096
8987,0.3467,0.043267,0.158974,0.019325,0.125134
8988,0.403922,0.041702,0.220264,0.017973,0.123983
8989,0.404013,0.044658,0.18011,0.046004,0.133241
8990,0.738506,0.042424,0.489404,0.03316,0.173518
8991,0.320896,0.038855,0.132049,0.019051,0.130941
8992,0.37784,0.037627,0.189423,0.021855,0.128935
8993,0.36523,0.0423,0.180921,0.01901,0.122999
8994,0.468418,0.050302,0.215513,0.033267,0.169336
8995,0.44155,0.038295,0.19469,0.04434,0.164225
8996,0.47811,0.047281,0.212868,0.033209,0.184752
8997,0.439663,0.031836,0.18763,0.059698,0.160499
8998,0.466162,0.035464,0.20532,0.0332,0.192178
8999,0.429233,0.041488,0.203916,0.048053,0.135776
9000,0.46985,0.037088,0.203273,0.033105,0.196384
9001,0.52438,0.037922,0.290229,0.031555,0.164674
9002,0.333918,0.041889,0.137363,0.01812,0.136546
9003,0.351096,0.043431,0.107214,0.054669,0.145782
9004,0.35002,0.038476,0.163377,0.018506,0.129661
9005,0.567288,0.044324,0.383886,0.020491,0.118587
9006,0.342334,0.039942,0.147107,0.020744,0.134541
9007,0.313744,0.043008,0.134632,0.018516,0.117588
9008,0.389748,0.039466,0.207006,0.02024,0.123036
9009,0.423822,0.040499,0.215966,0.033095,0.134262
9010,0.419968,0.040987,0.234876,0.020923,0.123182
9011,0.388574,0.044967,0.136207,0.067987,0.139413
9012,0.498333,0.034781,0.265766,0.0324,0.165386
9013,0.469873,0.033504,0.242746,0.046221,0.147402
9014,0.55335,0.037175,0.31439,0.032209,0.169576
9015,0.356405,0.036026,0.17146,0.019251,0.129668
9016,0.445665,0.045047,0.152253,0.057389,0.190976
9017,0.416442,0.035473,0.15402,0.075678,0.151271
9018,0.47849,0.036569,0.233265,0.032073,0.176583
9019,0.412873,0.036242,0.18656,0.046651,0.14342
9020,0.324793,0.034543,0.124299,0.027345,0.138606
9021,0.896227,0.03879,0.688877,0.018332,0.150228
9022,0.357432,0.04608,0.169351,0.020024,0.121977
9023,0.397162,0.041314,0.188145,0.030426,0.137277
9024,0.54961,0.044423,0.31058,0.032337,0.16227
9025,0.633445,0.03694,0.357163,0.074103,0.165239
9026,0.358222,0.034997,0.157856,0.028159,0.13721
9027,0.275857,0.035785,0.095627,0.019191,0.125254
9028,0.537143,0.044119,0.354567,0.018279,0.120178
9029,0.298458,0.043821,0.116355,0.019157,0.119125
9030,0.36094,0.041677,0.174299,0.025035,0.119929
9031,0.384315,0.041666,0.146054,0.060443,0.136152
9032,0.409495,0.04015,0.195584,0.02725,0.146511
9033,0.332672,0.036882,0.123304,0.043431,0.129055
9034,0.325795,0.040613,0.151004,0.016578,0.1176
9035,0.286903,0.041831,0.110227,0.01756,0.117285
9036,0.387102,0.04396,0.174704,0.017318,0.15112
9037,0.381915,0.04092,0.133103,0.068404,0.139488
9038,0.316385,0.043241,0.104857,0.027621,0.140666
9039,0.39885,0.035917,0.19054,0.030825,0.141568
9040,0.292618,0.043851,0.108322,0.019897,0.120548
9041,0.48268,0.041567,0.281045,0.019876,0.140192
9042,0.313487,0.043973,0.124597,0.019322,0.125595
9043,0.363397,0.043005,0.17194,0.017993,0.130459
9044,0.37703,0.042749,0.191077,0.016842,0.126362
9045,0.316142,0.042862,0.113903,0.019282,0.140095
9046,0.301035,0.04397,0.11583,0.021066,0.120169
9047,0.387325,0.041419,0.198962,0.018047,0.128897
9048,0.298247,0.045445,0.104824,0.020704,0.127274
9049,0.33824,0.042523,0.154616,0.018409,0.122692
9050,0.329212,0.044598,0.128374,0.020682,0.135558
9051,0.35397,0.041707,0.174501,0.0179,0.119862
9052,0.347918,0.04308,0.146632,0.0192,0.139006
9053,0.311578,0.040135,0.112808,0.01905,0.139585
9054,0.322507,0.045793,0.137358,0.01759,0.121766
9055,0.337575,0.041459,0.143855,0.018479,0.133782
9056,0.52796,0.04456,0.322894,0.019984,0.140522
9057,0.39203,0.041227,0.206164,0.019462,0.125177
9058,0.32099,0.044446,0.136882,0.019755,0.119907
9059,0.405565,0.041391,0.219226,0.018184,0.126764
9060,0.316087,0.044562,0.126654,0.016724,0.128147
9061,0.486485,0.041395,0.271671,0.046059,0.12736
9062,0.383773,0.041896,0.171941,0.028197,0.141739
9063,0.342,0.036659,0.145721,0.026179,0.133441
9064,0.377282,0.041016,0.164674,0.02404,0.147552
9065,0.32433,0.041911,0.137631,0.01794,0.126848
9066,0.54736,0.045975,0.329539,0.02188,0.149966
9067,0.415006,0.044295,0.215058,0.019067,0.136586
9068,0.438793,0.041987,0.170217,0.033223,0.193366
9069,0.4004,0.040159,0.171671,0.060526,0.128044
9070,0.363158,0.036621,0.156684,0.028441,0.141412
9071,0.323784,0.03948,0.137414,0.018278,0.128612
9072,0.401613,0.041487,0.214178,0.021274,0.124674
9073,0.359996,0.043936,0.162604,0.017731,0.135725
9074,0.421132,0.04231,0.17263,0.033146,0.173046
9075,0.330208,0.04055,0.142554,0.019593,0.127511
9076,0.35614,0.041331,0.161237,0.018274,0.135298
9077,0.333907,0.042504,0.142051,0.018316,0.131036
9078,0.38067,0.041895,0.186446,0.020371,0.131958
9079,0.319777,0.044011,0.130346,0.021067,0.124353
9080,0.308085,0.041797,0.121624,0.020261,0.124403
9081,0.319417,0.042847,0.137356,0.01834,0.120874
9082,0.2715,0.04111,0.087388,0.017454,0.125548
9083,0.361885,0.043937,0.178331,0.018411,0.121206
9084,0.441453,0.040566,0.250861,0.020549,0.129477
9085,0.441597,0.067996,0.13423,0.045993,0.193378
9086,0.611592,0.053398,0.320444,0.048303,0.189447
9087,0.369428,0.045463,0.154281,0.034853,0.134831
9088,0.382126,0.039689,0.179762,0.034166,0.128509
9089,0.354068,0.037884,0.144053,0.027497,0.144634
9090,0.3018,0.030727,0.11039,0.028923,0.13176
9091,0.541736,0.059499,0.346334,0.027433,0.10847
9092,0.399132,0.05734,0.203747,0.030097,0.107948
9093,0.381006,0.081864,0.137064,0.026863,0.135215
9094,0.768677,0.088517,0.444043,0.05545,0.180667
9095,0.494445,0.043353,0.256037,0.06617,0.128885
9096,0.491602,0.09407,0.198017,0.054807,0.144708
9097,0.415154,0.070387,0.172104,0.056176,0.116487
9098,0.526014,0.058589,0.251461,0.058956,0.157008
9099,0.423562,0.062612,0.193128,0.052667,0.115155
9100,0.42055,0.066976,0.144714,0.083157,0.125703
9101,0.466622,0.12496,0.152157,0.053866,0.135639
9102,0.46621,0.066663,0.228218,0.054073,0.117256
9103,0.553625,0.048052,0.315805,0.061283,0.128485
9104,0.427503,0.05708,0.194837,0.055817,0.119769
9105,0.475352,0.05981,0.240007,0.0555,0.120035
9106,0.609666,0.084083,0.33365,0.05932,0.132613
9107,0.52137,0.074208,0.262849,0.065496,0.118817
9108,0.527095,0.070386,0.269826,0.065864,0.121019
9109,0.455568,0.060939,0.191808,0.052906,0.149915
9110,0.339152,0.061325,0.10405,0.05325,0.120527
9111,0.392716,0.056616,0.169411,0.052606,0.114083
9112,0.657336,0.065053,0.412364,0.053296,0.126623
9113,0.644786,0.062779,0.317927,0.08379,0.18029
9114,0.429412,0.059466,0.166239,0.06851,0.135197
9115,0.507646,0.063565,0.204515,0.079753,0.159813
9116,0.47579,0.058974,0.217273,0.06984,0.129703
9117,0.430085,0.058446,0.166708,0.05851,0.146421
9118,0.486684,0.05828,0.222663,0.058127,0.147614
9119,0.457582,0.056131,0.233161,0.039833,0.128457
9120,0.44439,0.063411,0.210079,0.055523,0.115377
9121,0.608337,0.056251,0.381463,0.060416,0.110207
9122,0.413707,0.043613,0.171706,0.055913,0.142475
9123,0.39088,0.046438,0.151523,0.055454,0.137465
9124,0.840455,0.039683,0.607618,0.055103,0.138051
9125,0.361273,0.043172,0.111416,0.053617,0.153068
9126,0.38169,0.04151,0.154954,0.056114,0.129112
9127,0.443141,0.049872,0.22078,0.053303,0.119186
9128,0.406288,0.04162,0.186113,0.054907,0.123648
9129,0.466613,0.03861,0.238706,0.05193,0.137367
9130,0.490915,0.042992,0.269312,0.05614,0.122471
9131,0.371995,0.032733,0.166446,0.053973,0.118843
9132,0.360912,0.040487,0.137669,0.053213,0.129543
9133,0.337012,0.045153,0.113152,0.06048,0.118227
9134,0.347595,0.03959,0.127554,0.05526,0.125191
9135,0.38676,0.044594,0.18075,0.030077,0.131339
9136,0.51316,0.052768,0.278764,0.05515,0.126478
9137,0.341025,0.033237,0.137132,0.053744,0.116912
9138,0.51812,0.043154,0.287141,0.054863,0.132962
9139,0.462942,0.037004,0.240254,0.052883,0.132801
9140,0.45299,0.04164,0.232985,0.053777,0.124588
9141,0.387585,0.041253,0.15585,0.052594,0.137888
9142,0.385225,0.045466,0.161858,0.05517,0.122731
9143,0.424044,0.033016,0.214467,0.052937,0.123624
9144,0.374125,0.041874,0.15828,0.054434,0.119537
9145,0.429856,0.039866,0.19244,0.053593,0.143957
9146,0.427456,0.042396,0.191302,0.053997,0.139761
9147,0.365615,0.043173,0.148232,0.053744,0.120466
9148,0.50946,0.04342,0.295779,0.054887,0.115374
9149,0.402548,0.03836,0.169444,0.066743,0.128001
9150,0.36919,0.036503,0.156107,0.05396,0.12262
9151,0.304546,0.037287,0.08438,0.05532,0.127559
9152,0.5022,0.037873,0.27434,0.066583,0.123404
9153,0.476282,0.047007,0.261614,0.054,0.113661
9154,0.308792,0.040337,0.094849,0.0562,0.117406
9155,0.373457,0.049908,0.160367,0.052997,0.110185
9156,0.39293,0.039797,0.164037,0.053303,0.135793
9157,0.353115,0.039088,0.149392,0.05286,0.111775
9158,0.50169,0.0396,0.296475,0.02902,0.136595
9159,0.402842,0.043306,0.182961,0.046553,0.130022
9160,0.42233,0.042516,0.18907,0.05381,0.136934
9161,0.348867,0.042545,0.12338,0.059567,0.123375
9162,0.454627,0.040993,0.230526,0.0539,0.129208
9163,0.44979,0.038491,0.233039,0.05423,0.12403
9164,0.367732,0.037634,0.161637,0.054273,0.114188
9165,0.49206,0.032157,0.266816,0.054607,0.13848
9166,0.35126,0.027415,0.14614,0.033327,0.144378
9167,0.44606,0.060471,0.21861,0.05536,0.111619
9168,0.491203,0.042517,0.274239,0.054283,0.120164
9169,0.3989,0.07336,0.154211,0.052697,0.118632
9170,0.392583,0.061274,0.155139,0.065823,0.110347
9171,0.476138,0.065106,0.216469,0.057973,0.13659
9172,0.380538,0.058079,0.158348,0.05354,0.110571
9173,0.4538,0.060157,0.224039,0.056967,0.112637
9174,0.486217,0.061521,0.245847,0.062597,0.116252
9175,0.416938,0.056854,0.18518,0.05618,0.118724
9176,0.433828,0.0601,0.19355,0.055956,0.124222
9177,0.380166,0.041663,0.162491,0.052117,0.123895
9178,0.428813,0.044034,0.197335,0.053423,0.134021
9179,0.376244,0.032733,0.174215,0.052463,0.116833
9180,0.504733,0.037904,0.27976,0.053137,0.133932
9181,0.370592,0.058236,0.147517,0.054136,0.110703
9182,0.385113,0.058844,0.157233,0.053257,0.115779
9183,0.396992,0.064331,0.155326,0.058787,0.118548
9184,0.44867,0.060044,0.209171,0.056176,0.123279
9185,0.45309,0.091133,0.187017,0.05466,0.12028
9186,0.39843,0.03561,0.160134,0.054246,0.14844
9187,0.357968,0.036696,0.144681,0.053243,0.123348
9188,0.412008,0.05598,0.181158,0.053317,0.121553
9189,0.47147,0.037106,0.24881,0.055627,0.129927
9190,0.482392,0.058468,0.238351,0.061077,0.124496
9191,0.426624,0.0873,0.15581,0.054573,0.128941
9192,0.343454,0.06048,0.110097,0.055367,0.11751
9193,0.40844,0.042286,0.207826,0.028173,0.130155
9194,0.40931,0.06532,0.18316,0.056174,0.104656
9195,0.382314,0.056298,0.144996,0.052544,0.128476
9196,0.483472,0.061457,0.239046,0.05477,0.128199
9197,0.539744,0.062903,0.312301,0.052386,0.112154
9198,0.40439,0.057474,0.17771,0.05575,0.113456
9199,0.45779,0.035367,0.250435,0.0524,0.119588
9200,0.48454,0.05433,0.231427,0.05609,0.142693
9201,0.38717,0.046804,0.165406,0.055843,0.119117
9202,0.454027,0.04021,0.242383,0.0553,0.116134
9203,0.4183,0.042878,0.201213,0.05488,0.119329
9204,0.507757,0.0359,0.30111,0.05352,0.117227
9205,0.337458,0.046237,0.108548,0.056057,0.126616
9206,0.572295,0.039313,0.3657,0.02887,0.138412
9207,0.396353,0.044754,0.181223,0.052463,0.117913
9208,0.315126,0.035884,0.107746,0.053427,0.118069
9209,0.360232,0.040656,0.146591,0.052543,0.120442
9210,0.354887,0.041117,0.139157,0.054177,0.120436
9211,0.36716,0.037075,0.155434,0.05205,0.122601
9212,0.35421,0.04503,0.156572,0.028454,0.124154
9213,0.356455,0.042636,0.151224,0.053087,0.109508
9214,0.410203,0.059104,0.161309,0.05447,0.13532
9215,0.405917,0.03986,0.22198,0.02756,0.116517
9216,0.502392,0.03619,0.289589,0.054016,0.122597
9217,0.479992,0.03957,0.264213,0.052897,0.123312
9218,0.360505,0.041647,0.139642,0.053177,0.126039
9219,0.39129,0.03552,0.164165,0.065583,0.126022
9220,0.402907,0.037377,0.182273,0.05466,0.128597
9221,0.401267,0.044126,0.17614,0.051783,0.129218
9222,1.09578,0.040074,0.865315,0.054693,0.135695
9223,0.42136,0.043656,0.18613,0.059596,0.131978
9224,0.405426,0.036127,0.183153,0.05508,0.131066
9225,0.543934,0.053111,0.320614,0.053666,0.116543
9226,0.38678,0.040833,0.177963,0.02824,0.139744
9227,0.404148,0.041856,0.18357,0.053694,0.125028
9228,0.506275,0.037723,0.298547,0.05412,0.115885
9229,0.390555,0.042113,0.167183,0.05269,0.128569
9230,0.420875,0.0392,0.20691,0.054496,0.120269
9231,0.880785,0.040776,0.662479,0.05289,0.12464
9232,0.341135,0.038854,0.134042,0.028153,0.140086
9233,0.364727,0.041912,0.134092,0.054303,0.13442
9234,0.416002,0.039926,0.190822,0.05624,0.129014
9235,0.370742,0.038069,0.154542,0.05345,0.124681
9236,0.343018,0.037683,0.123167,0.05645,0.125718
9237,0.394348,0.036769,0.185637,0.053777,0.118165
9238,0.38054,0.04067,0.140612,0.05475,0.144508
9239,0.364385,0.056746,0.131186,0.056873,0.11958
9240,0.417583,0.04073,0.179122,0.066233,0.131498
9241,0.40587,0.04396,0.179215,0.051817,0.130878
9242,0.46777,0.06058,0.225352,0.0533,0.128538
9243,0.556743,0.058945,0.326514,0.052293,0.118991
9244,0.385205,0.068945,0.140235,0.053213,0.122812
9245,0.398364,0.058909,0.169526,0.052574,0.117355
9246,0.403648,0.067852,0.166938,0.05377,0.115088
9247,0.734496,0.060308,0.427557,0.079593,0.167038
9248,0.40081,0.0434,0.148774,0.069343,0.139293
9249,0.385727,0.043686,0.166744,0.05375,0.121547
9250,0.697918,0.061193,0.439164,0.058294,0.139267
9251,0.474994,0.073857,0.216803,0.05271,0.131624
9252,0.468705,0.02871,0.255161,0.056303,0.128531
9253,0.419612,0.068847,0.156103,0.05525,0.139412
9254,0.42835,0.046439,0.170567,0.06148,0.149864
9255,0.415763,0.058065,0.185816,0.05472,0.117162
9256,0.633363,0.058345,0.405314,0.056037,0.113667
9257,0.378793,0.069276,0.144214,0.055087,0.110216
9258,0.39874,0.062917,0.14566,0.057346,0.132817
9259,0.370115,0.05152,0.145443,0.05277,0.120382
9260,0.431563,0.065516,0.19001,0.072216,0.103821
9261,0.548642,0.08151,0.284927,0.052154,0.130051
9262,0.476445,0.06289,0.220842,0.05406,0.138653
9263,0.525402,0.057098,0.302984,0.054897,0.110423
9264,0.399421,0.05934,0.175926,0.034767,0.129388
9265,0.396272,0.05491,0.153256,0.052707,0.135399
9266,0.395213,0.061177,0.161457,0.056686,0.115893
9267,0.740243,0.08416,0.476117,0.05564,0.124326
9268,0.48621,0.064902,0.228219,0.05538,0.137709
9269,0.41879,0.064166,0.162257,0.055534,0.136833
9270,0.434898,0.07455,0.166303,0.055147,0.138898
9271,0.46433,0.050913,0.210236,0.05244,0.150741
9272,0.449805,0.039306,0.216989,0.054476,0.139034
9273,0.40847,0.042483,0.179149,0.061707,0.125131
9274,0.383936,0.04476,0.153582,0.056977,0.128617
9275,0.365448,0.039943,0.15008,0.052703,0.122722
9276,0.347328,0.045855,0.123345,0.05651,0.121618
9277,0.374902,0.03628,0.158576,0.052976,0.12707
9278,0.384823,0.04404,0.162141,0.05682,0.121822
9279,0.364542,0.03464,0.154847,0.053914,0.121141
9280,0.42806,0.03982,0.231009,0.02865,0.128581
9281,0.423402,0.038286,0.244393,0.027083,0.11364
9282,0.772022,0.041343,0.55988,0.05365,0.117149
9283,0.374042,0.04376,0.155582,0.0535,0.1212
9284,0.308614,0.036646,0.123711,0.03045,0.117807
9285,0.401578,0.044495,0.170692,0.052637,0.133754
9286,0.374518,0.045963,0.141746,0.064327,0.122482
9287,0.395698,0.04412,0.149478,0.062333,0.139767
9288,0.440508,0.036084,0.222726,0.05585,0.125848
9289,0.409798,0.037922,0.181136,0.064233,0.126507
9290,0.4309,0.044463,0.21011,0.05544,0.120887
9291,0.3791,0.037677,0.189269,0.02929,0.122864
9292,0.390596,0.03959,0.184593,0.053926,0.112487
9293,0.613778,0.049718,0.313316,0.078173,0.172571
9294,0.379838,0.0468,0.126506,0.06851,0.138022
9295,0.3482,0.046309,0.128153,0.054766,0.118972
9296,0.39123,0.044693,0.173087,0.053583,0.119867
9297,0.348155,0.036933,0.142253,0.052794,0.116175
9298,0.376876,0.03675,0.185726,0.029257,0.125143
9299,0.424514,0.04354,0.204671,0.055594,0.120709
9300,0.402405,0.03936,0.156826,0.057477,0.148742
9301,0.500636,0.053731,0.273466,0.05412,0.119319
9302,0.66112,0.041157,0.472033,0.029483,0.118447
9303,0.36012,0.04492,0.167431,0.027593,0.120176
9304,0.544485,0.058194,0.33043,0.030616,0.125245
9305,0.390223,0.03697,0.161927,0.054387,0.136939
9306,0.367593,0.035967,0.147943,0.056637,0.127046
9307,0.51865,0.03782,0.288718,0.053237,0.138875
9308,0.34657,0.040876,0.143407,0.028343,0.133944
9309,0.3465,0.042997,0.157154,0.0268,0.119549
9310,0.48338,0.044629,0.28653,0.02874,0.123481
9311,0.33205,0.038717,0.108155,0.02818,0.156998
9312,0.333065,0.031325,0.119927,0.055327,0.126486
9313,0.621113,0.053268,0.394158,0.05653,0.117157
9314,0.36341,0.044236,0.14742,0.053397,0.118357
9315,0.564625,0.05526,0.263147,0.07768,0.168538
9316,0.408073,0.058794,0.136844,0.085437,0.126998
9317,0.372703,0.061786,0.134925,0.053007,0.122985
9318,0.415195,0.067193,0.17029,0.06249,0.115222
9319,0.498657,0.035493,0.240688,0.05543,0.167046
9320,0.534393,0.027182,0.301468,0.0547,0.151043
9321,0.45537,0.035828,0.252293,0.05404,0.113209
9322,0.469913,0.032397,0.233635,0.054694,0.149187
9323,0.41867,0.033356,0.18788,0.055573,0.141861
9324,0.453453,0.058079,0.234523,0.035543,0.125308
9325,0.50865,0.06315,0.270299,0.05295,0.122251
9326,0.424672,0.062101,0.200213,0.05337,0.108988
9327,0.343368,0.033356,0.140432,0.053393,0.116187
9328,0.502018,0.04149,0.277843,0.053414,0.129271
9329,0.51155,0.041027,0.294554,0.053546,0.122423
9330,0.339867,0.042527,0.118367,0.05379,0.125183
9331,0.531232,0.0601,0.287023,0.055417,0.128692
9332,0.55618,0.042546,0.310091,0.058563,0.14498
9333,0.748295,0.056249,0.511899,0.054656,0.125491
9334,0.770705,0.065293,0.500983,0.055634,0.148795
9335,0.558155,0.072507,0.290834,0.063813,0.131001
9336,0.41854,0.063497,0.178983,0.056477,0.119583
9337,0.70781,0.070716,0.47063,0.05264,0.113824
9338,0.471165,0.060221,0.1796,0.054597,0.176747
9339,0.730774,0.058854,0.467159,0.05449,0.150271
9340,0.395912,0.061393,0.15597,0.05527,0.123279
9341,0.531022,0.091547,0.264906,0.02876,0.145809
9342,0.65087,0.053627,0.38488,0.053957,0.158406
9343,0.39161,0.038026,0.174384,0.05572,0.12348
9344,0.355465,0.04127,0.136967,0.053483,0.123745
9345,0.80506,0.045605,0.583474,0.054357,0.121624
9346,0.429863,0.041594,0.207579,0.054226,0.126464
9347,0.341385,0.03249,0.15001,0.0276,0.131285
9348,0.33943,0.04053,0.117087,0.05356,0.128253
9349,0.33021,0.03824,0.101944,0.05275,0.137276
9350,0.502717,0.044029,0.266811,0.05371,0.138167
9351,0.610482,0.04688,0.383391,0.05372,0.126491
9352,0.340073,0.036197,0.135085,0.054926,0.113865
9353,0.39401,0.037424,0.186961,0.053536,0.116089
9354,0.409553,0.0454,0.209597,0.029566,0.12499
9355,0.354708,0.042978,0.133889,0.054676,0.123165
9356,0.421666,0.039174,0.182396,0.06799,0.132106
9357,0.379257,0.043482,0.155917,0.053747,0.126111
9358,0.336297,0.040663,0.116744,0.053977,0.124913
9359,0.32889,0.040943,0.101776,0.059067,0.127104
9360,0.358393,0.03673,0.12534,0.056343,0.13998
9361,0.444961,0.041856,0.196657,0.0539,0.152548
9362,0.44081,0.042727,0.213886,0.05395,0.130247
9363,0.445383,0.044127,0.230377,0.03172,0.139159
9364,0.45212,0.03912,0.245807,0.029026,0.138167
9365,0.432232,0.03543,0.224224,0.054566,0.118012
9366,0.432143,0.037622,0.197139,0.064103,0.133279
9367,0.54877,0.040003,0.328026,0.05243,0.128311
9368,0.401944,0.042375,0.176528,0.053836,0.129205
9369,0.52129,0.038433,0.300458,0.052844,0.129555
9370,0.42263,0.041433,0.196908,0.054433,0.129856
9371,0.494024,0.0414,0.281214,0.054634,0.116776
9372,0.38847,0.035823,0.182206,0.054976,0.115465
9373,0.397557,0.040057,0.167756,0.05443,0.135314
9374,0.328413,0.04145,0.105616,0.054384,0.126963
9375,0.389135,0.047044,0.173729,0.054174,0.114188
9376,0.479432,0.043674,0.267228,0.054494,0.114036
9377,0.407628,0.038473,0.191873,0.053156,0.124126
9378,0.369006,0.040485,0.127281,0.053923,0.147317
9379,0.596958,0.041604,0.359182,0.05398,0.142192
9380,0.430144,0.04444,0.208457,0.054457,0.12279
9381,0.504332,0.0344,0.273584,0.054707,0.141641
9382,0.344878,0.057402,0.110358,0.055467,0.121651
9383,0.55589,0.058935,0.30613,0.056166,0.134659
9384,0.490822,0.061422,0.259652,0.054967,0.114781
9385,0.448575,0.084894,0.1885,0.052694,0.122487
9386,0.42438,0.074607,0.184213,0.056663,0.108897
9387,0.429988,0.05521,0.202331,0.054633,0.117814
9388,0.584876,0.091924,0.255836,0.057986,0.17913
9389,0.516988,0.061937,0.287026,0.054137,0.113888
9390,0.428865,0.060444,0.199731,0.054643,0.114047
9391,0.449758,0.035536,0.245529,0.052886,0.115807
9392,0.394602,0.06393,0.193265,0.027853,0.109554
9393,0.430675,0.053517,0.185096,0.064573,0.127489
9394,0.42529,0.05873,0.181349,0.05628,0.128931
9395,0.421566,0.08513,0.157803,0.0525,0.126133
9396,0.516003,0.066173,0.229914,0.056167,0.163749
9397,0.410542,0.063776,0.162863,0.057434,0.126469
9398,0.401325,0.059335,0.163769,0.055444,0.122777
9399,0.327513,0.045235,0.114175,0.054427,0.113676
9400,0.634955,0.058947,0.384384,0.068956,0.122668
9401,0.403955,0.064884,0.173723,0.05235,0.112998
9402,0.47638,0.060398,0.232686,0.058776,0.12452
9403,0.46546,0.05432,0.235623,0.052467,0.12305
9404,0.401845,0.0699,0.163677,0.054563,0.113705
9405,0.495938,0.08263,0.19423,0.06585,0.153228
9406,0.399585,0.067783,0.161603,0.053956,0.116243
9407,0.823865,0.062367,0.460886,0.085957,0.214655
9408,0.50475,0.051915,0.214227,0.0757,0.162908
9409,0.599245,0.065525,0.327299,0.055384,0.151037
9410,0.609912,0.052836,0.374147,0.033707,0.149222
9411,0.453894,0.042723,0.2144,0.05548,0.141291
9412,0.417727,0.04216,0.171273,0.058606,0.145688
9413,0.376983,0.039293,0.146226,0.051836,0.139628
9414,0.441177,0.038562,0.216286,0.054824,0.131505
9415,0.381408,0.044114,0.142933,0.052373,0.141988
9416,0.567563,0.04409,0.338208,0.05365,0.131615
9417,0.397984,0.03706,0.173275,0.05188,0.135769
9418,0.405216,0.042464,0.15731,0.054834,0.150608
9419,0.382763,0.040894,0.161588,0.053516,0.126765
9420,0.390725,0.039533,0.1567,0.055677,0.138815
9421,0.418003,0.04156,0.197954,0.053073,0.125416
9422,0.376725,0.036363,0.156133,0.058827,0.125402
9423,0.406855,0.035038,0.199776,0.056243,0.115798
9424,0.34041,0.039147,0.107139,0.055197,0.138927
9425,0.352588,0.039246,0.133747,0.052677,0.126918
9426,0.490435,0.041217,0.243904,0.07533,0.129984
9427,0.436907,0.04298,0.208019,0.052854,0.133054
9428,0.389993,0.042927,0.167177,0.053944,0.125945
9429,0.4561,0.036394,0.233932,0.05282,0.132954
9430,0.511308,0.03758,0.313867,0.028903,0.130958
9431,0.348587,0.038613,0.126359,0.05241,0.131205
9432,0.39339,0.042659,0.168099,0.055497,0.127135
9433,0.396452,0.032503,0.177912,0.05414,0.131897
9434,0.41029,0.038526,0.197594,0.055413,0.118757
9435,0.350308,0.039393,0.136564,0.052647,0.121704
9436,0.492507,0.041824,0.270311,0.05467,0.125702
9437,0.37605,0.040885,0.155278,0.029743,0.150144
9438,0.358218,0.03738,0.134844,0.05563,0.130364
9439,0.33465,0.042869,0.116397,0.053246,0.122138
9440,0.32037,0.035396,0.11198,0.052743,0.120251
9441,0.361246,0.046713,0.144084,0.05232,0.118129
9442,0.666448,0.043347,0.469427,0.03362,0.120054
9443,0.398123,0.037422,0.17575,0.052217,0.132734
9444,0.422688,0.041334,0.227624,0.029023,0.124707
9445,0.33857,0.039427,0.124737,0.05153,0.122876
9446,0.483,0.05006,0.252821,0.055503,0.124616
9447,0.389715,0.037943,0.173391,0.053417,0.124964
9448,0.384018,0.042548,0.155614,0.056137,0.129719
9449,0.426918,0.039087,0.199764,0.053534,0.134533
9450,0.436988,0.042438,0.21704,0.053287,0.124223
9451,0.366308,0.035587,0.14548,0.028687,0.156554
9452,0.358913,0.043013,0.134661,0.05414,0.127099
9453,0.421168,0.037407,0.199069,0.056824,0.127868
9454,0.510288,0.031958,0.29336,0.056866,0.128104
9455,0.398815,0.0873,0.120847,0.052796,0.137872
9456,0.477288,0.09126,0.204964,0.053067,0.127997
9457,0.454432,0.058754,0.222839,0.05294,0.119899
9458,0.342404,0.070262,0.133041,0.028463,0.110638
9459,0.402734,0.03814,0.174814,0.052073,0.137707
9460,0.344376,0.031879,0.127919,0.053446,0.131132
9461,0.486607,0.039578,0.260929,0.05303,0.13307
9462,0.385574,0.029624,0.158837,0.052516,0.144597
9463,0.519904,0.072564,0.237113,0.05231,0.157917
9464,0.379307,0.056786,0.159041,0.053813,0.109667
9465,0.445606,0.11968,0.134826,0.05664,0.13446
9466,0.358748,0.059364,0.132748,0.05461,0.112026
9467,0.377168,0.062761,0.150941,0.052384,0.111082
9468,0.51267,0.043167,0.282778,0.055873,0.130852
9469,0.404328,0.053716,0.185298,0.05329,0.112024
9470,0.439398,0.062261,0.187374,0.06252,0.127243
9471,0.59698,0.032717,0.382564,0.036707,0.144992
9472,0.479723,0.061685,0.212426,0.06815,0.137462
9473,0.433655,0.065273,0.205673,0.057486,0.105223
9474,0.364138,0.06316,0.129863,0.058197,0.112918
9475,0.462074,0.084096,0.18748,0.06286,0.127638
9476,0.32671,0.057553,0.102267,0.055907,0.110983
9477,0.44004,0.083586,0.183736,0.054713,0.118005
9478,0.651454,0.08701,0.361203,0.057156,0.146085
9479,0.407436,0.039034,0.162404,0.051937,0.154061
9480,0.587888,0.045424,0.312316,0.060983,0.169165
9481,0.4792,0.029945,0.264912,0.057573,0.12677
9482,0.376854,0.030867,0.155721,0.054027,0.136239
9483,0.411389,0.033316,0.177677,0.064807,0.135589
9484,0.37446,0.029825,0.141189,0.0534,0.150046
9485,0.368178,0.060396,0.139785,0.05205,0.115947
9486,0.371162,0.054551,0.141549,0.053743,0.121319
9487,0.425088,0.047372,0.213566,0.05281,0.11134
9488,0.398522,0.038937,0.167217,0.054723,0.137645
9489,0.372515,0.03828,0.155523,0.051697,0.127015
9490,0.45333,0.045406,0.231558,0.05726,0.119106
9491,0.394698,0.04779,0.151273,0.052707,0.142928
9492,0.392061,0.039104,0.157058,0.034746,0.161153
9493,0.689608,0.039514,0.339942,0.056547,0.253605
9494,0.526677,0.045809,0.23089,0.04611,0.203868
9495,0.686635,0.03791,0.326663,0.0573,0.264762
9496,0.487333,0.048533,0.196308,0.064964,0.177528
9497,0.534845,0.049637,0.26422,0.034083,0.186905
9498,0.821061,0.047513,0.556291,0.0352,0.182057
9499,0.448469,0.0393,0.190376,0.033037,0.185756
9500,0.404957,0.041741,0.21343,0.029197,0.120589
9501,0.838123,0.038057,0.605393,0.042847,0.151826
9502,0.501712,0.044388,0.253648,0.034117,0.169559
9503,0.663032,0.034823,0.383986,0.056753,0.18747
9504,0.698582,0.035862,0.348349,0.057547,0.256824
9505,0.414181,0.07891,0.152601,0.035894,0.146776
9506,0.458586,0.058055,0.197061,0.046323,0.157147
9507,0.451,0.039097,0.230265,0.02736,0.154278
9508,0.44376,0.074805,0.186933,0.033317,0.148705
9509,0.681269,0.075163,0.44219,0.035564,0.128352
9510,0.459749,0.071153,0.235508,0.032047,0.121041
9511,0.365051,0.079348,0.154548,0.028676,0.102479
9512,0.37747,0.071593,0.153505,0.034567,0.117805
9513,0.411803,0.081043,0.19359,0.029846,0.107324
9514,0.371352,0.068451,0.163903,0.030733,0.108265
9515,0.349029,0.07442,0.137398,0.029027,0.108184
9516,0.429971,0.069583,0.222396,0.02928,0.108712
9517,0.971864,0.080685,0.760459,0.028366,0.102354
9518,0.454085,0.066967,0.213619,0.03413,0.139369
9519,0.560209,0.051303,0.280221,0.055814,0.172871
9520,0.385397,0.05243,0.103541,0.047706,0.18172
9521,0.464595,0.071578,0.236242,0.02828,0.128495
9522,0.327832,0.070116,0.1232,0.029904,0.104612
9523,0.387579,0.039206,0.175637,0.031903,0.140833
9524,0.90523,0.06971,0.67542,0.051837,0.108263
9525,0.501045,0.04032,0.261139,0.03335,0.166236
9526,0.441443,0.058043,0.225372,0.03146,0.126568
9527,0.371045,0.086725,0.145569,0.031657,0.107094
9528,0.354589,0.06481,0.136731,0.033886,0.119162
9529,0.323825,0.060454,0.131946,0.02681,0.104615
9530,0.40965,0.074777,0.192709,0.02997,0.112194
9531,0.53456,0.078323,0.311431,0.041264,0.103542
9532,0.407669,0.066129,0.196236,0.039597,0.105707
9533,0.558837,0.09426,0.206254,0.06582,0.192503
9534,0.444187,0.09375,0.181462,0.044407,0.124568
9535,0.522339,0.095033,0.238376,0.03341,0.15552
9536,0.346633,0.070113,0.1353,0.03248,0.10874
9537,0.387896,0.0753,0.177325,0.029907,0.105364
9538,0.454628,0.093114,0.201242,0.027864,0.132408
9539,0.365209,0.077266,0.127126,0.03184,0.128977
9540,0.443333,0.057018,0.224209,0.042884,0.119222
9541,0.389192,0.06119,0.186329,0.02732,0.114353
9542,0.46148,0.089457,0.207494,0.045947,0.118582
9543,0.504786,0.066593,0.29634,0.028577,0.113276
9544,0.337103,0.056337,0.109088,0.030387,0.141291
9545,0.542695,0.064336,0.208181,0.07474,0.195438
9546,0.427456,0.090307,0.157384,0.04536,0.134405
9547,0.61336,0.086787,0.293301,0.055637,0.177635
9548,0.49487,0.093824,0.219852,0.055583,0.125611
9549,0.763101,0.09498,0.480914,0.038433,0.148774
9550,0.400506,0.062378,0.183081,0.03215,0.122897
9551,0.581915,0.059141,0.292004,0.0555,0.17527
9552,0.3584,0.068788,0.115768,0.045066,0.128778
9553,0.495453,0.07962,0.264763,0.031233,0.119837
9554,0.419648,0.067904,0.216313,0.031313,0.104118
9555,0.424407,0.045171,0.218599,0.030813,0.129824
9556,0.429075,0.071594,0.214538,0.034436,0.108507
9557,0.374232,0.070469,0.171139,0.02627,0.106354
9558,0.326243,0.048293,0.124464,0.028814,0.124672
9559,0.422954,0.071903,0.218385,0.031694,0.100972
9560,0.843566,0.070397,0.628885,0.030353,0.113931
9561,0.56489,0.072709,0.328815,0.029703,0.133663
9562,0.448488,0.06585,0.227845,0.036187,0.118606
9563,0.766661,0.071193,0.448607,0.05745,0.189411
9564,0.579709,0.073956,0.248822,0.06167,0.195261
9565,0.387726,0.048054,0.153192,0.02742,0.15906
9566,0.379285,0.079429,0.156949,0.029374,0.113533
9567,0.42584,0.043457,0.199609,0.027257,0.155517
9568,0.800037,0.074656,0.526937,0.03526,0.163184
9569,0.58328,0.037966,0.3885,0.026953,0.129861
9570,0.353802,0.044549,0.137192,0.028276,0.143785
9571,0.59139,0.039913,0.299517,0.055603,0.196357
9572,0.40772,0.077234,0.164565,0.046844,0.119077
9573,0.399798,0.055727,0.185788,0.028156,0.130127
9574,0.514579,0.046169,0.297926,0.03346,0.137024
9575,0.316395,0.071863,0.109456,0.03017,0.104906
9576,0.459853,0.066734,0.255401,0.030463,0.107255
9577,0.311117,0.073982,0.106765,0.02889,0.10148
9578,0.391875,0.065763,0.180926,0.02967,0.115516
9579,0.342742,0.047785,0.130934,0.02849,0.135533
9580,0.373643,0.076177,0.163001,0.02895,0.105515
9581,0.392105,0.080289,0.180216,0.031857,0.099743
9582,0.560871,0.073064,0.354877,0.027934,0.104996
9583,0.495339,0.071196,0.295798,0.028083,0.100262
9584,0.330341,0.068694,0.132762,0.03115,0.097735
9585,0.342971,0.045687,0.135918,0.030037,0.131329
9586,0.410968,0.0699,0.193417,0.029536,0.118115
9587,0.369497,0.073448,0.166711,0.029,0.100338
9588,0.377603,0.06401,0.169708,0.030014,0.113871
9589,0.327987,0.072611,0.121513,0.028696,0.105167
9590,0.381002,0.070297,0.17819,0.030477,0.102038
9591,0.419168,0.075776,0.167303,0.031624,0.144465
9592,0.705855,0.082735,0.418241,0.0346,0.170279
9593,0.644627,0.09004,0.325393,0.05716,0.172034
9594,0.541265,0.088486,0.219021,0.065667,0.168091
9595,0.508782,0.083403,0.185954,0.034116,0.205309
9596,0.583168,0.06016,0.214128,0.056194,0.252686
9597,0.641363,0.104349,0.260578,0.04537,0.231066
9598,0.498104,0.08552,0.180566,0.045267,0.186751
9599,0.633233,0.05684,0.254039,0.05625,0.266104
9600,0.505307,0.061802,0.238436,0.0596,0.145469
9601,0.533312,0.06039,0.23548,0.058406,0.179036
9602,0.529485,0.083734,0.253863,0.04707,0.144818
9603,0.684397,0.055547,0.396543,0.056683,0.175624
9604,0.569949,0.090173,0.209925,0.066427,0.203424
9605,0.613988,0.11687,0.22088,0.05659,0.219648
9606,0.533655,0.094769,0.17395,0.055987,0.208949
9607,0.5313,0.114449,0.183134,0.032106,0.201611
9608,0.709621,0.10342,0.308213,0.055617,0.242371
9609,0.667387,0.074033,0.25382,0.056127,0.283407
9610,0.660216,0.089158,0.267505,0.055783,0.24777
9611,0.749064,0.11302,0.33931,0.05595,0.240784
9612,0.637714,0.084647,0.287421,0.06382,0.201826
9613,0.586937,0.050123,0.19762,0.055673,0.283521
9614,0.985155,0.062404,0.66545,0.045444,0.211857
9615,0.540168,0.07883,0.222893,0.04178,0.196665
9616,1.32466,0.067007,0.98939,0.0595,0.208768
9617,0.622972,0.081716,0.219499,0.07879,0.242967
9618,0.556607,0.078146,0.18624,0.070033,0.222188
9619,0.777157,0.079029,0.446923,0.059917,0.191288
9620,0.666596,0.08542,0.352666,0.03207,0.19644
9621,0.758393,0.08549,0.35172,0.078294,0.242889
9622,0.584993,0.080425,0.206663,0.077713,0.220192
9623,0.697341,0.069673,0.34042,0.078643,0.208605
9624,0.819329,0.058493,0.499661,0.071534,0.189641
9625,0.515565,0.079616,0.182137,0.05477,0.199042
9626,0.806587,0.047058,0.446143,0.055796,0.25759
9627,0.542714,0.07298,0.263926,0.054424,0.151384
9628,0.585355,0.045711,0.29408,0.05595,0.189614
9629,0.407314,0.07195,0.152916,0.05385,0.128598
9630,0.432488,0.033913,0.171407,0.055407,0.171761
9631,0.509744,0.070125,0.186456,0.076827,0.176336
9632,0.525472,0.08067,0.201207,0.078703,0.164892
9633,0.494405,0.075938,0.218133,0.05585,0.144484
9634,0.464763,0.07452,0.178803,0.05588,0.15556
9635,0.455997,0.042511,0.220865,0.05434,0.138281
9636,0.535083,0.047617,0.271624,0.055687,0.160155
9637,0.382864,0.042478,0.142723,0.053147,0.144516
9638,0.393619,0.036883,0.17322,0.053957,0.129559
9639,0.552997,0.07452,0.302264,0.05354,0.122673
9640,0.365437,0.073267,0.11284,0.05515,0.12418
9641,0.3738,0.043507,0.12762,0.05365,0.149023
9642,0.355611,0.065267,0.135911,0.034374,0.120059
9643,0.742544,0.04673,0.47506,0.054,0.166754
9644,0.695698,0.075467,0.412294,0.05444,0.153497
9645,0.556861,0.074096,0.23179,0.077574,0.173401
9646,0.533309,0.07377,0.24422,0.070433,0.144886
9647,0.573802,0.084146,0.224797,0.030396,0.234463
9648,0.490506,0.058193,0.206383,0.054736,0.171194
9649,0.608403,0.059636,0.217485,0.07758,0.253702
9650,0.642255,0.072597,0.232485,0.073387,0.263786
9651,0.601976,0.088123,0.288917,0.055133,0.169803
9652,0.537835,0.062944,0.251083,0.055576,0.168232
9653,0.701792,0.1139,0.28866,0.07813,0.221102
9654,0.683101,0.087191,0.349201,0.07604,0.170669
9655,0.600712,0.05598,0.263076,0.085277,0.196379
9656,0.534203,0.088864,0.144752,0.08361,0.216977
9657,0.489855,0.072427,0.202973,0.055896,0.158559
9658,1.04721,0.084804,0.659078,0.054184,0.24914
9659,0.512309,0.057663,0.213807,0.06246,0.178379
9660,0.558528,0.05613,0.237617,0.064596,0.200185
9661,0.86739,0.054083,0.536124,0.052337,0.224846
9662,0.566961,0.058816,0.251104,0.055053,0.201988
9663,0.562635,0.059532,0.184627,0.077973,0.240503
9664,0.540966,0.0886,0.208979,0.07648,0.166907
9665,0.596723,0.091071,0.297344,0.05403,0.154278
9666,0.467182,0.060033,0.222774,0.03155,0.152825
9667,0.507171,0.092762,0.198194,0.065934,0.150281
9668,0.448957,0.065713,0.19663,0.055909,0.130705
9669,0.479472,0.053107,0.234813,0.052754,0.138798
9670,0.503661,0.06375,0.263273,0.055673,0.120965
9671,0.458376,0.08371,0.170124,0.053014,0.151528
9672,0.414699,0.067997,0.185023,0.03153,0.130149
9673,0.549066,0.080486,0.265335,0.054687,0.148558
9674,0.482198,0.078213,0.20063,0.055653,0.147702
9675,0.663838,0.074282,0.377756,0.06445,0.14735
9676,0.5206,0.07221,0.26781,0.062623,0.117957
9677,0.559982,0.043878,0.245007,0.077947,0.19315
9678,0.434014,0.04739,0.164,0.068207,0.154417
9679,0.590357,0.071864,0.275544,0.077356,0.165593
9680,0.860811,0.076654,0.543217,0.070426,0.170514
9681,0.753828,0.0708,0.431164,0.05508,0.196784
9682,0.448987,0.065553,0.166447,0.07437,0.142617
9683,0.614251,0.048249,0.179849,0.08545,0.300703
9684,0.575522,0.055447,0.218875,0.085677,0.215523
9685,0.461251,0.077778,0.164906,0.05334,0.165227
9686,0.583962,0.068344,0.280593,0.056087,0.178938
9687,0.752003,0.072107,0.45778,0.06251,0.159606
9688,0.928472,0.053474,0.579652,0.078347,0.216999
9689,0.643166,0.077722,0.266986,0.08723,0.211228
9690,0.601898,0.047836,0.188318,0.085663,0.280081
9691,0.584945,0.08551,0.203573,0.06743,0.228432
9692,0.477966,0.068558,0.182753,0.046883,0.179772
9693,0.526291,0.071946,0.168964,0.056053,0.229328
9694,0.601229,0.049011,0.242122,0.063724,0.246372
9695,0.648379,0.068363,0.307687,0.055043,0.217286
9696,0.554632,0.051426,0.251626,0.055246,0.196334
9697,0.52624,0.072456,0.274403,0.033843,0.145538
9698,0.562955,0.075989,0.285102,0.056233,0.145631
9699,0.427491,0.07398,0.173986,0.060317,0.119208
9700,0.437645,0.06551,0.193987,0.05745,0.120698
9701,0.563008,0.079808,0.313886,0.054023,0.115291
9702,0.46599,0.041127,0.201065,0.05376,0.170038
9703,0.511786,0.056867,0.24756,0.055727,0.151632
9704,0.730811,0.089784,0.408868,0.06521,0.166949
9705,0.534823,0.062739,0.282014,0.05385,0.13622
9706,0.516954,0.06229,0.231539,0.05706,0.166065
9707,0.545405,0.06642,0.265327,0.052887,0.160771
9708,0.458152,0.08474,0.209649,0.030447,0.133316
9709,0.432397,0.068187,0.190691,0.05379,0.119729
9710,0.5476,0.058671,0.30166,0.06126,0.126009
9711,0.527176,0.08669,0.225997,0.059893,0.154596
9712,0.451082,0.060031,0.210601,0.054467,0.125983
9713,0.446661,0.062124,0.20807,0.06268,0.113787
9714,0.461208,0.081303,0.179234,0.036647,0.164024
9715,0.540648,0.062271,0.302289,0.05233,0.123758
9716,0.406022,0.05948,0.175044,0.056273,0.115225
9717,0.50636,0.087495,0.231717,0.061967,0.125181
9718,0.383947,0.063186,0.143147,0.062363,0.115251
9719,0.540315,0.079504,0.27077,0.05314,0.136901
9720,0.438138,0.09197,0.163266,0.02997,0.152932
9721,0.604664,0.069455,0.258993,0.079454,0.196762
9722,0.565263,0.089354,0.258074,0.068694,0.149141
9723,0.69384,0.078003,0.356596,0.079363,0.179878
9724,0.470291,0.087543,0.16678,0.076253,0.139715
9725,0.57008,0.067894,0.318997,0.054817,0.128372
9726,0.934752,0.072553,0.587244,0.056993,0.217962
9727,0.600333,0.051742,0.242818,0.065577,0.240196
9728,0.813107,0.06148,0.46389,0.06204,0.225697
9729,0.452606,0.085096,0.150208,0.054033,0.163269
9730,0.454074,0.081853,0.176589,0.058257,0.137375
9731,0.868388,0.063695,0.455245,0.104687,0.244761
9732,0.474174,0.100646,0.16261,0.06933,0.141588
9733,0.662667,0.079945,0.264167,0.08672,0.231835
9734,0.529681,0.074224,0.180563,0.07863,0.196264
9735,0.620957,0.049064,0.290356,0.055744,0.225793
9736,0.53499,0.069817,0.254453,0.066953,0.143767
9737,0.55469,0.077553,0.220182,0.078103,0.178852
9738,0.730794,0.078273,0.414297,0.07137,0.166854
9739,0.525462,0.058126,0.272703,0.054927,0.139706
9740,0.39996,0.073926,0.13635,0.064484,0.1252
9741,0.483254,0.077773,0.201099,0.053877,0.150505
9742,0.457149,0.071353,0.204843,0.057353,0.1236
9743,0.780435,0.075769,0.505583,0.05473,0.144353
9744,0.433563,0.066377,0.166583,0.054743,0.14586
9745,0.511235,0.074953,0.255164,0.061234,0.119884
9746,0.548403,0.045484,0.308103,0.055594,0.139222
9747,0.444346,0.073044,0.203806,0.053436,0.11406
9748,0.538717,0.06483,0.272666,0.05533,0.145891
9749,0.45688,0.076409,0.206876,0.05438,0.119215
9750,0.460038,0.0655,0.211674,0.05812,0.124744
9751,0.529943,0.065833,0.260087,0.05882,0.145203
9752,0.622457,0.04594,0.337885,0.07188,0.166752
9753,0.675704,0.075847,0.392566,0.055067,0.152224
9754,0.386618,0.07088,0.117163,0.063733,0.134842
9755,0.52837,0.074803,0.20381,0.06238,0.187377
9756,0.431758,0.070029,0.147173,0.062093,0.152463
9757,0.454859,0.07683,0.19217,0.05378,0.132079
9758,0.690181,0.049566,0.37031,0.053637,0.216668
9759,0.54496,0.07279,0.265746,0.053917,0.152507
9760,0.564795,0.070168,0.280653,0.062583,0.151391
9761,0.42364,0.066644,0.178517,0.060924,0.117555
9762,0.512848,0.04433,0.220442,0.03143,0.216646
9763,0.431862,0.07217,0.173003,0.060193,0.126496
9764,0.659013,0.065582,0.415535,0.055203,0.122693
9765,0.42793,0.056487,0.195333,0.052883,0.123227
9766,0.47696,0.062651,0.235533,0.054243,0.124533
9767,0.534763,0.05899,0.269173,0.06114,0.14546
9768,0.396587,0.057815,0.152829,0.03549,0.150453
9769,0.558288,0.055104,0.219258,0.086723,0.197203
9770,0.522523,0.091264,0.207692,0.072003,0.151564
9771,0.690616,0.084183,0.338913,0.086176,0.181344
9772,0.585525,0.084829,0.283469,0.076593,0.140634
9773,0.416929,0.056725,0.18211,0.053333,0.124761
9774,0.611707,0.057906,0.323356,0.056077,0.174368
9775,0.729323,0.104203,0.334353,0.078983,0.211784
9776,0.726336,0.090903,0.398426,0.068893,0.168114
9777,0.635956,0.058338,0.223799,0.078357,0.275462
9778,0.558065,0.082114,0.232444,0.047373,0.196134
9779,0.540437,0.06041,0.2067,0.05346,0.219867
9780,0.657864,0.058807,0.34257,0.05446,0.202027
9781,0.769041,0.059627,0.424082,0.05361,0.231722
9782,0.888527,0.082,0.497866,0.080597,0.228064
9783,0.701625,0.048752,0.271801,0.087033,0.294039
9784,0.878635,0.089917,0.48401,0.072073,0.232635
9785,0.642761,0.082926,0.297449,0.055726,0.20666
9786,0.578221,0.092716,0.275561,0.063083,0.146861
9787,0.407123,0.058533,0.178113,0.02789,0.142587
9788,0.611434,0.069079,0.209423,0.078317,0.254615
9789,0.936648,0.089381,0.476643,0.086057,0.284567
9790,0.680108,0.081198,0.293123,0.0705,0.235287
9791,0.544575,0.07408,0.207187,0.057847,0.205461
9792,0.564203,0.07176,0.295771,0.05695,0.139722
9793,0.554595,0.068314,0.282024,0.05778,0.146477
9794,0.513568,0.074457,0.248606,0.064044,0.126461
9795,0.501142,0.044704,0.261194,0.054033,0.141211
9796,0.390437,0.065126,0.151361,0.055743,0.118207
9797,0.498536,0.071451,0.204468,0.061587,0.16103
9798,0.47523,0.050077,0.205379,0.070924,0.14885
9799,0.579757,0.078355,0.231831,0.079107,0.190464
9800,0.58651,0.073116,0.276887,0.083,0.153507
9801,0.506582,0.051913,0.193069,0.09282,0.16878
9802,0.438594,0.077566,0.181887,0.057067,0.122074
9803,0.420685,0.045502,0.180601,0.03017,0.164412
9804,0.413421,0.07429,0.160161,0.05627,0.1227
9805,0.389013,0.044182,0.15301,0.05382,0.138001
9806,0.36224,0.067377,0.122013,0.055113,0.117737
9807,0.838616,0.073891,0.571706,0.064847,0.128172
9808,0.458809,0.073243,0.215414,0.056447,0.113705
9809,0.454749,0.046858,0.217,0.02998,0.160911
9810,0.540368,0.066463,0.28203,0.06657,0.125305
9811,0.510181,0.048184,0.188678,0.0787,0.194619
9812,0.471731,0.048006,0.201624,0.0694,0.152701
9813,0.507189,0.051004,0.270127,0.054974,0.131084
9814,0.516442,0.068283,0.225106,0.064016,0.159037
9815,0.410829,0.07131,0.17511,0.028913,0.135496
9816,0.58368,0.046452,0.364663,0.030314,0.142251
9817,0.420485,0.073173,0.193372,0.029687,0.124253
9818,0.418615,0.076242,0.200147,0.030093,0.112133
9819,0.42449,0.068577,0.205638,0.029063,0.121212
9820,0.359022,0.070146,0.135095,0.031123,0.122658
9821,0.382792,0.077534,0.177925,0.029783,0.09755
9822,0.536928,0.035406,0.347339,0.030234,0.123949
9823,0.434354,0.069344,0.224728,0.027673,0.112609
9824,0.607774,0.046185,0.406968,0.02976,0.124861
9825,0.86368,0.06384,0.57408,0.0555,0.17026
9826,0.57227,0.093916,0.246098,0.05966,0.172596
9827,0.45868,0.06271,0.199524,0.03761,0.158836
9828,0.501662,0.084891,0.249325,0.043537,0.123909
9829,0.416557,0.118343,0.148708,0.029427,0.120079
9830,0.440432,0.061995,0.233756,0.030907,0.113774
9831,0.368493,0.057878,0.16529,0.02799,0.117335
9832,0.488902,0.0673,0.283405,0.030823,0.107374
9833,0.399888,0.047369,0.163219,0.032983,0.156317
9834,0.403357,0.081347,0.185069,0.029127,0.107814
9835,0.464775,0.069186,0.268237,0.028004,0.099348
9836,0.414666,0.04418,0.210442,0.02902,0.131024
9837,0.336507,0.071347,0.129652,0.032287,0.103221
9838,0.434352,0.071527,0.234116,0.029336,0.099373
9839,0.453886,0.061466,0.253956,0.03103,0.107434
9840,0.357586,0.040816,0.158214,0.029173,0.129383
9841,0.633543,0.053045,0.361951,0.05588,0.162667
9842,0.519835,0.092133,0.209864,0.055463,0.162375
9843,0.924571,0.093806,0.57645,0.057197,0.197118
9844,1.30056,0.083725,0.955866,0.056647,0.20432
9845,0.493512,0.091447,0.214796,0.039086,0.148183
9846,0.608909,0.08548,0.327107,0.03661,0.159712
9847,0.543059,0.084104,0.181296,0.07068,0.206979
9848,0.462449,0.086479,0.161142,0.045476,0.169352
9849,0.432786,0.079153,0.192712,0.029303,0.131618
9850,0.454485,0.093743,0.162815,0.046227,0.1517
9851,0.478418,0.072732,0.242171,0.043806,0.119709
9852,0.525017,0.05827,0.322501,0.031357,0.112889
9853,0.373677,0.07327,0.164159,0.02825,0.107998
9854,0.35325,0.041366,0.142175,0.030124,0.139585
9855,0.403315,0.051056,0.19263,0.031633,0.127996
9856,0.304059,0.03696,0.117752,0.028406,0.120941
9857,0.379653,0.077726,0.168909,0.031906,0.101112
9858,0.383808,0.066773,0.16463,0.036266,0.116139
9859,0.463206,0.07068,0.25681,0.02822,0.107496
9860,0.552285,0.071114,0.334443,0.031814,0.114914
9861,0.36877,0.072733,0.160823,0.032833,0.102381
9862,0.408301,0.045224,0.205385,0.032944,0.124748
9863,0.345928,0.067823,0.144261,0.028193,0.105651
9864,0.612427,0.045704,0.414224,0.031537,0.120962
9865,0.42851,0.069056,0.232609,0.028137,0.098708
9866,0.440773,0.071413,0.236757,0.0291,0.103503
9867,0.483898,0.076976,0.276893,0.028636,0.101393
9868,0.448085,0.06497,0.203116,0.061404,0.118595
9869,0.392672,0.04616,0.182765,0.033813,0.129934
9870,0.329778,0.0608,0.127111,0.029337,0.11253
9871,0.335143,0.067777,0.133156,0.035003,0.099207
9872,0.376141,0.056188,0.164333,0.02848,0.12714
9873,0.37508,0.07067,0.174641,0.027846,0.101923
9874,0.641723,0.036024,0.452157,0.033727,0.119815
9875,0.343251,0.08165,0.131603,0.02724,0.102758
9876,0.383088,0.074447,0.176684,0.02788,0.104077
9877,0.446491,0.070933,0.209438,0.033273,0.132847
9878,0.459861,0.043893,0.212221,0.034157,0.16959
9879,0.543294,0.078022,0.33768,0.027433,0.100159
9880,0.633792,0.072574,0.42175,0.029967,0.109501
9881,0.366059,0.045937,0.147231,0.029313,0.143578
9882,0.508523,0.080038,0.185642,0.067136,0.175707
9883,0.384134,0.075282,0.154396,0.037117,0.117339
9884,0.365475,0.04283,0.155056,0.036287,0.131302
9885,0.443272,0.051631,0.235971,0.028203,0.127467
9886,0.39376,0.036173,0.209918,0.027197,0.120472
9887,0.432415,0.072793,0.221416,0.031366,0.10684
9888,0.294181,0.046723,0.089283,0.02795,0.130225
9889,0.480962,0.073454,0.184294,0.055694,0.16752
9890,0.77554,0.07849,0.488014,0.04728,0.161756
9891,0.354765,0.07372,0.125893,0.03402,0.121132
9892,0.399795,0.07832,0.172638,0.034286,0.114551
9893,0.429835,0.064474,0.205603,0.029647,0.130111
9894,0.487104,0.033392,0.269447,0.02999,0.154275
9895,0.394054,0.057707,0.183483,0.0317,0.121164
9896,0.50088,0.065197,0.292005,0.03413,0.109548
9897,0.525155,0.082554,0.272187,0.038667,0.131747
9898,0.404843,0.06168,0.209025,0.02817,0.105968
9899,0.393203,0.094255,0.164277,0.027137,0.107534
9900,0.380952,0.081047,0.12382,0.037006,0.139079
9901,0.412446,0.062524,0.196335,0.03354,0.120047
9902,0.795747,0.088853,0.470698,0.056227,0.179969
9903,0.397101,0.085746,0.140292,0.046093,0.12497
9904,0.711938,0.068817,0.484665,0.032533,0.125923
9905,0.425445,0.072104,0.169841,0.043127,0.140373
9906,0.538357,0.072779,0.225247,0.036687,0.203644
9907,0.41116,0.085457,0.169991,0.027183,0.128529
9908,0.442067,0.096388,0.195499,0.03051,0.11967
9909,0.44123,0.055266,0.186836,0.032453,0.166675
9910,0.737803,0.066356,0.511797,0.03535,0.1243
9911,0.570023,0.084934,0.245618,0.02938,0.210091
9912,0.44438,0.099151,0.194742,0.02804,0.122447
9913,0.42945,0.056993,0.19057,0.0443,0.137587
9914,0.48201,0.061217,0.254614,0.03502,0.131159
9915,0.692376,0.066494,0.46259,0.03422,0.129072
9916,0.47341,0.050814,0.253726,0.035797,0.133073
9917,0.360523,0.063397,0.119421,0.060166,0.117539
9918,0.43577,0.0584,0.229497,0.03224,0.115633
9919,0.551606,0.0622,0.337151,0.03317,0.119085
9920,0.595353,0.089937,0.312074,0.03605,0.157292
9921,0.596356,0.065523,0.367173,0.028737,0.134923
9922,0.379766,0.083316,0.142817,0.034947,0.118686
9923,0.537934,0.079318,0.221096,0.0555,0.18202
9924,0.540963,0.07303,0.25264,0.04824,0.167053
9925,0.691203,0.077343,0.456449,0.036593,0.120818
9926,0.458377,0.0733,0.241773,0.028777,0.114527
9927,0.480463,0.073493,0.243326,0.027314,0.13633
9928,0.460743,0.08226,0.228409,0.030567,0.119507
9929,0.413697,0.079378,0.205396,0.02849,0.100433
9930,0.40929,0.041937,0.16995,0.03386,0.163543
9931,0.347377,0.069922,0.138284,0.027657,0.111514
9932,0.330646,0.07354,0.124446,0.02841,0.10425
9933,0.334167,0.07073,0.131868,0.027447,0.104122
9934,0.378467,0.064704,0.158741,0.03141,0.123612
9935,0.468384,0.047779,0.216317,0.0348,0.169488
9936,0.49498,0.067224,0.276178,0.03574,0.115838
9937,0.438067,0.07008,0.231243,0.02828,0.108464
9938,0.44592,0.075159,0.216943,0.046454,0.107364
9939,0.404477,0.075496,0.186621,0.027617,0.114743
9940,0.482403,0.066463,0.21694,0.049657,0.149343
9941,0.356273,0.082285,0.121131,0.03237,0.120487
9942,0.376813,0.06711,0.166418,0.034376,0.108909
9943,0.374547,0.070744,0.166935,0.02879,0.108078
9944,0.324774,0.038507,0.137385,0.027873,0.121009
9945,0.347503,0.03845,0.150669,0.027663,0.130721
9946,0.38321,0.068847,0.17918,0.029093,0.10609
9947,0.42004,0.053353,0.185486,0.043613,0.137588
9948,0.410577,0.03778,0.197723,0.03418,0.140894
9949,0.364207,0.068613,0.144706,0.029267,0.121621
9950,0.342287,0.076177,0.127733,0.029524,0.108853
9951,0.333873,0.071043,0.128631,0.028293,0.105906
9952,0.57575,0.07601,0.365746,0.02954,0.104454
9953,0.368027,0.067624,0.167982,0.027994,0.104427
9954,0.41193,0.071598,0.197218,0.030197,0.112917
9955,0.38464,0.081533,0.169818,0.02678,0.106509
9956,0.416524,0.045207,0.195195,0.02979,0.146332
9957,0.561097,0.071512,0.262258,0.05715,0.170177
9958,0.459057,0.074554,0.206121,0.046617,0.131765
9959,0.436207,0.043126,0.172028,0.03417,0.186883
9960,0.703527,0.075357,0.472175,0.028683,0.127312
9961,0.399207,0.05314,0.185175,0.027566,0.133326
9962,0.340843,0.06367,0.138252,0.029383,0.109538
9963,0.689234,0.056874,0.346184,0.05784,0.228336
9964,0.60853,0.093894,0.223897,0.05221,0.238529
9965,0.43943,0.069625,0.127099,0.035827,0.206879
9966,0.55871,0.084656,0.186926,0.04681,0.240318
9967,0.74016,0.089743,0.317912,0.057513,0.274992
9968,0.681604,0.071926,0.31708,0.05767,0.234928
9969,0.536207,0.083301,0.152905,0.05869,0.241311
9970,0.47808,0.070812,0.17432,0.053217,0.179731
9971,0.606956,0.046284,0.268824,0.057423,0.234425
9972,0.654063,0.112096,0.30926,0.04904,0.183667
9973,0.575183,0.08743,0.23311,0.056944,0.197699
9974,0.407217,0.061136,0.17306,0.04523,0.127791
9975,0.368087,0.092978,0.131583,0.03222,0.111306
9976,0.35018,0.040466,0.136325,0.02933,0.144059
9977,0.606027,0.069574,0.325967,0.035434,0.175052
9978,0.374593,0.051057,0.171395,0.032994,0.119147
9979,0.504463,0.081602,0.289159,0.0279,0.105802
9980,0.499513,0.096603,0.261314,0.034313,0.107283
9981,0.497093,0.059093,0.261074,0.033737,0.143189
9982,0.520147,0.06464,0.275696,0.032537,0.147274
9983,0.76049,0.059796,0.465497,0.05674,0.178457
9984,0.583013,0.09749,0.271564,0.047467,0.166492
9985,0.68141,0.073416,0.323324,0.057056,0.227614
9986,0.654333,0.10573,0.343007,0.04685,0.158746
9987,0.657154,0.07321,0.328654,0.052676,0.202614
9988,0.52751,0.033157,0.265737,0.031783,0.196833
9989,0.43264,0.04956,0.181787,0.03229,0.169003
9990,0.648203,0.077286,0.353291,0.031287,0.186339
9991,0.50443,0.083491,0.25566,0.029737,0.135542
9992,0.671316,0.067694,0.411124,0.036003,0.156495
9993,0.585037,0.084082,0.27931,0.056216,0.165429
9994,0.576434,0.07248,0.285933,0.04849,0.169531
9995,0.541857,0.078053,0.311069,0.032696,0.120039
9996,0.43127,0.06934,0.217612,0.036296,0.108022
9997,0.43731,0.043711,0.190326,0.043156,0.160117
9998,0.60207,0.07543,0.373561,0.031074,0.122005
9999,0.441117,0.075129,0.211028,0.03259,0.12237
10000,0.49622,0.077847,0.263549,0.03431,0.120514
10001,0.376143,0.046486,0.168264,0.027514,0.133879
10002,0.35174,0.051573,0.13089,0.02952,0.139757
10003,0.33418,0.043522,0.122613,0.02794,0.140105
10004,0.393006,0.072054,0.187182,0.029024,0.104746
10005,0.467697,0.08118,0.257385,0.02766,0.101472
10006,0.413993,0.06868,0.209007,0.029364,0.106942
10007,0.52418,0.077324,0.315364,0.03181,0.099682
10008,0.412297,0.069594,0.18492,0.0469,0.110883
10009,0.42388,0.073685,0.198293,0.02962,0.122282
10010,0.477434,0.072763,0.250741,0.03337,0.12056
10011,0.357736,0.070616,0.144633,0.027843,0.114644
10012,0.348927,0.069927,0.136617,0.03084,0.111543
10013,0.51739,0.050342,0.313906,0.02923,0.123912
10014,0.32984,0.06824,0.122359,0.032113,0.107128
10015,0.48914,0.070589,0.231541,0.042454,0.144556
10016,0.390827,0.042467,0.17874,0.034777,0.134843
10017,0.379707,0.043513,0.154491,0.03188,0.149823
10018,0.420703,0.0831,0.179878,0.029437,0.128288
10019,0.36243,0.077183,0.134991,0.033136,0.11712
10020,0.325283,0.07313,0.114667,0.028686,0.1088
10021,0.34851,0.068613,0.13311,0.02958,0.117207
10022,0.36423,0.045271,0.127519,0.031383,0.160057
10023,0.35292,0.077163,0.121906,0.031417,0.122434
10024,0.468524,0.076718,0.255627,0.02822,0.107959
10025,0.44614,0.038047,0.225479,0.030873,0.151741
10026,0.48599,0.08245,0.243065,0.03769,0.122785
10027,0.429003,0.06858,0.216178,0.039007,0.105238
10028,0.53462,0.069457,0.296054,0.036024,0.133085
10029,0.35605,0.096789,0.103697,0.03232,0.123244
10030,0.420137,0.085366,0.146658,0.03437,0.153743
10031,0.39762,0.09276,0.149778,0.027087,0.127995
10032,0.362716,0.058857,0.165402,0.034336,0.104121
10033,0.53471,0.057041,0.327421,0.02726,0.122988
10034,0.43004,0.09765,0.188158,0.02923,0.115002
10035,0.400123,0.040597,0.13023,0.037973,0.191323
10036,0.524997,0.079333,0.253355,0.04306,0.149249
10037,0.548156,0.095573,0.284857,0.03288,0.134846
10038,0.39089,0.08939,0.154699,0.027733,0.119068
10039,0.47432,0.059333,0.264254,0.03173,0.119003
10040,0.449446,0.052796,0.235458,0.032267,0.128925
10041,0.41193,0.038517,0.157617,0.053856,0.16194
10042,0.392636,0.098036,0.149622,0.028657,0.116321
10043,0.46459,0.10245,0.211511,0.028783,0.121846
10044,0.54033,0.052709,0.296684,0.034286,0.156651
10045,0.393747,0.063223,0.193045,0.03724,0.100239
10046,0.406997,0.083886,0.165091,0.02798,0.13004
10047,0.414097,0.039597,0.193035,0.027363,0.154102
10048,0.409903,0.074334,0.170578,0.028453,0.136538
10049,0.422567,0.057476,0.192831,0.04316,0.1291
10050,0.521274,0.073695,0.278866,0.033263,0.13545
10051,0.527797,0.095183,0.283867,0.027054,0.121693
10052,0.495993,0.056731,0.251938,0.0326,0.154724
10053,0.69146,0.077963,0.442273,0.033923,0.137301
10054,0.384647,0.095043,0.129091,0.04164,0.118873
10055,0.399943,0.07561,0.184313,0.027513,0.112507
10056,0.892906,0.078762,0.60417,0.037763,0.172211
10057,0.504937,0.055193,0.25752,0.045097,0.147127
10058,0.29001,0.037353,0.09474,0.028507,0.12941
10059,0.387483,0.072866,0.180944,0.027873,0.1058
10060,0.488513,0.04638,0.217548,0.033687,0.190898
10061,0.42505,0.067243,0.228304,0.02763,0.101873
10062,0.67688,0.074883,0.463818,0.029163,0.109016
10063,0.490283,0.043194,0.275177,0.04539,0.126522
10064,0.36501,0.03581,0.170487,0.029676,0.129037
10065,0.471367,0.06711,0.220094,0.03359,0.150573
10066,0.508633,0.071493,0.290197,0.028586,0.118357
10067,0.394156,0.071697,0.192178,0.027673,0.102608
10068,0.424544,0.068233,0.2232,0.02891,0.104201
10069,0.397713,0.050242,0.190341,0.027824,0.129306
10070,0.41636,0.07669,0.192439,0.029644,0.117587
10071,0.524124,0.07184,0.197684,0.056557,0.198043
10072,0.661897,0.073346,0.402564,0.047273,0.138714
10073,0.39414,0.073847,0.148267,0.033264,0.138762
10074,0.401543,0.052397,0.199459,0.0338,0.115887
10075,0.46403,0.077824,0.256415,0.02778,0.102011
10076,0.477704,0.090766,0.235708,0.031666,0.119564
10077,0.453453,0.046508,0.245025,0.02943,0.13249
10078,0.479583,0.066103,0.228914,0.035797,0.148769
10079,0.45056,0.044824,0.209007,0.032877,0.163852
10080,0.380127,0.075643,0.166643,0.03094,0.106901
10081,0.431826,0.041262,0.197967,0.03259,0.160007
10082,0.729423,0.07005,0.506077,0.03679,0.116506
10083,0.726743,0.07818,0.407931,0.05972,0.180912
10084,0.578424,0.07523,0.258156,0.054253,0.190785
10085,0.55863,0.051071,0.195591,0.057074,0.254894
10086,0.551314,0.080107,0.1569,0.052253,0.262054
10087,0.726538,0.04448,0.420192,0.038303,0.223563
10088,0.586673,0.08598,0.22373,0.06,0.216963
10089,0.678737,0.070637,0.242883,0.05772,0.307497
10090,0.592656,0.060623,0.269506,0.058553,0.203974
10091,0.552606,0.082071,0.244352,0.042877,0.183306
10092,0.58989,0.07414,0.216174,0.05679,0.242786
10093,0.512743,0.09232,0.211517,0.03762,0.171286
10094,0.517137,0.071614,0.225632,0.040916,0.178975
10095,0.44651,0.055149,0.236766,0.02892,0.125675
10096,0.44661,0.089053,0.207873,0.029057,0.120627
10097,0.405674,0.06892,0.16683,0.038683,0.131241
10098,0.42193,0.081528,0.181387,0.029057,0.129958
10099,0.604567,0.061547,0.388815,0.03363,0.120575
10100,0.49768,0.060666,0.254539,0.042927,0.139548
10101,0.369143,0.060046,0.161098,0.02815,0.119849
10102,0.481847,0.07955,0.198573,0.03644,0.167284
10103,1.04796,0.040074,0.792843,0.038393,0.17665
10104,0.53697,0.071027,0.272668,0.04424,0.149035
10105,0.50479,0.084659,0.2707,0.032297,0.117134
10106,0.582597,0.05785,0.328124,0.036703,0.15992
10107,0.49005,0.10173,0.211547,0.032967,0.143806
10108,0.386984,0.070731,0.17977,0.027787,0.108696
10109,0.58349,0.091148,0.202133,0.057067,0.233142
10110,0.47895,0.082776,0.201022,0.057973,0.137179
10111,0.573667,0.087043,0.29215,0.03348,0.160994
10112,0.485036,0.07759,0.250113,0.039493,0.11784
10113,0.437934,0.095005,0.199749,0.02945,0.11373
10114,0.518833,0.085475,0.184787,0.06534,0.183231
10115,0.571623,0.090086,0.25156,0.043276,0.186701
10116,0.482826,0.072326,0.219374,0.038156,0.15297
10117,0.401914,0.063322,0.190246,0.027547,0.120799
10118,0.416414,0.056203,0.196598,0.03047,0.133143
10119,0.395073,0.04868,0.176226,0.030523,0.139644
10120,0.51996,0.041833,0.218905,0.05562,0.203602
10121,0.75254,0.087556,0.431242,0.056564,0.177178
10122,0.661633,0.074396,0.397,0.04705,0.143187
10123,0.41371,0.074273,0.201643,0.02979,0.108004
10124,0.45612,0.066323,0.183931,0.07958,0.126286
10125,0.741786,0.074672,0.419987,0.03586,0.211267
10126,0.491097,0.070903,0.253533,0.02949,0.137171
10127,0.61173,0.047676,0.23108,0.081273,0.251701
10128,0.64859,0.083717,0.290472,0.046227,0.228174
10129,0.493586,0.049456,0.227085,0.03065,0.186395
10130,0.49336,0.068153,0.266601,0.032967,0.125639
10131,0.548874,0.075667,0.229916,0.06993,0.173361
10132,0.402123,0.040516,0.165519,0.04609,0.149998
10133,0.38241,0.043417,0.162167,0.028883,0.147943
10134,0.40665,0.0678,0.203958,0.031314,0.103578
10135,0.383653,0.070534,0.157639,0.030346,0.125134
10136,0.51359,0.074307,0.280616,0.037016,0.121651
10137,0.355217,0.07046,0.141173,0.03322,0.110364
10138,0.35223,0.079822,0.137004,0.029704,0.1057
10139,0.465597,0.075776,0.232517,0.043054,0.11425
10140,0.35899,0.073096,0.125824,0.029763,0.130307
10141,0.519954,0.075133,0.259064,0.03295,0.152807
10142,0.455197,0.045757,0.231284,0.032516,0.14564
10143,0.37292,0.075251,0.164608,0.028947,0.104114
10144,0.40418,0.06981,0.194707,0.031083,0.10858
10145,0.647513,0.078866,0.384356,0.033893,0.150398
10146,0.471696,0.074347,0.231644,0.030403,0.135302
10147,0.483056,0.044667,0.249297,0.032924,0.156168
10148,0.4319,0.095586,0.193404,0.031187,0.111723
10149,0.33219,0.04444,0.112411,0.028657,0.146682
10150,0.385957,0.071487,0.176447,0.031176,0.106847
10151,0.411,0.074336,0.172974,0.047527,0.116163
10152,0.424247,0.040744,0.198482,0.028194,0.156827
10153,0.506996,0.082761,0.236179,0.032007,0.156049
10154,0.46041,0.07333,0.230411,0.0341,0.122569
10155,0.481646,0.099696,0.225233,0.02709,0.129627
10156,0.525586,0.090327,0.275037,0.036387,0.123835
10157,0.404287,0.05952,0.185881,0.043787,0.115099
10158,0.44865,0.057487,0.238711,0.03939,0.113062
10159,0.349064,0.0573,0.139671,0.031143,0.12095
10160,0.46507,0.061294,0.262633,0.031454,0.109689
10161,0.59407,0.092027,0.263427,0.055897,0.182719
10162,0.812873,0.091844,0.498697,0.048383,0.173949
10163,0.559613,0.056451,0.234943,0.057013,0.211206
10164,0.5743,0.084676,0.225875,0.06766,0.196089
10165,0.48628,0.106327,0.202296,0.042617,0.13504
10166,0.505224,0.08631,0.259744,0.03452,0.12465
10167,0.791063,0.06179,0.485534,0.057927,0.185812
10168,0.426557,0.049847,0.194693,0.044943,0.137074
10169,0.598976,0.06447,0.374596,0.034066,0.125844
10170,0.39878,0.054187,0.164897,0.03246,0.147236
10171,0.535027,0.056113,0.293596,0.032236,0.153082
10172,0.42291,0.064266,0.196203,0.02952,0.132921
10173,0.468386,0.050745,0.243459,0.042464,0.131718
10174,0.49012,0.056668,0.241923,0.04224,0.149289
10175,0.38282,0.058745,0.170596,0.029637,0.123842
10176,0.467327,0.056487,0.222849,0.035384,0.152607
10177,0.416316,0.05396,0.174043,0.027524,0.160789
10178,0.381143,0.052625,0.154173,0.03208,0.142265
10179,0.386307,0.062123,0.17519,0.02672,0.122274
10180,0.45729,0.06038,0.221693,0.041647,0.13357
10181,0.402283,0.033574,0.188395,0.026863,0.153451
10182,0.418173,0.041406,0.180922,0.028244,0.167601
10183,0.43904,0.050085,0.200371,0.02918,0.159404
10184,0.48234,0.039,0.256351,0.034127,0.152862
10185,0.465816,0.035163,0.267296,0.02686,0.136497
10186,0.35996,0.038383,0.165793,0.028447,0.127337
10187,0.391303,0.033473,0.180495,0.026784,0.150551
10188,0.340987,0.035704,0.148883,0.028257,0.128143
10189,0.400227,0.039964,0.186729,0.02897,0.144564
10190,0.46663,0.048955,0.237983,0.037873,0.141819
10191,0.362837,0.042123,0.154235,0.02733,0.139149
10192,0.371546,0.043233,0.155056,0.032023,0.141234
10193,0.409647,0.044202,0.216892,0.027644,0.120909
10194,0.43099,0.046942,0.185706,0.04483,0.153512
10195,0.376737,0.03948,0.158243,0.026886,0.152128
10196,0.435846,0.046209,0.17878,0.035124,0.175733
10197,0.49603,0.035366,0.182226,0.057017,0.221421
10198,0.371667,0.04093,0.139775,0.04561,0.145352
10199,0.374156,0.043273,0.156785,0.02665,0.147448
10200,0.493027,0.044214,0.268181,0.0293,0.151332
10201,0.41043,0.037447,0.191185,0.031647,0.150151
10202,0.522953,0.04258,0.264494,0.027817,0.188062
10203,0.481397,0.039077,0.29651,0.02724,0.11857
10204,0.508763,0.037233,0.311235,0.02802,0.132275
10205,0.444816,0.038257,0.22735,0.026866,0.152343
10206,0.364924,0.04454,0.139029,0.028,0.153355
10207,0.367826,0.03478,0.184065,0.026527,0.122454
10208,0.473086,0.041586,0.246598,0.028384,0.156518
10209,0.84626,0.045516,0.50785,0.05888,0.234014
10210,0.73684,0.088227,0.390428,0.069683,0.188502
10211,0.446356,0.084513,0.184704,0.035513,0.141626
10212,0.518777,0.084338,0.231333,0.05005,0.153056
10213,0.436514,0.054255,0.174417,0.037636,0.170206
10214,0.491614,0.042031,0.19819,0.055524,0.195869
10215,0.45755,0.055181,0.23436,0.03561,0.132399
10216,0.755844,0.045634,0.39592,0.057023,0.257267
10217,0.582187,0.07576,0.250498,0.04026,0.215669
10218,0.59549,0.080757,0.264355,0.049453,0.200925
10219,0.645,0.053497,0.311488,0.056937,0.223078
10220,0.598807,0.052234,0.286051,0.056893,0.203629
10221,0.414523,0.048182,0.173774,0.032406,0.160161
10222,0.602857,0.047907,0.233801,0.05451,0.266639
10223,0.97362,0.091417,0.531187,0.056986,0.29403
10224,0.7597,0.060254,0.309035,0.0572,0.333211
10225,0.7541,0.075424,0.349525,0.056643,0.272508
10226,0.683387,0.060259,0.27714,0.060553,0.285435
10227,0.644243,0.044464,0.268257,0.064983,0.266539
10228,0.612266,0.04512,0.273286,0.05219,0.24167
10229,0.50764,0.049795,0.197524,0.058214,0.202107
10230,0.54894,0.08579,0.25152,0.045963,0.165667
10231,0.43735,0.059546,0.234734,0.034057,0.109013
10232,0.450937,0.119678,0.178777,0.031414,0.121068
10233,0.543404,0.039155,0.211938,0.05671,0.235601
10234,0.483673,0.060204,0.238156,0.045167,0.140146
10235,0.409357,0.052783,0.215816,0.03036,0.110398
10236,0.512441,0.045404,0.2126,0.05581,0.198627
10237,0.84454,0.05425,0.474161,0.057693,0.258436
10238,0.72454,0.088127,0.385497,0.056793,0.194123
10239,0.449437,0.059047,0.189214,0.03558,0.165596
10240,0.618027,0.039387,0.29025,0.05668,0.23171
10241,0.680636,0.072799,0.236161,0.056907,0.314769
10242,0.467063,0.076997,0.170713,0.051163,0.16819
10243,0.594693,0.047696,0.280223,0.055367,0.211407
10244,0.575793,0.049526,0.246039,0.034164,0.246064
10245,0.550707,0.03984,0.251777,0.03304,0.22605
10246,0.523537,0.032926,0.258187,0.034987,0.197437
10247,0.450944,0.046146,0.19121,0.029483,0.184105
10248,0.487904,0.03705,0.231881,0.034287,0.184686
10249,0.578764,0.039058,0.301473,0.05584,0.182393
10250,0.411694,0.04064,0.182213,0.04621,0.142631
10251,0.398736,0.042674,0.179894,0.02953,0.146638
10252,0.503937,0.05595,0.284767,0.029093,0.134127
10253,0.471223,0.040145,0.275951,0.02847,0.126657
10254,0.37906,0.043826,0.159776,0.034947,0.140511
10255,0.30485,0.042537,0.088012,0.026726,0.147575
10256,0.49515,0.044618,0.208052,0.055327,0.187153
10257,0.952443,0.044009,0.659971,0.05571,0.192753
10258,0.51928,0.04274,0.248646,0.055493,0.172401
10259,0.415263,0.046209,0.196748,0.03237,0.139936
10260,0.517387,0.044719,0.19833,0.05657,0.217768
10261,0.400823,0.047727,0.16762,0.038193,0.147283
10262,0.395916,0.043786,0.16756,0.02906,0.15551
10263,0.390387,0.045415,0.193939,0.031547,0.119486
10264,0.412447,0.035837,0.194048,0.047956,0.134606
10265,0.725636,0.037748,0.431385,0.055964,0.200539
10266,0.391767,0.04903,0.14623,0.044837,0.15167
10267,0.697627,0.043635,0.34897,0.05702,0.248002
10268,0.47499,0.044246,0.221423,0.046823,0.162498
10269,0.38619,0.041264,0.1629,0.02811,0.153916
10270,0.433014,0.041766,0.209813,0.045896,0.135539
10271,0.532986,0.053863,0.278099,0.02742,0.173604
10272,0.46433,0.048867,0.212503,0.034697,0.168263
10273,0.395844,0.03328,0.176695,0.02678,0.159089
10274,0.430473,0.0445,0.197438,0.034007,0.154528
10275,0.461113,0.045273,0.233785,0.02673,0.155325
10276,0.65316,0.04443,0.38703,0.036004,0.185696
10277,0.616036,0.045133,0.314634,0.064453,0.191816
10278,0.5666,0.057163,0.23534,0.05725,0.216847
10279,0.406156,0.063567,0.169841,0.032013,0.140735
10280,0.658287,0.049759,0.320984,0.05743,0.230114
10281,0.55623,0.076044,0.296594,0.03201,0.151582
10282,0.387026,0.03871,0.174615,0.030867,0.142834
10283,0.457597,0.052673,0.230672,0.03389,0.140362
10284,0.643513,0.077114,0.353326,0.035963,0.17711
10285,0.441243,0.065367,0.231828,0.02931,0.114738
10286,0.344113,0.060514,0.107338,0.029703,0.146558
10287,0.323137,0.061087,0.105308,0.028354,0.128388
10288,0.39555,0.038867,0.164926,0.03587,0.155887
10289,0.611334,0.064513,0.271066,0.056157,0.219598
10290,0.442457,0.044161,0.20559,0.045156,0.14755
10291,0.650821,0.060437,0.292974,0.05701,0.2404
10292,0.46043,0.06429,0.200894,0.046657,0.148589
10293,0.748143,0.048573,0.406907,0.056817,0.235846
10294,0.466086,0.051367,0.187017,0.058913,0.168789
10295,0.384373,0.051478,0.175464,0.02814,0.129291
10296,0.58147,0.07563,0.263027,0.055574,0.187239
10297,0.3932,0.073952,0.156001,0.037113,0.126134
10298,0.393624,0.061114,0.178834,0.033604,0.120072
10299,0.459916,0.04047,0.241216,0.02751,0.15072
10300,0.496386,0.059077,0.242097,0.03378,0.161432
10301,0.644593,0.088123,0.387426,0.03455,0.134494
10302,0.460786,0.061083,0.248343,0.029936,0.121424
10303,0.620176,0.061403,0.327558,0.05533,0.175885
10304,0.60088,0.087564,0.263048,0.059663,0.190605
10305,0.576287,0.064851,0.261092,0.036347,0.213997
10306,0.50551,0.082591,0.198904,0.050237,0.173778
10307,0.68261,0.085953,0.263284,0.05791,0.275463
10308,0.617413,0.087352,0.251467,0.050007,0.228587
10309,0.52705,0.044109,0.223667,0.0561,0.203174
10310,0.488,0.04863,0.187471,0.065087,0.186812
10311,0.504713,0.053168,0.200126,0.056677,0.194742
10312,0.804186,0.048206,0.529681,0.045744,0.180555
10313,0.733523,0.042922,0.43656,0.061063,0.192978
10314,0.505966,0.035607,0.21111,0.056666,0.202583
10315,0.42441,0.048282,0.187603,0.03319,0.155335
10316,0.532897,0.044483,0.221377,0.057537,0.2095
10317,0.752457,0.042475,0.447767,0.05716,0.205055
10318,0.425687,0.04777,0.170816,0.045733,0.161368
10319,0.41055,0.038122,0.211293,0.030584,0.130551
10320,0.574643,0.066167,0.195656,0.060003,0.252817
10321,0.438554,0.080098,0.176845,0.03508,0.146531
10322,0.51761,0.041247,0.228682,0.056914,0.190767
10323,0.585993,0.067056,0.285183,0.056013,0.177741
10324,0.43383,0.037989,0.18072,0.05592,0.159201
10325,0.62978,0.050693,0.290297,0.05736,0.23143
10326,0.432967,0.056031,0.184434,0.04617,0.146332
10327,0.582474,0.047356,0.29147,0.055713,0.187935
10328,0.528993,0.043245,0.224597,0.047533,0.213618
10329,0.615346,0.0429,0.30797,0.056623,0.207853
10330,0.389277,0.047903,0.143148,0.045946,0.15228
10331,0.78432,0.042304,0.480039,0.0563,0.205677
10332,0.624637,0.078948,0.268993,0.057707,0.218989
10333,0.53897,0.046931,0.210204,0.056927,0.224908
10334,0.439037,0.04855,0.183343,0.045163,0.161981
10335,0.523053,0.048965,0.207375,0.05564,0.211073
10336,0.54291,0.044454,0.231657,0.055627,0.211172
10337,0.54654,0.069298,0.221763,0.05606,0.199419
10338,0.403823,0.043983,0.156093,0.04637,0.157377
10339,0.368473,0.060848,0.154201,0.028177,0.125247
10340,0.507094,0.055316,0.158193,0.051326,0.242259
10341,0.572194,0.049597,0.366595,0.030353,0.125649
10342,0.455927,0.062432,0.235013,0.02882,0.129662
10343,0.625534,0.0609,0.38619,0.031073,0.147371
10344,0.490364,0.082404,0.244795,0.032183,0.130982
10345,0.334003,0.066302,0.122416,0.026557,0.118728
10346,0.48616,0.045596,0.247911,0.031767,0.160886
10347,0.440416,0.055184,0.167419,0.03464,0.183173
10348,0.52385,0.082166,0.230286,0.048983,0.162415
10349,0.701747,0.055526,0.39504,0.05899,0.192191
10350,0.438763,0.054918,0.191907,0.045984,0.145954
10351,0.41702,0.059417,0.214796,0.031774,0.111033
10352,0.374636,0.04363,0.173319,0.031284,0.126403
10353,0.374164,0.047517,0.168726,0.029823,0.128098
10354,0.61971,0.0638,0.260173,0.058353,0.237384
10355,0.525503,0.061943,0.252867,0.036493,0.1742
10356,0.578974,0.04706,0.310893,0.045073,0.175948
10357,0.693763,0.074348,0.454801,0.029094,0.13552
10358,0.511307,0.038467,0.238427,0.041673,0.19274
10359,0.42569,0.03832,0.194345,0.03536,0.157665
10360,0.56902,0.042443,0.227741,0.05729,0.241546
10361,0.534333,0.064113,0.246966,0.043193,0.180061
10362,0.492627,0.053712,0.273721,0.034517,0.130677
10363,0.360413,0.03744,0.167405,0.027423,0.128145
10364,0.421437,0.05582,0.208462,0.029113,0.128042
10365,0.482307,0.042024,0.2625,0.027224,0.150559
10366,0.46029,0.047005,0.23454,0.033753,0.144992
10367,0.635,0.039133,0.387021,0.03305,0.175796
10368,0.511296,0.043571,0.183934,0.056663,0.227128
10369,0.507433,0.051483,0.216738,0.055896,0.183316
10370,0.415866,0.038067,0.191631,0.044847,0.141321
10371,0.34175,0.042471,0.134078,0.02749,0.137711
10372,0.601637,0.036867,0.355068,0.03449,0.175212
10373,0.33712,0.043367,0.140508,0.027703,0.125542
10374,0.450946,0.039443,0.236553,0.026737,0.148213
10375,0.338644,0.045465,0.130997,0.028414,0.133768
10376,0.47517,0.05771,0.260183,0.028786,0.128491
10377,0.354997,0.045483,0.136061,0.026747,0.146706
10378,0.40758,0.037986,0.194305,0.027813,0.147476
10379,0.558573,0.037053,0.372241,0.026927,0.122352
10380,0.390047,0.045257,0.155764,0.045843,0.143183
10381,0.347159,0.044897,0.135259,0.027713,0.13929
10382,0.375543,0.042545,0.15786,0.03192,0.143218
10383,0.369056,0.046653,0.141658,0.035453,0.145292
10384,0.526557,0.045365,0.26854,0.035143,0.177509
10385,0.341563,0.032494,0.142179,0.028507,0.138383
10386,0.424373,0.034644,0.231368,0.028623,0.129738
10387,0.499503,0.033033,0.308539,0.02649,0.131441
10388,0.360036,0.045362,0.141834,0.032307,0.140533
10389,0.623837,0.044633,0.339025,0.055783,0.184396
10390,0.387497,0.038765,0.158092,0.045246,0.145394
10391,0.50713,0.04239,0.212963,0.05653,0.195247
10392,0.38243,0.035831,0.148934,0.04638,0.151285
10393,0.53647,0.040807,0.229714,0.057686,0.208263
10394,0.471563,0.046382,0.214083,0.04573,0.165368
10395,0.515134,0.04451,0.21426,0.055867,0.200497
10396,0.392953,0.042418,0.152047,0.045483,0.153005
10397,0.54635,0.03915,0.253957,0.05671,0.196533
10398,0.479923,0.053568,0.216857,0.054554,0.154944
10399,0.530727,0.05337,0.30227,0.033467,0.14162
10400,0.341877,0.047942,0.118004,0.03477,0.141161
10401,0.59054,0.04285,0.274673,0.056753,0.216264
10402,0.621714,0.050185,0.343628,0.046453,0.181448
10403,0.412117,0.04554,0.17222,0.03279,0.161567
10404,0.561767,0.030994,0.33771,0.033926,0.159137
10405,0.649047,0.03708,0.382211,0.033613,0.196143
10406,0.471273,0.03524,0.259052,0.02946,0.147521
10407,0.76638,0.027513,0.429617,0.06257,0.24668
10408,0.454537,0.039989,0.227323,0.046136,0.141089
10409,0.74,0.03613,0.436734,0.056587,0.210549
10410,0.41094,0.03455,0.156011,0.046036,0.174343
10411,0.478307,0.079237,0.187507,0.04438,0.167183
10412,0.46692,0.056228,0.191922,0.047886,0.170884
10413,0.606744,0.0886,0.289184,0.056043,0.172917
10414,0.4892,0.059816,0.261261,0.044626,0.123497
10415,0.397697,0.05401,0.15363,0.050883,0.139174
10416,0.795164,0.065385,0.541404,0.036033,0.152342
10417,0.37635,0.060277,0.168213,0.027717,0.120143
10418,0.335344,0.060129,0.137589,0.027883,0.109743
10419,0.38076,0.076141,0.165623,0.03141,0.107586
10420,0.468177,0.061448,0.249551,0.02947,0.127708
10421,0.34169,0.061033,0.126719,0.02613,0.127808
10422,0.742746,0.049887,0.40079,0.060383,0.231686
10423,0.385484,0.049175,0.120135,0.035563,0.180611
10424,0.700543,0.070109,0.333317,0.058864,0.238253
10425,0.404423,0.057041,0.14234,0.034977,0.170065
10426,0.8331,0.069841,0.434483,0.08387,0.244906
10427,0.54506,0.060187,0.236297,0.050556,0.19802
10428,0.727383,0.051255,0.404624,0.038054,0.23345
10429,0.59979,0.064886,0.183633,0.086823,0.264448
10430,0.486003,0.078853,0.1857,0.046184,0.175266
10431,0.55886,0.03685,0.320679,0.030477,0.170854
10432,0.522204,0.085291,0.197517,0.051587,0.187809
10433,0.380223,0.043324,0.163144,0.03347,0.140285
10434,0.4233,0.037673,0.21542,0.032154,0.138053
10435,0.3823,0.048426,0.17448,0.030317,0.129077
10436,0.401263,0.044998,0.191402,0.031126,0.133737
10437,0.375923,0.04695,0.154929,0.02644,0.147604
10438,0.496557,0.043205,0.17027,0.056283,0.226799
10439,0.444743,0.078338,0.20174,0.03476,0.129905
10440,0.49851,0.042187,0.18382,0.057233,0.21527
10441,0.386526,0.042615,0.168071,0.036317,0.139523
10442,0.394976,0.036299,0.183809,0.03227,0.142598
10443,0.35215,0.03907,0.160165,0.027053,0.125862
10444,0.676813,0.045557,0.381436,0.0559,0.19392
10445,0.514187,0.042374,0.290476,0.036243,0.145094
10446,0.52772,0.046201,0.224045,0.058117,0.199357
10447,0.43385,0.051001,0.192753,0.038764,0.151332
10448,0.461364,0.041945,0.192146,0.03776,0.189513
10449,0.472283,0.04799,0.243944,0.028976,0.151373
10450,0.569857,0.098742,0.24858,0.068034,0.154501
10451,0.568303,0.041451,0.258781,0.05805,0.210021
10452,0.530794,0.04279,0.234894,0.0565,0.19661
10453,0.4731,0.048332,0.240911,0.038673,0.145184
10454,0.45806,0.037793,0.1901,0.038667,0.1915
10455,0.340414,0.04216,0.113428,0.02722,0.157606
10456,0.406073,0.041773,0.169252,0.0285,0.166548
10457,0.439877,0.04468,0.228567,0.027517,0.139113
10458,0.441386,0.037093,0.225428,0.034057,0.144808
10459,0.40714,0.044762,0.188862,0.02791,0.145606
10460,0.44058,0.03643,0.222657,0.0337,0.147793
10461,0.420026,0.042626,0.212977,0.031777,0.132646
10462,0.5441,0.046578,0.319967,0.02878,0.148775
10463,0.37046,0.040564,0.170568,0.02749,0.131838
10464,0.422184,0.037253,0.1916,0.034323,0.159008
10465,0.459973,0.043178,0.218384,0.031513,0.166898
10466,0.364417,0.031803,0.146378,0.030123,0.156113
10467,0.504426,0.038174,0.304898,0.028597,0.132757
10468,0.498736,0.058008,0.263904,0.033714,0.14311
10469,0.418914,0.063241,0.177234,0.034543,0.143896
10470,0.370954,0.056225,0.148059,0.031744,0.134926
10471,0.388727,0.057921,0.195161,0.027853,0.107792
10472,0.500333,0.09245,0.234697,0.027967,0.145219
10473,0.417474,0.083707,0.169583,0.028916,0.135268
10474,0.40453,0.066416,0.172446,0.034573,0.131095
10475,0.346713,0.063006,0.12654,0.02961,0.127557
10476,0.714306,0.049994,0.424337,0.037707,0.202268
10477,0.70079,0.058686,0.454587,0.03348,0.154037
10478,0.625883,0.094964,0.258979,0.06436,0.20758
10479,0.47576,0.061053,0.221864,0.03517,0.157673
10480,0.41941,0.053877,0.189826,0.031647,0.14406
10481,0.671827,0.06255,0.446684,0.030197,0.132396
10482,0.681607,0.058185,0.402987,0.030604,0.189831
10483,0.591273,0.062246,0.253303,0.05613,0.219594
10484,0.56164,0.053398,0.170893,0.052607,0.284742
10485,0.607897,0.047386,0.28347,0.066843,0.210198
10486,0.48491,0.0844,0.193391,0.046307,0.160812
10487,0.521587,0.076843,0.210123,0.057217,0.177404
10488,0.50602,0.084566,0.225582,0.045226,0.150646
10489,0.36144,0.053997,0.142805,0.0285,0.136138
10490,0.52181,0.062921,0.299584,0.029673,0.129632
10491,0.425883,0.06065,0.200776,0.028944,0.135513
10492,0.358784,0.061691,0.148392,0.028787,0.119914
10493,0.808657,0.063383,0.579726,0.033527,0.132021
10494,0.510803,0.037393,0.280441,0.035287,0.157682
10495,0.58487,0.036037,0.279,0.064283,0.20555
10496,0.445277,0.05958,0.133031,0.051027,0.201639
10497,0.390993,0.050796,0.169579,0.031973,0.138645
10498,0.381776,0.047118,0.135955,0.0336,0.165103
10499,0.494423,0.041997,0.258803,0.04828,0.145343
10500,0.45386,0.047174,0.158535,0.03778,0.210371
10501,0.612096,0.041017,0.394572,0.02729,0.149217
10502,0.428614,0.038115,0.223901,0.03241,0.134188
10503,0.606987,0.0361,0.335693,0.058514,0.17668
10504,0.34359,0.03924,0.118041,0.045203,0.141106
10505,0.356866,0.037864,0.165417,0.028003,0.125582
10506,0.360343,0.040009,0.139739,0.04936,0.131235
10507,0.5966,0.043603,0.3594,0.03324,0.160357
10508,0.352267,0.044131,0.138876,0.029424,0.139836
10509,0.576957,0.03437,0.285046,0.055814,0.201727
10510,0.462153,0.04548,0.217833,0.04531,0.15353
10511,0.379563,0.05341,0.158588,0.027003,0.140562
10512,0.469004,0.046698,0.22157,0.03103,0.169706
10513,0.342603,0.036866,0.135253,0.030264,0.14022
10514,0.358533,0.045454,0.130176,0.027597,0.155306
10515,0.43522,0.033,0.243132,0.026863,0.132225
10516,0.62348,0.053471,0.400346,0.028043,0.14162
10517,0.377386,0.041956,0.160018,0.02649,0.148922
10518,0.580493,0.042332,0.306475,0.066517,0.165169
10519,0.404113,0.03744,0.197296,0.028356,0.141021
10520,0.455703,0.038171,0.2285,0.051253,0.137779
10521,0.590063,0.04346,0.366988,0.02737,0.152245
10522,0.374017,0.039391,0.179806,0.029,0.12582
10523,0.310527,0.03369,0.122746,0.026336,0.127755
10524,0.394494,0.038781,0.196775,0.03151,0.127428
10525,0.496823,0.043996,0.260156,0.03278,0.159891
10526,0.437757,0.033016,0.237555,0.034053,0.133133
10527,0.37594,0.042538,0.170051,0.03171,0.131641
10528,0.407097,0.03666,0.20904,0.027713,0.133684
10529,0.51259,0.045329,0.280158,0.02671,0.160393
10530,0.379537,0.032083,0.188021,0.027623,0.13181
10531,0.392193,0.042562,0.184868,0.02749,0.137273
10532,0.37025,0.041876,0.160745,0.029137,0.138492
10533,0.357354,0.042796,0.147112,0.027973,0.139473
10534,0.50299,0.051113,0.28701,0.02884,0.136027
10535,0.42418,0.031965,0.221217,0.026993,0.144005
10536,0.383107,0.031154,0.167302,0.027953,0.156698
10537,0.59602,0.03345,0.32015,0.032136,0.210284
10538,0.43442,0.077589,0.197295,0.034287,0.125249
10539,0.3202,0.060767,0.11537,0.02666,0.117403
10540,0.351894,0.046675,0.124001,0.031336,0.149882
10541,0.338017,0.064629,0.1195,0.03158,0.122308
10542,0.510427,0.036366,0.277928,0.033927,0.162206
10543,0.32422,0.043397,0.102436,0.02775,0.150637
10544,0.344004,0.036027,0.152754,0.029293,0.12593
10545,0.609977,0.047289,0.350246,0.033284,0.179158
10546,0.62891,0.06168,0.282954,0.13236,0.151916
10547,0.412144,0.050953,0.187016,0.031634,0.142541
10548,0.449713,0.058685,0.195449,0.03773,0.157849
10549,0.55649,0.088333,0.230788,0.058496,0.178873
10550,0.446363,0.07723,0.184883,0.045227,0.139023
10551,0.404863,0.06351,0.174287,0.030033,0.137033
10552,0.42875,0.048057,0.178238,0.03662,0.165835
10553,0.625073,0.079248,0.25832,0.056854,0.230651
10554,0.428173,0.04809,0.178873,0.0464,0.15481
10555,0.465676,0.040716,0.21066,0.036823,0.177477
10556,0.315884,0.038034,0.114821,0.03309,0.129939
10557,0.382306,0.060679,0.177967,0.03307,0.11059
10558,0.473187,0.089363,0.236741,0.03019,0.116893
10559,0.599877,0.063193,0.277944,0.056526,0.202214
10560,0.49587,0.050237,0.248037,0.045827,0.151769
10561,0.479457,0.053917,0.24446,0.033087,0.147993
10562,0.405563,0.05115,0.2021,0.02856,0.123753
10563,0.778506,0.078647,0.434006,0.057214,0.208639
10564,0.401517,0.054303,0.161513,0.04517,0.140531
10565,0.551447,0.069584,0.220494,0.056744,0.204625
10566,0.532207,0.077304,0.217157,0.06906,0.168686
10567,0.37926,0.048611,0.15028,0.03148,0.148889
10568,0.66928,0.070462,0.32915,0.05736,0.212308
10569,0.44925,0.047362,0.19291,0.05119,0.157788
10570,0.44249,0.041399,0.229114,0.036303,0.135674
10571,0.624924,0.037934,0.31504,0.058116,0.213834
10572,0.533877,0.041957,0.292998,0.047303,0.151619
10573,0.455287,0.043233,0.231347,0.03497,0.145737
10574,0.45897,0.039353,0.22451,0.03563,0.159477
10575,0.541213,0.037649,0.298196,0.03281,0.172558
10576,0.448107,0.036467,0.245231,0.027917,0.138492
10577,0.38116,0.067498,0.167954,0.031923,0.113785
10578,0.34883,0.04232,0.12102,0.027827,0.157663
10579,0.392107,0.043868,0.144586,0.03325,0.170403
10580,0.489786,0.03728,0.24477,0.033707,0.174029
10581,0.440137,0.0316,0.24505,0.02708,0.136407
10582,0.427437,0.036152,0.23717,0.02768,0.126435
10583,0.505883,0.038617,0.302926,0.02702,0.13732
10584,0.418736,0.036187,0.210174,0.02793,0.144445
10585,0.362073,0.047391,0.13389,0.03184,0.148952
10586,0.32021,0.03673,0.12972,0.02809,0.12567
10587,0.319694,0.037233,0.130296,0.027323,0.124842
10588,0.38574,0.037896,0.167892,0.027306,0.152646
10589,0.413994,0.042967,0.219153,0.02817,0.123704
10590,0.375833,0.037376,0.16123,0.028173,0.149054
10591,0.40827,0.036069,0.210286,0.02754,0.134375
10592,0.47887,0.040524,0.245623,0.035263,0.15746
10593,0.38874,0.039016,0.169606,0.027073,0.153045
10594,0.751213,0.046282,0.43873,0.056937,0.209264
10595,0.346657,0.045748,0.126211,0.043657,0.131041
10596,0.643233,0.081295,0.351027,0.050763,0.160148
10597,0.378293,0.037255,0.161,0.03339,0.146648
10598,0.78898,0.075133,0.398115,0.057246,0.258486
10599,0.55333,0.086523,0.22106,0.035754,0.209993
10600,0.6654,0.088441,0.226546,0.05714,0.293273
10601,0.63211,0.047591,0.251714,0.067373,0.265432
10602,0.44475,0.04384,0.170696,0.045207,0.185007
10603,0.987783,0.071236,0.533913,0.058454,0.32418
10604,0.71238,0.068377,0.26137,0.056487,0.326146
10605,0.905407,0.071535,0.522953,0.05731,0.253609
10606,0.498457,0.048945,0.178524,0.056873,0.214115
10607,0.68623,0.073533,0.344291,0.057716,0.21069
10608,0.707833,0.044236,0.32478,0.05698,0.281837
10609,0.75962,0.059738,0.315048,0.057244,0.32759
10610,0.773623,0.060343,0.340558,0.055167,0.317555
10611,0.56617,0.060056,0.199716,0.04026,0.266138
10612,0.579993,0.05206,0.293913,0.046207,0.187813
10613,0.614404,0.056046,0.270253,0.05871,0.229395
10614,0.790963,0.059972,0.46606,0.04858,0.216351
10615,0.48834,0.075702,0.17566,0.04846,0.188518
10616,0.545493,0.080574,0.254417,0.046783,0.163719
10617,0.593374,0.05959,0.361571,0.03526,0.136953
10618,0.61957,0.055271,0.313736,0.0495,0.201063
10619,0.543587,0.045552,0.245208,0.05529,0.197537
10620,0.52083,0.046893,0.1673,0.05696,0.249677
10621,0.443673,0.039733,0.180509,0.05464,0.168791
10622,0.481263,0.084973,0.230316,0.033056,0.132918
10623,0.808547,0.091154,0.469197,0.0562,0.191996
10624,0.406493,0.043954,0.177975,0.046017,0.138547
10625,0.35013,0.053552,0.113025,0.029006,0.154547
10626,0.59586,0.040797,0.259327,0.059597,0.236139
10627,0.374556,0.046367,0.149724,0.037917,0.140548
10628,0.38706,0.042563,0.191225,0.029953,0.123319
10629,0.367631,0.042396,0.171791,0.031967,0.121477
10630,0.40072,0.035827,0.206624,0.028276,0.129993
10631,0.375923,0.038391,0.176001,0.027417,0.134114
10632,0.356614,0.04074,0.142201,0.02836,0.145313
10633,0.29793,0.036838,0.106737,0.032387,0.121968
10634,0.340394,0.040207,0.149154,0.029273,0.12176
10635,0.36476,0.044728,0.145791,0.027863,0.146378
10636,0.430403,0.03333,0.202755,0.04503,0.149288
10637,0.487537,0.041942,0.2804,0.02744,0.137755
10638,0.477644,0.039867,0.281008,0.02805,0.128719
10639,0.384013,0.032984,0.174701,0.037734,0.138594
10640,0.384376,0.048113,0.170895,0.028043,0.137325
10641,0.620824,0.041433,0.306034,0.055874,0.217483
10642,0.5855,0.044226,0.284671,0.057513,0.19909
10643,0.665873,0.084204,0.33542,0.056977,0.189272
10644,0.399746,0.049407,0.142932,0.045437,0.16197
10645,0.519837,0.04699,0.223103,0.05632,0.193424
10646,0.49584,0.044703,0.184704,0.067486,0.198947
10647,0.512187,0.08209,0.241071,0.039747,0.149279
10648,0.594157,0.041678,0.309255,0.056277,0.186947
10649,0.568244,0.056084,0.335418,0.033114,0.143628
10650,0.53689,0.043264,0.19371,0.057433,0.242483
10651,0.992536,0.083403,0.66015,0.056707,0.192276
10652,1.02476,0.053704,0.7168,0.057,0.197253
10653,0.57675,0.079088,0.25064,0.044303,0.202719
10654,0.526004,0.040849,0.192427,0.056566,0.236162
10655,0.669093,0.076353,0.247505,0.05713,0.288105
10656,0.718856,0.083726,0.30661,0.05672,0.2718
10657,0.970486,0.059584,0.550783,0.05762,0.302499
10658,0.674453,0.069965,0.217,0.060487,0.327001
10659,0.66453,0.048333,0.229266,0.057924,0.329007
10660,0.65133,0.068076,0.26155,0.05692,0.264784
10661,0.49993,0.071433,0.22725,0.03778,0.163467
10662,0.470217,0.03847,0.240754,0.036073,0.15492
10663,0.598937,0.046001,0.26851,0.034836,0.24959
10664,1.23806,0.08453,0.871317,0.048663,0.233553
10665,0.57598,0.057621,0.262153,0.03243,0.223776
10666,0.42303,0.061546,0.166656,0.03302,0.161808
10667,0.53719,0.087067,0.227148,0.041163,0.181812
10668,0.454517,0.057993,0.213891,0.035027,0.147606
10669,0.533557,0.066213,0.2992,0.031187,0.136957
10670,0.385094,0.056935,0.15911,0.039517,0.129532
10671,0.43368,0.087423,0.197256,0.02688,0.122121
10672,0.484847,0.05549,0.224083,0.03838,0.166894
10673,0.465404,0.08072,0.13781,0.057067,0.189807
10674,0.476117,0.0696,0.164473,0.049523,0.192521
10675,0.394983,0.054998,0.192822,0.031366,0.115797
10676,0.409194,0.057719,0.170589,0.048637,0.132249
10677,0.39033,0.03601,0.171647,0.03418,0.148493
10678,0.50699,0.080723,0.233327,0.03265,0.16029
10679,0.504606,0.038607,0.296695,0.027437,0.141867
10680,0.441,0.057196,0.240386,0.02743,0.115988
10681,0.34708,0.05423,0.098977,0.03217,0.161703
10682,0.457564,0.08286,0.200026,0.028527,0.146151
10683,0.401157,0.03531,0.19443,0.028523,0.142894
10684,0.378116,0.055545,0.157846,0.029117,0.135608
10685,0.458827,0.039934,0.226646,0.043173,0.149074
10686,0.472834,0.046818,0.257093,0.02833,0.140593
10687,0.672226,0.04226,0.427776,0.030163,0.172027
10688,0.373833,0.035896,0.174142,0.027997,0.135798
10689,0.712387,0.043542,0.421938,0.056473,0.190434
10690,0.393017,0.03892,0.147243,0.04731,0.159544
10691,0.31241,0.038122,0.110495,0.028983,0.13481
10692,0.35773,0.0378,0.142796,0.034667,0.142467
10693,0.437844,0.042489,0.208828,0.027337,0.15919
10694,0.43835,0.038817,0.211648,0.027887,0.159998
10695,0.407997,0.044547,0.164701,0.031497,0.167252
10696,0.399087,0.03254,0.188794,0.028316,0.149437
10697,0.400914,0.042866,0.17258,0.032116,0.153352
10698,0.332403,0.036203,0.139091,0.02862,0.128489
10699,0.29993,0.046422,0.112152,0.027637,0.113719
10700,0.321704,0.036503,0.129642,0.02821,0.127349
10701,0.321614,0.038069,0.133036,0.027177,0.123332
10702,0.404003,0.037096,0.205445,0.03373,0.127732
10703,0.333033,0.045062,0.14462,0.026517,0.116834
10704,0.376524,0.03662,0.160475,0.03406,0.145369
10705,0.50585,0.045307,0.220313,0.056047,0.184183
10706,0.465473,0.046117,0.206336,0.063796,0.149224
10707,0.49749,0.045571,0.219594,0.03363,0.198695
10708,0.359843,0.039674,0.158758,0.02996,0.131451
10709,0.866507,0.042804,0.647225,0.027483,0.148995
10710,0.388203,0.031793,0.151637,0.033344,0.171429
10711,0.360803,0.040203,0.165218,0.027254,0.128128
10712,0.408247,0.049953,0.176635,0.029,0.152659
10713,0.428347,0.043242,0.206521,0.03196,0.146624
10714,0.462427,0.040094,0.233344,0.028153,0.160836
10715,0.37166,0.042084,0.166818,0.027327,0.135431
10716,0.370036,0.040394,0.14192,0.029156,0.158566
10717,0.328883,0.037869,0.139997,0.026816,0.124201
10718,0.385393,0.036627,0.189617,0.02626,0.132889
10719,0.390246,0.044575,0.175048,0.026906,0.143717
10720,0.37669,0.03658,0.17515,0.027474,0.137486
10721,0.503007,0.037234,0.315554,0.027093,0.123126
10722,0.647163,0.037633,0.431133,0.028416,0.149981
10723,0.38293,0.033494,0.172972,0.027157,0.149307
10724,0.4048,0.087273,0.153137,0.03291,0.13148
10725,0.361467,0.059297,0.14734,0.028236,0.126594
10726,0.53364,0.062505,0.333854,0.02733,0.109951
10727,0.535967,0.060373,0.331669,0.026693,0.117232
10728,1.01995,0.09112,0.743911,0.034227,0.150692
10729,0.530153,0.094187,0.195404,0.05733,0.183232
10730,0.52035,0.052969,0.202886,0.056524,0.207971
10731,0.49389,0.074163,0.213449,0.037237,0.169041
10732,0.4747,0.069493,0.159077,0.04926,0.19687
10733,0.515433,0.045464,0.28921,0.03292,0.147839
10734,0.564367,0.052944,0.24781,0.04067,0.222943
10735,0.732359,0.058458,0.400682,0.05658,0.216639
10736,0.53568,0.059528,0.229538,0.047427,0.199187
10737,0.605416,0.085946,0.27157,0.05726,0.19064
10738,0.4507,0.060454,0.204666,0.046407,0.139173
10739,0.49029,0.036257,0.280018,0.03301,0.141005
10740,0.66014,0.085603,0.402157,0.033083,0.139297
10741,0.535626,0.06198,0.330209,0.03116,0.112277
10742,0.363114,0.051851,0.155117,0.030356,0.12579
10743,0.444336,0.047533,0.224924,0.02769,0.144189
10744,0.36343,0.03381,0.161882,0.0342,0.133538
10745,1.13097,0.054936,0.818939,0.057114,0.199985
10746,0.63289,0.060826,0.271859,0.058103,0.242102
10747,0.928006,0.078255,0.49708,0.05837,0.294301
10748,0.658434,0.05494,0.249427,0.057577,0.29649
10749,0.718587,0.086635,0.287467,0.05765,0.286835
10750,0.909747,0.085316,0.483623,0.058064,0.282744
10751,0.611116,0.084941,0.255107,0.041257,0.229811
10752,0.782214,0.053102,0.425408,0.062847,0.240857
10753,0.679557,0.045683,0.311985,0.058544,0.263345
10754,0.487074,0.037348,0.19383,0.04835,0.207546
10755,0.538043,0.04339,0.286255,0.04612,0.162278
10756,0.372636,0.037288,0.17241,0.02948,0.133458
10757,0.314033,0.034764,0.11795,0.02708,0.134239
10758,0.3877,0.043367,0.164535,0.02903,0.150768
10759,0.483527,0.037676,0.24645,0.032997,0.166404
10760,0.433353,0.04595,0.207513,0.02842,0.15147
10761,0.457403,0.043873,0.23059,0.027697,0.155243
10762,0.415307,0.035783,0.205327,0.034103,0.140094
10763,0.44029,0.037855,0.231872,0.032503,0.13806
10764,0.328017,0.040007,0.131092,0.028687,0.128231
10765,0.381974,0.042853,0.173068,0.02735,0.138703
10766,0.434637,0.034287,0.241213,0.02749,0.131647
10767,0.335664,0.037471,0.13637,0.02715,0.134673
10768,0.34672,0.03266,0.151861,0.027497,0.134702
10769,0.3426,0.049986,0.131985,0.02695,0.133679
10770,0.41902,0.035994,0.213462,0.02898,0.140584
10771,0.391887,0.042148,0.176652,0.030847,0.14224
10772,0.419416,0.046587,0.174275,0.03205,0.166504
10773,0.335006,0.035898,0.144805,0.02601,0.128293
10774,0.33731,0.03615,0.142449,0.02847,0.130241
10775,0.355816,0.03912,0.162235,0.027844,0.126617
10776,0.411177,0.031624,0.19339,0.044093,0.14207
10777,0.3201,0.038679,0.11045,0.03197,0.139001
10778,0.306547,0.035364,0.102083,0.028593,0.140507
10779,0.4425,0.039505,0.238235,0.028077,0.136683
10780,0.533227,0.03585,0.287388,0.033937,0.176052
10781,0.695943,0.036686,0.492291,0.027623,0.139343
10782,0.463491,0.042682,0.220474,0.032804,0.167531
10783,0.355926,0.04294,0.13422,0.02744,0.151326
10784,0.519303,0.045927,0.220224,0.058276,0.194876
10785,0.39923,0.046633,0.184091,0.03243,0.136076
10786,0.52303,0.072544,0.206468,0.050746,0.193272
10787,0.665303,0.09087,0.323883,0.056717,0.193833
10788,0.577313,0.08771,0.287175,0.045633,0.156795
10789,0.602937,0.039493,0.271617,0.058857,0.23297
10790,0.49859,0.051136,0.251067,0.04569,0.150697
10791,0.56238,0.055985,0.228087,0.063923,0.214385
10792,0.492271,0.05645,0.241443,0.044763,0.149615
10793,0.51594,0.076683,0.269954,0.034256,0.135047
10794,0.404634,0.043994,0.169797,0.037293,0.15355
10795,0.525387,0.062791,0.200921,0.05705,0.204625
10796,0.54212,0.096246,0.260463,0.04517,0.140241
10797,0.672243,0.061597,0.378641,0.05675,0.175255
10798,0.37854,0.059252,0.116164,0.045836,0.157288
10799,0.469243,0.04133,0.244657,0.031426,0.15183
10800,0.61552,0.076299,0.240193,0.057854,0.241174
10801,0.76982,0.074194,0.350072,0.056747,0.288807
10802,0.65315,0.048062,0.248797,0.053043,0.303248
10803,0.52694,0.081946,0.202557,0.035623,0.206814
10804,0.648911,0.042578,0.289264,0.055484,0.261585
10805,0.60074,0.077183,0.211824,0.039063,0.27267
10806,0.661147,0.058539,0.282666,0.050107,0.269835
10807,0.448447,0.050509,0.170751,0.036497,0.19069
10808,0.420677,0.057559,0.157674,0.03634,0.169104
10809,0.569376,0.07716,0.308084,0.03409,0.150042
10810,0.398783,0.037026,0.185677,0.031513,0.144567
10811,0.51413,0.077113,0.200693,0.055654,0.18067
10812,0.622526,0.08889,0.255707,0.0575,0.220429
10813,0.40334,0.061376,0.164173,0.037716,0.140075
10814,0.496413,0.051391,0.221393,0.035293,0.188336
10815,0.72955,0.064187,0.456933,0.03458,0.17385
10816,0.561017,0.081957,0.24223,0.048963,0.187867
10817,0.444784,0.04741,0.184729,0.037183,0.175462
10818,0.38708,0.067601,0.163513,0.032216,0.12375
10819,0.39456,0.059548,0.176882,0.031524,0.126606
10820,0.424394,0.07288,0.178493,0.03315,0.139871
10821,0.40747,0.068057,0.163298,0.031017,0.145098
10822,0.812963,0.042537,0.5565,0.05462,0.159306
10823,0.360254,0.03991,0.146777,0.032403,0.141164
10824,0.342643,0.063095,0.124771,0.02883,0.125947
10825,0.743167,0.08485,0.430967,0.065233,0.162117
10826,0.919287,0.062224,0.63835,0.034727,0.183986
10827,0.719916,0.058848,0.4122,0.058234,0.190634
10828,0.48979,0.074247,0.216006,0.045283,0.154254
10829,0.354594,0.060236,0.128063,0.03313,0.133165
10830,0.4546,0.052577,0.223181,0.030463,0.148379
10831,0.358607,0.059742,0.145224,0.031567,0.122074
10832,0.386157,0.056506,0.192156,0.02837,0.109125
10833,0.445893,0.08302,0.210728,0.02692,0.125225
10834,0.398247,0.0919,0.145592,0.028093,0.132662
10835,0.35623,0.038876,0.13242,0.027953,0.156981
10836,0.365846,0.044987,0.168,0.028903,0.123956
10837,0.352597,0.04141,0.139505,0.028523,0.143159
10838,0.526533,0.04555,0.306039,0.033993,0.140951
10839,0.603117,0.054256,0.286183,0.057257,0.205421
10840,0.390097,0.054346,0.128217,0.04575,0.161784
10841,0.375683,0.048446,0.145683,0.03007,0.151484
10842,0.33804,0.048394,0.118828,0.03303,0.137788
10843,0.54782,0.042233,0.323303,0.02877,0.153514
10844,0.57061,0.060537,0.163488,0.067346,0.279239
10845,0.625126,0.045065,0.266732,0.0597,0.253629
10846,0.47368,0.051172,0.194966,0.04679,0.180752
10847,0.732097,0.08591,0.473352,0.02771,0.145125
10848,0.387733,0.059569,0.145559,0.031953,0.150652
10849,0.805957,0.044497,0.526137,0.03512,0.200203
10850,0.551784,0.063374,0.277484,0.03832,0.172606
10851,0.515057,0.083907,0.248468,0.027247,0.155435
10852,0.412646,0.067097,0.189752,0.039383,0.116414
10853,0.46342,0.06309,0.239136,0.029707,0.131487
10854,0.412466,0.04975,0.190314,0.03002,0.142382
10855,0.39616,0.059727,0.159483,0.032864,0.144086
10856,0.70639,0.07598,0.357956,0.051646,0.220808
10857,0.37957,0.08018,0.134736,0.027923,0.136731
10858,0.679423,0.0749,0.3894,0.0474,0.167723
10859,0.853014,0.061373,0.523767,0.057476,0.210398
10860,0.585783,0.06219,0.237901,0.05618,0.229512
10861,0.670887,0.074966,0.310706,0.0735,0.211715
10862,1.05795,0.064077,0.675346,0.057707,0.260824
10863,0.448851,0.056796,0.161048,0.042836,0.188171
10864,0.45294,0.073984,0.161978,0.046093,0.170885
10865,0.652713,0.06056,0.269313,0.058086,0.264754
10866,0.573097,0.070133,0.248254,0.050923,0.203787
10867,0.499363,0.082193,0.247786,0.0349,0.134484
10868,0.466217,0.0667,0.225809,0.031113,0.142595
10869,0.52021,0.053203,0.266866,0.033007,0.167134
10870,0.422957,0.06189,0.176903,0.034963,0.149201
10871,0.425674,0.083363,0.150512,0.03377,0.158029
10872,0.433733,0.091506,0.193416,0.028966,0.119845
10873,0.399504,0.058344,0.208348,0.027214,0.105598
10874,0.623954,0.060164,0.395639,0.04857,0.119581
10875,0.470333,0.057016,0.219,0.03255,0.161767
10876,0.436313,0.097576,0.16438,0.027767,0.14659
10877,0.59934,0.06408,0.367796,0.028543,0.138921
10878,0.31256,0.056733,0.117551,0.0277,0.110576
10879,0.377863,0.069717,0.140205,0.026416,0.141525
10880,0.381677,0.064444,0.174394,0.030117,0.112722
10881,0.500963,0.068613,0.290415,0.029027,0.112908
10882,0.48962,0.078436,0.237727,0.02783,0.145627
10883,0.478797,0.091547,0.229807,0.029043,0.1284
10884,0.53871,0.066633,0.28534,0.033794,0.152943
10885,0.426277,0.082117,0.186732,0.02753,0.129898
10886,0.423566,0.06376,0.209811,0.030197,0.119798
10887,0.569827,0.073863,0.349011,0.02814,0.118813
10888,0.43342,0.061463,0.233803,0.029087,0.109067
10889,0.494917,0.085997,0.258474,0.027653,0.122793
10890,0.350963,0.06359,0.131056,0.029743,0.126574
10891,0.38363,0.08599,0.137383,0.027704,0.132553
10892,0.36539,0.065027,0.1295,0.04274,0.128123
10893,0.41647,0.057017,0.20091,0.027416,0.131127
10894,0.433744,0.090707,0.188681,0.029264,0.125092
10895,0.44328,0.06405,0.23045,0.03583,0.11295
10896,0.64755,0.063777,0.421227,0.035837,0.126709
10897,0.65774,0.082233,0.416887,0.02718,0.13144
10898,0.48922,0.062097,0.276253,0.030517,0.120353
10899,0.383533,0.066357,0.145806,0.027657,0.143713
10900,0.45194,0.057726,0.206787,0.03719,0.150237
10901,0.404581,0.0914,0.152982,0.027417,0.132782
10902,0.511596,0.065707,0.284027,0.034063,0.127799
10903,0.415693,0.080323,0.152574,0.041197,0.141599
10904,0.450057,0.065683,0.227822,0.044087,0.112465
10905,0.436516,0.041537,0.196683,0.032807,0.165489
10906,0.412716,0.06554,0.183113,0.03704,0.127023
10907,0.45826,0.085837,0.214301,0.031733,0.126389
10908,0.406137,0.062676,0.193626,0.038637,0.111198
10909,0.400507,0.08462,0.169523,0.026043,0.120321
10910,0.50551,0.065713,0.237426,0.034947,0.167424
10911,0.48391,0.04941,0.248233,0.031473,0.154794
10912,0.340347,0.065993,0.128576,0.02768,0.118098
10913,0.659287,0.07738,0.400871,0.028247,0.152789
10914,0.509467,0.05851,0.281518,0.029353,0.140086
10915,0.380256,0.079066,0.130834,0.03304,0.137316
10916,0.450077,0.085226,0.19101,0.031664,0.142177
10917,0.736937,0.067486,0.41697,0.057454,0.195027
10918,0.45036,0.060794,0.126775,0.062193,0.200598
10919,0.5385,0.056977,0.238361,0.04588,0.197282
10920,0.451664,0.095874,0.183373,0.045727,0.12669
10921,0.407596,0.056556,0.151021,0.032773,0.167246
10922,1.77906,0.05683,0.234952,0.032547,1.45473
10923,0.501817,0.05903,0.252168,0.032217,0.158402
10924,0.528006,0.088673,0.262513,0.040597,0.136223
10925,0.424176,0.062683,0.178607,0.034193,0.148693
10926,0.51627,0.0583,0.301864,0.029596,0.12651
10927,0.379876,0.061217,0.172011,0.029597,0.117051
10928,0.422017,0.08247,0.15383,0.045287,0.14043
10929,0.73076,0.036877,0.488457,0.033383,0.172043
10930,0.446297,0.083774,0.181988,0.03391,0.146625
10931,0.386144,0.06098,0.175,0.027507,0.122657
10932,0.40903,0.08049,0.152113,0.03211,0.144317
10933,0.396673,0.060563,0.206083,0.02886,0.101167
10934,0.367233,0.058096,0.127034,0.031933,0.15017
10935,0.370727,0.05281,0.14992,0.028944,0.139053
10936,0.513707,0.060113,0.308665,0.02988,0.115049
10937,0.351944,0.059416,0.153761,0.032037,0.10673
10938,0.36278,0.061243,0.139732,0.030216,0.131589
10939,0.889367,0.08544,0.653699,0.027493,0.122735
10940,0.372787,0.061233,0.14853,0.02926,0.133764
10941,0.466847,0.078747,0.172709,0.06349,0.151901
10942,0.468467,0.087814,0.17436,0.03739,0.168903
10943,0.42853,0.061334,0.219209,0.02704,0.120947
10944,0.36747,0.084587,0.117557,0.03424,0.131086
10945,0.660887,0.061667,0.416496,0.044096,0.138628
10946,0.399747,0.061363,0.140658,0.031857,0.165869
10947,0.46935,0.06621,0.161008,0.042594,0.199538
10948,0.512734,0.061214,0.227533,0.044937,0.17905
10949,0.337336,0.037304,0.125079,0.027263,0.14769
10950,0.40937,0.075127,0.162205,0.02839,0.143648
10951,0.386467,0.06102,0.19039,0.027093,0.107964
10952,0.520077,0.083983,0.265847,0.028924,0.141323
10953,0.35215,0.06707,0.138455,0.029467,0.117158
10954,0.527867,0.084433,0.274271,0.0318,0.137363
10955,0.407494,0.087393,0.171291,0.027417,0.121393
10956,0.421606,0.06072,0.210217,0.031257,0.119412
10957,0.553853,0.081466,0.322231,0.026384,0.123772
10958,0.47041,0.064603,0.244169,0.04584,0.115798
10959,0.35584,0.081563,0.10545,0.03049,0.138337
10960,0.403056,0.0647,0.198667,0.0294,0.110289
10961,0.38638,0.059473,0.181961,0.033443,0.111503
10962,0.57976,0.084013,0.304867,0.056643,0.134237
10963,0.66858,0.08814,0.405638,0.034273,0.140529
10964,0.482356,0.079523,0.192323,0.039546,0.170964
10965,0.58747,0.08466,0.233834,0.05763,0.211346
10966,0.586643,0.080924,0.25634,0.056083,0.193296
10967,0.426593,0.076316,0.18534,0.03085,0.134087
10968,0.495307,0.064753,0.26092,0.030304,0.13933
10969,0.408317,0.079987,0.169935,0.027257,0.131138
10970,0.41883,0.061476,0.173505,0.028617,0.155232
10971,0.432087,0.07191,0.180687,0.03117,0.14832
10972,0.514923,0.05737,0.203584,0.049614,0.204355
10973,0.537427,0.080823,0.193311,0.05605,0.207243
10974,0.404867,0.090386,0.131503,0.045524,0.137454
10975,0.494683,0.084817,0.21541,0.03283,0.161626
10976,0.363866,0.055653,0.158977,0.028953,0.120283
10977,0.590887,0.066153,0.288683,0.056007,0.180044
10978,0.42579,0.082567,0.159364,0.045627,0.138232
10979,0.633937,0.08545,0.276687,0.057383,0.214417
10980,0.407183,0.040757,0.16633,0.045814,0.154282
10981,0.43554,0.046313,0.200157,0.03337,0.1557
10982,0.46874,0.064607,0.129719,0.0506,0.223814
10983,0.680027,0.06671,0.309648,0.056543,0.247126
10984,0.459626,0.05178,0.17577,0.05715,0.174926
10985,0.55941,0.059847,0.20054,0.057387,0.241636
10986,0.425226,0.08697,0.130976,0.046367,0.160913
10987,0.48578,0.061534,0.26224,0.029384,0.132622
10988,0.546134,0.0712,0.294737,0.0311,0.149097
10989,0.365856,0.060026,0.162149,0.026503,0.117178
10990,0.43981,0.08542,0.200736,0.02824,0.125414
10991,0.39211,0.067436,0.190883,0.02642,0.107371
10992,0.42766,0.08864,0.179207,0.028396,0.131417
10993,0.495874,0.061553,0.287243,0.029747,0.117331
10994,0.386623,0.086787,0.145177,0.029317,0.125342
10995,0.499453,0.070067,0.249527,0.031743,0.148116
10996,0.389593,0.041613,0.196105,0.02806,0.123815
10997,0.41245,0.052847,0.207623,0.02803,0.12395
10998,0.41013,0.08917,0.165634,0.028284,0.127042
10999,1.50768,0.092336,1.14523,0.057463,0.212658
11000,0.59238,0.05703,0.202063,0.057606,0.275681
11001,0.439333,0.070954,0.177868,0.037173,0.153338
11002,0.603114,0.079737,0.258723,0.068657,0.195997
11003,0.642907,0.07405,0.381871,0.033136,0.15385
11004,0.559987,0.062784,0.184487,0.053044,0.259672
11005,0.531604,0.07299,0.2207,0.056153,0.181761
11006,0.597087,0.0865,0.250047,0.07233,0.18821
11007,0.551687,0.076456,0.19075,0.056636,0.227845
11008,0.445217,0.07236,0.151891,0.045987,0.174979
11009,0.431433,0.043447,0.195696,0.033626,0.158664
11010,0.445887,0.083513,0.173237,0.048143,0.140994
11011,0.421187,0.0842,0.158546,0.04204,0.136401
11012,0.383447,0.068956,0.172075,0.03083,0.111586
11013,0.626414,0.072006,0.371955,0.034443,0.14801
11014,0.49502,0.064147,0.22791,0.05017,0.152793
11015,0.50271,0.065683,0.198611,0.057183,0.181233
11016,0.439286,0.08972,0.165088,0.045207,0.139271
11017,0.326097,0.05983,0.123729,0.030663,0.111875
11018,0.400387,0.063673,0.170633,0.031434,0.134647
11019,0.360097,0.08144,0.123885,0.032574,0.122198
11020,0.48417,0.066347,0.234547,0.035866,0.14741
11021,0.338337,0.049007,0.129641,0.027417,0.132272
11022,0.742617,0.06386,0.507792,0.035177,0.135788
11023,0.58087,0.05848,0.346568,0.032137,0.143685
11024,0.62301,0.082864,0.36591,0.03496,0.139276
11025,0.378473,0.062447,0.176599,0.027653,0.111774
11026,0.45653,0.0831,0.19746,0.029933,0.146037
11027,0.503743,0.063717,0.267301,0.03488,0.137845
11028,0.51972,0.080023,0.250075,0.044446,0.145176
11029,0.728973,0.06275,0.413286,0.057293,0.195644
11030,0.769256,0.07885,0.45845,0.048593,0.183363
11031,0.460367,0.087807,0.204827,0.0296,0.138133
11032,0.4206,0.096547,0.133897,0.05326,0.136896
11033,0.729117,0.058323,0.355621,0.069223,0.24595
11034,0.516114,0.08391,0.15383,0.057,0.221374
11035,0.550393,0.088407,0.182663,0.058053,0.22127
11036,0.590414,0.078587,0.258483,0.048537,0.204807
11037,0.811283,0.085617,0.46593,0.05939,0.200346
11038,0.54841,0.086981,0.192501,0.067767,0.201161
11039,0.52339,0.082623,0.243934,0.03968,0.157153
11040,0.926437,0.0616,0.479784,0.06782,0.317233
11041,0.378164,0.05777,0.107968,0.029613,0.182813
11042,0.47858,0.083664,0.23921,0.02992,0.125786
11043,0.385353,0.05679,0.172299,0.031407,0.124857
11044,0.473733,0.08239,0.219803,0.03377,0.13777
11045,0.465366,0.08745,0.232943,0.027133,0.11784
11046,0.490773,0.088477,0.192164,0.032496,0.177636
11047,0.387223,0.06293,0.157634,0.026787,0.139872
11048,0.431443,0.082376,0.19234,0.02863,0.128097
11049,0.350093,0.06513,0.145411,0.027447,0.112105
11050,0.478257,0.09414,0.22691,0.02823,0.128977
11051,0.35174,0.062356,0.146789,0.02695,0.115645
11052,0.4533,0.089799,0.192118,0.034897,0.136486
11053,0.580756,0.061587,0.379639,0.030473,0.109057
11054,0.601844,0.08318,0.331241,0.031377,0.156046
11055,0.369304,0.06809,0.162943,0.026653,0.111618
11056,0.39297,0.076064,0.14511,0.02907,0.142726
11057,0.384867,0.05894,0.160397,0.03085,0.13468
11058,0.52312,0.08374,0.285176,0.028807,0.125397
11059,0.50913,0.07042,0.23307,0.031733,0.173907
11060,0.402013,0.086747,0.15014,0.02892,0.136206
11061,0.420423,0.058513,0.200314,0.033507,0.128089
11062,0.447727,0.04445,0.20638,0.030453,0.166444
11063,0.521183,0.085663,0.233133,0.032176,0.170211
11064,0.41774,0.056506,0.217781,0.028263,0.11519
11065,0.406984,0.053567,0.204461,0.027566,0.12139
11066,0.446204,0.05933,0.204923,0.03138,0.150571
11067,0.387457,0.078937,0.14,0.026906,0.141614
11068,0.509271,0.085561,0.175503,0.057147,0.19106
11069,0.462747,0.057354,0.182488,0.040274,0.182631
11070,0.5598,0.08236,0.251423,0.047243,0.178774
11071,0.42604,0.06249,0.201211,0.03157,0.130769
11072,0.478187,0.059233,0.216467,0.033936,0.168551
11073,0.605236,0.09149,0.284986,0.05585,0.17291
11074,0.51644,0.045274,0.18304,0.057576,0.23055
11075,0.586503,0.066567,0.265995,0.056386,0.197555
11076,0.436033,0.088227,0.16496,0.045043,0.137803
11077,0.43877,0.040873,0.196316,0.035017,0.166564
11078,0.605243,0.07992,0.299037,0.05619,0.170096
11079,0.46765,0.08894,0.133127,0.055833,0.18975
11080,0.42603,0.089707,0.1542,0.045087,0.137036
11081,0.470523,0.075477,0.219137,0.04697,0.128939
11082,0.435256,0.057354,0.184286,0.037546,0.15607
11083,0.44936,0.046,0.205864,0.03247,0.165026
11084,0.391976,0.062424,0.186359,0.033303,0.10989
11085,0.37621,0.074187,0.142218,0.02677,0.133035
11086,0.499473,0.08574,0.21733,0.033493,0.16291
11087,0.441147,0.088597,0.206286,0.026973,0.119291
11088,0.456733,0.065213,0.21131,0.034194,0.146016
11089,0.69727,0.050246,0.48539,0.02958,0.132054
11090,0.58052,0.08968,0.290536,0.033564,0.16674
11091,0.673423,0.065803,0.365679,0.05695,0.184991
11092,0.466116,0.081943,0.173413,0.046126,0.164634
11093,0.655446,0.08323,0.292137,0.05937,0.220709
11094,0.56134,0.05332,0.206197,0.056833,0.24499
11095,0.791316,0.065544,0.448621,0.056833,0.220318
11096,0.565317,0.086683,0.208543,0.057443,0.212648
11097,0.625254,0.07607,0.253943,0.060253,0.234988
11098,0.536307,0.057264,0.217151,0.049877,0.212015
11099,0.59366,0.08153,0.2303,0.057016,0.224814
11100,0.452637,0.083833,0.14973,0.045864,0.17321
11101,0.62476,0.06898,0.390213,0.035413,0.130154
11102,0.42631,0.083006,0.182411,0.031087,0.129806
11103,0.458963,0.064453,0.226866,0.030686,0.136958
11104,0.739163,0.1021,0.451812,0.03032,0.154931
11105,0.532197,0.08668,0.17064,0.060527,0.21435
11106,0.457677,0.084367,0.190206,0.04464,0.138464
11107,0.597273,0.091174,0.265112,0.06728,0.173707
11108,0.681374,0.07143,0.42508,0.04718,0.137684
11109,0.518414,0.089797,0.23151,0.029493,0.167614
11110,0.438237,0.062267,0.215674,0.043013,0.117283
11111,0.384847,0.08381,0.14553,0.027627,0.12788
11112,0.368486,0.090654,0.131197,0.029077,0.117558
11113,0.469013,0.089796,0.219345,0.03123,0.128642
11114,0.337243,0.06341,0.100494,0.033834,0.139505
11115,0.437113,0.06457,0.206898,0.028653,0.136992
11116,0.397427,0.071076,0.180441,0.028923,0.116987
11117,0.40836,0.069323,0.175419,0.030926,0.132692
11118,0.665837,0.088657,0.381467,0.034827,0.160886
11119,0.35142,0.042197,0.119911,0.031157,0.158155
11120,0.474177,0.083234,0.237924,0.029046,0.123973
11121,0.39854,0.03827,0.169411,0.027973,0.162886
11122,0.530937,0.06059,0.196967,0.05151,0.22187
11123,0.53283,0.07786,0.20583,0.056163,0.192977
11124,0.943153,0.080013,0.563847,0.05731,0.241983
11125,0.560561,0.075807,0.206211,0.05723,0.221313
11126,0.759623,0.08687,0.413947,0.056953,0.201853
11127,0.599266,0.077143,0.21614,0.065447,0.240536
11128,0.919159,0.057426,0.541179,0.057163,0.263391
11129,0.908114,0.06847,0.488934,0.060233,0.290477
11130,0.505913,0.09481,0.199737,0.049037,0.162329
11131,0.397651,0.060723,0.100854,0.043297,0.192777
11132,0.644776,0.056794,0.250877,0.05713,0.279975
11133,0.643347,0.067233,0.302614,0.056864,0.216636
11134,0.51719,0.08388,0.192829,0.055657,0.184824
11135,0.608463,0.080433,0.31252,0.040843,0.174667
11136,0.622963,0.062857,0.24926,0.070267,0.240579
11137,0.455633,0.07818,0.15239,0.03995,0.185113
11138,0.48977,0.084363,0.241039,0.03328,0.131088
11139,0.374507,0.06346,0.149493,0.032344,0.12921
11140,0.368406,0.085703,0.127205,0.027643,0.127855
11141,0.361737,0.06512,0.139528,0.02826,0.128829
11142,0.405316,0.072297,0.146205,0.03097,0.155844
11143,0.598433,0.042047,0.267953,0.056866,0.231567
11144,0.522316,0.045263,0.19953,0.057737,0.219786
11145,0.595173,0.043394,0.262084,0.057127,0.232568
11146,0.662857,0.092457,0.372587,0.04648,0.151333
11147,0.40548,0.054304,0.164193,0.029377,0.157606
11148,0.445273,0.090956,0.178643,0.047624,0.12805
11149,0.592017,0.087807,0.31463,0.034744,0.154836
11150,0.53935,0.05968,0.265635,0.04398,0.170055
11151,0.40064,0.069114,0.17222,0.048373,0.110933
11152,0.49441,0.061683,0.240016,0.031973,0.160738
11153,0.43789,0.05706,0.154423,0.044234,0.182173
11154,0.41975,0.06148,0.184657,0.04568,0.127933
11155,0.419414,0.06764,0.189427,0.03149,0.130857
11156,0.568166,0.086397,0.284276,0.03423,0.163263
11157,0.325986,0.064126,0.105107,0.027284,0.129469
11158,0.528877,0.083023,0.259543,0.029603,0.156708
11159,0.42762,0.093303,0.141543,0.026977,0.165797
11160,0.50864,0.091987,0.253576,0.029463,0.133614
11161,0.450614,0.059433,0.21323,0.032103,0.145848
11162,0.510164,0.09261,0.254509,0.028903,0.134142
11163,0.452553,0.063613,0.215163,0.031066,0.142711
11164,0.41413,0.057904,0.217344,0.027817,0.111065
11165,0.473023,0.081333,0.199003,0.031926,0.160761
11166,0.352177,0.065117,0.146246,0.028566,0.112248
11167,0.40106,0.082446,0.171946,0.027047,0.119621
11168,0.443053,0.066404,0.203339,0.029504,0.143806
11169,0.482754,0.05701,0.268505,0.029803,0.127436
11170,0.468414,0.08164,0.161998,0.03839,0.186386
11171,0.39475,0.04124,0.14008,0.03285,0.18058
11172,0.4538,0.080133,0.207949,0.029516,0.136202
11173,0.376484,0.090067,0.130648,0.0266,0.129169
11174,0.537924,0.061744,0.328678,0.029274,0.118228
11175,0.359767,0.06227,0.15753,0.028286,0.111681
11176,0.49044,0.079057,0.240195,0.029813,0.141375
11177,0.33235,0.034876,0.139393,0.02693,0.131151
11178,0.477307,0.084856,0.225055,0.03155,0.135846
11179,0.418643,0.06048,0.216779,0.027126,0.114258
11180,0.393383,0.073877,0.156416,0.035444,0.127646
11181,0.32894,0.06425,0.113115,0.03346,0.118115
11182,0.359186,0.06185,0.146583,0.03043,0.120323
11183,0.390436,0.043054,0.16737,0.028763,0.151249
11184,0.346713,0.05386,0.14938,0.02809,0.115383
11185,0.59199,0.06894,0.286645,0.056164,0.180241
11186,0.401033,0.064433,0.156761,0.046544,0.133295
11187,0.825797,0.08441,0.557976,0.035467,0.147944
11188,0.441136,0.065113,0.136669,0.048704,0.19065
11189,0.429543,0.111427,0.155939,0.03036,0.131817
11190,0.47352,0.088847,0.235589,0.03024,0.118844
11191,0.503894,0.08352,0.221133,0.03297,0.166271
11192,0.412553,0.088806,0.161397,0.02943,0.13292
11193,0.30708,0.041483,0.099398,0.026713,0.139486
11194,0.33393,0.039014,0.090791,0.03518,0.168945
11195,0.882717,0.035794,0.564303,0.056453,0.226167
11196,0.52272,0.060053,0.202744,0.05694,0.202983
11197,0.425117,0.060757,0.129211,0.054226,0.180923
11198,0.580204,0.075187,0.210007,0.057167,0.237843
11199,0.566373,0.075387,0.234835,0.056327,0.199824
11200,0.482927,0.085223,0.202867,0.047083,0.147754
11201,0.58245,0.057094,0.202317,0.057083,0.265956
11202,0.514496,0.08724,0.229684,0.04606,0.151512
11203,0.52194,0.08284,0.182618,0.056713,0.199769
11204,0.462783,0.085636,0.150851,0.047494,0.178802
11205,0.58073,0.092137,0.212972,0.066093,0.209528
11206,1.00899,0.05743,0.706778,0.056897,0.187888
11207,0.500234,0.0583,0.18885,0.041363,0.211721
11208,0.64645,0.056893,0.283204,0.056983,0.24937
11209,0.385843,0.078744,0.14021,0.030517,0.136372
11210,0.351773,0.063877,0.141501,0.029874,0.116521
11211,0.419687,0.054107,0.21622,0.027806,0.121554
11212,0.293433,0.03797,0.097401,0.028996,0.129066
11213,0.7771,0.074596,0.547285,0.027836,0.127383
11214,0.44652,0.07503,0.196567,0.031703,0.14322
11215,0.322163,0.044144,0.131667,0.02776,0.118592
11216,0.481637,0.047197,0.229426,0.03184,0.173174
11217,0.555467,0.050437,0.246236,0.055697,0.203097
11218,0.436077,0.09207,0.145919,0.06078,0.137308
11219,0.607596,0.082397,0.31442,0.03346,0.177319
11220,0.434627,0.08839,0.17555,0.035987,0.1347
11221,0.63669,0.07146,0.362832,0.034443,0.167955
11222,0.374797,0.05829,0.149149,0.031833,0.135525
11223,0.429753,0.077914,0.1749,0.028533,0.148406
11224,0.338654,0.060853,0.122932,0.029184,0.125685
11225,0.527616,0.08052,0.164603,0.067613,0.21488
11226,0.457263,0.071716,0.139073,0.05101,0.195464
11227,0.687434,0.059874,0.429515,0.034436,0.163609
11228,0.664763,0.090293,0.305179,0.055666,0.213625
11229,0.575363,0.072226,0.237184,0.059577,0.206376
11230,0.450606,0.05651,0.139681,0.058316,0.196099
11231,0.381897,0.080016,0.1269,0.034233,0.140748
11232,0.682557,0.060276,0.465414,0.031076,0.125791
11233,0.50025,0.086004,0.239248,0.028914,0.146084
11234,0.652823,0.087804,0.362447,0.033994,0.168578
11235,0.40864,0.069906,0.19587,0.029733,0.113131
11236,0.455133,0.06823,0.222956,0.031207,0.13274
11237,0.33705,0.04167,0.125781,0.026574,0.143025
11238,0.3207,0.041836,0.126593,0.02738,0.124891
11239,0.447603,0.0396,0.235392,0.02799,0.144621
11240,0.610243,0.08086,0.253283,0.057784,0.218316
11241,0.398337,0.072953,0.154513,0.030364,0.140507
11242,0.636894,0.083736,0.273083,0.056926,0.223149
11243,0.556207,0.064693,0.264982,0.034696,0.191836
11244,0.519406,0.072627,0.25286,0.046023,0.147896
11245,0.393786,0.04119,0.167711,0.031754,0.153131
11246,0.669017,0.083967,0.381743,0.034606,0.168701
11247,0.608176,0.06484,0.38636,0.035133,0.121843
11248,0.3214,0.062223,0.115033,0.032177,0.111967
11249,0.430284,0.084017,0.185312,0.027597,0.133358
11250,0.341053,0.058986,0.134653,0.028767,0.118647
11251,0.478553,0.06885,0.216484,0.033346,0.159873
11252,0.36833,0.063893,0.155072,0.028293,0.121072
11253,0.402436,0.080893,0.171242,0.027313,0.122988
11254,0.379344,0.06274,0.165904,0.02871,0.12199
11255,0.37124,0.058923,0.174023,0.028354,0.10994
11256,0.444233,0.063303,0.23075,0.028287,0.121893
11257,0.39883,0.08635,0.160735,0.027713,0.124032
11258,0.39764,0.088334,0.160719,0.02829,0.120297
11259,0.404213,0.06125,0.14072,0.033383,0.16886
11260,0.502526,0.06873,0.277809,0.029557,0.12643
11261,0.29852,0.039453,0.099585,0.031254,0.128228
11262,0.430183,0.045027,0.222592,0.027374,0.13519
11263,0.456054,0.06828,0.244733,0.028916,0.114125
11264,0.46244,0.070643,0.2078,0.033447,0.15055
11265,0.560514,0.0839,0.193619,0.056816,0.226179
11266,1.0764,0.09513,0.748836,0.047333,0.185105
11267,0.40473,0.06575,0.157311,0.06018,0.121489
11268,0.394307,0.087163,0.148628,0.031623,0.126893
11269,0.52778,0.04555,0.266709,0.034797,0.180724
11270,0.449607,0.083476,0.159463,0.03486,0.171808
11271,0.3436,0.065183,0.127148,0.031863,0.119406
11272,0.444874,0.061114,0.245524,0.03091,0.107326
11273,0.623697,0.06429,0.38359,0.0328,0.143017
11274,0.349833,0.03645,0.138666,0.032806,0.141911
11275,0.35413,0.046973,0.119562,0.032363,0.155232
11276,0.428263,0.061353,0.215356,0.029523,0.122031
11277,0.42794,0.07179,0.202093,0.028957,0.1251
11278,0.387674,0.062646,0.119981,0.03368,0.171367
11279,0.44271,0.055317,0.237002,0.027003,0.123388
11280,0.402724,0.08601,0.15859,0.028256,0.129868
11281,0.320616,0.058136,0.119393,0.027843,0.115244
11282,0.409094,0.084583,0.175294,0.029986,0.119231
11283,0.399144,0.05913,0.173541,0.032354,0.134119
11284,0.422486,0.087307,0.171378,0.033964,0.129837
11285,0.399467,0.041734,0.15871,0.04368,0.155343
11286,0.636877,0.086393,0.397461,0.027334,0.125689
11287,0.372397,0.063504,0.160765,0.026123,0.122005
11288,0.434957,0.080743,0.194825,0.045563,0.113826
11289,0.388136,0.06575,0.151491,0.046144,0.124751
11290,0.504726,0.08339,0.250777,0.02881,0.141749
11291,0.512777,0.065263,0.256127,0.032047,0.15934
11292,0.496794,0.061027,0.284757,0.030554,0.120456
11293,0.436513,0.081604,0.192514,0.02726,0.135135
11294,0.719513,0.044804,0.465781,0.033713,0.175215
11295,0.405373,0.06003,0.195099,0.03874,0.111504
11296,0.509707,0.08203,0.248127,0.032613,0.146937
11297,0.489817,0.064333,0.269588,0.027557,0.128339
11298,0.396617,0.061593,0.19776,0.029427,0.107837
11299,0.437967,0.08369,0.186946,0.02791,0.139421
11300,0.37333,0.06031,0.173984,0.02766,0.111376
11301,0.556344,0.083107,0.247673,0.056053,0.169511
11302,0.529704,0.085493,0.165714,0.056863,0.221634
11303,0.466236,0.07123,0.180731,0.034966,0.179309
11304,0.459923,0.08339,0.176093,0.046407,0.154033
11305,0.687733,0.09545,0.340128,0.056384,0.195771
11306,0.405177,0.088467,0.125874,0.04454,0.146296
11307,0.392043,0.084853,0.155769,0.027876,0.123545
11308,0.434184,0.071256,0.20048,0.03222,0.130228
11309,0.420707,0.07814,0.144353,0.04231,0.155904
11310,0.496683,0.061673,0.229734,0.03936,0.165916
11311,0.444773,0.08154,0.191195,0.030753,0.141285
11312,1.02914,0.037496,0.827383,0.030947,0.133317
11313,0.53516,0.081514,0.19808,0.05577,0.199796
11314,0.652844,0.0575,0.277727,0.05794,0.259677
11315,0.378933,0.067673,0.142369,0.031457,0.137434
11316,0.445537,0.072746,0.17775,0.03638,0.158661
11317,0.37938,0.086134,0.135854,0.028153,0.129239
11318,0.496347,0.092297,0.236848,0.032203,0.134999
11319,0.946143,0.060823,0.708284,0.044446,0.13259
11320,0.45735,0.063267,0.20597,0.03248,0.155633
11321,0.65121,0.059214,0.273725,0.057444,0.260827
11322,0.58343,0.080857,0.277564,0.047457,0.177552
11323,0.372933,0.064747,0.133226,0.03749,0.13747
11324,0.327726,0.05503,0.128452,0.03075,0.113494
11325,0.503284,0.058644,0.296589,0.027707,0.120344
11326,0.396707,0.06051,0.176765,0.030573,0.128859
11327,0.57737,0.080867,0.294557,0.033793,0.168153
11328,0.775297,0.083703,0.456567,0.036394,0.198633
11329,0.38383,0.087947,0.137692,0.027477,0.130714
11330,0.4628,0.062043,0.157498,0.049977,0.193282
11331,0.595297,0.060567,0.252157,0.049256,0.233317
11332,0.492406,0.066076,0.229173,0.04741,0.149747
11333,0.602964,0.077603,0.242412,0.06767,0.215279
11334,0.512037,0.079644,0.1798,0.06848,0.184113
11335,0.517423,0.087474,0.246743,0.032546,0.15066
11336,0.500554,0.088064,0.22094,0.034006,0.157544
11337,0.40706,0.05539,0.15036,0.053823,0.147487
11338,0.62968,0.060414,0.394038,0.032634,0.142594
11339,0.421307,0.08638,0.17629,0.02763,0.131007
11340,0.344983,0.058773,0.135246,0.030347,0.120617
11341,0.5298,0.086047,0.276831,0.036894,0.130028
11342,0.51638,0.065514,0.289018,0.032253,0.129595
11343,0.47203,0.080343,0.230116,0.027697,0.133874
11344,0.361387,0.05785,0.148252,0.030137,0.125148
11345,0.456076,0.083063,0.179573,0.032363,0.161077
11346,0.383723,0.062736,0.143137,0.033753,0.144097
11347,0.395853,0.058776,0.180165,0.029936,0.126976
11348,0.369413,0.05906,0.173583,0.029307,0.107463
11349,0.39491,0.058197,0.168252,0.02771,0.140751
11350,0.489493,0.086037,0.231852,0.034297,0.137307
11351,0.606073,0.068806,0.374559,0.03328,0.129428
11352,0.397156,0.06258,0.179425,0.029163,0.125988
11353,0.43768,0.081087,0.204336,0.031683,0.120574
11354,0.449067,0.060757,0.200917,0.03411,0.153283
11355,0.43286,0.050257,0.21521,0.036216,0.131177
11356,0.406923,0.061153,0.173715,0.03002,0.142035
11357,0.418664,0.08551,0.182756,0.028123,0.122275
11358,0.674657,0.06121,0.453741,0.030737,0.128969
11359,0.333176,0.055757,0.128153,0.027923,0.121343
11360,0.37235,0.08436,0.121026,0.02978,0.137184
11361,0.357007,0.04664,0.130947,0.027526,0.151894
11362,0.416313,0.09084,0.169614,0.030533,0.125326
11363,0.75846,0.067726,0.540741,0.0284,0.121593
11364,0.414043,0.08025,0.155514,0.03311,0.145169
11365,0.347227,0.06349,0.143371,0.02712,0.113246
11366,0.50053,0.086423,0.24276,0.028137,0.14321
11367,0.31518,0.04461,0.123446,0.026353,0.120771
11368,0.33988,0.051576,0.132924,0.028353,0.127027
11369,0.58734,0.062236,0.363794,0.03355,0.12776
11370,0.435123,0.057887,0.223784,0.029606,0.123846
11371,0.35183,0.086026,0.117481,0.02951,0.118813
11372,0.6857,0.06168,0.473747,0.029057,0.121216
11373,0.901006,0.614587,0.120548,0.034134,0.131737
11374,0.448423,0.08449,0.188533,0.034563,0.140837
11375,0.369816,0.061113,0.171767,0.02648,0.110456
11376,0.4183,0.082973,0.179996,0.028676,0.126655
11377,0.40436,0.091813,0.158327,0.027407,0.126813
11378,0.44941,0.091393,0.199145,0.02862,0.130252
11379,0.585867,0.059766,0.352641,0.033647,0.139813
11380,0.374867,0.042664,0.128544,0.03161,0.172049
11381,0.38759,0.083587,0.137031,0.033087,0.133885
11382,0.375823,0.089274,0.1371,0.028526,0.120923
11383,0.374797,0.06478,0.152417,0.031507,0.126093
11384,0.421217,0.082447,0.186306,0.02923,0.123234
11385,0.528847,0.046504,0.310346,0.031266,0.140731
11386,0.485343,0.08202,0.231227,0.03232,0.139776
11387,0.40404,0.065554,0.199393,0.028157,0.110936
11388,0.429916,0.086397,0.176613,0.028823,0.138083
11389,0.372766,0.087057,0.134731,0.031206,0.119772
11390,0.466533,0.09011,0.181914,0.033283,0.161226
11391,0.36911,0.070927,0.143001,0.027234,0.127948
11392,0.344967,0.057283,0.137634,0.029696,0.120354
11393,0.394027,0.085814,0.15694,0.031587,0.119686
11394,0.37799,0.031923,0.147244,0.03394,0.164883
11395,0.397327,0.04641,0.181407,0.031463,0.138047
11396,0.843323,0.036064,0.60196,0.03597,0.169329
11397,0.46432,0.089577,0.199615,0.02701,0.148118
11398,0.38697,0.0636,0.159748,0.035367,0.128255
11399,0.46129,0.080974,0.210697,0.026926,0.142693
11400,0.446883,0.060597,0.187623,0.035617,0.163046
11401,0.465217,0.082063,0.216882,0.027427,0.138845
11402,0.37905,0.066823,0.167807,0.027907,0.116513
11403,0.586559,0.083836,0.246986,0.066286,0.189451
11404,0.490577,0.079217,0.177003,0.075756,0.158601
11405,0.524943,0.082287,0.159177,0.066923,0.216556
11406,0.66543,0.08143,0.302835,0.056456,0.224709
11407,0.612896,0.077764,0.240566,0.069973,0.224593
11408,0.438947,0.056926,0.144457,0.05003,0.187534
11409,0.543937,0.07181,0.193227,0.066633,0.212267
11410,0.750714,0.084613,0.43481,0.047107,0.184184
11411,0.60349,0.08619,0.23849,0.057124,0.221686
11412,0.453246,0.063863,0.202766,0.05749,0.129127
11413,0.487273,0.080584,0.240536,0.029083,0.13707
11414,0.755206,0.085177,0.423592,0.056483,0.189954
11415,0.61795,0.07336,0.283135,0.056296,0.205159
11416,0.579943,0.08684,0.23082,0.068427,0.193856
11417,0.798047,0.07179,0.44378,0.057553,0.224924
11418,0.50114,0.08411,0.243448,0.04669,0.126892
11419,0.416526,0.05884,0.155258,0.03406,0.168368
11420,0.659824,0.08582,0.311198,0.066,0.196806
11421,0.373043,0.08026,0.130283,0.032766,0.129734
11422,0.450817,0.08159,0.199065,0.032166,0.137996
11423,0.523993,0.041556,0.198463,0.057193,0.226781
11424,0.35294,0.048013,0.106394,0.045307,0.153226
11425,0.53145,0.075344,0.209164,0.05537,0.191572
11426,0.416697,0.06428,0.163706,0.04618,0.142531
11427,0.496657,0.076477,0.162691,0.06795,0.189539
11428,0.424566,0.084333,0.153782,0.046097,0.140354
11429,0.477117,0.063123,0.243087,0.03549,0.135417
11430,0.351794,0.053846,0.139443,0.033974,0.124531
11431,0.59125,0.091787,0.275548,0.05611,0.167805
11432,0.550313,0.089613,0.282018,0.044353,0.134329
11433,0.498313,0.084284,0.168742,0.05646,0.188827
11434,0.539504,0.087356,0.262545,0.04497,0.144633
11435,0.50805,0.063423,0.234407,0.037164,0.173056
11436,0.409953,0.083996,0.16477,0.03047,0.130717
11437,0.367817,0.058253,0.17301,0.027563,0.108991
11438,0.446966,0.058687,0.191105,0.030423,0.166751
11439,0.348243,0.061163,0.13303,0.031503,0.122547
11440,0.37526,0.062527,0.154405,0.03373,0.124598
11441,0.461007,0.058727,0.2642,0.029923,0.108157
11442,0.409167,0.05688,0.166032,0.02985,0.156405
11443,0.60501,0.088924,0.279979,0.055357,0.18075
11444,0.535953,0.08391,0.199201,0.057973,0.194869
11445,0.427944,0.078427,0.162868,0.037357,0.149292
11446,0.474137,0.05835,0.227237,0.035474,0.153076
11447,0.686047,0.04946,0.381144,0.057,0.198443
11448,0.376106,0.04859,0.134744,0.04516,0.147612
11449,0.48867,0.04791,0.15859,0.055133,0.227037
11450,0.507946,0.048737,0.192977,0.04774,0.218492
11451,0.573146,0.031676,0.252733,0.066596,0.222141
11452,0.494723,0.04584,0.216627,0.04511,0.187146
11453,0.49639,0.078176,0.215153,0.04927,0.153791
11454,0.435676,0.08884,0.16162,0.035957,0.149259
11455,0.607047,0.085093,0.27063,0.055673,0.195651
11456,0.838944,0.075313,0.474056,0.05543,0.234145
11457,0.566766,0.078246,0.207337,0.055337,0.225846
11458,0.68573,0.090933,0.322326,0.055656,0.216815
11459,0.5774,0.08145,0.220403,0.05568,0.219867
11460,0.518214,0.086297,0.15827,0.056253,0.217394
11461,0.537333,0.07633,0.16503,0.055237,0.240736
11462,0.460193,0.060944,0.186637,0.045777,0.166835
11463,0.68773,0.060487,0.40201,0.029794,0.195439
11464,0.410757,0.065106,0.177336,0.035597,0.132718
11465,0.525653,0.080986,0.20286,0.05569,0.186117
11466,0.62463,0.068503,0.34431,0.046463,0.165354
11467,0.43347,0.085103,0.154824,0.028276,0.165267
11468,0.525847,0.065846,0.277373,0.02957,0.153058
11469,0.526683,0.04869,0.288134,0.02789,0.161969
11470,0.41989,0.064273,0.20459,0.029907,0.12112
11471,0.395127,0.080503,0.146177,0.027087,0.14136
11472,0.348063,0.058384,0.14093,0.028423,0.120326
11473,0.453527,0.081533,0.21164,0.027057,0.133297
11474,0.497034,0.059087,0.255603,0.04587,0.136474
11475,0.420877,0.06999,0.14943,0.027424,0.174033
11476,0.524877,0.08853,0.26775,0.035604,0.132993
11477,0.36723,0.060597,0.13869,0.028953,0.13899
11478,0.36642,0.03926,0.133133,0.028737,0.16529
11479,0.420874,0.050817,0.17582,0.028133,0.166104
11480,0.535613,0.03645,0.303417,0.028233,0.167513
11481,0.558504,0.09932,0.188924,0.06178,0.20848
11482,0.42242,0.08749,0.138366,0.045114,0.15145
11483,0.59376,0.0934,0.260714,0.05613,0.183516
11484,0.44767,0.062967,0.175413,0.04623,0.16306
11485,0.572543,0.07265,0.292827,0.028466,0.1786
11486,0.498277,0.082727,0.18726,0.031747,0.196543
11487,0.412617,0.03409,0.19615,0.029897,0.15248
11488,0.527376,0.07573,0.20078,0.056837,0.194029
11489,0.40207,0.07432,0.14152,0.031293,0.154937
11490,0.372656,0.057603,0.11347,0.03547,0.166113
11491,0.646983,0.083724,0.286116,0.055927,0.221216
11492,0.53067,0.089997,0.21245,0.059173,0.16905
11493,0.895973,0.08554,0.5268,0.055623,0.22801
11494,0.585323,0.088834,0.241387,0.05548,0.199622
11495,0.604717,0.066303,0.21438,0.055636,0.268398
11496,0.544413,0.08729,0.16783,0.056,0.233293
11497,0.481454,0.080644,0.165996,0.032177,0.202637
11498,0.536903,0.066914,0.164687,0.055843,0.249459
11499,0.460326,0.064814,0.191316,0.032987,0.171209
11500,0.57635,0.08531,0.243147,0.055384,0.192509
11501,0.350314,0.079344,0.09494,0.030113,0.145917
11502,0.428016,0.059784,0.17697,0.031943,0.159319
11503,0.435394,0.086863,0.16741,0.029556,0.151565
11504,0.496144,0.088816,0.244127,0.02901,0.134191
11505,0.418747,0.064823,0.19531,0.030397,0.128217
11506,0.533204,0.086586,0.24688,0.030394,0.169344
11507,0.40051,0.076693,0.149163,0.02745,0.147204
11508,0.450747,0.064807,0.19397,0.028193,0.163777
11509,0.397003,0.063507,0.1697,0.028533,0.135263
11510,0.473607,0.07606,0.21805,0.030753,0.148744
11511,0.338163,0.040416,0.138097,0.02932,0.13033
11512,0.502807,0.08025,0.246387,0.030806,0.145364
11513,0.468893,0.06377,0.260297,0.02906,0.115766
11514,0.511417,0.09043,0.217317,0.029507,0.174163
11515,0.47069,0.075567,0.204603,0.02799,0.16253
11516,0.50683,0.07562,0.2025,0.030663,0.198047
11517,0.53732,0.092337,0.18551,0.069343,0.19013
11518,0.428137,0.087117,0.134973,0.047187,0.15886
11519,0.513313,0.066694,0.24977,0.0348,0.162049
11520,0.522606,0.085853,0.22,0.034544,0.182209
11521,0.509276,0.053434,0.283084,0.027824,0.144934
11522,0.363433,0.065697,0.140863,0.03194,0.124933
11523,0.393533,0.07342,0.13626,0.04361,0.140243
11524,0.413379,0.065697,0.183427,0.039024,0.125231
11525,0.395183,0.075193,0.147494,0.02804,0.144456
11526,0.53727,0.090377,0.257323,0.028664,0.160906
11527,0.522363,0.10957,0.24234,0.028363,0.14209
11528,0.508207,0.061586,0.296506,0.030527,0.119588
11529,0.437627,0.070726,0.19768,0.027616,0.141605
11530,0.401843,0.042817,0.176227,0.029016,0.153783
11531,0.43242,0.072483,0.18469,0.02679,0.148457
11532,0.47616,0.088226,0.200547,0.027467,0.15992
11533,0.511383,0.099534,0.231966,0.02848,0.151403
11534,0.511497,0.06358,0.270204,0.027613,0.1501
11535,0.484873,0.07334,0.231257,0.027224,0.153052
11536,0.464497,0.068461,0.2029,0.02902,0.164116
11537,0.484376,0.070293,0.233643,0.0282,0.15224
11538,1.10323,0.06421,0.83606,0.029547,0.17341
11539,0.658114,0.069203,0.243693,0.060196,0.285022
11540,0.5954,0.071984,0.23809,0.050113,0.235213
11541,0.643143,0.063147,0.28465,0.05535,0.239996
11542,0.508613,0.063164,0.132156,0.062333,0.25096
11543,0.536896,0.048717,0.220557,0.055674,0.211948
11544,0.52248,0.087127,0.184884,0.064596,0.185873
11545,0.551243,0.089966,0.170303,0.055606,0.235368
11546,0.520203,0.090887,0.208017,0.04504,0.176259
11547,0.65141,0.089146,0.280884,0.055757,0.225623
11548,0.62206,0.055777,0.28061,0.055403,0.23027
11549,0.675077,0.063894,0.293489,0.058777,0.258917
11550,0.59209,0.056687,0.245867,0.0485,0.241036
11551,0.596203,0.087206,0.240277,0.042024,0.226696
11552,0.512533,0.06396,0.192653,0.046803,0.209117
11553,0.469676,0.073607,0.19661,0.028166,0.171293
11554,0.503027,0.087486,0.211834,0.030193,0.173514
11555,0.423747,0.060054,0.1814,0.030356,0.151937
11556,0.743086,0.0851,0.458533,0.03112,0.168333
11557,0.400866,0.05727,0.162144,0.027413,0.154039
11558,0.51409,0.04572,0.186157,0.054946,0.227267
11559,0.493193,0.065093,0.198794,0.035713,0.193593
11560,0.494913,0.064273,0.165697,0.048707,0.216236
11561,0.611237,0.064697,0.22006,0.05558,0.2709
11562,0.599124,0.076934,0.192503,0.057183,0.272504
11563,0.45455,0.059074,0.18592,0.03454,0.175016
11564,0.578693,0.083813,0.279147,0.033294,0.182439
11565,0.54413,0.087703,0.261497,0.029176,0.165754
11566,0.38996,0.05815,0.148063,0.02834,0.155407
11567,0.403257,0.071343,0.15392,0.03109,0.146904
11568,0.49542,0.09029,0.184657,0.02896,0.191513
11569,0.4078,0.069343,0.151117,0.02666,0.16068
11570,0.4274,0.08271,0.167934,0.028673,0.148083
11571,0.596517,0.088996,0.24701,0.055953,0.204558
11572,0.487713,0.05861,0.16189,0.049653,0.21756
11573,0.49417,0.04741,0.255587,0.029894,0.161279
11574,0.67344,0.045587,0.311547,0.05547,0.260836
11575,0.635744,0.06359,0.240224,0.055994,0.275936
11576,0.531806,0.056906,0.172916,0.05378,0.248204
11577,0.6409,0.060376,0.26559,0.055753,0.259181
11578,0.48429,0.080847,0.171827,0.044424,0.187192
11579,0.48586,0.060813,0.176133,0.034527,0.214387
11580,0.452636,0.0611,0.15514,0.04824,0.188156
11581,0.43494,0.084663,0.149753,0.029103,0.171421
11582,0.71029,0.092416,0.40755,0.031657,0.178667
11583,0.465617,0.07561,0.198354,0.027923,0.16373
11584,0.524173,0.054206,0.18995,0.066943,0.213074
11585,0.521633,0.056636,0.22481,0.03487,0.205317
11586,0.654324,0.067217,0.24995,0.055427,0.28173
11587,0.58866,0.06861,0.186596,0.055596,0.277858
11588,0.60495,0.06615,0.222174,0.055396,0.26123
11589,0.701264,0.060793,0.282923,0.056593,0.300955
11590,0.53067,0.071227,0.186553,0.07489,0.198
11591,0.560754,0.090977,0.213594,0.0568,0.199383
11592,0.45571,0.08787,0.1742,0.045737,0.147903
11593,0.640846,0.086756,0.244943,0.074833,0.234314
11594,0.501076,0.08982,0.180576,0.044643,0.186037
11595,0.459886,0.056013,0.192874,0.033823,0.177176
11596,0.46682,0.056343,0.145494,0.050044,0.214939
11597,0.37312,0.088697,0.11012,0.029463,0.14484
11598,0.577787,0.065973,0.225897,0.05002,0.235897
11599,0.554657,0.053886,0.19,0.05917,0.251601
11600,0.47371,0.090256,0.156577,0.044694,0.182183
11601,0.486843,0.07225,0.231063,0.03085,0.15268
11602,0.458876,0.087103,0.190117,0.030066,0.15159
11603,0.38461,0.066776,0.159687,0.027243,0.130904
11604,0.54862,0.057717,0.263486,0.036046,0.191371
11605,0.427377,0.073877,0.160293,0.02993,0.163277
11606,0.484146,0.090687,0.198153,0.028134,0.167172
11607,0.462853,0.067463,0.214373,0.02675,0.154267
11608,0.441277,0.08697,0.190723,0.02794,0.135644
11609,0.50506,0.08903,0.220033,0.027253,0.168744
11610,0.559507,0.067177,0.299916,0.02853,0.163884
11611,0.571617,0.079433,0.297467,0.027663,0.167054
11612,0.68299,0.07516,0.318243,0.055766,0.233821
11613,0.411926,0.057423,0.15544,0.033256,0.165807
11614,0.551337,0.0708,0.2099,0.049457,0.22118
11615,0.691477,0.07986,0.282863,0.055903,0.272851
11616,0.526703,0.079363,0.161697,0.055323,0.23032
11617,0.511027,0.064634,0.160817,0.044423,0.241153
11618,0.607346,0.05657,0.221073,0.0567,0.273003
11619,0.67965,0.066017,0.294107,0.056223,0.263303
11620,0.52557,0.055067,0.18697,0.05521,0.228323
11621,0.509717,0.066864,0.178944,0.035084,0.228825
11622,0.485563,0.069077,0.129713,0.049933,0.23684
11623,0.507254,0.06684,0.175167,0.034266,0.230981
11624,0.933323,0.0566,0.53226,0.075113,0.26935
11625,0.573463,0.06312,0.18637,0.05568,0.268293
11626,0.49179,0.090627,0.15884,0.045014,0.197309
11627,0.84992,0.088297,0.477066,0.058064,0.226493
11628,0.556673,0.056646,0.212437,0.049034,0.238556
11629,0.712113,0.092333,0.29395,0.060803,0.265027
11630,0.641853,0.06611,0.221763,0.055847,0.298133
11631,0.597633,0.066397,0.185207,0.06309,0.282939
11632,0.57347,0.067713,0.219806,0.048984,0.236967
11633,0.742303,0.070604,0.306414,0.077573,0.287712
11634,0.611014,0.08517,0.20867,0.04877,0.268404
11635,0.531466,0.084197,0.157957,0.05552,0.233792
11636,0.748427,0.06609,0.373494,0.052147,0.256696
11637,0.654986,0.090273,0.28405,0.05582,0.224843
11638,0.543453,0.06275,0.193876,0.049124,0.237703
11639,0.611104,0.070117,0.200324,0.07902,0.261643
11640,0.47194,0.089833,0.148556,0.045083,0.188468
11641,0.48733,0.067703,0.23651,0.028176,0.154941
11642,0.454336,0.085297,0.179003,0.02867,0.161366
11643,0.471096,0.063853,0.235643,0.027757,0.143843
11644,0.416017,0.071446,0.146136,0.028983,0.169452
11645,0.5502,0.09282,0.17906,0.056553,0.221767
11646,0.659527,0.076436,0.285223,0.055647,0.242221
11647,0.511953,0.064734,0.159907,0.044206,0.243106
11648,0.48743,0.057147,0.142623,0.048964,0.238696
11649,0.685104,0.063664,0.304916,0.055267,0.261257
11650,0.527017,0.0922,0.190893,0.045457,0.198467
11651,0.502016,0.06792,0.24841,0.032187,0.153499
11652,0.50537,0.06241,0.2578,0.03143,0.15373
11653,0.459284,0.08531,0.195613,0.028117,0.150244
11654,0.488877,0.04058,0.23636,0.031607,0.18033
11655,0.460276,0.060303,0.24543,0.028276,0.126267
11656,0.533236,0.065423,0.166627,0.050176,0.25101
11657,0.70568,0.083416,0.33278,0.056116,0.233368
11658,0.713526,0.060237,0.35219,0.049273,0.251826
11659,0.479114,0.066606,0.154057,0.036213,0.222238
11660,0.516936,0.083033,0.18783,0.064403,0.18167
11661,0.396657,0.0682,0.13749,0.028137,0.16283
11662,0.444234,0.0771,0.159827,0.029796,0.177511
11663,0.415087,0.088117,0.153454,0.036773,0.136743
11664,0.406217,0.06409,0.17275,0.03233,0.137047
11665,0.604737,0.069943,0.250797,0.055786,0.228211
11666,0.630497,0.091196,0.29298,0.049886,0.196435
11667,0.678614,0.070117,0.32441,0.05552,0.228567
11668,0.812913,0.065127,0.398807,0.055257,0.293722
11669,0.5474,0.079806,0.23438,0.03543,0.197784
11670,0.526893,0.084954,0.214347,0.045694,0.181898
11671,0.414776,0.06274,0.19241,0.030006,0.12962
11672,0.404187,0.0685,0.13868,0.030677,0.16633
11673,0.37692,0.054397,0.17041,0.027854,0.124259
11674,0.4964,0.08425,0.211263,0.029333,0.171554
11675,0.513543,0.0789,0.17196,0.034993,0.22769
11676,0.472366,0.064867,0.19187,0.046167,0.169462
11677,0.415323,0.070183,0.168557,0.027967,0.148616
11678,0.413197,0.060993,0.19512,0.029193,0.127891
11679,0.494336,0.075237,0.20817,0.027413,0.183516
11680,0.442587,0.097327,0.154527,0.028307,0.162426
11681,0.655163,0.067273,0.39918,0.032987,0.155723
11682,0.51221,0.06387,0.15929,0.050606,0.238444
11683,0.450603,0.056543,0.156484,0.034567,0.203009
11684,0.456447,0.07875,0.120693,0.051,0.206004
11685,0.513293,0.058123,0.146744,0.03628,0.272146
11686,0.57321,0.060483,0.183107,0.055387,0.274233
11687,0.565027,0.093076,0.1617,0.067836,0.242415
11688,0.69648,0.06251,0.32204,0.056067,0.255863
11689,0.53589,0.06049,0.218947,0.0355,0.220953
11690,0.668377,0.083057,0.276116,0.05501,0.254194
11691,0.49494,0.059037,0.17623,0.035354,0.224319
11692,0.696213,0.066734,0.283997,0.055483,0.289999
11693,0.826003,0.059794,0.45249,0.0558,0.257919
11694,0.551056,0.0665,0.174544,0.068976,0.241036
11695,0.566277,0.07153,0.180996,0.05753,0.256221
11696,0.49907,0.066253,0.140377,0.04931,0.24313
11697,0.437953,0.07791,0.157333,0.03264,0.17007
11698,0.55026,0.056083,0.19354,0.05001,0.250627
11699,0.708727,0.093537,0.288697,0.078036,0.248457
11700,0.95608,0.094817,0.62594,0.044783,0.19054
11701,0.47728,0.0687,0.21702,0.029176,0.162384
11702,0.4525,0.06276,0.19804,0.031503,0.160197
11703,0.499303,0.081343,0.22433,0.027753,0.165877
11704,0.49344,0.05952,0.23693,0.032886,0.164104
11705,0.535223,0.08821,0.259604,0.03847,0.148939
11706,1.02522,0.06599,0.755137,0.028767,0.175323
11707,0.473224,0.082753,0.190607,0.02764,0.172224
11708,0.426483,0.035937,0.17982,0.028436,0.18229
11709,0.688247,0.085733,0.2799,0.078157,0.244457
11710,0.604137,0.073456,0.24503,0.0594,0.226251
11711,0.478754,0.067043,0.175737,0.036596,0.199378
11712,0.582447,0.05983,0.215804,0.055554,0.251259
11713,0.600064,0.06625,0.20593,0.05525,0.272634
11714,0.534223,0.108123,0.20784,0.047724,0.170536
11715,0.55386,0.09195,0.187197,0.056613,0.2181
11716,0.589903,0.0905,0.27057,0.045313,0.18352
11717,0.42105,0.069544,0.159573,0.027707,0.164226
11718,0.452473,0.07401,0.180987,0.02918,0.168296
11719,0.493206,0.091783,0.204567,0.02853,0.168326
11720,0.5112,0.057806,0.151837,0.050317,0.25124
11721,0.650967,0.07701,0.276456,0.056047,0.241454
11722,0.484066,0.064413,0.130813,0.050374,0.238466
11723,0.775173,0.068073,0.374717,0.055893,0.27649
11724,0.610747,0.083367,0.251953,0.055847,0.21958
11725,0.684233,0.061587,0.288127,0.05651,0.278009
11726,0.622747,0.064557,0.229127,0.055487,0.273576
11727,0.631827,0.071833,0.27726,0.048576,0.234158
11728,0.575596,0.0624,0.21967,0.048757,0.244769
11729,0.489437,0.0885,0.180253,0.041803,0.178881
11730,0.860573,0.066937,0.558573,0.063213,0.17185
11731,1.00383,0.07087,0.70839,0.028333,0.196234
11732,0.755761,0.06636,0.340584,0.05659,0.292227
11733,0.689816,0.068797,0.278754,0.056863,0.285402
11734,0.693874,0.066267,0.29907,0.055633,0.272904
11735,0.552433,0.083016,0.195824,0.03543,0.238163
11736,0.7532,0.068147,0.376147,0.049957,0.258949
11737,0.45197,0.075233,0.158526,0.035447,0.182764
11738,0.486926,0.05998,0.226713,0.03495,0.165283
11739,0.549266,0.07372,0.176977,0.067397,0.231172
11740,0.639887,0.088073,0.347657,0.045254,0.158903
11741,0.53752,0.09041,0.18376,0.066724,0.196626
11742,0.57819,0.107837,0.239144,0.045573,0.185636
11743,0.626784,0.06976,0.281983,0.056177,0.218864
11744,0.427454,0.085436,0.127474,0.04555,0.168994
11745,0.441577,0.087466,0.179337,0.027633,0.147141
11746,0.45219,0.093127,0.186456,0.030717,0.14189
11747,0.51795,0.089117,0.209793,0.03145,0.18759
11748,0.557153,0.056946,0.215467,0.04915,0.23559
11749,0.527443,0.06646,0.20583,0.035193,0.21996
11750,0.598677,0.07717,0.18683,0.055807,0.27887
11751,0.468213,0.06573,0.12915,0.03295,0.240383
11752,0.583124,0.0605,0.224047,0.04946,0.249117
11753,0.58087,0.05857,0.169374,0.05759,0.295336
11754,0.503677,0.092617,0.18009,0.044403,0.186567
11755,0.435997,0.060943,0.153196,0.039197,0.182661
11756,0.773213,0.07177,0.494127,0.031234,0.176082
11757,0.516624,0.090373,0.2361,0.029137,0.161014
11758,0.482327,0.057573,0.138636,0.060567,0.225551
11759,0.601427,0.076253,0.19796,0.066566,0.260648
11760,0.60399,0.067913,0.195387,0.055306,0.285384
11761,0.614076,0.06586,0.19261,0.06557,0.290036
11762,0.55795,0.06811,0.16396,0.0804,0.24548
11763,0.587173,0.082264,0.279503,0.034559,0.190847
11764,0.49243,0.085707,0.21853,0.02443,0.163763
11765,0.489443,0.086629,0.19812,0.030422,0.174272
11766,0.395366,0.063231,0.15815,0.021892,0.152093
11767,0.619126,0.074648,0.343453,0.032527,0.168498
11768,0.473106,0.097133,0.214707,0.018924,0.142342
11769,0.525907,0.065875,0.256431,0.030764,0.172837
11770,0.385623,0.055542,0.173556,0.019897,0.136628
11771,0.451474,0.074813,0.18454,0.032262,0.159859
11772,0.49893,0.05772,0.286856,0.019127,0.135227
11773,0.477883,0.073609,0.192957,0.029709,0.181608
11774,0.448836,0.064306,0.212527,0.020036,0.151967
11775,0.49715,0.07557,0.2303,0.029631,0.161649
11776,0.54529,0.078707,0.283084,0.019329,0.16417
11777,0.424883,0.091384,0.16084,0.031116,0.141543
11778,0.34638,0.059163,0.14624,0.020317,0.12066
11779,0.448183,0.072803,0.167604,0.037407,0.170369
11780,0.50809,0.07023,0.232423,0.020743,0.184694
11781,0.38619,0.044044,0.14296,0.032259,0.166927
11782,0.38997,0.044998,0.160214,0.02028,0.164478
11783,0.405454,0.03582,0.171913,0.031589,0.166132
11784,0.44513,0.04458,0.202834,0.019683,0.178033
11785,0.598823,0.054369,0.30905,0.031387,0.204017
11786,0.413253,0.085517,0.178477,0.020246,0.129013
11787,0.574127,0.063306,0.339607,0.03038,0.140834
11788,0.54761,0.083371,0.28409,0.019241,0.160908
11789,0.66985,0.061616,0.402977,0.03176,0.173497
11790,0.440457,0.05057,0.182924,0.020739,0.186224
11791,0.54107,0.074142,0.263787,0.043636,0.159505
11792,0.403924,0.06218,0.15432,0.034075,0.153349
11793,0.532877,0.075091,0.257,0.041581,0.159205
11794,0.485456,0.056507,0.292037,0.019429,0.117483
11795,0.561593,0.083621,0.267393,0.03138,0.179199
11796,0.378493,0.063629,0.134797,0.020396,0.159671
11797,0.458787,0.072702,0.18366,0.029078,0.173347
11798,0.61059,0.059756,0.27048,0.016163,0.264191
11799,0.371874,0.046118,0.174087,0.019793,0.131876
11800,0.525283,0.05676,0.305233,0.026144,0.137146
11801,0.397863,0.053186,0.189207,0.019018,0.136452
11802,0.336417,0.052113,0.148644,0.020719,0.114941
11803,0.483426,0.04575,0.284357,0.018896,0.134423
11804,0.550563,0.042097,0.358196,0.018908,0.131362
11805,0.421717,0.050129,0.189397,0.026502,0.155689
11806,0.332504,0.038738,0.13394,0.019499,0.140327
11807,0.37544,0.059543,0.167973,0.0189,0.129024
11808,0.576693,0.043022,0.229236,0.019436,0.284999
11809,0.4106,0.060072,0.17909,0.026334,0.145104
11810,0.497857,0.039018,0.26216,0.020443,0.176236
11811,0.349123,0.050069,0.142857,0.01826,0.137937
11812,0.639173,0.053561,0.398297,0.041389,0.145926
11813,0.393067,0.047369,0.172373,0.018758,0.154567
11814,0.415013,0.049763,0.155727,0.019735,0.189788
11815,0.49607,0.048493,0.290323,0.018337,0.138917
11816,0.416227,0.042605,0.199687,0.033984,0.139951
11817,0.560216,0.052186,0.341707,0.018689,0.147634
11818,0.368754,0.038882,0.164883,0.019083,0.145906
11819,0.578477,0.072249,0.22093,0.05564,0.229658
11820,0.471634,0.066347,0.189526,0.019257,0.196504
11821,0.571643,0.086333,0.234966,0.043253,0.207091
11822,0.377857,0.044431,0.149187,0.023525,0.160714
11823,0.432547,0.042564,0.177487,0.029576,0.18292
11824,0.63115,0.065373,0.404326,0.02026,0.141191
11825,0.509987,0.050856,0.207363,0.034009,0.217759
11826,0.421796,0.085994,0.153036,0.0201,0.162666
11827,0.47238,0.072334,0.17762,0.031889,0.190537
11828,0.448803,0.080672,0.19509,0.020397,0.152644
11829,0.840466,0.068229,0.558716,0.033115,0.180406
11830,0.529816,0.080382,0.27752,0.035455,0.136459
11831,0.563317,0.090982,0.258597,0.044678,0.16906
11832,0.487459,0.065233,0.25787,0.01943,0.144926
11833,0.442873,0.072503,0.19106,0.030693,0.148617
11834,0.38895,0.080189,0.156115,0.0204,0.132246
11835,0.44398,0.076262,0.193047,0.030829,0.143842
11836,0.420714,0.057538,0.168275,0.033628,0.161273
11837,0.402786,0.05805,0.168563,0.040689,0.135484
11838,0.385824,0.077104,0.14435,0.020038,0.144332
11839,0.58404,0.061736,0.328364,0.030879,0.163061
11840,0.353426,0.049222,0.128053,0.020926,0.155225
11841,0.51688,0.079888,0.24267,0.029727,0.164595
11842,0.358067,0.063923,0.155635,0.019697,0.118812
11843,0.45585,0.075498,0.17455,0.031172,0.17463
11844,0.695674,0.087444,0.425734,0.019152,0.163344
11845,0.911987,0.062212,0.639846,0.032811,0.177118
11846,1.13765,0.082755,0.8717,0.026317,0.156878
11847,0.45003,0.087956,0.15982,0.029729,0.172525
11848,0.4299,0.066762,0.180974,0.019321,0.162843
11849,0.444407,0.080068,0.13102,0.042973,0.190346
11850,0.557957,0.065393,0.311103,0.019227,0.162234
11851,0.734934,0.083894,0.46142,0.030451,0.159169
11852,0.37838,0.089546,0.14412,0.02014,0.124574
11853,0.433124,0.089138,0.18467,0.029416,0.1299
11854,0.39707,0.091048,0.158874,0.019233,0.127915
11855,0.529573,0.072674,0.235643,0.030366,0.19089
11856,0.50432,0.059011,0.275633,0.021205,0.148471
11857,0.53962,0.074779,0.276523,0.033369,0.154949
11858,0.39284,0.088048,0.15028,0.019613,0.134899
11859,0.98491,0.086744,0.71574,0.025046,0.15738
11860,0.39088,0.059179,0.165927,0.019323,0.146451
11861,0.716347,0.072251,0.31424,0.05606,0.273796
11862,0.58029,0.064847,0.27821,0.022619,0.214614
11863,0.551423,0.076473,0.161047,0.066103,0.2478
11864,0.558396,0.08476,0.31284,0.018918,0.141878
11865,0.415133,0.058523,0.183067,0.019564,0.153979
11866,0.688646,0.048765,0.457957,0.019916,0.162008
11867,0.639193,0.051811,0.401456,0.01864,0.167286
11868,0.465817,0.040273,0.22946,0.019352,0.176732
11869,0.353843,0.052289,0.130896,0.018581,0.152077
11870,0.427566,0.038471,0.231336,0.017334,0.140425
11871,0.537843,0.045553,0.27198,0.034416,0.185894
11872,0.458836,0.057994,0.205526,0.019343,0.175973
11873,0.5852,0.072037,0.19487,0.041311,0.276982
11874,0.49315,0.078315,0.220957,0.019887,0.173991
11875,0.527187,0.088233,0.235367,0.031326,0.172261
11876,0.443273,0.062317,0.208997,0.020333,0.151626
11877,0.53896,0.049891,0.17654,0.018529,0.294
11878,0.371333,0.04148,0.134506,0.019711,0.175636
11879,0.522003,0.046887,0.320276,0.018754,0.136086
11880,0.420887,0.038883,0.223243,0.01935,0.139411
11881,0.393363,0.049393,0.139333,0.01796,0.186677
11882,0.353816,0.040867,0.139803,0.017318,0.155828
11883,0.327313,0.044545,0.129463,0.018613,0.134692
11884,0.40473,0.039069,0.192593,0.036079,0.136989
11885,0.477764,0.049171,0.276833,0.018443,0.133317
11886,0.36968,0.038845,0.16711,0.022072,0.141653
11887,0.466377,0.089952,0.22593,0.023004,0.127491
11888,0.46756,0.045578,0.19881,0.02048,0.202692
11889,0.593137,0.077362,0.323747,0.031673,0.160355
11890,0.41247,0.090562,0.151016,0.020039,0.150853
11891,0.483193,0.095151,0.212234,0.031216,0.144592
11892,0.42764,0.086088,0.17826,0.02018,0.143112
11893,0.446864,0.090485,0.163203,0.03045,0.162726
11894,0.412823,0.056922,0.181947,0.034124,0.13983
11895,0.56549,0.08341,0.252406,0.046969,0.182705
11896,0.429657,0.091174,0.18596,0.020062,0.132461
11897,0.35503,0.061417,0.137514,0.029176,0.126923
11898,0.479363,0.083363,0.23574,0.021006,0.139254
11899,0.405796,0.073534,0.131023,0.029527,0.171712
11900,0.47267,0.058029,0.227536,0.019112,0.167993
11901,0.482033,0.081784,0.215516,0.030187,0.154546
11902,0.38668,0.06464,0.163177,0.020007,0.138856
11903,0.5624,0.072422,0.2923,0.030526,0.167152
11904,0.470747,0.063016,0.24784,0.018545,0.141346
11905,0.431357,0.0507,0.1923,0.030682,0.157675
11906,0.350087,0.05676,0.155283,0.019986,0.118058
11907,0.60303,0.083918,0.3212,0.031148,0.166764
11908,0.943007,0.060095,0.72025,0.019284,0.143378
11909,0.446443,0.083143,0.164737,0.02994,0.168623
11910,0.61656,0.0649,0.375473,0.020004,0.156183
11911,0.440756,0.073535,0.18054,0.030211,0.15647
11912,0.478257,0.086718,0.211287,0.019719,0.160533
11913,0.448844,0.090225,0.18139,0.029195,0.148034
11914,0.415883,0.088377,0.17079,0.020809,0.135907
11915,0.710784,0.091017,0.45264,0.031266,0.135861
11916,0.530697,0.058942,0.32549,0.025158,0.121107
11917,0.475607,0.071365,0.208974,0.029235,0.166033
11918,0.444666,0.091715,0.122284,0.051787,0.17888
11919,0.837604,0.086057,0.535277,0.040238,0.176032
11920,0.449476,0.062946,0.174528,0.051643,0.160359
11921,0.766913,0.050864,0.4014,0.057483,0.257166
11922,0.470877,0.080094,0.184233,0.047573,0.158977
11923,0.472027,0.061874,0.239603,0.032377,0.138173
11924,0.453543,0.07732,0.18367,0.040464,0.152089
11925,0.467524,0.09255,0.194138,0.029957,0.150879
11926,0.694116,0.049448,0.407422,0.04424,0.193006
11927,0.37945,0.042751,0.172794,0.020271,0.143634
11928,0.45478,0.03988,0.203393,0.041566,0.169941
11929,0.669614,0.047404,0.404397,0.024582,0.193231
11930,0.42267,0.037971,0.191307,0.039577,0.153815
11931,0.367287,0.040031,0.152447,0.0347,0.140109
11932,0.411474,0.048544,0.172075,0.038213,0.152642
11933,0.350673,0.038101,0.158047,0.020188,0.134337
11934,0.500523,0.063593,0.2387,0.037696,0.160534
11935,0.307767,0.040668,0.119467,0.018817,0.128815
11936,0.569987,0.038722,0.32554,0.041233,0.164492
11937,0.378717,0.041047,0.17515,0.019997,0.142523
11938,0.447086,0.039871,0.179744,0.03718,0.190291
11939,0.350983,0.047679,0.158275,0.018709,0.12632
11940,0.412556,0.0629,0.165013,0.047387,0.137256
11941,0.563853,0.050964,0.35836,0.020442,0.134087
11942,0.482503,0.06029,0.183347,0.041596,0.19727
11943,0.519057,0.088825,0.183984,0.046445,0.199803
11944,0.531856,0.084217,0.229783,0.04185,0.176006
11945,0.56515,0.0961,0.234547,0.062887,0.171616
11946,0.579563,0.061654,0.183819,0.03981,0.29428
11947,0.503266,0.07993,0.229002,0.02848,0.165854
11948,0.4084,0.037161,0.116189,0.054647,0.200403
11949,0.452894,0.060024,0.200184,0.034656,0.15803
11950,0.495516,0.091794,0.22438,0.037857,0.141485
11951,0.385257,0.087531,0.15003,0.029707,0.117989
11952,0.64673,0.091636,0.37195,0.037334,0.14581
11953,0.897117,0.06286,0.665127,0.034222,0.134908
11954,0.402476,0.080245,0.138363,0.036837,0.147031
11955,0.780226,0.084263,0.466557,0.034807,0.194599
11956,0.53438,0.0674,0.144206,0.040413,0.282361
11957,0.534923,0.078312,0.252397,0.035252,0.168962
11958,0.389754,0.056111,0.148583,0.03752,0.14754
11959,0.361486,0.058336,0.142941,0.030101,0.130108
11960,0.597457,0.080129,0.326205,0.038426,0.152697
11961,0.638523,0.078249,0.371081,0.03195,0.157243
11962,0.44676,0.059818,0.180864,0.051367,0.154711
11963,0.40471,0.077245,0.142316,0.029364,0.155785
11964,0.457066,0.089872,0.167971,0.04953,0.149693
11965,0.57443,0.059502,0.302043,0.04574,0.167145
11966,0.437783,0.057312,0.195956,0.050357,0.134158
11967,0.364307,0.072614,0.123167,0.030102,0.138424
11968,0.432297,0.091507,0.170879,0.037953,0.131958
11969,0.486357,0.072173,0.25354,0.029964,0.13068
11970,0.524253,0.086897,0.220233,0.04267,0.174453
11971,0.42411,0.058995,0.203446,0.039145,0.122524
11972,0.574867,0.082381,0.303259,0.037587,0.15164
11973,0.705514,0.088088,0.442942,0.029638,0.144846
11974,0.50817,0.114478,0.223034,0.037476,0.133182
11975,0.573927,0.087408,0.27846,0.035126,0.172933
11976,0.564364,0.087357,0.270731,0.045557,0.160719
11977,0.42661,0.057274,0.177663,0.034862,0.156811
11978,0.500673,0.077258,0.234756,0.047783,0.140876
11979,0.498693,0.05984,0.280594,0.033299,0.12496
11980,0.593264,0.056162,0.361171,0.038946,0.136985
11981,0.51289,0.083621,0.216876,0.035286,0.177107
11982,0.443317,0.066577,0.141923,0.048943,0.185874
11983,0.82259,0.06677,0.475812,0.055574,0.224434
11984,0.53286,0.092406,0.188702,0.038316,0.213436
11985,0.72716,0.05814,0.363277,0.075787,0.229956
11986,0.470757,0.048036,0.160732,0.061907,0.200082
11987,0.537074,0.068482,0.193216,0.040548,0.234828
11988,0.51529,0.09061,0.228877,0.047123,0.14868
11989,0.46112,0.109296,0.215493,0.020331,0.116
11990,0.456877,0.045409,0.216355,0.03858,0.156533
11991,0.579956,0.047102,0.366995,0.021166,0.144693
11992,0.42031,0.039036,0.1452,0.041704,0.19437
11993,0.321593,0.039202,0.135785,0.018759,0.127847
11994,0.595274,0.03944,0.34388,0.03733,0.174624
11995,0.471073,0.050975,0.239297,0.023616,0.157185
11996,0.558634,0.039678,0.311947,0.04797,0.159039
11997,0.359197,0.038169,0.15755,0.020469,0.143009
11998,0.387347,0.047589,0.156731,0.0382,0.144827
11999,0.508953,0.045511,0.323786,0.018487,0.121169
12000,0.427957,0.050571,0.184899,0.03895,0.153537
12001,0.33829,0.038506,0.141331,0.02013,0.138323
12002,0.410914,0.092492,0.154333,0.037953,0.126136
12003,0.382774,0.041472,0.180908,0.0185,0.141894
12004,0.35603,0.038735,0.132261,0.038583,0.146451
12005,0.384043,0.042622,0.2066,0.028562,0.106259
12006,0.544947,0.037625,0.24888,0.061757,0.196685
12007,0.58528,0.069591,0.275613,0.034364,0.205712
12008,0.526254,0.087407,0.210444,0.041927,0.186476
12009,0.51537,0.040459,0.252671,0.036191,0.186049
12010,0.479036,0.083725,0.197802,0.038947,0.158562
12011,0.45367,0.076954,0.202265,0.030832,0.143619
12012,0.41434,0.055046,0.158716,0.037367,0.163211
12013,0.44824,0.064311,0.214653,0.030796,0.13848
12014,0.4274,0.076206,0.15616,0.03798,0.157054
12015,0.449586,0.089917,0.19885,0.030775,0.130044
12016,0.452536,0.059531,0.213893,0.040297,0.138815
12017,0.420547,0.078653,0.173946,0.031251,0.136697
12018,0.481036,0.04082,0.236922,0.038314,0.16498
12019,0.412364,0.079303,0.157914,0.03068,0.144467
12020,0.47497,0.086657,0.206987,0.03771,0.143616
12021,0.452846,0.061305,0.23122,0.028991,0.13133
12022,0.532873,0.081285,0.27368,0.046983,0.130925
12023,0.699057,0.058033,0.477299,0.031791,0.131934
12024,0.449857,0.080727,0.160263,0.040053,0.168814
12025,0.628653,0.087002,0.225457,0.034782,0.281412
12026,0.85985,0.088199,0.583044,0.039974,0.148633
12027,0.511684,0.08602,0.238145,0.031651,0.155868
12028,0.581953,0.071593,0.318481,0.038733,0.153146
12029,0.640963,0.071691,0.385973,0.031229,0.15207
12030,0.405287,0.056427,0.159055,0.03915,0.150655
12031,0.377916,0.055364,0.168936,0.029385,0.124231
12032,0.449587,0.072906,0.175297,0.039156,0.162228
12033,0.37279,0.057158,0.158617,0.0294,0.127615
12034,0.492306,0.066813,0.207256,0.042163,0.176074
12035,0.597004,0.078375,0.186618,0.039776,0.292235
12036,0.45842,0.057591,0.223872,0.03988,0.137077
12037,0.48084,0.079871,0.217278,0.039631,0.14406
12038,1.07597,0.085826,0.792738,0.03898,0.158426
12039,0.494983,0.083808,0.217687,0.034851,0.158637
12040,0.478326,0.088432,0.198406,0.037577,0.153911
12041,0.5115,0.053587,0.31225,0.020352,0.125311
12042,0.490753,0.046333,0.20399,0.041567,0.198863
12043,0.37479,0.037809,0.154938,0.018528,0.163515
12044,0.399943,0.053823,0.147659,0.03848,0.159981
12045,0.557777,0.041319,0.324846,0.022877,0.168735
12046,0.496236,0.048963,0.178023,0.0495,0.21975
12047,0.731316,0.082239,0.37684,0.037364,0.234873
12048,0.53747,0.043402,0.299244,0.03874,0.156084
12049,0.42317,0.112283,0.150556,0.02846,0.131871
12050,0.528327,0.046321,0.268935,0.03783,0.175241
12051,0.40156,0.091782,0.132406,0.019402,0.15797
12052,0.367324,0.042613,0.149391,0.03776,0.13756
12053,0.586066,0.04228,0.390549,0.020435,0.132802
12054,0.66788,0.038799,0.38574,0.04369,0.199651
12055,0.371119,0.041176,0.155693,0.031845,0.142405
12056,0.589567,0.038533,0.302947,0.061976,0.186111
12057,0.452354,0.047616,0.234938,0.018487,0.151313
12058,0.377524,0.052795,0.141989,0.037553,0.145187
12059,0.39643,0.042576,0.190826,0.030854,0.132174
12060,0.45215,0.050071,0.204857,0.038077,0.159145
12061,0.410887,0.039158,0.219758,0.029194,0.122777
12062,0.512497,0.094297,0.239475,0.03714,0.141585
12063,0.438813,0.049411,0.21248,0.020018,0.156904
12064,0.415187,0.038607,0.14355,0.060297,0.172733
12065,0.411134,0.053648,0.203543,0.032304,0.121639
12066,0.490147,0.04636,0.264701,0.039497,0.139589
12067,0.50755,0.041125,0.309956,0.020771,0.135698
12068,0.76431,0.038965,0.501303,0.04225,0.181792
12069,0.500383,0.081214,0.260993,0.031191,0.126985
12070,0.499267,0.090186,0.22385,0.039707,0.145524
12071,0.484363,0.088428,0.216574,0.03219,0.147171
12072,0.446503,0.086126,0.172081,0.036533,0.151763
12073,0.603643,0.066515,0.373808,0.03136,0.13196
12074,0.841367,0.084386,0.525026,0.04349,0.188465
12075,0.635476,0.086063,0.373934,0.031845,0.143634
12076,0.471214,0.078136,0.191288,0.037903,0.163887
12077,0.42756,0.08286,0.160207,0.046906,0.137587
12078,0.5498,0.060824,0.301713,0.036443,0.15082
12079,0.368987,0.083413,0.131984,0.029744,0.123846
12080,0.50661,0.057933,0.286085,0.038674,0.123918
12081,0.60719,0.080219,0.304707,0.033744,0.18852
12082,0.487786,0.087899,0.208969,0.04469,0.146228
12083,0.923817,0.09735,0.602763,0.03564,0.188064
12084,0.48785,0.059229,0.238091,0.04048,0.15005
12085,0.458137,0.079984,0.221447,0.030129,0.126577
12086,0.421283,0.091378,0.163375,0.03665,0.12988
12087,0.456224,0.038702,0.21998,0.030593,0.166949
12088,0.473153,0.077084,0.199494,0.03882,0.157755
12089,0.478896,0.060304,0.242603,0.029073,0.146916
12090,0.47875,0.075158,0.220456,0.037627,0.145509
12091,0.431677,0.08598,0.201183,0.028178,0.116336
12092,0.410336,0.057618,0.167599,0.036974,0.148145
12093,0.44842,0.078987,0.174256,0.034178,0.160999
12094,0.581077,0.082763,0.181217,0.046204,0.270893
12095,0.554844,0.086609,0.261338,0.041078,0.165819
12096,0.626933,0.087274,0.31527,0.041187,0.183202
12097,0.39986,0.085611,0.146303,0.029556,0.13839
12098,0.78506,0.045298,0.49507,0.042363,0.202329
12099,0.448623,0.08228,0.19699,0.030166,0.139187
12100,0.94498,0.089184,0.62947,0.041183,0.185143
12101,0.573544,0.07164,0.223062,0.055813,0.223029
12102,0.704427,0.112274,0.379466,0.0508,0.161887
12103,0.820774,0.091134,0.486002,0.035749,0.207889
12104,0.606977,0.060304,0.201556,0.043526,0.301591
12105,0.53203,0.05986,0.185741,0.046907,0.239522
12106,0.561626,0.05962,0.22111,0.04256,0.238336
12107,0.497856,0.061723,0.203821,0.035457,0.196855
12108,0.47804,0.07837,0.154603,0.048807,0.19626
12109,0.542863,0.07681,0.237173,0.037835,0.191045
12110,0.475366,0.090853,0.207656,0.037087,0.13977
12111,0.333137,0.06336,0.133508,0.02815,0.108119
12112,0.471817,0.078643,0.185885,0.03811,0.169179
12113,0.367776,0.041424,0.152392,0.020669,0.153291
12114,0.577693,0.160724,0.206857,0.04008,0.170032
12115,0.46244,0.043698,0.265206,0.018662,0.134874
12116,0.45427,0.038192,0.185643,0.041814,0.188621
12117,0.33193,0.038331,0.143842,0.019604,0.130153
12118,0.399687,0.040131,0.16374,0.03841,0.157406
12119,0.466356,0.042447,0.246458,0.019249,0.158202
12120,0.492523,0.039071,0.265844,0.037903,0.149705
12121,0.609373,0.039787,0.406903,0.020366,0.142317
12122,0.428694,0.038359,0.192544,0.045844,0.151947
12123,0.414923,0.042778,0.224912,0.018467,0.128766
12124,0.66366,0.061247,0.414205,0.039927,0.148281
12125,0.417693,0.042826,0.219142,0.032593,0.123132
12126,0.460584,0.03818,0.170303,0.04213,0.209971
12127,0.560446,0.083819,0.290585,0.036958,0.149084
12128,0.43809,0.058713,0.209803,0.041917,0.127657
12129,0.528873,0.081074,0.25471,0.031809,0.16128
12130,0.423587,0.084824,0.161083,0.036903,0.140777
12131,0.399183,0.091031,0.151658,0.029793,0.126701
12132,0.43498,0.062582,0.191792,0.047904,0.132702
12133,0.42176,0.067939,0.192276,0.029409,0.132136
12134,0.43605,0.087686,0.150761,0.03964,0.157963
12135,0.451223,0.061199,0.210961,0.031649,0.147414
12136,0.406787,0.055701,0.163541,0.046783,0.140762
12137,0.834284,0.08661,0.566918,0.030871,0.149885
12138,0.430276,0.056444,0.192965,0.04407,0.136797
12139,0.41033,0.084079,0.178971,0.028642,0.118638
12140,0.54207,0.08451,0.25468,0.042213,0.160667
12141,0.641197,0.087818,0.33707,0.036738,0.179571
12142,0.542863,0.087451,0.251511,0.03728,0.166621
12143,0.407863,0.0888,0.159488,0.030035,0.12954
12144,0.541527,0.083777,0.260467,0.04294,0.154343
12145,0.42727,0.087148,0.171717,0.030391,0.138014
12146,0.61754,0.088406,0.30264,0.04234,0.184154
12147,0.4876,0.087654,0.23505,0.029634,0.135262
12148,0.468033,0.061977,0.207788,0.0377,0.160568
12149,0.45484,0.081916,0.155504,0.033853,0.183567
12150,0.395677,0.056006,0.158837,0.0375,0.143334
12151,0.443837,0.100063,0.180293,0.035206,0.128275
12152,0.7385,0.091326,0.458107,0.03752,0.151547
12153,0.421383,0.08898,0.173373,0.029309,0.129721
12154,0.545234,0.083887,0.246327,0.041686,0.173334
12155,0.52173,0.086438,0.265104,0.037495,0.132693
12156,0.437774,0.081062,0.154395,0.03842,0.163897
12157,0.475927,0.073872,0.231354,0.0304,0.140301
12158,0.511147,0.087086,0.243853,0.03749,0.142718
12159,0.531254,0.055839,0.311029,0.021089,0.143297
12160,0.40534,0.046929,0.173981,0.04879,0.13564
12161,0.385647,0.056375,0.188898,0.018514,0.12186
12162,0.41982,0.055054,0.189277,0.038543,0.136946
12163,0.57791,0.047484,0.357638,0.020517,0.152271
12164,0.517567,0.04903,0.199207,0.044683,0.224647
12165,0.590704,0.067866,0.249503,0.058013,0.215322
12166,0.486243,0.083026,0.195433,0.037093,0.170691
12167,0.666303,0.060314,0.372324,0.035691,0.197974
12168,0.48737,0.07812,0.1769,0.04198,0.19037
12169,0.493571,0.068951,0.274998,0.028083,0.121539
12170,0.46462,0.077403,0.195829,0.03842,0.152968
12171,0.435206,0.061254,0.225366,0.038723,0.109863
12172,0.45752,0.080846,0.160995,0.05287,0.162809
12173,0.521197,0.041329,0.286607,0.022898,0.170363
12174,0.528853,0.040029,0.281395,0.039694,0.167735
12175,0.359667,0.042449,0.164729,0.022273,0.130216
12176,0.36962,0.044688,0.148779,0.038723,0.13743
12177,0.464094,0.044738,0.280398,0.018187,0.120771
12178,0.50583,0.038938,0.23584,0.043697,0.187355
12179,0.36811,0.038885,0.167807,0.019913,0.141505
12180,0.398277,0.044873,0.165287,0.036984,0.151133
12181,0.396613,0.038174,0.209262,0.028267,0.12091
12182,0.365756,0.046765,0.148573,0.037413,0.133005
12183,0.549313,0.042671,0.24476,0.018288,0.243594
12184,0.61701,0.039708,0.365334,0.05364,0.158328
12185,0.322361,0.039869,0.122837,0.020364,0.139291
12186,0.471257,0.039907,0.232365,0.040993,0.157992
12187,0.351927,0.045649,0.167432,0.024164,0.114682
12188,0.487434,0.076046,0.202075,0.04831,0.161003
12189,0.54336,0.089369,0.27595,0.031791,0.14625
12190,0.376163,0.066949,0.140446,0.037697,0.131071
12191,0.462657,0.072481,0.224095,0.030291,0.13579
12192,0.52843,0.05647,0.24662,0.041726,0.183614
12193,0.41379,0.089088,0.165135,0.029705,0.129862
12194,0.434446,0.05742,0.178935,0.050444,0.147647
12195,0.49772,0.080338,0.24229,0.031392,0.1437
12196,0.374563,0.038649,0.130677,0.038636,0.166601
12197,0.46693,0.076266,0.203835,0.03096,0.155869
12198,0.478697,0.064234,0.187369,0.041547,0.185547
12199,0.43262,0.080684,0.196418,0.031004,0.124514
12200,0.40156,0.085785,0.150762,0.036777,0.128236
12201,0.6969,0.06004,0.446483,0.033062,0.157315
12202,0.484153,0.080944,0.205146,0.039217,0.158846
12203,0.364463,0.057924,0.156967,0.030669,0.118903
12204,0.422013,0.080301,0.157761,0.040047,0.143904
12205,0.397407,0.05834,0.172484,0.030638,0.135945
12206,0.475926,0.081912,0.223443,0.03794,0.132631
12207,0.65037,0.040308,0.412282,0.033275,0.164505
12208,0.42555,0.084137,0.167226,0.03783,0.136357
12209,0.51927,0.087473,0.23224,0.034984,0.164573
12210,0.426573,0.083924,0.147936,0.036374,0.158339
12211,0.38189,0.061658,0.160249,0.02918,0.130803
12212,0.452893,0.053907,0.186893,0.04136,0.170733
12213,0.372507,0.053858,0.136777,0.028249,0.153623
12214,0.47865,0.06288,0.237881,0.039506,0.138383
12215,0.397097,0.075629,0.162673,0.028513,0.130282
12216,0.799696,0.061873,0.525118,0.043314,0.169391
12217,0.435507,0.082652,0.190845,0.030123,0.131887
12218,0.480947,0.065318,0.202824,0.039427,0.173378
12219,0.418154,0.082465,0.174616,0.030534,0.130539
12220,0.433984,0.057798,0.189166,0.050033,0.136987
12221,0.382984,0.055494,0.173795,0.038629,0.115066
12222,0.404023,0.070787,0.157037,0.038414,0.137785
12223,0.516156,0.032607,0.278737,0.024234,0.180578
12224,0.5296,0.051378,0.265723,0.050033,0.162466
12225,0.528624,0.038769,0.302869,0.023413,0.163573
12226,0.433797,0.038674,0.196459,0.04913,0.149534
12227,0.33794,0.050198,0.148708,0.019208,0.119826
12228,0.463864,0.054242,0.203097,0.037707,0.168818
12229,0.348114,0.038259,0.163989,0.018446,0.12742
12230,0.410297,0.049651,0.178517,0.038177,0.143952
12231,0.4491,0.04887,0.223694,0.0234,0.153136
12232,0.506187,0.040004,0.265383,0.039827,0.160973
12233,0.463563,0.051429,0.258705,0.018614,0.134815
12234,0.573034,0.086086,0.297274,0.038424,0.15125
12235,0.37997,0.042731,0.18562,0.018482,0.133137
12236,0.456846,0.050298,0.209027,0.050507,0.147014
12237,0.413644,0.038004,0.19194,0.023138,0.160562
12238,0.407814,0.038968,0.18373,0.047736,0.13738
12239,0.329693,0.050197,0.150764,0.018429,0.110303
12240,0.431533,0.050754,0.183157,0.045877,0.151745
12241,0.346203,0.038029,0.152086,0.01858,0.137508
12242,0.598371,0.145826,0.195559,0.065403,0.191583
12243,0.529803,0.048709,0.274256,0.023437,0.183401
12244,0.595814,0.046805,0.360413,0.038623,0.149973
12245,0.36774,0.048313,0.163754,0.019031,0.136642
12246,0.465453,0.044712,0.227265,0.039817,0.153659
12247,0.34969,0.044185,0.153617,0.019311,0.132577
12248,0.416197,0.038846,0.173467,0.048367,0.155517
12249,0.347507,0.046902,0.164413,0.018755,0.117437
12250,0.37436,0.039042,0.14256,0.03784,0.154918
12251,0.40737,0.047512,0.211557,0.027678,0.120623
12252,0.422926,0.083439,0.165001,0.039997,0.134489
12253,0.437173,0.083495,0.166937,0.038785,0.147956
12254,0.45464,0.045305,0.190924,0.038807,0.179604
12255,0.48511,0.080396,0.194847,0.034464,0.175403
12256,0.382296,0.059411,0.142358,0.037633,0.142894
12257,0.412033,0.060762,0.187378,0.039831,0.124062
12258,0.42152,0.08524,0.168899,0.037053,0.130328
12259,0.377977,0.05942,0.145769,0.030727,0.142061
12260,0.60262,0.064363,0.322223,0.041887,0.174147
12261,0.439017,0.088096,0.192305,0.028542,0.130074
12262,0.472716,0.059333,0.222279,0.038544,0.15256
12263,0.46126,0.079639,0.192255,0.035776,0.15359
12264,0.416853,0.05776,0.165246,0.037307,0.15654
12265,0.476813,0.087762,0.212499,0.031054,0.145498
12266,0.360293,0.057315,0.13279,0.037994,0.132194
12267,0.499934,0.072741,0.242479,0.029888,0.154826
12268,0.398813,0.062076,0.168123,0.03694,0.131674
12269,0.43888,0.083725,0.192883,0.030435,0.131837
12270,0.355223,0.059922,0.110798,0.05244,0.132063
12271,0.405093,0.080831,0.168229,0.0291,0.126933
12272,0.406667,0.087935,0.12791,0.038033,0.152789
12273,0.5904,0.083049,0.31455,0.034929,0.157872
12274,0.387857,0.064507,0.156618,0.03976,0.126972
12275,0.43225,0.08086,0.180896,0.030886,0.139608
12276,0.727187,0.063241,0.444,0.041957,0.177989
12277,0.435217,0.047511,0.210863,0.030949,0.145894
12278,0.429684,0.062165,0.192315,0.052067,0.123137
12279,0.36309,0.054658,0.17011,0.029249,0.109073
12280,0.523573,0.079375,0.226123,0.04155,0.176525
12281,0.649953,0.088121,0.394151,0.030894,0.136787
12282,0.566733,0.063383,0.305289,0.040213,0.157848
12283,0.406554,0.071603,0.152143,0.029467,0.153341
12284,0.438296,0.055675,0.179749,0.047386,0.155486
12285,0.636303,0.079557,0.381251,0.031472,0.144023
12286,0.520277,0.091321,0.243695,0.036794,0.148467
12287,0.45696,0.051242,0.241951,0.021275,0.142492
12288,0.44845,0.039098,0.15898,0.042986,0.207386
12289,0.351987,0.038671,0.1576,0.018622,0.137094
12290,0.365094,0.050218,0.144554,0.03816,0.132162
12291,0.351487,0.039451,0.156564,0.029302,0.12617
12292,0.610627,0.046353,0.35171,0.05365,0.158914
12293,0.386533,0.038524,0.143417,0.032398,0.172194
12294,0.37406,0.042891,0.145621,0.03897,0.146578
12295,0.47471,0.056997,0.291447,0.019175,0.107091
12296,0.57928,0.04615,0.358782,0.037677,0.136671
12297,0.487287,0.047275,0.300834,0.020192,0.118986
12298,0.460957,0.045433,0.212796,0.037453,0.165275
12299,0.329273,0.050573,0.123673,0.019996,0.135031
12300,0.476247,0.048866,0.18221,0.041644,0.203527
12301,0.570773,0.08253,0.116614,0.05564,0.315989
12302,0.535223,0.076487,0.199061,0.03927,0.220405
12303,0.46525,0.057805,0.171018,0.054612,0.181815
12304,0.449757,0.085,0.186804,0.036907,0.141046
12305,0.45875,0.072136,0.225068,0.019246,0.1423
12306,0.561193,0.039091,0.300057,0.041614,0.180431
12307,0.615117,0.040789,0.419306,0.021447,0.133575
12308,0.488257,0.054111,0.21046,0.038454,0.185232
12309,0.378557,0.046251,0.186005,0.01872,0.127581
12310,0.455966,0.040467,0.174667,0.060317,0.180515
12311,0.6858,0.042433,0.349279,0.021551,0.272537
12312,0.621677,0.048817,0.295367,0.06194,0.215553
12313,0.602443,0.08132,0.275466,0.034344,0.211313
12314,0.42339,0.090757,0.139744,0.036997,0.155892
12315,0.45337,0.076977,0.14948,0.034257,0.192656
12316,0.465966,0.037894,0.210713,0.03871,0.178649
12317,0.389204,0.081471,0.141721,0.030344,0.135668
12318,0.471673,0.057612,0.240454,0.037626,0.135981
12319,0.416356,0.079391,0.164561,0.032142,0.140262
12320,0.405913,0.059938,0.163074,0.03724,0.145661
12321,0.42703,0.074774,0.175227,0.031758,0.145271
12322,0.444833,0.058849,0.158477,0.048061,0.179446
12323,0.480437,0.081726,0.22215,0.03128,0.145281
12324,0.541264,0.083337,0.24917,0.044086,0.164671
12325,0.467387,0.061647,0.247482,0.029991,0.128267
12326,0.59068,0.083833,0.310428,0.03817,0.158249
12327,0.39522,0.054761,0.173805,0.029287,0.137367
12328,0.55388,0.087654,0.24212,0.041597,0.182509
12329,0.484483,0.086564,0.235339,0.0288,0.13378
12330,0.517256,0.086548,0.24265,0.036307,0.151751
12331,0.385077,0.060834,0.171806,0.029929,0.122508
12332,0.45422,0.079072,0.194616,0.040333,0.140199
12333,0.44648,0.086227,0.182487,0.029447,0.148319
12334,1.09733,0.083352,0.807248,0.037493,0.16924
12335,0.60524,0.058813,0.39174,0.030801,0.123886
12336,0.59206,0.080762,0.280196,0.041376,0.189726
12337,0.514764,0.066901,0.262673,0.029615,0.155575
12338,0.380076,0.060408,0.156268,0.03866,0.12474
12339,0.394837,0.080967,0.147671,0.029021,0.137178
12340,0.407737,0.062224,0.15314,0.045006,0.147367
12341,0.585806,0.082376,0.31783,0.02984,0.15576
12342,0.582514,0.089259,0.306435,0.039713,0.147107
12343,0.401716,0.086201,0.158403,0.028978,0.128134
12344,0.510253,0.056404,0.23462,0.042074,0.177155
12345,0.513743,0.079311,0.263088,0.029327,0.142017
12346,0.445023,0.083691,0.181546,0.037074,0.142712
12347,0.454826,0.091,0.204479,0.029171,0.130176
12348,0.474884,0.061308,0.224423,0.044956,0.144197
12349,0.334247,0.052383,0.144376,0.019476,0.118012
12350,0.887943,0.040778,0.653638,0.03828,0.155247
12351,0.71739,0.040202,0.476083,0.024644,0.176461
12352,0.447117,0.038066,0.19903,0.04154,0.168481
12353,0.425227,0.062458,0.18617,0.023316,0.153283
12354,0.668793,0.049595,0.410008,0.038637,0.170553
12355,0.467224,0.038583,0.270218,0.018684,0.139739
12356,0.395103,0.046069,0.155753,0.03829,0.154991
12357,0.348787,0.041803,0.161623,0.018242,0.127119
12358,0.53329,0.038846,0.272303,0.056727,0.165414
12359,0.428337,0.03988,0.218322,0.020418,0.149717
12360,0.462947,0.045207,0.135093,0.0519,0.230747
12361,0.34205,0.049856,0.130479,0.025129,0.136586
12362,0.3761,0.03911,0.136202,0.039033,0.161755
12363,0.322957,0.038906,0.124866,0.020084,0.139101
12364,0.423924,0.038118,0.18027,0.046347,0.159189
12365,0.564123,0.060715,0.373313,0.018967,0.111128
12366,0.519047,0.04256,0.298131,0.039446,0.13891
12367,0.461887,0.056213,0.262527,0.019885,0.123262
12368,0.378263,0.03972,0.142243,0.037884,0.158416
12369,0.43694,0.038032,0.241791,0.018326,0.138791
12370,0.61877,0.038822,0.248518,0.040573,0.290857
12371,0.419916,0.040342,0.18739,0.023311,0.168873
12372,0.45225,0.039468,0.173907,0.041827,0.197048
12373,0.489914,0.038882,0.300796,0.018893,0.131343
12374,0.415686,0.052106,0.160108,0.049546,0.153926
12375,0.35065,0.047336,0.150552,0.018728,0.134034
12376,0.452833,0.08277,0.183624,0.037833,0.148606
12377,0.542417,0.085525,0.273234,0.042529,0.141129
12378,0.427133,0.061482,0.164756,0.04288,0.158015
12379,0.444057,0.085268,0.182577,0.031233,0.144979
12380,0.394146,0.059628,0.126084,0.039737,0.168697
12381,0.44819,0.086356,0.208831,0.029798,0.123205
12382,0.530173,0.05641,0.287606,0.045563,0.140594
12383,0.446447,0.083994,0.18107,0.031687,0.149696
12384,0.534687,0.087035,0.249693,0.0366,0.161359
12385,0.439143,0.058922,0.209356,0.031154,0.139711
12386,0.4622,0.080735,0.211535,0.0361,0.13383
12387,0.616184,0.088938,0.36269,0.031198,0.133358
12388,0.400473,0.058354,0.158619,0.038247,0.145253
12389,0.46396,0.077825,0.185626,0.03369,0.166819
12390,0.404244,0.066233,0.157985,0.040127,0.139899
12391,0.442106,0.060796,0.210602,0.029481,0.141227
12392,0.45053,0.081706,0.194124,0.036966,0.137734
12393,0.370223,0.076049,0.137938,0.028627,0.127609
12394,0.424694,0.081492,0.140823,0.041803,0.160576
12395,0.519587,0.083488,0.271042,0.040492,0.124565
12396,0.428067,0.063167,0.190251,0.04204,0.132609
12397,0.428023,0.077113,0.19422,0.029712,0.126978
12398,0.38212,0.059891,0.148238,0.036396,0.137595
12399,0.48012,0.101849,0.222399,0.030378,0.125494
12400,0.410567,0.064705,0.173978,0.050977,0.120907
12401,0.716117,0.079133,0.430997,0.035115,0.170872
12402,0.59905,0.062392,0.350145,0.03773,0.148783
12403,0.39832,0.082823,0.155335,0.029089,0.131073
12404,0.556116,0.090991,0.273733,0.03686,0.154532
12405,0.427837,0.085752,0.184094,0.029744,0.128247
12406,0.48913,0.063411,0.253835,0.03698,0.134904
12407,0.465543,0.083534,0.210869,0.033401,0.137739
12408,0.4202,0.075639,0.160746,0.036854,0.146961
12409,0.465266,0.087875,0.207043,0.031114,0.139234
12410,0.478447,0.057071,0.185817,0.043947,0.191612
12411,0.60648,0.077949,0.23821,0.056323,0.233998
12412,0.591044,0.05969,0.24611,0.042283,0.242961
12413,0.508413,0.062333,0.182183,0.035216,0.228681
12414,0.443327,0.065683,0.146473,0.037323,0.193848
12415,0.568467,0.06466,0.243797,0.044871,0.215139
12416,1.37998,0.067613,1.06656,0.03781,0.207995
12417,0.591426,0.087043,0.261717,0.0378,0.204866
12418,0.427443,0.045854,0.182097,0.051177,0.148315
12419,0.713776,0.08061,0.427205,0.026604,0.179357
12420,0.528623,0.07925,0.198948,0.051973,0.198452
12421,0.55331,0.060123,0.197407,0.07464,0.22114
12422,0.563494,0.06139,0.264006,0.041454,0.196644
12423,0.435163,0.057187,0.175455,0.027937,0.174584
12424,0.379303,0.08207,0.11338,0.03744,0.146413
12425,0.42001,0.04524,0.199398,0.04276,0.132612
12426,0.466773,0.039483,0.231545,0.037974,0.157771
12427,0.41316,0.047571,0.214406,0.030222,0.120961
12428,0.598213,0.045791,0.334138,0.06562,0.152664
12429,0.389464,0.038244,0.15773,0.024326,0.169164
12430,0.798313,0.053935,0.534804,0.045613,0.163961
12431,0.399436,0.042487,0.195643,0.023804,0.137502
12432,0.336837,0.042049,0.123293,0.037947,0.133548
12433,0.406233,0.041562,0.213206,0.028491,0.122974
12434,0.51547,0.056184,0.265295,0.03706,0.156931
12435,0.371983,0.038747,0.151438,0.022443,0.159355
12436,0.502456,0.076735,0.191751,0.049474,0.184496
12437,0.545627,0.076947,0.28049,0.042112,0.146078
12438,0.442607,0.087557,0.188914,0.036373,0.129763
12439,0.396636,0.058743,0.155561,0.032742,0.14959
12440,0.518507,0.083933,0.237502,0.03884,0.158232
12441,0.709086,0.080311,0.469145,0.032955,0.126675
12442,0.457913,0.080444,0.180351,0.03852,0.158598
12443,0.411066,0.08787,0.1518,0.030195,0.141201
12444,0.44599,0.05832,0.218028,0.037517,0.132125
12445,0.4131,0.080108,0.17388,0.030691,0.128421
12446,0.48509,0.06222,0.247093,0.03772,0.138057
12447,0.394664,0.070567,0.145517,0.041436,0.137144
12448,0.477044,0.083512,0.15085,0.042307,0.200375
12449,0.481077,0.088777,0.222256,0.030582,0.139462
12450,0.48407,0.06222,0.211637,0.03933,0.170883
12451,0.42573,0.069711,0.181706,0.029535,0.144778
12452,0.546247,0.063566,0.26211,0.039133,0.181438
12453,0.459336,0.077808,0.196321,0.03312,0.152087
12454,0.481144,0.08707,0.216498,0.037533,0.140043
12455,0.492064,0.064744,0.261278,0.027929,0.138113
12456,0.461507,0.080314,0.202651,0.036527,0.142015
12457,0.57847,0.083753,0.294197,0.034764,0.165756
12458,0.45725,0.065818,0.179279,0.037847,0.174306
12459,0.535757,0.089678,0.185348,0.031022,0.229709
12460,0.36301,0.059667,0.141316,0.04029,0.121737
12461,0.478817,0.082427,0.185333,0.0346,0.176457
12462,0.440587,0.088266,0.174404,0.037173,0.140744
12463,0.451617,0.08497,0.203107,0.030189,0.133351
12464,0.472533,0.042654,0.198687,0.03771,0.193482
12465,0.49892,0.08206,0.253985,0.028752,0.134123
12466,0.499164,0.086271,0.22446,0.037217,0.151216
12467,0.385823,0.059462,0.150914,0.032614,0.142833
12468,0.48957,0.057331,0.25446,0.037926,0.139853
12469,0.57438,0.080776,0.212055,0.031381,0.250168
12470,0.458133,0.057042,0.207707,0.0409,0.152484
12471,0.465726,0.078926,0.233951,0.022143,0.130706
12472,0.61552,0.05869,0.318149,0.037283,0.201398
12473,0.555207,0.06834,0.239271,0.034466,0.21313
12474,0.634287,0.05816,0.337808,0.037916,0.200403
12475,0.565667,0.07286,0.235857,0.037931,0.219019
12476,0.430067,0.043421,0.169297,0.049466,0.167883
12477,0.410583,0.08088,0.14542,0.046324,0.137959
12478,0.42266,0.06311,0.184228,0.04443,0.130892
12479,0.441924,0.056636,0.216394,0.026937,0.141957
12480,0.464363,0.096733,0.180055,0.042667,0.144908
12481,0.49917,0.049231,0.22326,0.034243,0.192436
12482,0.57482,0.078317,0.277693,0.042373,0.176437
12483,0.622447,0.06228,0.309979,0.075067,0.175121
12484,0.40147,0.081027,0.135005,0.03756,0.147878
12485,0.558646,0.06556,0.27763,0.050654,0.164802
12486,0.39589,0.052934,0.141984,0.03758,0.163392
12487,0.5095,0.046002,0.237163,0.034418,0.191917
12488,0.458987,0.082933,0.184283,0.037657,0.154114
12489,0.4267,0.063403,0.189764,0.04382,0.129713
12490,0.99316,0.08539,0.708061,0.040723,0.158986
12491,0.346997,0.041366,0.152845,0.020636,0.13215
12492,0.493,0.038202,0.222098,0.043594,0.189106
12493,0.30099,0.038839,0.091737,0.019056,0.151358
12494,0.358267,0.04226,0.14109,0.037913,0.137004
12495,0.402607,0.049454,0.213903,0.030546,0.108704
12496,0.436116,0.042853,0.174783,0.041307,0.177173
12497,0.39026,0.061275,0.183857,0.020531,0.124597
12498,0.453307,0.0427,0.20906,0.058714,0.142833
12499,0.586593,0.091816,0.316481,0.031166,0.14713
12500,0.415203,0.061727,0.180514,0.049493,0.123469
12501,0.40827,0.082351,0.155959,0.030478,0.139482
12502,0.410903,0.082732,0.145344,0.03762,0.145207
12503,0.456933,0.087944,0.19343,0.031013,0.144546
12504,0.389827,0.065773,0.150279,0.03763,0.136145
12505,0.649234,0.084335,0.397279,0.030935,0.136685
12506,0.534237,0.086299,0.247868,0.052233,0.147837
12507,0.423606,0.061238,0.204833,0.038449,0.119086
12508,0.438837,0.066701,0.154065,0.038217,0.179854
12509,0.41058,0.089662,0.172192,0.030424,0.118302
12510,0.489144,0.057946,0.226151,0.04009,0.164957
12511,0.453777,0.071292,0.207901,0.029949,0.144635
12512,0.385007,0.078314,0.125055,0.036967,0.144671
12513,0.456817,0.086555,0.198908,0.030722,0.140632
12514,0.407613,0.038125,0.158373,0.052707,0.158408
12515,0.724397,0.076504,0.461656,0.031111,0.155126
12516,0.44114,0.065386,0.195442,0.046553,0.133759
12517,0.547403,0.081028,0.272228,0.0485,0.145647
12518,0.532037,0.086645,0.22277,0.042737,0.179885
12519,0.829337,0.068667,0.520813,0.035121,0.204736
12520,0.42988,0.097436,0.138223,0.037963,0.156258
12521,0.45751,0.089297,0.205165,0.029829,0.133219
12522,0.40161,0.058731,0.149148,0.047136,0.146595
12523,0.61623,0.081185,0.342729,0.029935,0.162381
12524,0.480407,0.057426,0.241083,0.03816,0.143738
12525,0.440506,0.076196,0.189353,0.034489,0.140468
12526,0.43055,0.06292,0.18146,0.048807,0.137363
12527,0.44612,0.083161,0.199362,0.029545,0.134052
12528,0.511844,0.083364,0.234693,0.049937,0.14385
12529,0.422,0.064466,0.197934,0.041165,0.118435
12530,0.426277,0.109149,0.139072,0.037777,0.140279
12531,0.45052,0.065909,0.227508,0.028975,0.128128
12532,0.51965,0.084395,0.233277,0.036614,0.165364
12533,0.391807,0.04828,0.169612,0.019344,0.154571
12534,0.47787,0.046178,0.242404,0.038743,0.150545
12535,0.44226,0.038753,0.216563,0.023189,0.163755
12536,0.411037,0.069928,0.176346,0.037273,0.12749
12537,0.59207,0.041775,0.373574,0.037061,0.13966
12538,0.619574,0.081323,0.244061,0.04115,0.25304
12539,0.428674,0.06658,0.183424,0.047604,0.131066
12540,0.49293,0.08083,0.216249,0.037313,0.158538
12541,0.54564,0.089083,0.311618,0.02158,0.123359
12542,0.381694,0.043402,0.14916,0.03884,0.150292
12543,0.385373,0.052797,0.185951,0.018889,0.127736
12544,0.73622,0.039424,0.444854,0.044057,0.207885
12545,0.357997,0.038649,0.16283,0.018415,0.138103
12546,0.378983,0.052642,0.160167,0.038607,0.127567
12547,0.460113,0.068942,0.202186,0.04758,0.141405
12548,0.518633,0.040007,0.140431,0.041934,0.296261
12549,0.488477,0.039741,0.256167,0.023396,0.169173
12550,0.51055,0.038879,0.28951,0.038397,0.143764
12551,0.44787,0.043016,0.257931,0.018642,0.128281
12552,0.403443,0.051502,0.166638,0.037633,0.14767
12553,0.419533,0.053945,0.218669,0.019422,0.127497
12554,0.620623,0.052438,0.37464,0.039067,0.154478
12555,0.447084,0.0507,0.223641,0.018307,0.154436
12556,0.500113,0.03944,0.223251,0.04262,0.194802
12557,0.341023,0.038431,0.156687,0.018282,0.127623
12558,0.45605,0.038204,0.204761,0.03952,0.173565
12559,0.373964,0.040602,0.178868,0.02017,0.134324
12560,0.358724,0.037912,0.129154,0.03779,0.153868
12561,0.38375,0.04706,0.178859,0.023134,0.134697
12562,0.487713,0.084429,0.225651,0.037777,0.139856
12563,0.499171,0.061015,0.272737,0.03124,0.134179
12564,0.75023,0.080758,0.460303,0.038247,0.170922
12565,0.64181,0.08683,0.3484,0.035714,0.170866
12566,0.478173,0.087253,0.207623,0.0375,0.145797
12567,0.45541,0.079032,0.209031,0.03024,0.137107
12568,0.462503,0.058049,0.163272,0.060193,0.180989
12569,0.43666,0.085688,0.172991,0.031614,0.146367
12570,0.430574,0.085852,0.16565,0.03771,0.141362
12571,1.53625,0.08726,1.26627,0.032886,0.149834
12572,0.403343,0.062745,0.160263,0.037194,0.143141
12573,0.42932,0.083929,0.190422,0.030631,0.124338
12574,0.449306,0.045208,0.160247,0.043297,0.200554
12575,0.464977,0.080815,0.208076,0.031443,0.144643
12576,0.4898,0.06408,0.245527,0.036264,0.143929
12577,0.354413,0.072974,0.117805,0.029624,0.13401
12578,0.382937,0.061912,0.149643,0.03913,0.132252
12579,0.500679,0.080077,0.245417,0.031309,0.143876
12580,0.438746,0.057998,0.178041,0.05248,0.150227
12581,0.5092,0.081814,0.230977,0.033747,0.162662
12582,0.4652,0.057738,0.217786,0.03846,0.151216
12583,0.423123,0.081609,0.182611,0.029884,0.129019
12584,0.474184,0.057398,0.240467,0.03772,0.138599
12585,0.420743,0.079089,0.154437,0.030926,0.156291
12586,0.46023,0.056807,0.208747,0.039003,0.155673
12587,0.464784,0.055722,0.246414,0.030613,0.132035
12588,0.510407,0.057831,0.285931,0.040003,0.126642
12589,0.531503,0.080632,0.292601,0.038371,0.119899
12590,0.41465,0.087601,0.124019,0.03754,0.16549
12591,0.453674,0.045066,0.185917,0.033883,0.188808
12592,0.549707,0.079023,0.259441,0.049236,0.162007
12593,0.38808,0.061458,0.160118,0.027117,0.139387
12594,0.514643,0.048849,0.234573,0.04181,0.189411
12595,0.356094,0.039634,0.149832,0.019122,0.147506
12596,0.372647,0.03904,0.137608,0.037077,0.158922
12597,0.388834,0.047202,0.147519,0.018946,0.175167
12598,0.471987,0.042717,0.230291,0.042976,0.156003
12599,0.35431,0.04141,0.172079,0.018284,0.122537
12600,0.50144,0.038764,0.217547,0.042314,0.202815
12601,0.42899,0.038548,0.223354,0.018489,0.148599
12602,0.500257,0.037958,0.276249,0.03741,0.14864
12603,0.65553,0.060334,0.45871,0.018523,0.117963
12604,0.49146,0.062445,0.250636,0.037676,0.140703
12605,0.5087,0.040296,0.321573,0.018492,0.128339
12606,0.40765,0.041584,0.183586,0.037284,0.145196
12607,0.767543,0.042071,0.459194,0.018873,0.247405
12608,0.435173,0.058881,0.155567,0.051823,0.168902
12609,0.801467,0.062589,0.421386,0.057194,0.260298
12610,0.481713,0.058404,0.167606,0.04189,0.213813
12611,0.44552,0.05983,0.131557,0.046294,0.207839
12612,0.42783,0.070604,0.164472,0.046956,0.145798
12613,0.41924,0.058385,0.1712,0.022268,0.167387
12614,0.409933,0.045862,0.16433,0.06355,0.136191
12615,0.517587,0.039967,0.282524,0.023573,0.171523
12616,0.48327,0.039078,0.233353,0.03981,0.171029
12617,0.377223,0.041214,0.17195,0.025056,0.139003
12618,0.482233,0.047275,0.23819,0.039874,0.156894
12619,0.482557,0.050279,0.212768,0.02564,0.19387
12620,0.50251,0.040058,0.227217,0.042686,0.192549
12621,0.666963,0.04188,0.419456,0.034475,0.171152
12622,0.46429,0.06098,0.225171,0.03853,0.139609
12623,0.491613,0.082902,0.248241,0.030749,0.129721
12624,0.437363,0.068126,0.170676,0.038547,0.160014
12625,0.482177,0.080181,0.194343,0.03446,0.173193
12626,0.524824,0.057491,0.2975,0.0382,0.131633
12627,0.48303,0.080499,0.243467,0.030642,0.128422
12628,0.4701,0.087188,0.204134,0.039366,0.139412
12629,0.46938,0.088437,0.187748,0.031936,0.161259
12630,0.544516,0.088692,0.22995,0.0427,0.183174
12631,0.71361,0.082512,0.437382,0.034284,0.159432
12632,0.48165,0.06238,0.252641,0.038557,0.128072
12633,0.666283,0.082804,0.416898,0.030994,0.135587
12634,0.35324,0.057281,0.136118,0.03848,0.121361
12635,0.468983,0.077293,0.198236,0.035542,0.157912
12636,0.517383,0.058926,0.235803,0.042117,0.180537
12637,0.426156,0.082784,0.188787,0.030072,0.124513
12638,0.487933,0.065031,0.239458,0.03983,0.143614
12639,0.422914,0.08337,0.17424,0.029224,0.13608
12640,0.5083,0.057841,0.264074,0.038643,0.147742
12641,0.468483,0.075037,0.18489,0.033623,0.174933
12642,0.40448,0.060374,0.167011,0.03779,0.139305
12643,0.362227,0.06162,0.164421,0.027801,0.108385
12644,0.39999,0.08014,0.14693,0.03696,0.13596
12645,0.414767,0.057269,0.186883,0.042522,0.128093
12646,0.397424,0.078735,0.137051,0.0387,0.142938
12647,0.451124,0.060563,0.231944,0.028526,0.130091
12648,0.437773,0.084394,0.164868,0.03961,0.148901
12649,0.353787,0.059677,0.146434,0.028009,0.119667
12650,0.463944,0.083334,0.202147,0.03757,0.140893
12651,0.347873,0.063064,0.130875,0.028882,0.125052
12652,0.457833,0.068175,0.197201,0.037586,0.154871
12653,0.5562,0.086981,0.274381,0.042609,0.152229
12654,0.569047,0.058575,0.293709,0.042127,0.174636
12655,0.760231,0.077925,0.461182,0.037426,0.183698
12656,0.47753,0.055082,0.174267,0.038987,0.209194
12657,0.43226,0.06797,0.167921,0.023149,0.17322
12658,0.50007,0.072567,0.187387,0.054017,0.186099
12659,0.917613,0.068963,0.605819,0.034365,0.208466
12660,0.721007,0.06274,0.38934,0.0414,0.227527
12661,0.542703,0.04633,0.198586,0.050232,0.247555
12662,0.618303,0.049627,0.353856,0.03892,0.1759
12663,0.485217,0.0831,0.166156,0.038651,0.19731
12664,0.50381,0.062327,0.169921,0.041987,0.229575
12665,0.61744,0.059903,0.265762,0.056583,0.235192
12666,0.448177,0.066297,0.174391,0.045263,0.162226
12667,0.447687,0.092647,0.156743,0.027314,0.170983
12668,0.562504,0.051518,0.314753,0.03888,0.157353
12669,0.386034,0.071763,0.12727,0.032187,0.154814
12670,0.773067,0.062256,0.486284,0.04377,0.180757
12671,0.436647,0.08349,0.192849,0.028524,0.131784
12672,0.46083,0.062276,0.20496,0.03955,0.154044
12673,0.381107,0.074735,0.152336,0.019387,0.134649
12674,0.443454,0.038251,0.20525,0.046437,0.153516
12675,0.390404,0.048962,0.182246,0.018671,0.140525
12676,0.424313,0.039109,0.150773,0.04969,0.184741
12677,0.33886,0.04704,0.158639,0.019015,0.114166
12678,0.518906,0.042329,0.256083,0.055094,0.1654
12679,0.37879,0.062288,0.166049,0.018665,0.131788
12680,0.637943,0.038766,0.383192,0.04456,0.171425
12681,0.475294,0.046342,0.284652,0.018858,0.125442
12682,0.583276,0.083583,0.314464,0.03743,0.147799
12683,0.41917,0.089866,0.171251,0.030404,0.127649
12684,0.38041,0.065572,0.110776,0.05305,0.151012
12685,0.552287,0.079979,0.26338,0.033995,0.174933
12686,0.647866,0.064233,0.238014,0.04716,0.298459
12687,0.49808,0.078042,0.216001,0.0404,0.163637
12688,0.41863,0.05774,0.157362,0.042907,0.160621
12689,0.530846,0.080546,0.265801,0.032721,0.151778
12690,0.41702,0.061082,0.181566,0.049104,0.125268
12691,0.472873,0.071006,0.218929,0.031091,0.151847
12692,0.381953,0.06294,0.154924,0.037657,0.126432
12693,0.421193,0.076478,0.172544,0.031067,0.141104
12694,0.396111,0.060471,0.153253,0.036786,0.145601
12695,0.419256,0.084139,0.161557,0.029289,0.144271
12696,0.635183,0.035893,0.267864,0.04077,0.290656
12697,0.47729,0.081748,0.212351,0.031924,0.151267
12698,0.41025,0.05575,0.168544,0.046346,0.13961
12699,0.862347,0.076432,0.57324,0.036564,0.176111
12700,0.48683,0.087572,0.16146,0.041024,0.196774
12701,0.359657,0.036539,0.144786,0.030678,0.147654
12702,0.44943,0.084615,0.193491,0.03939,0.131934
12703,0.635947,0.091392,0.363737,0.031298,0.14952
12704,0.52776,0.087347,0.237511,0.047333,0.155569
12705,0.3285,0.055999,0.131969,0.028664,0.111868
12706,0.722563,0.077293,0.26084,0.045757,0.338673
12707,0.43555,0.087092,0.193727,0.029658,0.125073
12708,0.559374,0.056475,0.290207,0.041763,0.170929
12709,0.411137,0.086758,0.15738,0.029793,0.137206
12710,0.3781,0.060535,0.160249,0.036857,0.120459
12711,0.472427,0.080632,0.213294,0.031113,0.147388
12712,0.484684,0.035463,0.234241,0.038207,0.176773
12713,0.400253,0.079392,0.157708,0.030084,0.133069
12714,0.417494,0.060026,0.178009,0.045523,0.133936
12715,0.475007,0.076389,0.223191,0.031559,0.143868
12716,0.43998,0.056294,0.164618,0.05202,0.167048
12717,0.360317,0.03994,0.14199,0.020602,0.157785
12718,0.44989,0.050101,0.200091,0.04979,0.149908
12719,0.40643,0.043784,0.215393,0.029214,0.118039
12720,0.426817,0.051038,0.19836,0.04466,0.132759
12721,0.490794,0.040115,0.219397,0.037234,0.194048
12722,0.455056,0.076309,0.172747,0.0379,0.1681
12723,0.498633,0.05183,0.228859,0.024476,0.193468
12724,0.60736,0.060873,0.294443,0.042193,0.209851
12725,0.5932,0.085783,0.255031,0.0564,0.195986
12726,0.4911,0.06028,0.17101,0.047593,0.212217
12727,0.67368,0.052814,0.303275,0.0582,0.259391
12728,0.42374,0.087053,0.160594,0.037183,0.13891
12729,0.52998,0.061287,0.23788,0.035503,0.19531
12730,0.553504,0.081666,0.246377,0.047463,0.177998
12731,0.43879,0.08696,0.191364,0.030667,0.129799
12732,0.424973,0.092117,0.159142,0.036003,0.137711
12733,0.398917,0.057833,0.159454,0.059794,0.121836
12734,0.587586,0.10456,0.3012,0.036164,0.145662
12735,0.590817,0.041266,0.312177,0.038118,0.199256
12736,0.832777,0.069257,0.582998,0.039487,0.141035
12737,0.475477,0.08188,0.22502,0.028133,0.140444
12738,0.405134,0.064663,0.167765,0.0392,0.133506
12739,0.403784,0.057687,0.140944,0.031656,0.173497
12740,0.680927,0.047322,0.390477,0.04212,0.201008
12741,0.37867,0.044255,0.170405,0.018846,0.145164
12742,0.403503,0.045663,0.170936,0.0373,0.149604
12743,0.445014,0.042878,0.222977,0.031903,0.147256
12744,0.912967,0.081903,0.638855,0.03808,0.154129
12745,0.536246,0.084931,0.261025,0.041695,0.148595
12746,0.68531,0.058193,0.412856,0.042276,0.171985
12747,0.47205,0.079074,0.215063,0.030764,0.147149
12748,0.56306,0.061149,0.335678,0.038047,0.128186
12749,0.45076,0.048723,0.184017,0.04536,0.17266
12750,0.427723,0.063927,0.18386,0.04287,0.137066
12751,0.48404,0.078647,0.203713,0.034676,0.167004
12752,0.496133,0.057358,0.263579,0.03791,0.137286
12753,0.57068,0.084804,0.311999,0.030531,0.143346
12754,0.502266,0.058473,0.253242,0.052793,0.137758
12755,0.730193,0.081175,0.471733,0.031586,0.145699
12756,0.45065,0.060463,0.187183,0.057443,0.145561
12757,0.528203,0.081828,0.237514,0.033692,0.175169
12758,0.387323,0.064049,0.133887,0.037766,0.151621
12759,0.566127,0.07726,0.294034,0.030647,0.164186
12760,0.481424,0.087457,0.222403,0.037486,0.134078
12761,0.335564,0.060742,0.132325,0.030631,0.111866
12762,0.988547,0.079051,0.676526,0.042173,0.190797
12763,0.45654,0.086871,0.202851,0.030787,0.136031
12764,0.446123,0.057204,0.181222,0.05398,0.153717
12765,0.405913,0.057108,0.177746,0.030862,0.140197
12766,0.633497,0.06114,0.3488,0.04338,0.180177
12767,0.419584,0.083703,0.184846,0.029516,0.121519
12768,0.374277,0.054444,0.124385,0.055466,0.139982
12769,0.748593,0.07965,0.502447,0.03018,0.136316
12770,0.377033,0.056682,0.131716,0.038297,0.150338
12771,0.474654,0.087492,0.223775,0.030151,0.133236
12772,0.545016,0.087565,0.252951,0.052897,0.151603
12773,0.606167,0.083312,0.329637,0.033862,0.159356
12774,0.38115,0.058385,0.13855,0.036597,0.147618
12775,0.41518,0.041173,0.207887,0.030366,0.135754
12776,0.480097,0.041749,0.202888,0.06194,0.17352
12777,0.464673,0.040478,0.247231,0.018909,0.158055
12778,0.500899,0.041978,0.268456,0.03902,0.151445
12779,0.358863,0.041552,0.168623,0.018631,0.130057
12780,0.356753,0.053151,0.128911,0.0379,0.136791
12781,0.488253,0.039284,0.243717,0.034962,0.17029
12782,0.451194,0.040017,0.21011,0.03845,0.162617
12783,0.345484,0.038882,0.158744,0.019125,0.128733
12784,0.461213,0.041949,0.227665,0.03757,0.154029
12785,0.508963,0.041943,0.189966,0.018438,0.258616
12786,0.423567,0.045627,0.1837,0.050493,0.143747
12787,0.446853,0.038549,0.245726,0.019779,0.142799
12788,0.415163,0.044919,0.1594,0.049913,0.160931
12789,0.600227,0.039523,0.374276,0.023251,0.163177
12790,0.368876,0.038349,0.150774,0.0384,0.141353
12791,0.356163,0.042194,0.175164,0.018067,0.120738
12792,0.476854,0.046271,0.259167,0.03754,0.133876
12793,0.393137,0.043773,0.201352,0.019003,0.129009
12794,0.522683,0.045733,0.230735,0.043103,0.203112
12795,0.830653,0.040625,0.630016,0.020957,0.139055
12796,0.493303,0.045682,0.199599,0.040433,0.207589
12797,0.37484,0.038641,0.17943,0.02004,0.136729
12798,0.46033,0.050529,0.185284,0.039283,0.185234
12799,0.455077,0.038129,0.217777,0.023116,0.176055
12800,0.433994,0.038133,0.182568,0.04733,0.165963
12801,0.36571,0.051493,0.173391,0.017991,0.122835
12802,0.418833,0.038857,0.176127,0.04806,0.155789
12803,0.356434,0.04099,0.14477,0.039858,0.130816
12804,0.59601,0.079954,0.262807,0.044893,0.208356
12805,0.52759,0.059547,0.305412,0.032002,0.130629
12806,0.58506,0.08098,0.286087,0.04329,0.174703
12807,0.388676,0.056066,0.165556,0.031078,0.135976
12808,0.46591,0.058071,0.227986,0.036497,0.143356
12809,0.693523,0.079673,0.445319,0.031566,0.136965
12810,0.479047,0.061883,0.220843,0.03761,0.158711
12811,0.608353,0.088008,0.31257,0.035183,0.172592
12812,0.370174,0.062369,0.143123,0.037857,0.126825
12813,0.563567,0.080287,0.310254,0.030407,0.142619
12814,0.523793,0.065276,0.274118,0.04143,0.142969
12815,0.511673,0.083235,0.234771,0.031351,0.162316
12816,0.580843,0.087308,0.311097,0.037313,0.145125
12817,0.407506,0.08678,0.165123,0.02866,0.126943
12818,0.43496,0.063133,0.189763,0.047586,0.134478
12819,0.501777,0.086255,0.260642,0.029009,0.125871
12820,0.485783,0.082324,0.219646,0.03727,0.146543
12821,0.40961,0.036504,0.160937,0.033648,0.178521
12822,0.468664,0.078118,0.210292,0.037757,0.142497
12823,0.398603,0.086125,0.163,0.030124,0.119354
12824,0.67082,0.087367,0.336925,0.056533,0.189995
12825,0.421246,0.087584,0.174346,0.028942,0.130374
12826,0.435197,0.082229,0.164087,0.03716,0.151721
12827,0.44487,0.061797,0.203825,0.031133,0.148115
12828,0.425843,0.05724,0.189595,0.04166,0.137348
12829,0.418467,0.078121,0.166981,0.033084,0.140281
12830,0.496704,0.056699,0.265895,0.037607,0.136503
12831,0.731937,0.079708,0.4267,0.034893,0.190636
12832,0.439177,0.055171,0.203245,0.038427,0.142334
12833,0.62607,0.089009,0.36609,0.031338,0.139633
12834,0.461856,0.058067,0.20049,0.03905,0.164249
12835,0.812684,0.084894,0.51295,0.035211,0.179629
12836,0.46454,0.102628,0.186056,0.037183,0.138673
12837,0.647857,0.059222,0.330033,0.056906,0.201696
12838,0.95332,0.086006,0.681356,0.039026,0.146932
12839,0.5199,0.068187,0.280478,0.032523,0.138712
12840,0.59387,0.083233,0.28606,0.042713,0.181864
12841,0.35578,0.057963,0.130959,0.049724,0.117134
12842,0.57674,0.039936,0.317702,0.05696,0.162142
12843,0.384893,0.03882,0.194849,0.018469,0.132755
12844,0.558274,0.037775,0.161316,0.04382,0.315363
12845,0.344684,0.037597,0.152266,0.019713,0.135108
12846,0.640933,0.043193,0.400963,0.040724,0.156053
12847,0.35641,0.047999,0.143879,0.019816,0.144716
12848,0.612577,0.047932,0.381553,0.039743,0.143349
12849,0.441964,0.044709,0.231531,0.0183,0.147424
12850,0.402947,0.039448,0.159613,0.04897,0.154916
12851,0.365957,0.042495,0.175846,0.018646,0.12897
12852,0.63301,0.039815,0.36361,0.042027,0.187558
12853,0.429837,0.061984,0.216103,0.018852,0.132898
12854,0.431564,0.043231,0.200281,0.04822,0.139832
12855,0.465924,0.041964,0.279961,0.018529,0.12547
12856,0.454267,0.038184,0.204685,0.03808,0.173318
12857,0.41654,0.041964,0.206402,0.018333,0.149841
12858,0.58506,0.041915,0.314897,0.043737,0.184511
12859,0.41762,0.048469,0.187274,0.036469,0.145408
12860,0.555476,0.06271,0.23183,0.037123,0.223813
12861,0.54931,0.069104,0.168493,0.056567,0.255146
12862,0.432377,0.087753,0.153314,0.037086,0.154224
12863,0.540463,0.08694,0.251644,0.05482,0.147059
12864,0.498817,0.056388,0.237161,0.041533,0.163735
12865,0.70035,0.079242,0.40248,0.036337,0.182291
12866,0.566196,0.087282,0.29056,0.048253,0.140101
12867,0.4007,0.06034,0.15814,0.041938,0.140282
12868,0.433713,0.080617,0.16228,0.037433,0.153383
12869,0.43017,0.05361,0.179801,0.041816,0.154943
12870,0.499873,0.055838,0.243808,0.051264,0.148963
12871,0.493643,0.075559,0.226488,0.031551,0.160045
12872,0.487487,0.085374,0.182234,0.041233,0.178646
12873,0.600147,0.086851,0.345969,0.040599,0.126728
12874,0.526963,0.085574,0.240764,0.03917,0.161455
12875,0.40108,0.086531,0.158291,0.031036,0.125222
12876,0.446927,0.063911,0.183883,0.047697,0.151436
12877,0.383087,0.057769,0.15495,0.031416,0.138952
12878,0.514074,0.068027,0.249254,0.04799,0.148803
12879,0.468213,0.059469,0.215946,0.033946,0.158852
12880,0.4637,0.113746,0.168908,0.037626,0.14342
12881,0.43994,0.085432,0.189133,0.030013,0.135362
12882,0.428424,0.056753,0.198438,0.050494,0.122739
12883,0.432637,0.074249,0.173117,0.04486,0.140411
12884,0.382684,0.058903,0.130244,0.0393,0.154237
12885,0.43622,0.082361,0.178971,0.029849,0.145039
12886,0.488043,0.057323,0.238086,0.038486,0.154148
12887,0.453966,0.082997,0.16005,0.033413,0.177506
12888,0.50464,0.087476,0.218737,0.037717,0.16071
12889,0.389704,0.059465,0.176327,0.028977,0.124935
12890,0.44714,0.067247,0.193683,0.03749,0.14872
12891,0.42061,0.058548,0.180143,0.032774,0.149145
12892,0.605887,0.04994,0.294206,0.04239,0.219351
12893,0.766873,0.083155,0.472443,0.035507,0.175768
12894,0.496666,0.089499,0.222242,0.03919,0.145735
12895,0.572363,0.087592,0.273653,0.034729,0.176389
12896,0.400953,0.062303,0.153957,0.036883,0.14781
12897,0.520657,0.055383,0.299854,0.023729,0.141691
12898,0.39094,0.042267,0.157523,0.03884,0.15231
12899,0.356276,0.046075,0.140166,0.01886,0.151175
12900,0.67963,0.040002,0.410677,0.042227,0.186724
12901,0.3324,0.042389,0.15053,0.01832,0.121161
12902,0.396843,0.037765,0.14914,0.038603,0.171335
12903,0.39137,0.039599,0.114273,0.019235,0.218263
12904,0.463207,0.044659,0.229459,0.040723,0.148366
12905,0.32719,0.054885,0.127506,0.018847,0.125952
12906,0.434987,0.038298,0.168267,0.042503,0.185919
12907,0.434134,0.038904,0.210864,0.01928,0.165086
12908,0.39425,0.040042,0.15789,0.04198,0.154338
12909,0.328947,0.040826,0.127664,0.018695,0.141762
12910,0.599693,0.043849,0.36869,0.038857,0.148297
12911,0.374254,0.041647,0.190886,0.018469,0.123252
12912,0.532894,0.038373,0.303166,0.03761,0.153745
12913,0.588336,0.047315,0.266137,0.018451,0.256433
12914,0.390104,0.038311,0.158648,0.040196,0.152949
12915,0.35603,0.047658,0.162835,0.018888,0.126649
12916,0.459304,0.039325,0.204438,0.046726,0.168815
12917,0.345217,0.04118,0.143296,0.018367,0.142374
12918,0.511153,0.038552,0.266082,0.050077,0.156442
12919,0.41197,0.038347,0.221172,0.032111,0.12034
12920,0.418833,0.051151,0.158527,0.038743,0.170412
12921,0.355373,0.042038,0.155635,0.020418,0.137282
12922,0.411636,0.043447,0.178245,0.046987,0.142957
12923,0.479783,0.038391,0.236978,0.023462,0.180952
12924,0.57311,0.03896,0.291433,0.042393,0.200324
12925,0.59417,0.048498,0.399361,0.021253,0.125058
12926,0.467764,0.059108,0.232732,0.038783,0.137141
12927,0.427594,0.060617,0.208554,0.04074,0.117683
12928,0.694573,0.080965,0.410411,0.05249,0.150707
12929,0.336957,0.057838,0.118383,0.02992,0.130816
12930,0.405087,0.083884,0.149878,0.03714,0.134185
12931,0.490247,0.057939,0.210917,0.033704,0.187687
12932,0.434446,0.069162,0.163749,0.03788,0.163655
12933,0.682253,0.078327,0.434266,0.031102,0.138558
12934,0.406792,0.07809,0.161448,0.028776,0.138478
12935,0.517,0.082115,0.276259,0.040631,0.117995
12936,0.389688,0.078448,0.167025,0.027603,0.116612
12937,0.43466,0.07415,0.21204,0.029771,0.118699
12938,0.301957,0.04996,0.13328,0.028687,0.09003
12939,0.299172,0.043914,0.132063,0.030653,0.092542
12940,0.502422,0.036305,0.323545,0.041857,0.100715
12941,0.326225,0.03249,0.168089,0.030142,0.095504
12942,0.25548,0.032854,0.094788,0.02791,0.099928
12943,0.308045,0.037497,0.136705,0.040616,0.093227
12944,0.277182,0.039193,0.12386,0.02753,0.086599
12945,0.342009,0.04028,0.17863,0.030582,0.092517
12946,0.585223,0.038248,0.429567,0.029153,0.088255
12947,0.260958,0.037414,0.098541,0.033409,0.091594
12948,0.304873,0.03891,0.148057,0.02733,0.090576
12949,0.505486,0.035923,0.34258,0.031922,0.095061
12950,0.329444,0.033253,0.18185,0.026737,0.087604
12951,0.40741,0.074348,0.18455,0.028767,0.119745
12952,0.374407,0.079082,0.158089,0.027196,0.11004
12953,0.339259,0.040758,0.166578,0.029431,0.102492
12954,0.320918,0.044097,0.156515,0.028073,0.092233
12955,0.274797,0.038675,0.115839,0.028903,0.09138
12956,0.287318,0.037113,0.134037,0.027234,0.088934
12957,0.350619,0.042298,0.186479,0.030772,0.09107
12958,0.328191,0.035723,0.172718,0.027207,0.092543
12959,0.35608,0.04978,0.18798,0.029262,0.089058
12960,0.305074,0.037244,0.141163,0.027033,0.099634
12961,0.48868,0.035374,0.32019,0.029931,0.103185
12962,0.317123,0.037817,0.138567,0.032617,0.108122
12963,0.381048,0.040589,0.20805,0.038362,0.094047
12964,0.381583,0.073313,0.160554,0.02859,0.119126
12965,0.577101,0.078248,0.346299,0.030546,0.122008
12966,0.356183,0.074141,0.141193,0.026717,0.114132
12967,0.450891,0.077845,0.225987,0.030453,0.116606
12968,0.38613,0.084661,0.168927,0.027294,0.105248
12969,0.414587,0.079258,0.183824,0.039931,0.111574
12970,0.297634,0.045264,0.13244,0.02765,0.09228
12971,0.472061,0.059543,0.297027,0.02374,0.091751
12972,0.378131,0.036014,0.23149,0.0271,0.083527
12973,0.28257,0.03156,0.149919,0.019487,0.081604
12974,0.382732,0.050563,0.211849,0.03693,0.08339
12975,0.436566,0.03968,0.294633,0.019539,0.082714
12976,0.492834,0.051078,0.334218,0.027293,0.080245
12977,0.314222,0.043335,0.150143,0.021198,0.099546
12978,0.303048,0.0699,0.122729,0.02814,0.082279
12979,0.29629,0.040674,0.139009,0.019975,0.096632
12980,0.428263,0.041287,0.255594,0.02739,0.103992
12981,0.447554,0.039656,0.310914,0.019207,0.077777
12982,0.311544,0.037061,0.163943,0.027476,0.083064
12983,0.287669,0.05904,0.138676,0.019793,0.07016
12984,0.280544,0.041939,0.110817,0.027284,0.100504
12985,0.40082,0.036368,0.249499,0.01984,0.095113
12986,0.370487,0.03428,0.215993,0.028277,0.091937
12987,0.360539,0.033086,0.225522,0.019936,0.081995
12988,0.325068,0.034905,0.167977,0.028553,0.093633
12989,0.440289,0.031518,0.299897,0.025162,0.083712
12990,0.534547,0.03068,0.382022,0.027504,0.094341
12991,0.300466,0.030555,0.161943,0.019524,0.088444
12992,0.342781,0.032248,0.190633,0.02742,0.09248
12993,0.26122,0.031939,0.12843,0.019376,0.081475
12994,0.808897,0.040207,0.650207,0.028187,0.090296
12995,0.217365,0.03279,0.079446,0.01938,0.085749
12996,0.381511,0.049433,0.210365,0.037593,0.08412
12997,0.488053,0.038538,0.336724,0.02026,0.092531
12998,0.472402,0.080001,0.262981,0.026853,0.102567
12999,0.345259,0.068694,0.175402,0.019189,0.081974
13000,0.271547,0.049644,0.111844,0.027543,0.082516
13001,0.372586,0.054358,0.15758,0.019189,0.141459
13002,0.297055,0.051562,0.132194,0.02788,0.085419
13003,0.332824,0.038284,0.190938,0.019569,0.084033
13004,0.415959,0.078576,0.197906,0.027416,0.112061
13005,0.326382,0.063351,0.168144,0.02032,0.074567
13006,0.363899,0.060546,0.181569,0.027263,0.094521
13007,0.674597,0.036681,0.540759,0.019329,0.077828
13008,0.361339,0.0623,0.183979,0.02733,0.08773
13009,0.320653,0.04314,0.17138,0.021927,0.084206
13010,0.341006,0.051004,0.167227,0.043687,0.079088
13011,0.390009,0.070248,0.159084,0.030206,0.130471
13012,0.466432,0.079643,0.21387,0.027766,0.145153
13013,0.458716,0.076473,0.244133,0.030766,0.107344
13014,0.427006,0.074637,0.211595,0.02679,0.113984
13015,0.758526,0.073744,0.509065,0.052689,0.123028
13016,0.283813,0.051526,0.107412,0.027853,0.097022
13017,0.411415,0.074796,0.190018,0.0302,0.116401
13018,0.375212,0.076969,0.160399,0.02705,0.110794
13019,0.500126,0.079579,0.265743,0.041048,0.113756
13020,0.317436,0.073619,0.104365,0.02703,0.112422
13021,0.348554,0.075322,0.153759,0.029416,0.090057
13022,0.41336,0.076794,0.145986,0.02713,0.16345
13023,0.362442,0.077247,0.163509,0.031051,0.090635
13024,0.412398,0.049543,0.229954,0.027297,0.105604
13025,0.361456,0.072649,0.143317,0.030384,0.115106
13026,0.38692,0.075147,0.175667,0.026747,0.109359
13027,0.398576,0.077931,0.188242,0.041213,0.09119
13028,0.383611,0.07655,0.178703,0.02702,0.101338
13029,0.416844,0.073175,0.212273,0.043082,0.088314
13030,0.407128,0.075366,0.205707,0.038553,0.087502
13031,0.312093,0.076707,0.111463,0.029605,0.094318
13032,0.52463,0.036926,0.262498,0.02778,0.197426
13033,0.32445,0.041936,0.154578,0.034471,0.093465
13034,0.393338,0.079272,0.167913,0.02805,0.118103
13035,0.438402,0.075261,0.2062,0.029746,0.127195
13036,0.349875,0.044866,0.190155,0.02708,0.087774
13037,0.306913,0.040637,0.147703,0.030317,0.088256
13038,1.00857,0.079154,0.764173,0.042913,0.122332
13039,0.452086,0.077232,0.22624,0.030413,0.118201
13040,0.39035,0.078592,0.1732,0.02688,0.111678
13041,0.518296,0.073944,0.294122,0.037411,0.112819
13042,0.338169,0.077627,0.087872,0.026967,0.145703
13043,0.348447,0.077559,0.127746,0.028927,0.114215
13044,0.544661,0.079373,0.331451,0.026726,0.107111
13045,0.35525,0.101143,0.122622,0.030865,0.10062
13046,0.35522,0.071551,0.162194,0.027886,0.093589
13047,0.436699,0.076423,0.214226,0.031303,0.114747
13048,0.344181,0.078532,0.130163,0.02679,0.108696
13049,0.379266,0.076242,0.160683,0.0296,0.112741
13050,0.403166,0.073946,0.195469,0.042627,0.091124
13051,0.343809,0.073816,0.147518,0.030619,0.091856
13052,0.44083,0.103763,0.217673,0.02702,0.092374
13053,0.918072,0.039611,0.725626,0.031098,0.121737
13054,0.413512,0.074967,0.209596,0.039303,0.089646
13055,0.706397,0.081025,0.405844,0.066858,0.15267
13056,0.45552,0.07781,0.232335,0.027366,0.118009
13057,0.525142,0.07389,0.292465,0.02972,0.129067
13058,0.494674,0.07656,0.279782,0.028363,0.109969
13059,0.302447,0.038624,0.119788,0.041484,0.102551
13060,0.37559,0.043458,0.195016,0.038206,0.09891
13061,0.4336,0.040401,0.289301,0.020033,0.083865
13062,0.369679,0.042447,0.11404,0.027444,0.185748
13063,0.341096,0.043066,0.190519,0.019295,0.088216
13064,0.397895,0.069738,0.216462,0.03469,0.077005
13065,0.327466,0.06817,0.164764,0.019751,0.074781
13066,0.42617,0.058742,0.241151,0.032647,0.09363
13067,0.273103,0.029405,0.135685,0.020776,0.087237
13068,0.346164,0.058366,0.176318,0.02748,0.084
13069,0.323467,0.028932,0.183021,0.019324,0.09219
13070,0.362204,0.035542,0.191515,0.03867,0.096477
13071,0.346158,0.069967,0.186964,0.019922,0.069305
13072,0.376294,0.026519,0.155988,0.027637,0.16615
13073,0.294406,0.030689,0.15803,0.0194,0.086287
13074,0.331447,0.062326,0.162839,0.026876,0.079406
13075,0.260059,0.038727,0.122458,0.019798,0.079076
13076,0.304258,0.037854,0.151643,0.027584,0.087177
13077,0.430988,0.093309,0.233225,0.018907,0.085547
13078,0.450848,0.071946,0.267334,0.027316,0.084252
13079,0.522797,0.062483,0.367212,0.019569,0.073533
13080,0.315137,0.069322,0.123925,0.03794,0.08395
13081,0.42693,0.057844,0.269803,0.0199,0.079383
13082,0.408187,0.061527,0.160583,0.027513,0.158564
13083,0.375079,0.040398,0.205854,0.019626,0.109201
13084,0.298761,0.049912,0.145243,0.02807,0.075536
13085,0.310072,0.067749,0.148346,0.020207,0.07377
13086,0.374031,0.062991,0.189509,0.027187,0.094344
13087,0.344397,0.062042,0.192544,0.020039,0.069772
13088,0.55236,0.062383,0.377322,0.02753,0.085125
13089,0.265112,0.058751,0.108447,0.019443,0.078471
13090,0.392905,0.050991,0.227327,0.03624,0.078347
13091,0.310125,0.042003,0.155815,0.020232,0.092075
13092,0.404183,0.039852,0.152658,0.027857,0.183816
13093,0.707615,0.039475,0.544373,0.028882,0.094885
13094,0.425078,0.09703,0.196001,0.035213,0.096834
13095,0.427483,0.076769,0.216485,0.031117,0.103112
13096,0.335157,0.07893,0.13039,0.03151,0.094327
13097,0.40338,0.078139,0.175477,0.030234,0.11953
13098,0.363687,0.041084,0.204916,0.02762,0.090067
13099,0.381846,0.104197,0.128347,0.029872,0.11943
13100,0.417046,0.073102,0.216798,0.027134,0.100012
13101,0.42566,0.07532,0.214186,0.031448,0.104706
13102,0.390637,0.068867,0.131469,0.03852,0.151781
13103,0.302812,0.055066,0.125148,0.030118,0.09248
13104,0.483141,0.083167,0.286336,0.02778,0.085858
13105,0.452611,0.073047,0.233513,0.031796,0.114255
13106,0.350635,0.046011,0.152943,0.027997,0.123684
13107,0.37817,0.069625,0.152783,0.031065,0.124697
13108,0.821293,0.080249,0.604191,0.026924,0.109929
13109,0.315411,0.050069,0.140311,0.030472,0.094559
13110,0.539152,0.075402,0.295358,0.02707,0.141322
13111,0.433343,0.075978,0.200805,0.029782,0.126778
13112,0.487766,0.074815,0.201967,0.027187,0.183797
13113,0.390441,0.045865,0.206602,0.030626,0.107348
13114,0.389481,0.074062,0.17481,0.027203,0.113406
13115,0.517333,0.080693,0.279969,0.04268,0.113991
13116,0.352018,0.07671,0.136992,0.02716,0.111156
13117,0.374881,0.061322,0.194488,0.031122,0.087949
13118,0.323194,0.075517,0.127396,0.026826,0.093455
13119,0.340231,0.073573,0.142325,0.030758,0.093575
13120,0.396209,0.074614,0.206135,0.029067,0.086393
13121,0.388884,0.071187,0.188862,0.040049,0.088786
13122,0.42415,0.070543,0.16739,0.030257,0.15596
13123,0.461247,0.074233,0.267011,0.030402,0.089601
13124,0.493189,0.071477,0.265151,0.034953,0.121608
13125,0.48444,0.112301,0.211024,0.029858,0.131257
13126,0.515823,0.076852,0.279093,0.04823,0.111648
13127,0.408244,0.077359,0.187362,0.030379,0.113144
13128,0.353558,0.087587,0.149443,0.027777,0.088751
13129,0.333254,0.04004,0.153925,0.040811,0.098478
13130,0.439157,0.088308,0.213343,0.027103,0.110403
13131,0.487467,0.072969,0.293877,0.031124,0.089497
13132,0.397864,0.06234,0.147916,0.027027,0.160581
13133,0.372752,0.075257,0.15512,0.029091,0.113284
13134,0.35024,0.076702,0.135555,0.026956,0.111027
13135,0.467601,0.073165,0.221413,0.03263,0.140393
13136,0.35992,0.073958,0.1413,0.028216,0.116446
13137,0.400085,0.07245,0.189419,0.044809,0.093407
13138,0.401732,0.076747,0.198537,0.040393,0.086055
13139,0.335491,0.073984,0.133791,0.030704,0.097012
13140,0.387873,0.071577,0.191209,0.037497,0.08759
13141,0.312454,0.05892,0.153981,0.020573,0.07898
13142,0.478467,0.077698,0.175023,0.042823,0.182923
13143,0.296844,0.040589,0.149423,0.019505,0.087327
13144,0.358875,0.092508,0.14352,0.02771,0.095137
13145,0.369801,0.072069,0.185605,0.019425,0.092702
13146,0.378576,0.062546,0.204521,0.027216,0.084293
13147,0.472777,0.02626,0.344698,0.019433,0.082386
13148,0.380702,0.031821,0.227619,0.0272,0.094062
13149,0.283364,0.035343,0.151684,0.01944,0.076897
13150,0.54686,0.05838,0.352545,0.046837,0.089098
13151,0.423542,0.055765,0.24031,0.019039,0.108428
13152,0.418692,0.051564,0.176121,0.027793,0.163214
13153,0.342758,0.039278,0.199672,0.019809,0.083999
13154,0.312017,0.076663,0.10808,0.027237,0.100037
13155,0.293699,0.071612,0.110776,0.019069,0.092242
13156,0.367015,0.059442,0.194744,0.026973,0.085856
13157,0.455729,0.055622,0.307676,0.019995,0.072436
13158,0.357976,0.062269,0.17702,0.03506,0.083627
13159,0.28063,0.027036,0.1529,0.01978,0.080914
13160,0.307996,0.059598,0.147087,0.027473,0.073838
13161,0.380508,0.03796,0.22358,0.03246,0.086508
13162,0.410408,0.039496,0.169346,0.026987,0.174579
13163,0.304973,0.043622,0.158207,0.018833,0.084311
13164,0.341177,0.037724,0.188271,0.02701,0.088172
13165,0.456531,0.077722,0.26648,0.019283,0.093046
13166,0.295752,0.071346,0.111919,0.026934,0.085553
13167,0.423454,0.04909,0.264606,0.019216,0.090542
13168,0.240257,0.031952,0.086632,0.027637,0.094036
13169,0.299426,0.050745,0.151996,0.019569,0.077116
13170,0.334269,0.05354,0.155434,0.02695,0.098345
13171,1.13805,0.044411,0.985174,0.019844,0.088619
13172,0.444524,0.040394,0.260159,0.027293,0.116678
13173,0.591593,0.092854,0.37297,0.028578,0.097191
13174,0.286249,0.05884,0.117628,0.028736,0.081045
13175,0.271921,0.041786,0.120423,0.021478,0.088234
13176,0.346742,0.076718,0.14304,0.027067,0.099917
13177,0.577555,0.071404,0.406137,0.019235,0.080779
13178,0.340345,0.069556,0.156538,0.026964,0.087287
13179,0.372382,0.068491,0.172176,0.030595,0.10112
13180,0.395947,0.073924,0.180053,0.038093,0.103877
13181,0.334099,0.08786,0.117076,0.033344,0.095819
13182,0.462219,0.074703,0.244977,0.027687,0.114852
13183,0.306093,0.07258,0.108094,0.031171,0.094248
13184,0.461431,0.042343,0.299834,0.027094,0.09216
13185,0.529713,0.042831,0.367548,0.032016,0.087318
13186,0.400265,0.07433,0.187817,0.02693,0.111188
13187,0.350177,0.073427,0.127967,0.02932,0.119463
13188,0.433875,0.073442,0.238929,0.02746,0.094044
13189,0.467426,0.086271,0.242569,0.030883,0.107703
13190,0.365152,0.074858,0.15198,0.02729,0.111024
13191,0.45729,0.074216,0.23516,0.029555,0.118359
13192,0.395985,0.080452,0.177797,0.02692,0.110816
13193,0.428221,0.107142,0.164417,0.029631,0.127031
13194,0.455373,0.071302,0.265851,0.02717,0.09105
13195,0.535349,0.076104,0.332917,0.031284,0.095044
13196,0.479596,0.073851,0.265425,0.037673,0.102647
13197,0.281929,0.049596,0.108506,0.0305,0.093327
13198,0.521238,0.078896,0.282683,0.027863,0.131796
13199,0.381229,0.073941,0.157882,0.036643,0.112763
13200,0.390205,0.077692,0.17759,0.027166,0.107757
13201,0.448508,0.072545,0.232032,0.029267,0.114664
13202,0.465976,0.051118,0.283989,0.027656,0.103213
13203,0.43561,0.090986,0.206398,0.043027,0.095199
13204,0.352821,0.074745,0.151439,0.026737,0.0999
13205,0.316444,0.058843,0.126054,0.03012,0.101427
13206,0.413647,0.075585,0.20419,0.026954,0.106918
13207,0.444471,0.078082,0.226358,0.02984,0.110191
13208,0.351509,0.075347,0.158998,0.027036,0.090128
13209,0.335705,0.079817,0.141016,0.029561,0.085311
13210,0.408288,0.073533,0.212521,0.027574,0.09466
13211,0.381383,0.077104,0.17756,0.031822,0.094897
13212,0.378625,0.038462,0.141864,0.027067,0.171232
13213,0.370547,0.074127,0.15323,0.029569,0.113621
13214,0.335535,0.072435,0.14722,0.027156,0.088724
13215,0.380937,0.07483,0.162407,0.034655,0.109045
13216,0.451421,0.079395,0.227985,0.026806,0.117235
13217,0.396929,0.073424,0.193158,0.039886,0.090461
13218,0.365611,0.096887,0.134391,0.02747,0.106863
13219,0.39107,0.074669,0.174413,0.029761,0.112227
13220,0.357912,0.078372,0.143527,0.02801,0.108003
13221,0.605862,0.048319,0.424671,0.031416,0.101456
13222,0.40759,0.07966,0.123591,0.027254,0.177085
13223,0.705573,0.077587,0.502592,0.030919,0.094475
13224,0.319438,0.04126,0.163183,0.026853,0.088142
13225,0.322409,0.042793,0.164725,0.020026,0.094865
13226,0.481266,0.052256,0.321742,0.027694,0.079574
13227,0.408945,0.079018,0.201565,0.01926,0.109102
13228,0.274915,0.049126,0.121549,0.027353,0.076887
13229,0.384279,0.0447,0.226851,0.019609,0.093119
13230,0.506231,0.076368,0.306106,0.02702,0.096737
13231,0.283172,0.070115,0.12338,0.019593,0.070084
13232,0.401381,0.038637,0.164797,0.027407,0.17054
13233,0.28168,0.049607,0.116943,0.019471,0.095659
13234,0.612512,0.050198,0.440992,0.027823,0.093499
13235,0.455618,0.079412,0.237608,0.019363,0.119235
13236,0.314365,0.066918,0.141152,0.02764,0.078655
13237,0.456365,0.060287,0.300566,0.019831,0.075681
13238,1.0611,0.059033,0.890528,0.027267,0.084277
13239,0.340207,0.030142,0.21003,0.019455,0.08058
13240,0.383739,0.033788,0.221766,0.028457,0.099728
13241,0.310704,0.066691,0.152039,0.018861,0.073113
13242,0.374181,0.037293,0.129712,0.027497,0.179679
13243,0.361851,0.060797,0.186997,0.0209,0.093157
13244,0.376658,0.058247,0.208154,0.028016,0.082241
13245,0.245871,0.025187,0.11114,0.025809,0.083735
13246,0.275501,0.031902,0.12273,0.027327,0.093542
13247,0.284332,0.030762,0.145125,0.01996,0.088485
13248,0.25366,0.033653,0.106106,0.027613,0.086288
13249,0.288836,0.034733,0.151861,0.0195,0.082742
13250,0.332073,0.030067,0.163878,0.02727,0.110858
13251,0.297898,0.065368,0.139685,0.019107,0.073738
13252,0.817434,0.062438,0.64038,0.02743,0.087186
13253,0.333284,0.02884,0.177879,0.019464,0.107101
13254,0.437604,0.062931,0.271013,0.0273,0.07636
13255,0.35755,0.067609,0.189004,0.021795,0.079142
13256,0.280708,0.044829,0.11249,0.027936,0.095453
13257,0.40132,0.042247,0.248086,0.02014,0.090847
13258,0.32811,0.079292,0.123668,0.027527,0.097623
13259,0.265533,0.049798,0.117728,0.020311,0.077696
13260,0.534716,0.042591,0.360988,0.027486,0.103651
13261,0.291714,0.043797,0.140287,0.019229,0.088401
13262,0.299845,0.050086,0.139615,0.02703,0.083114
13263,0.360988,0.076122,0.158916,0.0304,0.09555
13264,0.415407,0.102308,0.154796,0.027543,0.13076
13265,0.298858,0.073335,0.103106,0.030173,0.092244
13266,0.358439,0.0744,0.152143,0.037897,0.093999
13267,0.477589,0.056748,0.290815,0.030329,0.099697
13268,0.349476,0.076567,0.158456,0.026983,0.08747
13269,0.38164,0.074669,0.170003,0.030862,0.106106
13270,0.471935,0.073583,0.258769,0.027404,0.112179
13271,0.372474,0.043346,0.186827,0.03988,0.102421
13272,0.417278,0.070616,0.195265,0.027766,0.123631
13273,0.434145,0.077519,0.207036,0.029311,0.120279
13274,0.375879,0.076832,0.160121,0.02724,0.111686
13275,0.477207,0.07996,0.240225,0.029315,0.127707
13276,0.562438,0.076649,0.345041,0.02683,0.113918
13277,0.344885,0.048406,0.174224,0.030618,0.091637
13278,0.346732,0.04338,0.164212,0.02729,0.11185
13279,0.342991,0.076659,0.118971,0.029078,0.118283
13280,0.285718,0.039126,0.131339,0.027037,0.088216
13281,0.363468,0.029148,0.193013,0.019871,0.121436
13282,0.451932,0.036602,0.258441,0.027407,0.129482
13283,0.512116,0.042505,0.305942,0.031017,0.132652
13284,0.511834,0.04024,0.30796,0.027594,0.13604
13285,0.51403,0.073214,0.25604,0.03059,0.154186
13286,0.44045,0.07753,0.199417,0.028363,0.13514
13287,0.637523,0.07497,0.40477,0.030342,0.127441
13288,0.398363,0.079099,0.16278,0.027547,0.128937
13289,0.44485,0.077504,0.20325,0.03002,0.134076
13290,0.465256,0.073095,0.212473,0.032333,0.147355
13291,0.478778,0.079464,0.23243,0.028629,0.138255
13292,0.315321,0.039447,0.143044,0.02774,0.10509
13293,0.610419,0.039526,0.432047,0.030524,0.108322
13294,0.430066,0.039811,0.264372,0.027013,0.09887
13295,0.29822,0.039063,0.12476,0.029997,0.1044
13296,0.37627,0.075717,0.151863,0.027133,0.121557
13297,0.492217,0.076789,0.2383,0.030123,0.147005
13298,0.40059,0.080163,0.170323,0.026947,0.123157
13299,0.368177,0.047375,0.175366,0.041065,0.104371
13300,0.51443,0.085436,0.230396,0.05374,0.144858
13301,0.383471,0.044249,0.189737,0.041495,0.10799
13302,0.443077,0.074438,0.208677,0.03214,0.127822
13303,0.373766,0.075895,0.133713,0.028995,0.135163
13304,0.445181,0.079172,0.220717,0.027597,0.117695
13305,0.611752,0.07365,0.335066,0.031327,0.171709
13306,0.53269,0.038236,0.36812,0.027987,0.098347
13307,0.515351,0.072349,0.270646,0.040687,0.131669
13308,0.769907,0.074079,0.530176,0.02801,0.137642
13309,0.425474,0.069143,0.155963,0.040351,0.160017
13310,0.424568,0.076847,0.19202,0.027876,0.127825
13311,0.250046,0.049928,0.092008,0.019533,0.088577
13312,0.436214,0.043897,0.231456,0.02876,0.132101
13313,0.534858,0.099665,0.30673,0.025154,0.103309
13314,0.348361,0.049333,0.1773,0.028993,0.092735
13315,0.490771,0.040359,0.305087,0.029849,0.115476
13316,0.409358,0.039386,0.2456,0.027606,0.096766
13317,0.471195,0.033963,0.308831,0.01928,0.109121
13318,0.294097,0.034254,0.135524,0.027443,0.096876
13319,0.33276,0.074513,0.147806,0.019858,0.090583
13320,0.481101,0.054104,0.273884,0.03304,0.120073
13321,0.63532,0.047546,0.468882,0.019858,0.099034
13322,0.344359,0.049993,0.15388,0.027716,0.11277
13323,0.518143,0.05096,0.343323,0.019193,0.104667
13324,0.40412,0.039098,0.233359,0.027136,0.104527
13325,0.258713,0.038464,0.093286,0.018604,0.108359
13326,0.371818,0.041645,0.171714,0.027913,0.130546
13327,0.338212,0.049522,0.159573,0.02038,0.108737
13328,0.408044,0.040438,0.217809,0.035463,0.114334
13329,0.322309,0.043325,0.159077,0.018833,0.101074
13330,0.383624,0.04089,0.196657,0.027506,0.118571
13331,0.330876,0.037504,0.183201,0.019157,0.091014
13332,0.396662,0.042695,0.225738,0.02691,0.101319
13333,0.297752,0.032111,0.159595,0.018725,0.087321
13334,0.287256,0.030155,0.110284,0.027253,0.119564
13335,0.287597,0.031204,0.1358,0.019485,0.101108
13336,0.331159,0.050809,0.14628,0.038266,0.095804
13337,0.351024,0.042515,0.175436,0.019455,0.113618
13338,0.275324,0.031432,0.111141,0.02731,0.105441
13339,0.377007,0.035547,0.232767,0.019374,0.089319
13340,0.319869,0.032597,0.142868,0.027157,0.117247
13341,0.466569,0.028041,0.253643,0.019733,0.165152
13342,0.312969,0.030871,0.14432,0.02676,0.111018
13343,0.277497,0.043742,0.103964,0.020229,0.109562
13344,0.511455,0.101559,0.25612,0.02745,0.126326
13345,0.37323,0.054847,0.21335,0.018951,0.086082
13346,0.429248,0.09677,0.19202,0.026863,0.113595
13347,0.397846,0.088349,0.151263,0.030602,0.127632
13348,0.37772,0.036247,0.197071,0.027183,0.117219
13349,0.375331,0.037643,0.195787,0.030418,0.111483
13350,0.358075,0.041029,0.159858,0.026937,0.130251
13351,0.430888,0.117763,0.175894,0.031574,0.105657
13352,0.36852,0.038716,0.198344,0.027686,0.103774
13353,0.306644,0.03707,0.138327,0.031489,0.099758
13354,0.334403,0.033079,0.174075,0.028527,0.098722
13355,0.34062,0.04538,0.161079,0.029945,0.104216
13356,0.324645,0.03634,0.147923,0.02737,0.113012
13357,0.4477,0.038971,0.281954,0.031245,0.09553
13358,0.324501,0.04823,0.1409,0.027093,0.108278
13359,0.377391,0.042113,0.194091,0.031393,0.109794
13360,0.410508,0.04059,0.21958,0.028467,0.121871
13361,0.424137,0.126228,0.134781,0.030631,0.132497
13362,0.413086,0.072945,0.186263,0.026957,0.126921
13363,0.414594,0.088825,0.161843,0.030525,0.133401
13364,0.286736,0.038036,0.106601,0.027187,0.114912
13365,0.425638,0.045917,0.23854,0.03004,0.111141
13366,0.353789,0.039096,0.166947,0.036993,0.110753
13367,0.58453,0.04298,0.399137,0.03046,0.111953
13368,0.329992,0.03728,0.149326,0.02736,0.116026
13369,0.359285,0.087205,0.116753,0.03036,0.124967
13370,0.33639,0.076859,0.110877,0.027376,0.121278
13371,0.46895,0.078097,0.140793,0.029114,0.220946
13372,0.491295,0.086303,0.257406,0.02713,0.120456
13373,0.543561,0.038,0.354925,0.030753,0.119883
13374,0.36317,0.05105,0.167273,0.026897,0.11795
13375,0.457155,0.087955,0.18772,0.029009,0.152471
13376,0.782326,0.038951,0.599219,0.02732,0.116836
13377,0.356529,0.03954,0.170607,0.030751,0.115631
13378,0.373684,0.089838,0.1365,0.027177,0.120169
13379,0.37603,0.085469,0.13298,0.029188,0.128393
13380,0.382616,0.038455,0.203826,0.02759,0.112745
13381,0.42616,0.04856,0.14491,0.030639,0.202051
13382,0.461438,0.047896,0.268201,0.038923,0.106418
13383,0.314073,0.04583,0.133571,0.030739,0.103933
13384,0.34251,0.034994,0.166324,0.02708,0.114112
13385,0.393809,0.0347,0.197334,0.040627,0.121148
13386,0.550299,0.049946,0.371016,0.026744,0.102593
13387,0.413617,0.079851,0.154796,0.028536,0.150434
13388,0.481507,0.042584,0.314798,0.027576,0.096549
13389,0.395146,0.071832,0.168594,0.029346,0.125374
13390,0.454427,0.090299,0.21456,0.027177,0.122391
13391,0.350841,0.075862,0.11972,0.029764,0.125495
13392,0.376575,0.083742,0.1424,0.02761,0.122823
13393,0.436908,0.087781,0.19424,0.024863,0.130024
13394,0.548438,0.065354,0.348699,0.028327,0.106058
13395,0.384533,0.042729,0.217047,0.019547,0.10521
13396,0.334744,0.037069,0.168754,0.029167,0.099754
13397,0.327174,0.036634,0.153936,0.018964,0.11764
13398,0.304344,0.033102,0.14913,0.027457,0.094655
13399,0.391529,0.033572,0.236661,0.019191,0.102105
13400,0.367332,0.041852,0.19599,0.027257,0.102233
13401,0.318578,0.030976,0.177611,0.019119,0.090872
13402,0.551885,0.033437,0.39174,0.02795,0.098758
13403,0.382536,0.058396,0.212574,0.018862,0.092704
13404,0.394956,0.049153,0.199339,0.02717,0.119294
13405,0.41974,0.051975,0.24802,0.019108,0.100637
13406,0.31082,0.050067,0.140152,0.02871,0.091891
13407,0.45419,0.044719,0.273523,0.019106,0.116842
13408,0.335457,0.037722,0.16975,0.026956,0.101029
13409,0.350961,0.069584,0.178098,0.01866,0.084619
13410,0.328329,0.040527,0.150863,0.031993,0.104946
13411,0.344919,0.053023,0.188324,0.020035,0.083537
13412,0.374635,0.040275,0.18598,0.027433,0.120947
13413,0.34786,0.036816,0.179124,0.019276,0.112644
13414,0.880932,0.034416,0.70954,0.027056,0.10992
13415,0.294894,0.030235,0.129553,0.01924,0.115866
13416,0.473919,0.050069,0.302557,0.026817,0.094476
13417,0.360078,0.063508,0.16107,0.019627,0.115873
13418,0.36923,0.04978,0.166688,0.032577,0.120185
13419,0.340614,0.048353,0.174612,0.018962,0.098687
13420,0.403218,0.041383,0.227434,0.0272,0.107201
13421,0.404258,0.043259,0.2424,0.019048,0.099551
13422,0.421247,0.092212,0.184803,0.03967,0.104562
13423,0.344574,0.057155,0.180185,0.019685,0.087549
13424,0.408202,0.02741,0.235321,0.027156,0.118315
13425,0.430271,0.032411,0.276203,0.030933,0.090724
13426,0.400178,0.057055,0.217426,0.038063,0.087634
13427,0.332274,0.058446,0.153437,0.019433,0.100958
13428,0.369477,0.039824,0.18642,0.026827,0.116406
13429,0.318961,0.045005,0.159411,0.019033,0.095512
13430,0.345207,0.033355,0.189303,0.028134,0.094415
13431,0.282533,0.03527,0.104621,0.032745,0.109897
13432,0.509815,0.041724,0.32286,0.028017,0.117214
13433,0.29261,0.049879,0.122319,0.021055,0.099357
13434,0.29832,0.038474,0.133914,0.028263,0.097669
13435,0.300573,0.036118,0.133765,0.030454,0.100236
13436,0.31634,0.036443,0.141181,0.026904,0.111812
13437,0.338109,0.03536,0.167567,0.02974,0.105442
13438,0.338327,0.038575,0.177248,0.026463,0.096041
13439,0.392129,0.04629,0.208032,0.030401,0.107406
13440,0.702914,0.037767,0.501304,0.02934,0.134503
13441,0.472832,0.066167,0.23376,0.030174,0.142731
13442,0.425335,0.084557,0.18427,0.031194,0.125314
13443,0.557574,0.089405,0.300404,0.029655,0.13811
13444,0.602957,0.081641,0.36638,0.02728,0.127656
13445,0.579818,0.036976,0.379629,0.031589,0.131624
13446,0.47601,0.084554,0.2422,0.027317,0.121939
13447,0.538956,0.038038,0.361281,0.030852,0.108785
13448,0.569568,0.084361,0.321787,0.027127,0.136293
13449,0.646873,0.08481,0.40084,0.030615,0.130608
13450,0.43573,0.086008,0.199043,0.032753,0.117926
13451,0.615297,0.099627,0.343764,0.029998,0.141908
13452,0.428448,0.087113,0.125787,0.07296,0.142588
13453,0.466134,0.039774,0.289755,0.029162,0.107443
13454,0.457907,0.085384,0.191923,0.036964,0.143636
13455,0.400865,0.084157,0.15758,0.034754,0.124374
13456,0.613214,0.087543,0.373733,0.028483,0.123455
13457,0.421718,0.084075,0.168303,0.029173,0.140167
13458,0.583973,0.08589,0.298547,0.056093,0.143443
13459,0.377972,0.078508,0.12468,0.030771,0.144013
13460,0.696398,0.087773,0.345307,0.054793,0.208525
13461,0.629627,0.037946,0.439744,0.032224,0.119713
13462,0.448772,0.037167,0.259824,0.04192,0.109861
13463,0.461205,0.083802,0.220883,0.029985,0.126535
13464,0.502634,0.052836,0.321988,0.02811,0.0997
13465,0.489269,0.077936,0.243146,0.030458,0.137729
13466,0.353331,0.064817,0.160694,0.029653,0.098167
13467,0.410511,0.0852,0.15563,0.030724,0.138957
13468,0.480969,0.086954,0.223546,0.029124,0.141345
13469,0.450953,0.083695,0.212876,0.030274,0.124108
13470,0.315445,0.037402,0.148745,0.027267,0.102031
13471,0.357319,0.0375,0.173372,0.029342,0.117105
13472,0.592842,0.032122,0.417287,0.027963,0.11547
13473,0.347934,0.047497,0.16028,0.030415,0.109742
13474,0.397205,0.03782,0.21204,0.027053,0.120292
13475,0.332771,0.046533,0.161707,0.030115,0.094416
13476,0.41713,0.042009,0.225875,0.029363,0.119883
13477,0.285153,0.030582,0.1266,0.019922,0.108049
13478,0.300625,0.031011,0.138783,0.027037,0.103794
13479,0.383724,0.040131,0.217449,0.019293,0.106851
13480,0.415291,0.032294,0.161444,0.02956,0.191993
13481,0.341049,0.033682,0.196467,0.018875,0.092025
13482,0.323187,0.036023,0.15624,0.027213,0.103711
13483,0.2939,0.031655,0.154033,0.018851,0.089361
13484,0.35106,0.032307,0.194718,0.027033,0.097002
13485,0.470712,0.029812,0.326366,0.019349,0.095185
13486,0.281126,0.033386,0.126547,0.026797,0.094396
13487,0.41526,0.029958,0.265971,0.019117,0.100214
13488,0.37342,0.032692,0.203368,0.027187,0.110173
13489,0.275171,0.035071,0.13305,0.019933,0.087117
13490,0.576305,0.034832,0.320518,0.027987,0.192968
13491,0.379259,0.052082,0.174192,0.019129,0.133856
13492,0.328801,0.058173,0.142923,0.02781,0.099895
13493,0.318914,0.045318,0.149676,0.018515,0.105405
13494,0.369079,0.037327,0.203463,0.026676,0.101613
13495,0.306747,0.039846,0.14464,0.019137,0.103124
13496,0.35266,0.05053,0.179721,0.02688,0.095529
13497,0.337163,0.049754,0.159417,0.019151,0.108841
13498,0.362479,0.049547,0.184679,0.027826,0.100427
13499,0.436743,0.054286,0.252423,0.019189,0.110845
13500,0.435459,0.050345,0.260722,0.027773,0.096619
13501,0.491214,0.050124,0.316585,0.023726,0.100779
13502,0.398869,0.041031,0.198654,0.036666,0.122518
13503,0.37623,0.049833,0.183936,0.018775,0.123686
13504,0.304401,0.036569,0.129983,0.027717,0.110132
13505,0.324139,0.054598,0.15321,0.01948,0.096851
13506,0.430351,0.050647,0.25057,0.02682,0.102314
13507,0.538871,0.043494,0.372922,0.019113,0.103342
13508,0.37823,0.04347,0.186317,0.026994,0.121449
13509,0.327769,0.051027,0.16844,0.020069,0.088233
13510,0.338716,0.043253,0.16026,0.027013,0.10819
13511,0.411468,0.072936,0.235949,0.019066,0.083517
13512,0.370259,0.045628,0.183804,0.026993,0.113834
13513,0.39728,0.058445,0.218076,0.030258,0.090501
13514,0.464094,0.036851,0.270542,0.02759,0.129111
13515,0.39401,0.057549,0.179575,0.041011,0.115875
13516,0.481401,0.081623,0.234613,0.027074,0.138091
13517,0.475381,0.08348,0.232733,0.029831,0.129337
13518,0.506939,0.038368,0.327702,0.027226,0.113643
13519,0.548993,0.039796,0.37804,0.029618,0.101539
13520,0.397298,0.073049,0.16495,0.028147,0.131152
13521,0.565769,0.0885,0.312176,0.029864,0.135229
13522,0.309656,0.049658,0.11616,0.04259,0.101248
13523,0.358925,0.052996,0.164355,0.031509,0.110065
13524,0.407388,0.04328,0.21757,0.031657,0.114881
13525,0.531084,0.088037,0.27401,0.040862,0.128175
13526,0.370366,0.039238,0.200897,0.02754,0.102691
13527,0.453342,0.04308,0.231674,0.043769,0.134819
13528,0.512744,0.086353,0.277903,0.027573,0.120915
13529,0.382643,0.036736,0.204053,0.041293,0.100561
13530,0.371498,0.087278,0.130063,0.027287,0.12687
13531,0.388616,0.077457,0.152867,0.028422,0.12987
13532,0.482998,0.045648,0.301717,0.031063,0.10457
13533,0.437044,0.043767,0.24589,0.03121,0.116177
13534,0.442482,0.090527,0.202756,0.02734,0.121859
13535,0.377285,0.03918,0.190676,0.031371,0.116058
13536,0.376255,0.049987,0.18481,0.02683,0.114628
13537,0.349416,0.043544,0.16754,0.029778,0.108554
13538,0.418291,0.039343,0.238944,0.036827,0.103177
13539,0.469133,0.075364,0.23735,0.029816,0.126603
13540,0.338024,0.038331,0.170653,0.027363,0.101677
13541,0.362867,0.05608,0.17569,0.029445,0.101652
13542,0.434254,0.089926,0.190943,0.026923,0.126462
13543,0.432786,0.084251,0.19029,0.030335,0.12791
13544,0.408955,0.089,0.16266,0.027066,0.130229
13545,0.438101,0.083966,0.19465,0.028634,0.130851
13546,0.303194,0.038442,0.118291,0.027366,0.119095
13547,0.43769,0.037407,0.23355,0.030858,0.135875
13548,0.445473,0.044216,0.26687,0.027417,0.10697
13549,0.630607,0.04275,0.437293,0.032053,0.118511
13550,0.302949,0.037633,0.137534,0.027196,0.100586
13551,0.442044,0.069267,0.214934,0.028529,0.129314
13552,0.391894,0.088689,0.151697,0.02661,0.124898
13553,0.462179,0.079952,0.220854,0.0294,0.131973
13554,0.388864,0.103389,0.15362,0.026947,0.104908
13555,0.301926,0.045802,0.11278,0.02826,0.115084
13556,0.419564,0.055725,0.183747,0.05407,0.126022
13557,0.290174,0.047876,0.112167,0.028225,0.101906
13558,0.37876,0.032533,0.219365,0.030634,0.096228
13559,0.409403,0.035173,0.220707,0.03504,0.118483
13560,0.859729,0.07783,0.62507,0.027896,0.128933
13561,0.43459,0.034727,0.209837,0.044304,0.145722
13562,0.569623,0.116803,0.298854,0.02932,0.124646
13563,0.313643,0.057644,0.141798,0.020204,0.093997
13564,0.44786,0.045415,0.243964,0.02754,0.130941
13565,0.342876,0.038067,0.190611,0.019209,0.094989
13566,0.345129,0.052616,0.156288,0.027296,0.108929
13567,0.325127,0.049943,0.14661,0.019362,0.109212
13568,0.337579,0.045624,0.139142,0.027516,0.125297
13569,0.418321,0.098608,0.198964,0.018763,0.101986
13570,0.325049,0.026185,0.152072,0.03074,0.116052
13571,0.368653,0.025808,0.186395,0.027089,0.129361
13572,0.333368,0.032308,0.174989,0.02747,0.098601
13573,0.335321,0.060477,0.170206,0.019022,0.085616
13574,0.47575,0.049601,0.281024,0.026826,0.118299
13575,0.350433,0.041368,0.177152,0.018583,0.11333
13576,0.817885,0.055087,0.624472,0.027064,0.111262
13577,0.457375,0.055112,0.24995,0.018963,0.13335
13578,0.418891,0.049801,0.253137,0.028393,0.08756
13579,0.480302,0.051902,0.296713,0.019027,0.11266
13580,0.369051,0.062611,0.175861,0.027046,0.103533
13581,0.405633,0.051148,0.229697,0.018705,0.106083
13582,0.374484,0.041881,0.168607,0.0276,0.136396
13583,0.382081,0.065689,0.208093,0.018718,0.089581
13584,0.378622,0.060395,0.17446,0.02785,0.115917
13585,0.375086,0.064709,0.183809,0.019617,0.106951
13586,0.358587,0.037791,0.1628,0.031964,0.126032
13587,0.316544,0.040062,0.159267,0.01912,0.098095
13588,0.345435,0.03482,0.191044,0.02706,0.092511
13589,0.241976,0.031669,0.092272,0.018867,0.099168
13590,0.637225,0.02885,0.45675,0.027317,0.124308
13591,0.968258,0.032947,0.812134,0.019316,0.103861
13592,0.353108,0.050218,0.161058,0.041027,0.100805
13593,0.3928,0.045837,0.154574,0.022609,0.16978
13594,0.667203,0.09477,0.41395,0.02748,0.131003
13595,0.417546,0.08976,0.173123,0.02847,0.126193
13596,0.456759,0.07779,0.21854,0.031387,0.129042
13597,0.394355,0.086045,0.146017,0.029843,0.13245
13598,0.456861,0.037789,0.232057,0.053457,0.133558
13599,0.454742,0.07154,0.215703,0.031775,0.135724
13600,0.457754,0.087784,0.20183,0.031984,0.136156
13601,0.486685,0.085539,0.2319,0.030171,0.139075
13602,0.490589,0.089883,0.241583,0.02925,0.129873
13603,0.347704,0.035653,0.169432,0.030266,0.112353
13604,0.41556,0.084721,0.174,0.029514,0.127325
13605,0.477813,0.061589,0.282781,0.031006,0.102437
13606,0.41238,0.079397,0.134726,0.05453,0.143727
13607,0.429578,0.069241,0.218871,0.030522,0.110944
13608,0.405522,0.079817,0.165367,0.031986,0.128352
13609,0.434324,0.078825,0.197026,0.030216,0.128257
13610,0.417984,0.080611,0.177813,0.027847,0.131713
13611,0.409194,0.039025,0.213653,0.03216,0.124356
13612,0.361377,0.043763,0.179939,0.029267,0.108408
13613,0.431994,0.039593,0.241923,0.031089,0.119389
13614,0.615045,0.04279,0.420243,0.027446,0.124566
13615,0.505231,0.08748,0.250573,0.039191,0.127987
13616,0.471791,0.088503,0.232957,0.028783,0.121548
13617,0.409287,0.089395,0.14849,0.029887,0.141515
13618,0.42113,0.079373,0.160304,0.032417,0.149036
13619,0.408229,0.072725,0.157087,0.030693,0.147724
13620,0.376778,0.045048,0.201501,0.026973,0.103256
13621,0.354,0.041476,0.16758,0.029953,0.114991
13622,0.384047,0.035089,0.217196,0.027034,0.104728
13623,0.409473,0.035037,0.21427,0.030465,0.129701
13624,0.381347,0.036847,0.205065,0.037086,0.102349
13625,0.511116,0.080858,0.266304,0.031389,0.132565
13626,0.351171,0.037207,0.177434,0.027324,0.109206
13627,0.374774,0.07206,0.14813,0.030063,0.124521
13628,0.390904,0.079767,0.161283,0.027237,0.122617
13629,0.36383,0.039283,0.182137,0.039322,0.103088
13630,0.357205,0.087168,0.120007,0.026944,0.123086
13631,0.41948,0.03528,0.251861,0.029984,0.102355
13632,0.292136,0.041473,0.126737,0.026937,0.096989
13633,0.433137,0.082255,0.192723,0.029506,0.128653
13634,0.465385,0.090344,0.203386,0.0274,0.144255
13635,0.491227,0.083804,0.244373,0.028638,0.134412
13636,0.412263,0.084502,0.17348,0.02711,0.127171
13637,0.36752,0.057618,0.17298,0.030289,0.106633
13638,0.37466,0.04005,0.183797,0.037183,0.11363
13639,0.526535,0.075132,0.295533,0.029837,0.126033
13640,0.372683,0.039441,0.205372,0.02807,0.0998
13641,0.37893,0.084434,0.124707,0.040268,0.129521
13642,0.383173,0.086565,0.146603,0.026877,0.123128
13643,0.274595,0.051044,0.122896,0.020263,0.080392
13644,0.403989,0.042718,0.217052,0.037437,0.106782
13645,0.478723,0.086771,0.260237,0.018988,0.112727
13646,0.392864,0.034012,0.23844,0.027767,0.092645
13647,0.278237,0.029957,0.138807,0.01912,0.090353
13648,0.37443,0.028391,0.21356,0.027667,0.104812
13649,0.390284,0.0306,0.23678,0.019382,0.103522
13650,0.393236,0.103395,0.155716,0.027356,0.106769
13651,0.343587,0.06026,0.17606,0.018826,0.088441
13652,0.309374,0.037114,0.125004,0.0269,0.120356
13653,0.298231,0.037955,0.142887,0.019211,0.098178
13654,0.315842,0.051152,0.131237,0.026383,0.10707
13655,0.422123,0.035754,0.268216,0.01918,0.098973
13656,0.325917,0.031438,0.16866,0.027687,0.098132
13657,0.309189,0.040565,0.155568,0.0191,0.093956
13658,0.414216,0.035098,0.251322,0.02694,0.100856
13659,0.30708,0.029696,0.141973,0.019177,0.116234
13660,0.437099,0.057078,0.222061,0.031564,0.126396
13661,0.521788,0.038896,0.367221,0.019143,0.096528
13662,0.377388,0.051081,0.187056,0.028533,0.110718
13663,0.329978,0.031478,0.15979,0.019042,0.119668
13664,0.420017,0.032545,0.224607,0.02808,0.134785
13665,0.473296,0.041099,0.304892,0.019262,0.108043
13666,0.449781,0.035534,0.28654,0.027617,0.10009
13667,0.304375,0.034694,0.129066,0.018773,0.121842
13668,0.562956,0.034345,0.31776,0.027663,0.183188
13669,0.296102,0.033741,0.155457,0.01868,0.088224
13670,0.375952,0.071631,0.180546,0.02671,0.097065
13671,0.359567,0.040099,0.16307,0.029364,0.127034
13672,0.308284,0.033996,0.143593,0.027447,0.103248
13673,0.345852,0.053623,0.164381,0.018792,0.109056
13674,0.374428,0.038536,0.176611,0.027047,0.132234
13675,0.326201,0.037353,0.173196,0.019781,0.095871
13676,0.375218,0.051588,0.18953,0.026957,0.107143
13677,0.37602,0.040253,0.22665,0.019233,0.089884
13678,0.546759,0.034338,0.311662,0.02705,0.173709
13679,0.310355,0.039725,0.134488,0.019684,0.116458
13680,0.575041,0.038093,0.395253,0.027687,0.114008
13681,0.34537,0.076487,0.128633,0.030638,0.109612
13682,0.349885,0.083804,0.116217,0.026867,0.122997
13683,0.451124,0.084903,0.21079,0.030578,0.124853
13684,0.350112,0.077062,0.137297,0.02671,0.109043
13685,0.461396,0.06465,0.260617,0.030238,0.105891
13686,0.345309,0.036262,0.184831,0.028037,0.096179
13687,0.376111,0.041747,0.188657,0.03452,0.111187
13688,0.477158,0.079294,0.166787,0.02793,0.203147
13689,0.365704,0.036664,0.195613,0.030422,0.103005
13690,0.63944,0.056603,0.45461,0.02689,0.101337
13691,0.998136,0.078766,0.753623,0.030402,0.135345
13692,0.414897,0.088761,0.163153,0.02698,0.136003
13693,0.316512,0.040003,0.139247,0.031065,0.106197
13694,0.613732,0.087258,0.354397,0.028384,0.143693
13695,0.626835,0.084245,0.346587,0.030475,0.165528
13696,0.541326,0.096814,0.239303,0.067333,0.137876
13697,0.52203,0.087605,0.268497,0.040458,0.12547
13698,0.560054,0.073281,0.239923,0.0303,0.21655
13699,0.313761,0.043878,0.138176,0.031513,0.100194
13700,0.438638,0.090892,0.16097,0.0304,0.156376
13701,0.474917,0.089151,0.215056,0.030311,0.140399
13702,0.483344,0.098412,0.175373,0.055407,0.154152
13703,0.422972,0.079091,0.17174,0.028173,0.143968
13704,0.352249,0.038756,0.170955,0.0316,0.110938
13705,0.379525,0.04322,0.18989,0.030262,0.116153
13706,0.272694,0.037837,0.101984,0.029637,0.103236
13707,0.43566,0.054707,0.249468,0.030146,0.101339
13708,0.568944,0.037314,0.289937,0.04577,0.195923
13709,0.372143,0.085372,0.119344,0.029049,0.138378
13710,0.532029,0.086946,0.25987,0.03796,0.147253
13711,0.423876,0.08527,0.17251,0.035433,0.130663
13712,0.396995,0.079427,0.168703,0.027264,0.121601
13713,0.438901,0.083951,0.188656,0.030524,0.13577
13714,0.490936,0.054535,0.309534,0.0283,0.098567
13715,0.362721,0.04089,0.1747,0.030176,0.116955
13716,0.458207,0.087989,0.224237,0.02706,0.118921
13717,0.30981,0.052951,0.117249,0.030093,0.109517
13718,0.304289,0.03784,0.131467,0.02711,0.107872
13719,0.377765,0.084419,0.1396,0.028927,0.124819
13720,0.384456,0.078595,0.177378,0.02684,0.101643
13721,0.366244,0.037966,0.173521,0.031467,0.12329
13722,0.403751,0.092234,0.172867,0.028427,0.110223
13723,0.67376,0.045371,0.491664,0.030218,0.106507
13724,0.335956,0.040593,0.15268,0.026837,0.115846
13725,0.310256,0.031159,0.162976,0.019769,0.096352
13726,0.351545,0.032649,0.192363,0.02688,0.099653
13727,0.30181,0.032302,0.152774,0.02022,0.096514
13728,0.379092,0.032782,0.163144,0.02783,0.155336
13729,0.317403,0.035814,0.145119,0.019678,0.116792
13730,0.379848,0.033144,0.213092,0.027187,0.106425
13731,0.565743,0.032525,0.423612,0.018971,0.090635
13732,0.371134,0.05714,0.176799,0.032733,0.104462
13733,0.547794,0.075924,0.336586,0.019705,0.115579
13734,0.404448,0.062469,0.224822,0.027067,0.09009
13735,0.294889,0.039433,0.119487,0.019631,0.116338
13736,0.395341,0.0343,0.212889,0.027697,0.120455
13737,0.327096,0.049774,0.162136,0.018969,0.096217
13738,0.386427,0.043452,0.197814,0.03711,0.108051
13739,0.369748,0.045621,0.205237,0.018575,0.100315
13740,0.390617,0.041562,0.206017,0.0311,0.111938
13741,0.476709,0.050078,0.320259,0.019913,0.086459
13742,0.322999,0.051564,0.124421,0.027117,0.119897
13743,0.304435,0.04748,0.120122,0.020255,0.116578
13744,0.331355,0.043055,0.1445,0.02739,0.11641
13745,0.385537,0.049714,0.22397,0.029478,0.082375
13746,0.512499,0.04896,0.329367,0.027127,0.107045
13747,0.427292,0.061164,0.227516,0.018273,0.120339
13748,0.370714,0.080403,0.145853,0.02711,0.117348
13749,0.389277,0.060547,0.210787,0.029466,0.088477
13750,0.407376,0.038512,0.236083,0.029826,0.102955
13751,0.430802,0.049102,0.244452,0.021822,0.115426
13752,0.338423,0.042904,0.159675,0.027867,0.107977
13753,0.337626,0.04858,0.170994,0.018434,0.099618
13754,0.306738,0.038087,0.127377,0.026737,0.114537
13755,0.3492,0.038046,0.1994,0.018693,0.093061
13756,0.393454,0.04351,0.20953,0.03254,0.107874
13757,0.314828,0.04594,0.14683,0.025633,0.096425
13758,0.37809,0.0352,0.213703,0.026846,0.102341
13759,0.269891,0.031197,0.111556,0.019656,0.107482
13760,0.410611,0.03514,0.237493,0.027843,0.110135
13761,0.333318,0.038764,0.172954,0.01872,0.10288
13762,0.401735,0.049577,0.214047,0.034273,0.103838
13763,0.347835,0.041236,0.184195,0.018775,0.103629
13764,0.358205,0.042739,0.16797,0.02721,0.120286
13765,0.429727,0.059669,0.228068,0.031589,0.110401
13766,0.333939,0.04031,0.155297,0.026596,0.111736
13767,0.527983,0.034143,0.274319,0.031115,0.188406
13768,0.35889,0.038633,0.177857,0.027123,0.115277
13769,0.526988,0.085642,0.267526,0.040901,0.132919
13770,0.430337,0.086458,0.18676,0.026843,0.130276
13771,0.422886,0.083266,0.177983,0.029759,0.131878
13772,0.485273,0.0884,0.2461,0.026753,0.12402
13773,0.378727,0.033391,0.207956,0.038871,0.098509
13774,0.434161,0.077434,0.19758,0.02818,0.130967
13775,0.367834,0.063833,0.160296,0.031833,0.111872
13776,0.400937,0.04141,0.210448,0.03344,0.115639
13777,0.491396,0.031934,0.236213,0.030981,0.192268
13778,0.413756,0.052233,0.202766,0.03855,0.120207
13779,0.483509,0.083754,0.209884,0.030238,0.159633
13780,0.329256,0.04876,0.149869,0.027413,0.103214
13781,0.512245,0.03918,0.33329,0.032417,0.107358
13782,0.419983,0.053573,0.21727,0.028094,0.121046
13783,0.416483,0.073463,0.174973,0.029135,0.138912
13784,0.302124,0.043117,0.13407,0.026907,0.09803
13785,0.405209,0.039847,0.23929,0.030373,0.095699
13786,0.40875,0.037674,0.236009,0.02707,0.107997
13787,0.410569,0.037977,0.162309,0.030514,0.179769
13788,0.382622,0.089039,0.145217,0.02687,0.121496
13789,0.491861,0.104694,0.207257,0.031143,0.148767
13790,0.302487,0.036589,0.114065,0.02786,0.123973
13791,0.430792,0.05913,0.242367,0.028931,0.100364
13792,0.494151,0.03969,0.319336,0.027137,0.107988
13793,0.371511,0.037243,0.187044,0.029669,0.117555
13794,0.392658,0.037142,0.232498,0.026843,0.096175
13795,0.417548,0.039103,0.223631,0.041716,0.113098
13796,0.406479,0.086175,0.162193,0.02763,0.130481
13797,0.411766,0.078199,0.177537,0.032078,0.123952
13798,0.667748,0.074095,0.444883,0.027293,0.121477
13799,0.491522,0.089601,0.227043,0.030571,0.144307
13800,0.513093,0.099573,0.187497,0.054793,0.17123
13801,0.579839,0.073872,0.30605,0.028593,0.171324
13802,0.552325,0.088268,0.25726,0.054543,0.152254
13803,0.714767,0.095364,0.400967,0.032423,0.186013
13804,0.362192,0.038,0.146153,0.039016,0.139023
13805,0.65395,0.086334,0.40601,0.030475,0.131131
13806,0.439915,0.081776,0.202933,0.027596,0.12761
13807,0.39918,0.08632,0.154064,0.029235,0.129561
13808,0.378834,0.064646,0.134576,0.07028,0.109332
13809,0.47528,0.043581,0.291743,0.029586,0.11037
13810,0.369835,0.050201,0.18512,0.032813,0.101701
13811,0.44706,0.076736,0.23897,0.019315,0.112039
13812,0.56562,0.036106,0.384146,0.027914,0.117454
13813,0.279641,0.035275,0.118016,0.019282,0.107068
13814,0.324167,0.029855,0.168956,0.027687,0.097669
13815,0.27478,0.0294,0.127238,0.01886,0.099282
13816,0.348886,0.030944,0.195292,0.028206,0.094444
13817,0.299763,0.032914,0.162017,0.018932,0.0859
13818,0.394946,0.032196,0.237136,0.027613,0.098001
13819,0.283923,0.033211,0.142291,0.01932,0.089101
13820,0.482373,0.031181,0.299407,0.027233,0.124552
13821,0.290612,0.031635,0.1478,0.019209,0.091968
13822,0.347798,0.031163,0.166623,0.027603,0.122409
13823,0.335638,0.033249,0.183,0.019101,0.100288
13824,0.470107,0.032461,0.294854,0.027524,0.115268
13825,0.54814,0.049027,0.386186,0.019,0.093927
13826,0.353553,0.033098,0.188526,0.02885,0.103079
13827,0.482463,0.092679,0.252246,0.025037,0.112501
13828,0.309075,0.051162,0.123674,0.027293,0.106946
13829,0.425494,0.041594,0.247794,0.019085,0.117021
13830,0.334806,0.03375,0.17856,0.027393,0.095103
13831,0.90973,0.033379,0.766558,0.019759,0.090034
13832,0.3015,0.030351,0.142733,0.027837,0.100579
13833,0.386564,0.057159,0.199873,0.022389,0.107143
13834,0.491785,0.035233,0.318309,0.027384,0.110859
13835,0.515914,0.08748,0.25099,0.032677,0.144767
13836,0.506797,0.083571,0.25902,0.034907,0.129299
13837,0.336233,0.067,0.138557,0.031873,0.098803
13838,0.555663,0.060724,0.335243,0.027627,0.132069
13839,0.416537,0.051358,0.23622,0.019386,0.109573
13840,1.00385,0.041613,0.828033,0.027217,0.106992
13841,0.325275,0.043011,0.136693,0.020175,0.125396
13842,0.4147,0.051573,0.219719,0.027043,0.116365
13843,0.491964,0.039454,0.31578,0.032473,0.104257
13844,0.478338,0.061185,0.254144,0.036617,0.126392
13845,0.45081,0.085267,0.1997,0.031961,0.133882
13846,0.491757,0.083176,0.256593,0.027157,0.124831
13847,0.427378,0.04418,0.213885,0.031332,0.137981
13848,0.454738,0.086375,0.203613,0.0395,0.12525
13849,0.378656,0.035971,0.197964,0.03091,0.113811
13850,0.342066,0.052047,0.161047,0.02727,0.101702
13851,0.464056,0.047765,0.281147,0.0316,0.103544
13852,0.36508,0.05293,0.172017,0.027634,0.112499
13853,0.403143,0.088737,0.1528,0.030258,0.131348
13854,0.323384,0.033973,0.165122,0.027017,0.097272
13855,0.501824,0.062867,0.301514,0.03082,0.106623
13856,0.532697,0.034527,0.345386,0.02696,0.125824
13857,0.282564,0.043677,0.102242,0.030005,0.10664
13858,0.62379,0.036397,0.427691,0.027383,0.132319
13859,0.413529,0.081771,0.170554,0.029493,0.131711
13860,0.545932,0.086369,0.29565,0.027103,0.13681
13861,0.532178,0.079277,0.29728,0.029475,0.126146
13862,0.349624,0.035389,0.176782,0.026627,0.110826
13863,0.651697,0.08462,0.406593,0.030764,0.12972
13864,0.363223,0.041042,0.1727,0.027023,0.122458
13865,0.61349,0.039347,0.433987,0.032076,0.10808
13866,0.485248,0.081573,0.23532,0.027453,0.140902
13867,0.443264,0.067153,0.21563,0.030509,0.129972
13868,0.376148,0.083598,0.1462,0.02751,0.11884
13869,0.446803,0.08213,0.1969,0.030187,0.137586
13870,0.530962,0.098696,0.2171,0.053497,0.161669
13871,0.305556,0.038076,0.125356,0.029378,0.112746
13872,0.462477,0.086318,0.19898,0.033677,0.143502
13873,0.380926,0.087215,0.124364,0.030421,0.138926
13874,0.372094,0.035663,0.18537,0.03262,0.118441
13875,0.299684,0.038274,0.095082,0.029814,0.136514
13876,0.459645,0.090978,0.21825,0.027544,0.122873
13877,0.38739,0.087364,0.139097,0.0302,0.130729
13878,0.399981,0.09066,0.157153,0.027034,0.125134
13879,0.416257,0.054352,0.203853,0.030251,0.127801
13880,0.541463,0.046077,0.2936,0.05351,0.148276
13881,0.439182,0.073165,0.193284,0.029929,0.142804
13882,0.38082,0.086764,0.134463,0.03261,0.126983
13883,0.553337,0.090913,0.292296,0.029582,0.140546
13884,0.583806,0.090936,0.327163,0.0318,0.133907
13885,0.485327,0.103595,0.22274,0.032787,0.126205
13886,0.429563,0.067962,0.208023,0.035417,0.118161
13887,0.458656,0.08219,0.21443,0.031975,0.130061
13888,0.430241,0.06676,0.230812,0.031796,0.100873
13889,0.410987,0.042168,0.235027,0.019951,0.113841
13890,0.40528,0.101166,0.169587,0.026867,0.10766
13891,0.381718,0.049406,0.199374,0.018715,0.114223
13892,0.958861,0.040355,0.766195,0.02878,0.123531
13893,0.308852,0.041897,0.13687,0.019249,0.110836
13894,0.278924,0.049491,0.090146,0.04614,0.093147
13895,0.288728,0.037924,0.131598,0.018649,0.100557
13896,0.474016,0.042774,0.221156,0.02726,0.182826
13897,0.403453,0.040748,0.214577,0.028738,0.11939
13898,0.357903,0.062762,0.175446,0.027496,0.092199
13899,0.303333,0.043263,0.132837,0.019095,0.108138
13900,0.393414,0.045214,0.204804,0.032463,0.110933
13901,0.405469,0.036259,0.24095,0.019049,0.109211
13902,0.387892,0.03633,0.217541,0.02744,0.106581
13903,0.260863,0.032028,0.121414,0.018774,0.088647
13904,0.360444,0.059995,0.179101,0.026806,0.094542
13905,0.406679,0.04183,0.23135,0.01928,0.114219
13906,0.426333,0.060163,0.155409,0.02717,0.183591
13907,0.437516,0.050114,0.246202,0.019489,0.121711
13908,0.390733,0.046387,0.18674,0.032134,0.125472
13909,0.503251,0.059845,0.329693,0.019845,0.093868
13910,0.516963,0.051907,0.318227,0.031323,0.115506
13911,0.38193,0.068513,0.175684,0.019063,0.11867
13912,0.388384,0.047769,0.189533,0.035563,0.115519
13913,0.35812,0.047469,0.189116,0.019,0.102535
13914,0.317333,0.039404,0.146132,0.03133,0.100467
13915,0.41862,0.050724,0.23639,0.030356,0.10115
13916,0.302508,0.041808,0.120967,0.02797,0.111763
13917,0.315045,0.040351,0.134863,0.018791,0.12104
13918,0.318956,0.035428,0.159233,0.02808,0.096215
13919,0.317911,0.035638,0.163854,0.019207,0.099212
13920,0.279645,0.03105,0.118106,0.02714,0.103349
13921,0.344626,0.034043,0.199628,0.019133,0.091822
13922,0.459419,0.031472,0.298241,0.026883,0.102823
13923,0.32286,0.032587,0.146761,0.028974,0.114538
13924,0.32769,0.045798,0.142769,0.027357,0.111766
13925,0.290539,0.054676,0.116013,0.019376,0.100474
13926,0.33875,0.037977,0.154934,0.028154,0.117685
13927,0.436471,0.082207,0.196313,0.029954,0.127997
13928,0.380471,0.038333,0.19275,0.027157,0.122231
13929,0.312815,0.03847,0.134124,0.031893,0.108328
13930,0.348053,0.040349,0.177844,0.026947,0.102913
13931,0.461437,0.03901,0.287773,0.031311,0.103343
13932,1.02585,0.099295,0.753486,0.027814,0.145252
13933,0.444412,0.086955,0.183427,0.029409,0.144621
13934,0.552915,0.088289,0.302433,0.02701,0.135183
13935,0.50508,0.081189,0.25369,0.041278,0.128923
13936,0.39625,0.079294,0.167407,0.027054,0.122495
13937,0.361852,0.046737,0.176277,0.030547,0.108291
13938,0.462967,0.087629,0.178827,0.05462,0.141891
13939,0.42893,0.088043,0.184566,0.030019,0.126302
13940,0.60305,0.037107,0.401509,0.03232,0.132114
13941,0.516014,0.07016,0.310123,0.030908,0.104823
13942,0.366934,0.034419,0.191543,0.04482,0.096152
13943,0.435807,0.083269,0.183983,0.033895,0.13466
13944,0.390669,0.042581,0.209606,0.036027,0.102455
13945,0.405229,0.086973,0.157173,0.030553,0.13053
13946,0.40384,0.079441,0.17192,0.027574,0.124905
13947,0.433615,0.084452,0.191107,0.030394,0.127662
13948,0.487789,0.083557,0.239317,0.027287,0.137628
13949,0.340411,0.049889,0.147021,0.029104,0.114397
13950,0.420341,0.046804,0.217396,0.026896,0.129245
13951,0.356773,0.052138,0.16442,0.032053,0.108162
13952,0.551738,0.085805,0.306923,0.025977,0.133033
13953,0.432524,0.079967,0.19745,0.030483,0.124624
13954,0.42959,0.089145,0.19253,0.027057,0.120858
13955,0.446905,0.085725,0.19262,0.029217,0.139343
13956,0.391856,0.038799,0.184784,0.05487,0.113403
13957,0.456059,0.05372,0.266473,0.035849,0.100017
13958,0.492738,0.060653,0.268243,0.040884,0.122958
13959,1.20748,0.086707,0.961126,0.031066,0.128579
13960,0.424671,0.087166,0.17977,0.02845,0.129285
13961,0.61674,0.080245,0.37954,0.030356,0.126599
13962,0.351574,0.080533,0.112864,0.02792,0.130257
13963,0.398006,0.088121,0.147896,0.031337,0.130652
13964,0.57666,0.086288,0.30564,0.047044,0.137688
13965,0.412213,0.084228,0.167793,0.028497,0.131695
13966,0.378765,0.074802,0.139877,0.027903,0.136183
13967,0.477599,0.044251,0.29765,0.025001,0.110697
13968,0.395016,0.051153,0.202241,0.03658,0.105042
13969,0.29503,0.050109,0.118598,0.019348,0.106975
13970,0.496261,0.046051,0.286783,0.02865,0.134777
13971,0.33236,0.047043,0.173563,0.019671,0.092083
13972,0.375343,0.034655,0.217768,0.02741,0.09551
13973,0.310033,0.033801,0.1725,0.018732,0.085
13974,0.278743,0.032915,0.120983,0.027144,0.097701
13975,0.291427,0.034306,0.144053,0.018814,0.094254
13976,0.43608,0.033957,0.262985,0.02704,0.112098
13977,0.33247,0.036106,0.166349,0.019494,0.110521
13978,0.303963,0.030276,0.140744,0.02919,0.103753
13979,0.28572,0.037041,0.139964,0.019117,0.089598
13980,0.46683,0.034682,0.305682,0.028556,0.09791
13981,0.39431,0.036835,0.230643,0.018924,0.107908
13982,0.277078,0.03165,0.113882,0.026863,0.104683
13983,0.624138,0.030406,0.483355,0.018957,0.09142
13984,0.436949,0.032898,0.246064,0.042246,0.115741
13985,0.469957,0.104287,0.197083,0.018987,0.1496
13986,0.417883,0.056406,0.214637,0.02877,0.11807
13987,0.454055,0.039752,0.263704,0.028069,0.12253
13988,0.412172,0.06844,0.202079,0.03959,0.102063
13989,0.347325,0.050047,0.169258,0.019036,0.108984
13990,0.35287,0.040568,0.164594,0.02717,0.120538
13991,0.424337,0.03958,0.276894,0.018829,0.089034
13992,0.3422,0.033132,0.189661,0.02652,0.092887
13993,0.28435,0.032845,0.119766,0.018431,0.113308
13994,0.451589,0.038151,0.277323,0.027306,0.108809
13995,0.374785,0.05108,0.127335,0.018976,0.177394
13996,0.363358,0.075823,0.1367,0.027026,0.123809
13997,0.370264,0.071526,0.19335,0.019526,0.085862
13998,0.330607,0.040718,0.159633,0.026887,0.103369
13999,0.351845,0.034656,0.212529,0.019427,0.085233
14000,0.467805,0.032799,0.308524,0.027204,0.099278
14001,0.320564,0.033251,0.181185,0.018955,0.087173
14002,0.29598,0.030741,0.136413,0.027244,0.101582
14003,0.32197,0.061233,0.138929,0.019497,0.102311
14004,0.792982,0.053077,0.601097,0.026954,0.111854
14005,0.629976,0.041156,0.35923,0.03081,0.19878
14006,0.516997,0.083237,0.27645,0.038396,0.118914
14007,0.517435,0.085033,0.262497,0.04372,0.126185
14008,0.408797,0.0687,0.195011,0.035737,0.109349
14009,0.464977,0.081116,0.22625,0.030803,0.126808
14010,0.449964,0.08702,0.198247,0.027214,0.137483
14011,0.446022,0.095116,0.194367,0.029793,0.126746
14012,0.676217,0.10241,0.435091,0.02834,0.110376
14013,0.418654,0.078998,0.16912,0.039491,0.131045
14014,0.427987,0.085917,0.17946,0.03762,0.12499
14015,0.500864,0.045244,0.213834,0.030416,0.21137
14016,0.414993,0.040737,0.181207,0.06449,0.128559
14017,0.454748,0.060027,0.263942,0.030613,0.100166
14018,0.628998,0.080451,0.39279,0.031163,0.124594
14019,0.434056,0.082344,0.19674,0.028485,0.126487
14020,0.557038,0.086083,0.299507,0.028383,0.143065
14021,0.413514,0.091488,0.149807,0.030627,0.141592
14022,0.461612,0.079268,0.212356,0.028037,0.141951
14023,0.32118,0.036598,0.141739,0.028962,0.113881
14024,0.4429,0.061903,0.205271,0.055337,0.120389
14025,0.37014,0.038493,0.195757,0.03,0.10589
14026,0.342394,0.035218,0.174761,0.030754,0.101661
14027,0.44014,0.03628,0.247457,0.030191,0.126212
14028,0.313144,0.036916,0.154889,0.027564,0.093775
14029,0.366399,0.036836,0.178124,0.031218,0.120221
14030,0.455232,0.088544,0.212576,0.029497,0.124615
14031,0.55207,0.084167,0.29879,0.029734,0.139379
14032,0.40215,0.09107,0.156817,0.028043,0.12622
14033,0.515741,0.087407,0.260253,0.043763,0.124318
14034,0.429937,0.085409,0.16752,0.046263,0.130745
14035,0.378119,0.044298,0.172177,0.031731,0.129913
14036,0.562127,0.058133,0.31786,0.053364,0.13277
14037,0.40246,0.037262,0.206979,0.039961,0.118258
14038,0.392273,0.083867,0.15202,0.031323,0.125063
14039,0.526371,0.089394,0.26074,0.040783,0.135454
14040,0.472132,0.088193,0.225577,0.032403,0.125959
14041,0.359518,0.085578,0.11745,0.027926,0.128564
14042,0.374734,0.039178,0.187307,0.02972,0.118529
14043,0.407586,0.057393,0.212493,0.031275,0.106425
14044,0.446256,0.039269,0.286303,0.027383,0.093301
14045,0.324947,0.04022,0.15678,0.030529,0.097418
14046,0.454776,0.09051,0.215533,0.027516,0.121217
14047,0.424782,0.083466,0.175663,0.030069,0.135584
14048,0.41908,0.088142,0.181163,0.027376,0.122399
14049,0.474376,0.036569,0.30341,0.02622,0.108177
14050,0.412734,0.026901,0.200452,0.053526,0.131855
14051,0.30601,0.037653,0.152865,0.019615,0.095877
14052,0.389209,0.033699,0.227047,0.031134,0.097329
14053,0.299943,0.034748,0.151587,0.019267,0.094341
14054,0.318975,0.032791,0.154274,0.02831,0.1036
14055,0.439469,0.030282,0.280093,0.019777,0.109317
14056,0.317387,0.033408,0.14594,0.02749,0.110549
14057,0.379576,0.032324,0.22054,0.019133,0.107579
14058,0.301212,0.037084,0.125947,0.030914,0.107267
14059,0.282113,0.033694,0.128814,0.019759,0.099846
14060,0.282096,0.026349,0.107715,0.02723,0.120802
14061,0.311165,0.033371,0.144996,0.018722,0.114076
14062,0.34723,0.034618,0.188423,0.027253,0.096936
14063,0.536509,0.033594,0.39845,0.018965,0.0855
14064,0.46766,0.032772,0.301197,0.027206,0.106485
14065,0.291941,0.029627,0.138762,0.019221,0.104331
14066,0.385597,0.035133,0.20555,0.027414,0.1175
14067,0.369172,0.072838,0.163737,0.019096,0.113501
14068,0.330952,0.039079,0.161446,0.02731,0.103117
14069,0.291829,0.03492,0.148703,0.018926,0.08928
14070,0.419418,0.031547,0.257136,0.02702,0.103715
14071,0.235719,0.033067,0.097304,0.018907,0.086441
14072,0.339374,0.031671,0.181114,0.03148,0.095109
14073,0.274356,0.033046,0.132858,0.018943,0.089509
14074,0.284893,0.032158,0.120031,0.02794,0.104764
14075,0.335438,0.032981,0.17604,0.019588,0.106829
14076,0.410119,0.035808,0.231805,0.02755,0.114956
14077,0.364447,0.032422,0.213215,0.018682,0.100128
14078,0.325597,0.029818,0.159709,0.02694,0.10913
14079,0.342666,0.030017,0.165789,0.018768,0.128092
14080,0.34676,0.035004,0.17411,0.027367,0.110279
14081,0.284207,0.033817,0.135503,0.018736,0.096151
14082,0.326496,0.028531,0.17169,0.03258,0.093695
14083,0.329721,0.047797,0.14718,0.035286,0.099458
14084,0.385594,0.042169,0.210938,0.027914,0.104573
14085,0.27016,0.033681,0.130081,0.019208,0.08719
14086,0.361781,0.030171,0.202053,0.0272,0.102357
14087,0.320937,0.032132,0.155156,0.018778,0.114871
14088,0.403597,0.030747,0.251282,0.027036,0.094532
14089,0.28203,0.032368,0.141934,0.019452,0.088276
14090,0.49607,0.030841,0.333757,0.027166,0.104306
14091,0.414671,0.039845,0.236972,0.031753,0.106101
14092,0.315718,0.040053,0.151598,0.027327,0.09674
14093,0.390991,0.050858,0.204981,0.034594,0.100558
14094,0.55242,0.035917,0.280836,0.027114,0.208553
14095,0.414744,0.046814,0.232662,0.030537,0.104731
14096,0.354901,0.05672,0.161241,0.028616,0.108324
14097,0.325505,0.039871,0.139467,0.028713,0.117454
14098,0.377632,0.040566,0.216004,0.02717,0.093892
14099,0.535853,0.043263,0.346553,0.029783,0.116254
14100,0.343273,0.036477,0.178317,0.027233,0.101246
14101,0.358661,0.034271,0.196851,0.030189,0.09735
14102,0.289172,0.039863,0.132293,0.02714,0.089876
14103,0.33258,0.03952,0.144536,0.031333,0.117191
14104,0.372741,0.036337,0.191551,0.04366,0.101193
14105,0.353768,0.05078,0.159255,0.030649,0.113084
14106,0.590358,0.036945,0.413886,0.02791,0.111617
14107,0.370036,0.034717,0.185316,0.031027,0.118976
14108,0.46932,0.037566,0.28008,0.028277,0.123397
14109,0.355272,0.03573,0.192288,0.029666,0.097588
14110,0.342648,0.04092,0.161867,0.03133,0.108531
14111,0.303402,0.039638,0.131649,0.03084,0.101275
14112,0.296255,0.038386,0.118431,0.027186,0.112252
14113,0.282679,0.035093,0.116249,0.02942,0.101917
14114,0.623615,0.037989,0.44051,0.027533,0.117583
14115,0.519791,0.056604,0.334488,0.030734,0.097965
14116,0.394224,0.037737,0.201423,0.039473,0.115591
14117,0.421344,0.08869,0.1765,0.030331,0.125823
14118,0.45571,0.085602,0.219527,0.02706,0.123521
14119,0.385425,0.086782,0.14119,0.028551,0.128902
14120,0.406491,0.085402,0.162873,0.02684,0.131376
14121,0.364562,0.039029,0.192764,0.029712,0.103057
14122,0.486858,0.057753,0.247135,0.05437,0.1276
14123,0.363226,0.038167,0.174758,0.031413,0.118888
14124,0.315007,0.0343,0.148969,0.031014,0.100724
14125,0.402068,0.088529,0.158773,0.028876,0.12589
14126,0.437158,0.086334,0.179706,0.027837,0.143281
14127,0.468883,0.0883,0.227137,0.030458,0.122988
14128,0.424143,0.085298,0.18022,0.02852,0.130105
14129,0.33875,0.038929,0.151745,0.030689,0.117387
14130,0.396282,0.052317,0.218233,0.029706,0.096026
14131,0.424342,0.096531,0.162463,0.029442,0.135906
14132,0.312987,0.033213,0.139957,0.02775,0.112067
14133,0.27762,0.039946,0.092837,0.029922,0.114915
14134,0.307088,0.036891,0.146904,0.027203,0.09609
14135,0.441612,0.041026,0.267936,0.031664,0.100986
14136,0.333506,0.039879,0.16361,0.026943,0.103074
14137,0.36796,0.052853,0.18327,0.029903,0.101934
14138,0.285771,0.036232,0.125905,0.028223,0.095411
14139,0.288872,0.032135,0.138894,0.019333,0.09851
14140,0.342532,0.02666,0.189911,0.027146,0.098815
14141,0.315938,0.031226,0.176839,0.01949,0.088383
14142,0.350829,0.027891,0.201772,0.027303,0.093863
14143,0.351791,0.030916,0.211076,0.01914,0.090659
14144,0.348849,0.03502,0.176886,0.027134,0.109809
14145,0.360844,0.049137,0.204055,0.019314,0.088338
14146,0.329015,0.054147,0.138363,0.027323,0.109182
14147,0.272085,0.050593,0.118023,0.01974,0.083729
14148,0.338124,0.040291,0.16611,0.026497,0.105226
14149,0.326644,0.044945,0.154544,0.018736,0.108419
14150,0.30351,0.03349,0.13292,0.03855,0.09855
14151,0.390926,0.044013,0.237785,0.01912,0.090008
14152,0.34957,0.031322,0.194592,0.027503,0.096153
14153,0.373306,0.028811,0.207133,0.02458,0.112782
14154,0.33846,0.032011,0.16711,0.027123,0.112216
14155,0.404455,0.067622,0.21775,0.031136,0.087947
14156,0.398477,0.041569,0.200378,0.038243,0.118287
14157,0.343992,0.047364,0.175891,0.018669,0.102068
14158,0.382433,0.041877,0.20919,0.02662,0.104746
14159,0.301995,0.034089,0.156612,0.018938,0.092356
14160,0.324688,0.033794,0.171062,0.026944,0.092888
14161,0.287984,0.031579,0.142497,0.018747,0.095161
14162,0.275975,0.035562,0.11181,0.026897,0.101706
14163,0.37345,0.03394,0.133517,0.019602,0.186391
14164,0.45087,0.030009,0.294743,0.027323,0.098795
14165,0.33646,0.032666,0.19519,0.019089,0.089515
14166,0.400798,0.058765,0.209605,0.04075,0.091678
14167,0.348265,0.054936,0.14208,0.018907,0.132342
14168,0.343509,0.041472,0.184252,0.026593,0.091192
14169,0.413742,0.044313,0.223533,0.019006,0.12689
14170,0.446204,0.039971,0.280193,0.028053,0.097987
14171,0.278056,0.044096,0.124724,0.019418,0.089818
14172,0.346727,0.034431,0.174533,0.026983,0.11078
14173,0.364113,0.031873,0.123711,0.018868,0.189661
14174,0.397031,0.032538,0.237044,0.02816,0.099289
14175,0.273896,0.03258,0.12784,0.018632,0.094844
14176,0.509971,0.033151,0.352534,0.02718,0.097106
14177,0.29762,0.033291,0.148094,0.019028,0.097207
14178,0.303836,0.026119,0.136895,0.02721,0.113612
14179,0.457779,0.034641,0.314104,0.019396,0.089638
14180,0.295617,0.036034,0.13878,0.02733,0.093473
14181,0.305365,0.037671,0.135124,0.028874,0.103696
14182,0.376892,0.048713,0.199543,0.02735,0.101286
14183,0.326386,0.039078,0.160558,0.029153,0.097597
14184,0.283838,0.03208,0.125983,0.026953,0.098822
14185,0.272093,0.039466,0.102275,0.027841,0.102511
14186,0.36055,0.042323,0.191884,0.02699,0.099353
14187,0.365139,0.03889,0.18662,0.031745,0.107884
14188,0.350827,0.055679,0.168393,0.02751,0.099245
14189,0.405549,0.034916,0.217081,0.030612,0.12294
14190,0.387443,0.04957,0.207967,0.02688,0.103026
14191,0.330536,0.033313,0.164007,0.030084,0.103132
14192,0.452904,0.076479,0.221766,0.027103,0.127556
14193,0.42714,0.073684,0.194274,0.029215,0.129967
14194,0.585575,0.087476,0.3448,0.027714,0.125585
14195,0.401586,0.091304,0.155887,0.030566,0.123829
14196,0.463566,0.08095,0.213403,0.027416,0.141797
14197,0.434423,0.086447,0.18032,0.030047,0.137609
14198,0.419326,0.087718,0.135014,0.054226,0.142368
14199,0.499438,0.05466,0.295931,0.03546,0.113387
14200,0.293149,0.0496,0.104415,0.035607,0.103527
14201,0.529729,0.048928,0.348499,0.030305,0.101997
14202,0.295853,0.04835,0.115191,0.03109,0.101222
14203,0.350455,0.040205,0.156771,0.031124,0.122355
14204,0.422605,0.083142,0.179627,0.027863,0.131973
14205,0.398516,0.085421,0.152353,0.028651,0.132091
14206,0.582906,0.046435,0.395263,0.02752,0.113688
14207,0.332061,0.0404,0.138286,0.030273,0.123102
14208,0.431976,0.089042,0.19297,0.02727,0.122694
14209,0.290969,0.039438,0.119794,0.029504,0.102233
14210,0.291159,0.045797,0.12243,0.027967,0.094965
14211,0.701325,0.037618,0.529246,0.030337,0.104124
14212,0.323104,0.04546,0.150943,0.027626,0.099075
14213,0.33039,0.03994,0.159656,0.029585,0.101209
14214,0.390451,0.039566,0.223308,0.027473,0.100104
14215,0.41822,0.039534,0.214347,0.032912,0.131427
14216,0.383902,0.077931,0.138154,0.028717,0.1391
14217,0.471112,0.086149,0.23057,0.02902,0.125373
14218,0.333203,0.035373,0.144438,0.027984,0.125408
14219,0.3726,0.039844,0.207757,0.030082,0.094917
14220,0.404762,0.034196,0.204559,0.04614,0.119867
14221,0.419834,0.032883,0.23856,0.030442,0.117949
14222,0.362763,0.049348,0.162306,0.02774,0.123369
14223,0.372175,0.070679,0.14059,0.035564,0.125342
14224,0.37908,0.037113,0.192223,0.04436,0.105384
14225,0.561651,0.070061,0.322267,0.031293,0.13803
14226,0.462877,0.087964,0.22684,0.02721,0.120863
14227,0.433674,0.083264,0.19959,0.024238,0.126582
14228,0.389836,0.035608,0.225731,0.02753,0.100967
14229,0.376748,0.051345,0.202307,0.019698,0.103398
14230,0.359304,0.037842,0.200863,0.027023,0.093576
14231,0.470779,0.032609,0.324742,0.020389,0.093039
14232,0.348282,0.043108,0.17777,0.02797,0.099434
14233,0.343972,0.09138,0.130363,0.01959,0.102639
14234,0.303042,0.04959,0.129933,0.027263,0.096256
14235,0.300191,0.03916,0.14219,0.019589,0.099252
14236,0.500917,0.039627,0.337127,0.027346,0.096817
14237,0.406222,0.043646,0.246343,0.019254,0.096979
14238,0.266747,0.034631,0.111783,0.027227,0.093106
14239,0.277557,0.032521,0.130297,0.01932,0.095419
14240,0.337847,0.055859,0.147311,0.027784,0.106893
14241,0.325946,0.072425,0.149357,0.01882,0.085344
14242,0.403989,0.041005,0.2187,0.02746,0.116824
14243,0.435354,0.038675,0.273193,0.018786,0.1047
14244,0.39943,0.029932,0.208097,0.028933,0.132468
14245,0.3528,0.035941,0.206663,0.018955,0.091241
14246,0.434979,0.034483,0.259363,0.027717,0.113416
14247,0.271191,0.029933,0.119057,0.021212,0.100989
14248,0.325508,0.055016,0.145403,0.027307,0.097782
14249,0.273262,0.05702,0.113605,0.018944,0.083693
14250,0.479854,0.039502,0.2802,0.02718,0.132972
14251,0.297237,0.036247,0.152944,0.018885,0.089161
14252,0.395159,0.049311,0.119248,0.039846,0.186754
14253,0.362866,0.047152,0.188484,0.01864,0.10859
14254,0.472467,0.040177,0.295227,0.02728,0.109783
14255,0.29204,0.03451,0.116949,0.020111,0.12047
14256,0.300223,0.032786,0.133883,0.02803,0.105524
14257,0.320864,0.049987,0.172212,0.018725,0.07994
14258,0.275413,0.037243,0.10764,0.026814,0.103716
14259,0.568734,0.055927,0.358781,0.019205,0.134821
14260,0.412615,0.050565,0.223494,0.027117,0.111439
14261,0.302874,0.038291,0.160045,0.01992,0.084618
14262,0.443275,0.043107,0.263441,0.027497,0.10923
14263,0.381144,0.041543,0.193047,0.019293,0.127261
14264,0.318991,0.03331,0.142346,0.027953,0.115382
14265,0.289427,0.032882,0.148583,0.019139,0.088823
14266,0.347374,0.034394,0.1773,0.027374,0.108306
14267,0.293037,0.030561,0.15127,0.019141,0.092065
14268,0.471442,0.048286,0.298749,0.027953,0.096454
14269,0.342469,0.044147,0.149463,0.039927,0.108932
14270,0.357763,0.052822,0.181408,0.026804,0.096729
14271,0.338804,0.05435,0.13522,0.030807,0.118427
14272,0.524985,0.067642,0.314691,0.027796,0.114856
14273,0.802974,0.071013,0.56648,0.03242,0.133061
14274,0.42229,0.088787,0.180757,0.02759,0.125156
14275,0.439241,0.082691,0.18822,0.0298,0.13853
14276,0.556537,0.096935,0.23793,0.066473,0.155199
14277,0.529931,0.088754,0.273396,0.030911,0.13687
14278,0.393098,0.0738,0.163557,0.032283,0.123458
14279,0.429807,0.078925,0.191447,0.030423,0.129012
14280,0.418278,0.089128,0.17518,0.028523,0.125447
14281,0.420536,0.039017,0.248558,0.030211,0.10275
14282,0.414279,0.040944,0.244667,0.027766,0.100902
14283,0.293705,0.04075,0.10727,0.030382,0.115303
14284,0.517351,0.090239,0.260597,0.028586,0.137929
14285,0.395178,0.053416,0.205422,0.036246,0.100094
14286,0.506671,0.085855,0.21298,0.053683,0.154153
14287,0.380381,0.073904,0.144157,0.029397,0.132923
14288,0.434951,0.088926,0.192096,0.031707,0.122222
14289,0.41879,0.039733,0.237231,0.030278,0.111548
14290,0.363554,0.04465,0.15645,0.04697,0.115484
14291,0.336477,0.051056,0.143831,0.029097,0.112493
14292,0.319242,0.040836,0.148022,0.02967,0.100714
14293,0.475929,0.047283,0.288178,0.030377,0.110091
14294,0.290956,0.037131,0.106744,0.02922,0.117861
14295,0.593876,0.081719,0.340043,0.029457,0.142657
14296,0.311795,0.038451,0.138533,0.02677,0.108041
14297,0.986694,0.086055,0.7423,0.030456,0.127883
14298,0.362266,0.079075,0.130733,0.028464,0.123994
14299,0.387508,0.105926,0.128753,0.029267,0.123562
14300,0.450347,0.103469,0.209186,0.027063,0.110629
14301,0.36074,0.083522,0.12429,0.030657,0.122271
14302,0.516482,0.078089,0.275217,0.035283,0.127893
14303,0.797627,0.085159,0.549894,0.030886,0.131688
14304,0.293036,0.034276,0.134743,0.027167,0.09685
14305,0.319211,0.041561,0.133334,0.031034,0.113282
14306,0.343612,0.050433,0.163564,0.02812,0.101495
14307,0.45482,0.036431,0.28825,0.030551,0.099588
14308,0.314497,0.04118,0.135517,0.027017,0.110783
14309,0.564845,0.085201,0.31482,0.030644,0.13418
14310,0.365177,0.038916,0.182446,0.026967,0.116848
14311,0.323599,0.04291,0.13996,0.031229,0.1095
14312,0.393946,0.060561,0.192774,0.03818,0.102431
14313,0.393938,0.046709,0.20502,0.019953,0.122256
14314,0.343489,0.050862,0.154403,0.027994,0.11023
14315,0.307324,0.042653,0.141635,0.018777,0.104259
14316,0.32381,0.041951,0.149854,0.02711,0.104895
14317,0.406222,0.039264,0.25068,0.018989,0.097289
14318,0.3498,0.034277,0.193784,0.026743,0.094996
14319,0.412008,0.041795,0.243044,0.019107,0.108062
14320,0.486329,0.033731,0.31478,0.028147,0.109671
14321,0.37355,0.029607,0.207496,0.019843,0.116604
14322,0.433069,0.030649,0.258801,0.04316,0.100459
14323,0.355816,0.058464,0.194352,0.019025,0.083975
14324,0.42257,0.0415,0.270788,0.027694,0.082588
14325,0.353782,0.04057,0.205355,0.019312,0.088545
14326,0.285455,0.043009,0.133664,0.02738,0.081402
14327,0.454114,0.03878,0.303106,0.019195,0.093033
14328,0.294753,0.038127,0.145565,0.027603,0.083458
14329,0.415649,0.043978,0.266148,0.020531,0.084992
14330,0.316042,0.04208,0.151051,0.02694,0.095971
14331,0.251808,0.041604,0.09319,0.027811,0.089203
14332,0.44271,0.043955,0.268849,0.026943,0.102963
14333,0.28046,0.042902,0.136918,0.019785,0.080855
14334,0.567611,0.041273,0.38437,0.0266,0.115368
14335,0.37963,0.031987,0.242287,0.019191,0.086165
14336,0.360058,0.043051,0.192068,0.027727,0.097212
14337,0.354275,0.043213,0.210666,0.020016,0.08038
14338,0.320467,0.043836,0.149161,0.027457,0.100013
14339,0.277234,0.039469,0.137989,0.025582,0.074194
14340,0.26202,0.041709,0.116433,0.026867,0.077011
14341,0.26211,0.039666,0.132666,0.01932,0.070458
14342,0.48598,0.043683,0.325537,0.026856,0.089904
14343,0.456835,0.043923,0.293319,0.020504,0.099089
14344,0.296437,0.043633,0.145226,0.02691,0.080668
14345,0.311722,0.043157,0.158915,0.019111,0.090539
14346,0.37283,0.036313,0.220107,0.028184,0.088226
14347,0.311128,0.038087,0.179298,0.019207,0.074536
14348,0.392531,0.033372,0.249638,0.027143,0.082378
14349,0.270494,0.030598,0.135352,0.019405,0.085139
14350,0.31555,0.03266,0.15913,0.026926,0.096834
14351,0.282616,0.030838,0.152312,0.019249,0.080217
14352,0.3718,0.032496,0.212632,0.027323,0.099349
14353,0.280864,0.030784,0.132794,0.029912,0.087374
14354,0.576657,0.04206,0.418888,0.027143,0.088566
14355,0.299366,0.04013,0.136705,0.03052,0.092011
14356,0.347451,0.086063,0.136624,0.026657,0.098107
14357,0.564731,0.084365,0.347062,0.030261,0.103043
14358,0.422793,0.061846,0.246598,0.026826,0.087523
14359,0.444286,0.078038,0.230535,0.030629,0.105084
14360,0.338916,0.058974,0.154239,0.036587,0.089116
14361,0.468286,0.077323,0.224767,0.032131,0.134065
14362,0.527474,0.03948,0.361177,0.027713,0.099104
14363,0.468638,0.036327,0.296937,0.030202,0.105172
14364,0.446048,0.087238,0.216353,0.026716,0.115741
14365,0.362238,0.089031,0.12612,0.029822,0.117265
14366,0.336991,0.034884,0.180816,0.02672,0.094571
14367,0.46907,0.04279,0.304398,0.031311,0.090571
14368,0.36834,0.036591,0.202484,0.028256,0.101009
14369,0.293432,0.047067,0.116221,0.030968,0.099176
14370,0.403195,0.104473,0.165872,0.02721,0.10564
14371,0.399547,0.086373,0.159711,0.030135,0.123328
14372,0.335942,0.079401,0.115117,0.02729,0.114134
14373,0.685318,0.085975,0.453165,0.031315,0.114863
14374,0.432091,0.087192,0.199267,0.026874,0.118758
14375,0.477565,0.088967,0.239443,0.031318,0.117837
14376,0.434511,0.086663,0.207641,0.027297,0.11291
14377,0.39753,0.043458,0.227163,0.032527,0.094382
14378,0.450335,0.040807,0.255883,0.03683,0.116815
14379,0.434251,0.088931,0.200541,0.030816,0.113963
14380,0.37159,0.087666,0.142864,0.02683,0.11423
14381,0.464489,0.088013,0.229587,0.030445,0.116444
14382,0.395404,0.03806,0.204296,0.02742,0.125628
14383,0.33682,0.041297,0.163635,0.030589,0.101299
14384,0.340112,0.036813,0.184419,0.028247,0.090633
14385,0.288968,0.03707,0.124797,0.030882,0.096219
14386,0.497163,0.062537,0.310597,0.026724,0.097305
14387,0.3054,0.039146,0.133122,0.030072,0.10306
14388,0.345883,0.07152,0.129948,0.026754,0.117661
14389,0.425402,0.08889,0.19474,0.029347,0.112425
14390,0.38315,0.049805,0.190133,0.02677,0.116442
14391,0.480967,0.041824,0.241319,0.033259,0.164565
14392,0.36008,0.08821,0.131507,0.027687,0.112676
14393,0.470392,0.089116,0.22943,0.030554,0.121292
14394,0.462875,0.088356,0.234067,0.026776,0.113676
14395,0.361717,0.039931,0.193974,0.033709,0.094103
14396,0.26268,0.038073,0.108349,0.026913,0.089345
14397,0.41192,0.079519,0.174189,0.029522,0.12869
14398,0.431851,0.076057,0.211179,0.027363,0.117252
14399,0.33356,0.049911,0.164367,0.029456,0.089826
14400,0.32822,0.038744,0.173832,0.02712,0.088524
14401,0.438116,0.03505,0.206976,0.020525,0.175565
14402,0.348836,0.03007,0.207957,0.02696,0.083849
14403,0.578985,0.033587,0.435013,0.020663,0.089722
14404,0.3262,0.03359,0.168797,0.026853,0.09696
14405,0.35844,0.062473,0.190691,0.020162,0.085114
14406,0.548911,0.059176,0.319593,0.03761,0.132532
14407,0.432068,0.061061,0.282122,0.019915,0.06897
14408,0.429672,0.046943,0.260464,0.027267,0.094998
14409,0.306647,0.050589,0.127346,0.025344,0.103368
14410,0.317289,0.032602,0.17055,0.027136,0.087001
14411,0.460879,0.035898,0.240718,0.019249,0.165014
14412,0.321273,0.03142,0.168673,0.026874,0.094306
14413,0.434681,0.029557,0.292558,0.0272,0.085366
14414,0.302746,0.030219,0.149468,0.02745,0.095609
14415,0.297632,0.032631,0.170774,0.019443,0.074784
14416,0.323628,0.03098,0.181525,0.02709,0.084033
14417,0.243373,0.030151,0.10755,0.019062,0.08661
14418,0.256746,0.032122,0.114967,0.02709,0.082567
14419,0.243744,0.030547,0.10677,0.019775,0.086652
14420,0.263509,0.030678,0.116254,0.026896,0.089681
14421,0.617659,0.028467,0.467434,0.019174,0.102584
14422,0.294734,0.032605,0.151409,0.027737,0.082983
14423,0.385047,0.051864,0.196977,0.033732,0.102474
14424,0.371926,0.078057,0.146349,0.027044,0.120476
14425,0.36046,0.088393,0.129153,0.028126,0.114788
14426,0.491853,0.089463,0.246772,0.02696,0.128658
14427,0.433276,0.05174,0.247566,0.02905,0.10492
14428,0.362355,0.042087,0.195725,0.027347,0.097196
14429,0.301121,0.034724,0.149333,0.027467,0.089597
14430,0.364381,0.038823,0.207737,0.02929,0.088531
14431,0.285337,0.030868,0.142246,0.019904,0.092319
14432,0.42092,0.055476,0.238582,0.02771,0.099152
14433,0.383226,0.049874,0.206356,0.020186,0.10681
14434,0.27816,0.050714,0.119826,0.026957,0.080663
14435,0.341499,0.043295,0.18817,0.019347,0.090687
14436,0.298979,0.030804,0.15284,0.029053,0.086282
14437,0.32731,0.036942,0.19137,0.019491,0.079507
14438,0.287248,0.031721,0.127611,0.02728,0.100636
14439,0.323483,0.032233,0.175749,0.019444,0.096057
14440,0.441825,0.032993,0.279398,0.027957,0.101477
14441,0.334606,0.064136,0.141926,0.030016,0.098528
14442,0.380957,0.040582,0.207697,0.027,0.105678
14443,0.41942,0.041436,0.255314,0.031238,0.091432
14444,0.267077,0.047383,0.103052,0.027174,0.089468
14445,0.430439,0.079357,0.205105,0.03002,0.115957
14446,0.476616,0.08869,0.242622,0.02767,0.117634
14447,0.431278,0.040873,0.252249,0.031646,0.10651
14448,0.664523,0.085927,0.435821,0.02696,0.115815
14449,0.446289,0.083266,0.207124,0.032178,0.123721
14450,0.400637,0.085887,0.154198,0.026943,0.133609
14451,0.514173,0.090251,0.264729,0.041578,0.117615
14452,0.440984,0.087998,0.141257,0.054363,0.157366
14453,0.299655,0.050933,0.129233,0.030387,0.089102
14454,0.486002,0.080653,0.254984,0.03438,0.115985
14455,0.373172,0.038818,0.176632,0.035265,0.122457
14456,0.366918,0.042723,0.19366,0.028706,0.101829
14457,0.343911,0.036944,0.184526,0.032102,0.090339
14458,0.306844,0.036886,0.156427,0.02782,0.085711
14459,0.410006,0.077337,0.1867,0.029658,0.116311
14460,0.453555,0.087343,0.199984,0.02717,0.139058
14461,0.329415,0.039624,0.164465,0.030953,0.094373
14462,0.385757,0.082244,0.154811,0.027747,0.120955
14463,0.400081,0.037091,0.221184,0.028906,0.1129
14464,0.454766,0.049444,0.220692,0.064153,0.120477
14465,0.499384,0.089477,0.262434,0.029756,0.117717
14466,0.307321,0.041605,0.143386,0.031363,0.090967
14467,0.441743,0.080141,0.212709,0.030284,0.118609
14468,0.384104,0.079992,0.157951,0.033177,0.112984
14469,0.327588,0.052306,0.151553,0.030068,0.093661
14470,0.355426,0.037597,0.2039,0.02811,0.085819
14471,0.385957,0.040676,0.198679,0.039098,0.107504
14472,0.446827,0.086127,0.215885,0.02717,0.117645
14473,0.355456,0.039277,0.198483,0.028889,0.088807
14474,0.330564,0.047763,0.15737,0.0276,0.097831
14475,0.422793,0.044438,0.259333,0.030029,0.088993
14476,0.326669,0.038266,0.154081,0.046547,0.087775
14477,0.64361,0.089512,0.400534,0.035518,0.118046
14478,0.5207,0.062404,0.334798,0.0278,0.095698
14479,0.377197,0.081476,0.134887,0.035796,0.125038
14480,0.390728,0.091463,0.163503,0.026803,0.108959
14481,0.408808,0.073526,0.185147,0.030216,0.119919
14482,0.492722,0.082674,0.269382,0.02675,0.113916
14483,0.306398,0.0396,0.141904,0.03018,0.094714
14484,0.616236,0.090862,0.323528,0.053963,0.147883
14485,0.504454,0.087026,0.258178,0.02945,0.1298
14486,0.595445,0.097238,0.308166,0.053287,0.136754
14487,0.343379,0.043382,0.188525,0.019966,0.091506
14488,0.312415,0.05993,0.119886,0.033783,0.098816
14489,0.337994,0.052258,0.175781,0.019589,0.090366
14490,0.367863,0.061662,0.15727,0.029417,0.119514
14491,0.342494,0.045464,0.189712,0.01973,0.087588
14492,0.353844,0.032071,0.20852,0.027633,0.08562
14493,0.398221,0.031889,0.269155,0.019186,0.077991
14494,0.283282,0.03682,0.131018,0.027767,0.087677
14495,0.243187,0.031516,0.108264,0.019418,0.083989
14496,0.307246,0.03224,0.156664,0.027123,0.091219
14497,0.256904,0.03187,0.12592,0.019495,0.079619
14498,0.314806,0.029945,0.144437,0.027067,0.113357
14499,0.34625,0.047552,0.193363,0.02008,0.085255
14500,0.502386,0.036875,0.276178,0.029834,0.159499
14501,0.242749,0.02606,0.110577,0.019355,0.086757
14502,0.386173,0.030997,0.234776,0.0272,0.0932
14503,0.319457,0.034805,0.173568,0.019559,0.091525
14504,0.352694,0.057491,0.187076,0.02703,0.081097
14505,0.346651,0.043161,0.175822,0.019354,0.108314
14506,0.374407,0.031972,0.226988,0.0269,0.088547
14507,0.358763,0.036534,0.21622,0.020876,0.085133
14508,0.356516,0.02885,0.205634,0.028003,0.094029
14509,0.29616,0.030574,0.139013,0.019286,0.107287
14510,0.337406,0.035121,0.104609,0.02724,0.170436
14511,0.284822,0.049662,0.140816,0.019118,0.075226
14512,0.371731,0.04686,0.194382,0.026887,0.103602
14513,0.452811,0.041011,0.275816,0.029815,0.106169
14514,0.427425,0.096998,0.20722,0.027157,0.09605
14515,0.396939,0.05018,0.231247,0.019615,0.095897
14516,0.401916,0.045679,0.206273,0.02764,0.122324
14517,0.30187,0.031118,0.166161,0.019078,0.085513
14518,0.304128,0.035115,0.161812,0.027047,0.080154
14519,0.28417,0.033032,0.147916,0.019233,0.083989
14520,0.296198,0.033101,0.149397,0.027077,0.086623
14521,0.514009,0.029331,0.359275,0.019442,0.105961
14522,0.26809,0.032588,0.106394,0.026976,0.102132
14523,0.412356,0.031607,0.274637,0.019279,0.086833
14524,0.373918,0.033664,0.217243,0.02885,0.094161
14525,0.364766,0.035184,0.223746,0.025469,0.080367
14526,0.507392,0.032566,0.35749,0.027127,0.090209
14527,0.318142,0.04967,0.172832,0.020226,0.075414
14528,0.374207,0.040933,0.200012,0.03645,0.096812
14529,0.473613,0.088116,0.231705,0.029791,0.124001
14530,0.346462,0.078349,0.11468,0.026877,0.126556
14531,0.51265,0.07744,0.270702,0.031784,0.132724
14532,0.335772,0.048394,0.165167,0.027216,0.094995
14533,0.405268,0.085207,0.160915,0.029958,0.129188
14534,0.39349,0.032066,0.244623,0.026857,0.089944
14535,0.340848,0.041845,0.179001,0.030151,0.089851
14536,0.324733,0.040123,0.167487,0.027453,0.08967
14537,0.352243,0.080548,0.125771,0.030136,0.115788
14538,0.349069,0.075838,0.132863,0.027197,0.113171
14539,0.406938,0.07911,0.160576,0.03012,0.137132
14540,0.326907,0.041394,0.169786,0.027734,0.087993
14541,0.420888,0.08244,0.187227,0.031044,0.120177
14542,0.398584,0.084609,0.167313,0.0274,0.119262
14543,0.335719,0.040449,0.173409,0.030262,0.091599
14544,0.430172,0.051567,0.20245,0.053584,0.122571
14545,0.337704,0.052516,0.145978,0.033101,0.106109
14546,0.585452,0.081995,0.32244,0.050987,0.13003
14547,0.336557,0.050232,0.144999,0.033687,0.107639
14548,0.525852,0.047017,0.330516,0.046917,0.101402
14549,0.453616,0.09145,0.21419,0.028826,0.11915
14550,0.853272,0.077959,0.634612,0.027847,0.112854
14551,0.553509,0.085973,0.289789,0.042295,0.135452
14552,0.485563,0.086916,0.204948,0.0542,0.139499
14553,0.6272,0.111935,0.369319,0.030714,0.115232
14554,0.396298,0.086267,0.163019,0.03181,0.115202
14555,0.440729,0.083446,0.207798,0.029536,0.119949
14556,0.495885,0.090365,0.249702,0.028693,0.127125
14557,0.662674,0.086764,0.430087,0.030794,0.115029
14558,0.389282,0.088298,0.151817,0.027354,0.121813
14559,0.43829,0.043962,0.228002,0.034693,0.131633
14560,0.378638,0.073324,0.155949,0.027876,0.121489
14561,0.379167,0.083759,0.148215,0.029055,0.118138
14562,1.73437,0.087939,0.257371,0.037177,1.35188
14563,0.564291,0.079843,0.327898,0.030967,0.125583
14564,0.418348,0.068063,0.181324,0.054906,0.114055
14565,0.474002,0.085576,0.226821,0.030263,0.131342
14566,0.338859,0.044112,0.125454,0.05446,0.114833
14567,0.413402,0.089525,0.181155,0.029537,0.113185
14568,0.37024,0.038925,0.174565,0.030984,0.125766
14569,0.464568,0.042013,0.280473,0.030025,0.112057
14570,0.376772,0.078508,0.150257,0.029333,0.118674
14571,0.307598,0.033183,0.15333,0.020249,0.100836
14572,0.321753,0.050885,0.161876,0.02865,0.080342
14573,0.434314,0.042496,0.257222,0.019526,0.11507
14574,0.36588,0.039529,0.186656,0.02729,0.112405
14575,0.452411,0.042698,0.289179,0.019083,0.101451
14576,0.503031,0.043031,0.337796,0.027193,0.095011
14577,0.338107,0.043348,0.165522,0.020573,0.108664
14578,0.36308,0.039151,0.181827,0.039637,0.102465
14579,0.402775,0.044551,0.244208,0.019202,0.094814
14580,0.284034,0.05114,0.124468,0.02777,0.080656
14581,0.345986,0.041909,0.196229,0.019034,0.088814
14582,0.433076,0.052045,0.241441,0.02681,0.11278
14583,0.254685,0.039148,0.105962,0.019562,0.090013
14584,0.335668,0.040126,0.15382,0.027097,0.114625
14585,0.87266,0.038068,0.734694,0.020124,0.079774
14586,0.396743,0.030527,0.231944,0.027417,0.106855
14587,0.372259,0.055929,0.135514,0.041134,0.139682
14588,0.3814,0.071,0.186887,0.027026,0.096487
14589,0.499448,0.084557,0.264117,0.036964,0.11381
14590,0.631066,0.088236,0.399221,0.02708,0.116529
14591,0.420454,0.090953,0.186771,0.027174,0.115556
14592,0.520575,0.0874,0.27143,0.02695,0.134795
14593,0.385034,0.051343,0.182118,0.057015,0.094558
14594,0.364118,0.046947,0.189372,0.029166,0.098633
14595,0.306882,0.04314,0.132656,0.030909,0.100177
14596,0.392875,0.050496,0.212776,0.037403,0.0922
14597,0.325959,0.04378,0.162057,0.019473,0.100649
14598,0.301337,0.042811,0.134676,0.026946,0.096904
14599,0.422254,0.045876,0.258556,0.019447,0.098375
14600,0.328837,0.034853,0.179284,0.027207,0.087493
14601,0.447489,0.059213,0.28448,0.019402,0.084394
14602,0.521268,0.037019,0.369524,0.028277,0.086448
14603,0.29394,0.032066,0.152825,0.019136,0.089913
14604,0.532908,0.032393,0.391623,0.02718,0.081712
14605,0.302439,0.027131,0.158959,0.019275,0.097074
14606,0.500446,0.039249,0.328981,0.026676,0.10554
14607,0.497129,0.040856,0.353488,0.019769,0.083016
14608,0.420871,0.103552,0.174021,0.02731,0.115988
14609,0.446318,0.084276,0.155477,0.030978,0.175587
14610,0.840211,0.082759,0.613953,0.031467,0.112032
14611,0.369448,0.087335,0.135413,0.029513,0.117187
14612,0.448906,0.091023,0.200039,0.02685,0.130994
14613,0.36762,0.079421,0.145742,0.028031,0.114426
14614,0.46742,0.085736,0.228895,0.02756,0.125229
14615,0.32336,0.042394,0.156943,0.029987,0.094036
14616,0.463334,0.051806,0.209161,0.07139,0.130977
14617,0.364465,0.04233,0.189235,0.030355,0.102545
14618,0.588969,0.058926,0.407238,0.031003,0.091802
14619,0.409726,0.036016,0.170818,0.030225,0.172667
14620,0.360438,0.037814,0.197552,0.03717,0.087902
14621,0.407164,0.069509,0.18411,0.030074,0.123471
14622,0.657037,0.062275,0.470473,0.029033,0.095256
14623,0.379726,0.042536,0.214145,0.031349,0.091696
14624,0.402696,0.088564,0.161209,0.027346,0.125577
14625,0.419781,0.082218,0.186995,0.029143,0.121425
14626,0.29039,0.037207,0.138846,0.0272,0.087137
14627,0.397104,0.03749,0.236374,0.031475,0.091765
14628,0.274425,0.037524,0.119807,0.026917,0.090177
14629,0.477804,0.038966,0.233367,0.032382,0.173089
14630,0.334213,0.051895,0.167072,0.028214,0.087032
14631,0.356015,0.044847,0.184693,0.035287,0.091188
14632,0.507314,0.089745,0.26488,0.037724,0.114965
14633,0.406784,0.079397,0.177699,0.029549,0.120139
14634,0.327238,0.03856,0.14669,0.026767,0.115221
14635,0.40098,0.04083,0.240683,0.031415,0.088052
14636,0.335546,0.047349,0.171784,0.0271,0.089313
14637,0.404565,0.039,0.243813,0.029721,0.092031
14638,0.539596,0.049599,0.362825,0.027413,0.099759
14639,0.455268,0.032803,0.200064,0.030435,0.191966
14640,0.606722,0.089136,0.372201,0.028614,0.116771
14641,0.667522,0.088036,0.405503,0.030458,0.143525
14642,0.547812,0.084856,0.3056,0.02709,0.130266
14643,0.387173,0.092632,0.134062,0.029389,0.13109
14644,0.390449,0.043797,0.209534,0.02727,0.109848
14645,0.450133,0.080847,0.2178,0.030779,0.120707
14646,0.393913,0.088635,0.163674,0.02666,0.114944
14647,0.596221,0.084177,0.360257,0.030445,0.121342
14648,0.454319,0.088678,0.227552,0.026466,0.111623
14649,0.423239,0.129974,0.160418,0.028413,0.104434
14650,0.373251,0.036793,0.215333,0.02796,0.093165
14651,0.385645,0.048134,0.192632,0.031714,0.113165
14652,0.417931,0.078019,0.198246,0.027393,0.114273
14653,0.386562,0.099442,0.169911,0.019671,0.097538
14654,0.468379,0.105153,0.241754,0.02703,0.094442
14655,0.740653,0.039724,0.602699,0.019794,0.078436
14656,0.285292,0.037526,0.131984,0.027423,0.088359
14657,0.301639,0.033399,0.163819,0.019388,0.085033
14658,0.271903,0.031778,0.125129,0.027546,0.08745
14659,0.493632,0.04936,0.258136,0.020354,0.165782
14660,0.421693,0.043878,0.245638,0.027653,0.104524
14661,0.283682,0.049506,0.124968,0.019208,0.09
14662,0.42163,0.042227,0.219951,0.03783,0.121622
14663,0.310147,0.037029,0.178497,0.019147,0.075474
14664,0.312154,0.03184,0.167323,0.027817,0.085174
14665,0.346001,0.034436,0.201637,0.026105,0.083823
14666,0.325764,0.041482,0.154423,0.027607,0.102252
14667,0.462334,0.034695,0.325202,0.01953,0.082907
14668,0.378992,0.033532,0.229519,0.02735,0.088591
14669,0.37361,0.03259,0.207901,0.019698,0.113421
14670,0.343904,0.059229,0.179464,0.026887,0.078324
14671,0.39916,0.040142,0.231979,0.019567,0.107472
14672,0.309011,0.039374,0.161155,0.02753,0.080952
14673,0.308642,0.03428,0.174973,0.019255,0.080134
14674,0.284669,0.046545,0.122129,0.02764,0.088355
14675,0.352359,0.031324,0.21547,0.020001,0.085564
14676,0.367435,0.031907,0.193137,0.02717,0.115221
14677,0.348196,0.035713,0.215481,0.019147,0.077855
14678,0.442478,0.034785,0.284182,0.027573,0.095938
14679,0.321067,0.038887,0.15218,0.019784,0.110216
14680,0.42398,0.033155,0.273955,0.027137,0.089733
14681,0.259574,0.030306,0.131489,0.019233,0.078546
14682,0.303569,0.027366,0.15427,0.027533,0.0944
14683,0.314863,0.046053,0.172276,0.019271,0.077263
14684,0.449603,0.049914,0.285954,0.027144,0.086591
14685,0.534119,0.040324,0.375513,0.019464,0.098818
14686,0.54111,0.104328,0.294447,0.028203,0.114132
14687,0.465981,0.051631,0.319544,0.019663,0.075143
14688,0.295381,0.042186,0.136367,0.027024,0.089804
14689,0.389076,0.045488,0.197542,0.02984,0.116206
14690,0.346213,0.038907,0.177384,0.02759,0.102332
14691,0.265643,0.066769,0.102166,0.019511,0.077197
14692,0.387207,0.083958,0.159987,0.02861,0.114652
14693,0.440529,0.088299,0.207625,0.031031,0.113574
14694,0.419347,0.036863,0.265914,0.026803,0.089767
14695,0.316631,0.040653,0.154535,0.03078,0.090663
14696,0.39207,0.036344,0.233631,0.026587,0.095508
14697,0.490515,0.03734,0.321662,0.032124,0.099389
14698,0.310511,0.039505,0.150673,0.027207,0.093126
14699,0.353258,0.072673,0.129951,0.029976,0.120658
14700,0.583519,0.082485,0.358078,0.026587,0.116369
14701,0.627251,0.080566,0.39826,0.030117,0.118308
14702,0.414661,0.089294,0.18382,0.02686,0.114687
14703,0.368436,0.085683,0.138854,0.028251,0.115648
14704,0.418617,0.089064,0.17881,0.02714,0.123603
14705,0.434193,0.084545,0.200442,0.028783,0.120423
14706,0.405138,0.038265,0.252314,0.026807,0.087752
14707,0.316778,0.043141,0.150575,0.030931,0.092131
14708,0.381814,0.086735,0.14478,0.026724,0.123575
14709,0.436378,0.075005,0.20942,0.02988,0.122073
14710,0.354567,0.046037,0.188624,0.028086,0.09182
14711,0.444859,0.042636,0.267023,0.036267,0.098933
14712,0.325223,0.039116,0.166423,0.027323,0.092361
14713,0.355188,0.070586,0.135723,0.029649,0.11923
14714,0.341582,0.06586,0.163421,0.026663,0.085638
14715,0.382562,0.057657,0.188374,0.031609,0.104922
14716,0.344182,0.049862,0.16636,0.026853,0.101107
14717,0.321414,0.03863,0.147186,0.030292,0.105306
14718,0.295509,0.036658,0.120558,0.026503,0.11179
14719,0.512462,0.038873,0.33346,0.030235,0.109894
14720,0.336746,0.045375,0.176822,0.02714,0.087409
14721,0.3624,0.038127,0.194471,0.031928,0.097874
14722,0.560975,0.086235,0.31963,0.026836,0.128274
14723,0.594145,0.087508,0.358592,0.030808,0.117237
14724,0.542762,0.086869,0.301708,0.026826,0.127359
14725,0.388503,0.081197,0.161918,0.029847,0.115541
14726,0.435132,0.088936,0.201049,0.027297,0.11785
14727,0.35962,0.0409,0.188791,0.040304,0.089625
14728,0.507442,0.080744,0.28288,0.027643,0.116175
14729,0.434935,0.040202,0.239938,0.030319,0.124476
14730,0.525534,0.086392,0.267169,0.0376,0.134373
14731,0.439963,0.088277,0.198688,0.029586,0.123412
14732,0.41443,0.036974,0.195846,0.07476,0.10685
14733,0.346641,0.03518,0.15597,0.029291,0.1262
14734,0.390502,0.041666,0.20234,0.045237,0.101259
14735,0.5562,0.085285,0.297693,0.039604,0.133618
14736,0.490813,0.087252,0.255463,0.02794,0.120158
14737,0.327137,0.03828,0.158375,0.022505,0.107977
14738,0.380531,0.042802,0.204458,0.037623,0.095648
14739,0.272926,0.043136,0.119857,0.019825,0.090108
14740,0.419978,0.04082,0.245205,0.026937,0.107016
14741,0.489539,0.052338,0.331131,0.02022,0.08585
14742,0.391676,0.042541,0.219617,0.027507,0.102011
14743,0.452057,0.049744,0.305418,0.020335,0.07656
14744,0.257079,0.041467,0.092817,0.02776,0.095035
14745,0.287244,0.050166,0.143685,0.019484,0.073909
14746,0.355613,0.040304,0.182293,0.027074,0.105942
14747,0.304267,0.034968,0.169676,0.018976,0.080647
14748,0.389192,0.03445,0.243989,0.02752,0.083233
14749,0.311532,0.052635,0.154736,0.021155,0.083006
14750,0.324539,0.03493,0.175336,0.028044,0.086229
14751,0.250957,0.030216,0.114559,0.019247,0.086935
14752,0.367234,0.03259,0.214337,0.027666,0.092641
14753,0.276799,0.032463,0.137389,0.020098,0.086849
14754,0.414475,0.027767,0.25501,0.02721,0.104488
14755,0.340334,0.030451,0.185825,0.019771,0.104287
14756,0.564099,0.034805,0.414044,0.0285,0.08675
14757,0.404631,0.090327,0.197269,0.019369,0.097666
14758,0.346662,0.059208,0.161293,0.027663,0.098498
14759,0.361439,0.085789,0.148743,0.019334,0.107573
14760,0.471423,0.050289,0.30465,0.027054,0.08943
14761,0.413861,0.078898,0.191693,0.019169,0.124101
14762,0.301776,0.049655,0.141694,0.02709,0.083337
14763,0.424497,0.050571,0.247999,0.019207,0.10672
14764,0.375045,0.03834,0.217701,0.02742,0.091584
14765,0.406486,0.039193,0.212764,0.028089,0.12644
14766,0.441117,0.041249,0.280231,0.028054,0.091583
14767,0.330551,0.02908,0.194904,0.019541,0.087026
14768,0.306841,0.058747,0.129154,0.02713,0.09181
14769,0.375922,0.040933,0.211017,0.01974,0.104232
14770,0.36447,0.038743,0.214798,0.027313,0.083616
14771,0.272591,0.037736,0.131072,0.0195,0.084283
14772,0.486719,0.033725,0.336508,0.027207,0.089279
14773,0.300065,0.033266,0.156696,0.019879,0.090224
14774,0.498477,0.034678,0.348525,0.027983,0.087291
14775,0.388352,0.050236,0.220656,0.019564,0.097896
14776,0.316664,0.049855,0.161949,0.02734,0.07752
14777,0.310617,0.053466,0.128308,0.030427,0.098416
14778,0.403077,0.038881,0.237185,0.026847,0.100164
14779,0.4065,0.059153,0.219122,0.031527,0.096698
14780,0.305976,0.036942,0.155454,0.028013,0.085567
14781,0.356624,0.038703,0.181899,0.042931,0.093091
14782,0.292145,0.037847,0.137142,0.027763,0.089393
14783,0.370661,0.036884,0.209486,0.029714,0.094577
14784,0.315683,0.051218,0.151438,0.027456,0.085571
14785,0.358402,0.036683,0.20221,0.030171,0.089338
14786,0.388143,0.040015,0.205883,0.027444,0.114801
14787,0.556238,0.079062,0.320789,0.030003,0.126384
14788,0.353884,0.039858,0.171445,0.027054,0.115527
14789,0.412622,0.076127,0.181832,0.030788,0.123875
14790,0.406222,0.087954,0.177718,0.027463,0.113087
14791,0.31974,0.041491,0.15554,0.0308,0.091909
14792,0.373145,0.041747,0.219624,0.027303,0.084471
14793,0.40055,0.046797,0.223019,0.02962,0.101114
14794,0.442649,0.038461,0.265873,0.027073,0.111242
14795,0.314669,0.038596,0.157421,0.030796,0.087856
14796,0.328523,0.039811,0.175823,0.02713,0.085759
14797,0.299805,0.034393,0.140708,0.030794,0.09391
14798,0.359278,0.038149,0.111394,0.036547,0.173188
14799,0.552661,0.078024,0.30654,0.030216,0.137881
14800,0.416347,0.088332,0.18478,0.027173,0.116062
14801,0.547218,0.083711,0.317831,0.029711,0.115965
14802,0.316556,0.03504,0.146517,0.044243,0.090756
14803,0.422769,0.083248,0.175903,0.029348,0.13427
14804,0.39205,0.086146,0.153897,0.036997,0.11501
14805,0.450944,0.040727,0.28676,0.031912,0.091545
14806,0.506262,0.040947,0.316279,0.029826,0.11921
14807,0.391984,0.077465,0.165787,0.028424,0.120308
14808,0.391043,0.128875,0.131638,0.028776,0.101754
14809,0.504452,0.074781,0.269723,0.043826,0.116122
14810,0.523336,0.08654,0.28473,0.03781,0.114256
14811,0.45286,0.091027,0.21943,0.030578,0.111825
14812,0.319891,0.069053,0.135058,0.0276,0.08818
14813,0.431292,0.084024,0.197644,0.027945,0.121679
14814,0.423677,0.038016,0.273789,0.027194,0.084678
14815,0.329985,0.039386,0.171652,0.029804,0.089143
14816,0.326228,0.047484,0.162393,0.0266,0.089751
14817,0.297106,0.041653,0.140964,0.029553,0.084936
14818,0.382162,0.032311,0.15879,0.028394,0.162667
14819,0.286207,0.034146,0.128155,0.029688,0.094218
14820,0.419206,0.038047,0.263811,0.0276,0.089748
14821,0.381312,0.041623,0.218763,0.030425,0.090501
14822,0.517706,0.08603,0.271917,0.042227,0.117532
14823,0.524823,0.08916,0.278879,0.043145,0.113639
14824,0.373493,0.084946,0.138145,0.027157,0.123245
14825,0.420823,0.083865,0.199423,0.022924,0.114611
14826,0.350517,0.038215,0.186814,0.028043,0.097445
14827,0.29955,0.032876,0.142565,0.020231,0.103878
14828,0.35996,0.028492,0.122518,0.028514,0.180436
14829,0.36036,0.033926,0.222707,0.019655,0.084072
14830,0.32205,0.032849,0.172263,0.027003,0.089935
14831,0.372309,0.026398,0.226457,0.01971,0.099744
14832,0.366661,0.035994,0.214056,0.027253,0.089358
14833,0.311066,0.033243,0.178826,0.019289,0.079708
14834,0.41576,0.031318,0.270201,0.027183,0.087058
14835,0.425863,0.031309,0.296163,0.019749,0.078642
14836,0.297571,0.035974,0.143134,0.027257,0.091206
14837,0.633373,0.030749,0.498501,0.019264,0.084859
14838,0.412596,0.047054,0.243276,0.027084,0.095182
14839,0.296097,0.030877,0.156874,0.019323,0.089023
14840,0.422927,0.050317,0.265201,0.02722,0.080189
14841,0.601636,0.039677,0.4376,0.019832,0.104527
14842,0.271847,0.049585,0.10389,0.03665,0.081722
14843,0.298074,0.041156,0.133379,0.020201,0.103338
14844,0.45804,0.049902,0.282063,0.027727,0.098348
14845,0.341999,0.048134,0.187425,0.019247,0.087193
14846,0.395968,0.04306,0.223635,0.034737,0.094536
14847,0.319226,0.03948,0.155132,0.01972,0.104894
14848,0.403516,0.045491,0.203078,0.034103,0.120844
14849,0.321044,0.049388,0.157809,0.020138,0.093709
14850,0.314926,0.042449,0.146938,0.027924,0.097615
14851,0.317777,0.03437,0.159559,0.026271,0.097577
14852,0.348924,0.033598,0.199082,0.027986,0.088258
14853,0.533813,0.032562,0.396815,0.019271,0.085165
14854,0.253585,0.035179,0.107334,0.027036,0.084036
14855,0.311786,0.061478,0.138652,0.019889,0.091767
14856,0.371431,0.0385,0.214731,0.02726,0.09094
14857,0.284699,0.039682,0.134693,0.019067,0.091257
14858,0.516828,0.051397,0.330766,0.027136,0.107529
14859,0.338888,0.054081,0.163057,0.019338,0.102412
14860,0.775383,0.050552,0.614388,0.027923,0.08252
14861,0.342533,0.048875,0.167653,0.01894,0.107065
14862,0.946131,0.060771,0.76628,0.027214,0.091866
14863,0.388818,0.042309,0.194871,0.041297,0.110341
14864,0.462826,0.08214,0.231796,0.034444,0.114446
14865,0.312133,0.041378,0.145066,0.031286,0.094403
14866,0.361196,0.052519,0.177712,0.02757,0.103395
14867,0.392996,0.084139,0.157412,0.029974,0.121471
14868,0.380374,0.042026,0.197564,0.03582,0.104964
14869,0.643506,0.084063,0.380412,0.030158,0.148873
14870,0.443606,0.082335,0.167215,0.0541,0.139956
14871,0.4646,0.08528,0.226065,0.035434,0.117821
14872,0.319505,0.038489,0.136565,0.05316,0.091291
14873,0.385144,0.08159,0.147226,0.030119,0.126209
14874,0.743913,0.08878,0.512477,0.028527,0.114129
14875,0.544644,0.085654,0.29576,0.041406,0.121824
14876,0.355834,0.087401,0.123495,0.027797,0.117141
14877,0.383651,0.089529,0.149121,0.03022,0.114781
14878,0.380537,0.038876,0.203943,0.02819,0.109528
14879,0.342725,0.042837,0.172411,0.031655,0.095822
14880,0.447772,0.085335,0.195728,0.033473,0.133236
14881,0.587208,0.078973,0.351213,0.030082,0.12694
14882,0.5236,0.080212,0.241501,0.066476,0.135411
14883,0.400608,0.078069,0.178509,0.031051,0.112979
14884,0.361592,0.088001,0.127561,0.03071,0.11532
14885,0.412776,0.080308,0.183288,0.029795,0.119385
14886,0.544793,0.039482,0.386456,0.02939,0.089465
14887,0.456863,0.03993,0.284505,0.041915,0.090513
14888,0.445486,0.092661,0.224943,0.027167,0.100715
14889,0.416174,0.083958,0.18236,0.030305,0.119551
14890,0.415346,0.089188,0.184169,0.0274,0.114589
14891,0.533206,0.086562,0.269523,0.044489,0.132632
14892,0.428296,0.114369,0.166837,0.028157,0.118933
14893,0.404207,0.048602,0.233225,0.02894,0.09344
14894,0.344468,0.04046,0.169831,0.027663,0.106514
14895,0.393534,0.041854,0.205271,0.030269,0.11614
14896,0.323071,0.04043,0.164659,0.028687,0.089295
14897,0.332025,0.036913,0.141047,0.029802,0.124263
14898,0.313804,0.040608,0.153554,0.027373,0.092269
14899,0.39793,0.077258,0.162945,0.030235,0.127492
14900,0.446159,0.056666,0.266513,0.037207,0.085773
14901,0.416787,0.070969,0.19298,0.032652,0.120186
14902,0.501631,0.049237,0.337225,0.027163,0.088006
14903,0.389875,0.04162,0.230044,0.031287,0.086924
14904,0.388725,0.036777,0.239336,0.027353,0.085259
14905,0.372001,0.038487,0.190242,0.030248,0.113024
14906,0.344548,0.085564,0.120424,0.026704,0.111856
14907,0.381297,0.037424,0.215035,0.039675,0.089163
14908,0.290438,0.049375,0.117942,0.02726,0.095861
14909,0.50058,0.075814,0.300722,0.019713,0.104331
14910,0.421313,0.036015,0.257286,0.027163,0.100849
14911,0.961222,0.0573,0.812145,0.019114,0.072663
14912,0.325178,0.045171,0.140101,0.027107,0.112799
14913,0.332722,0.050849,0.16787,0.019004,0.094999
14914,0.321003,0.042491,0.1548,0.02787,0.095842
14915,0.396476,0.057901,0.222537,0.019458,0.09658
14916,0.32828,0.049809,0.16453,0.026967,0.086974
14917,0.30864,0.050949,0.147069,0.019547,0.091075
14918,0.401556,0.058816,0.193986,0.03825,0.110504
14919,0.626108,0.058,0.471918,0.019315,0.076875
14920,0.321874,0.042294,0.157104,0.027257,0.095219
14921,0.34161,0.051257,0.179796,0.025452,0.085105
14922,0.380119,0.058897,0.17463,0.02738,0.119212
14923,0.486511,0.105231,0.256314,0.019242,0.105724
14924,0.435164,0.057924,0.255387,0.027313,0.09454
14925,0.325537,0.038973,0.180796,0.019663,0.086105
14926,0.387126,0.041311,0.220267,0.02711,0.098438
14927,0.292975,0.033832,0.16007,0.019229,0.079844
14928,0.28462,0.034542,0.133665,0.02713,0.089283
14929,0.232354,0.035815,0.097032,0.019126,0.080381
14930,0.431764,0.032312,0.28736,0.027506,0.084586
14931,0.39392,0.034788,0.25166,0.019668,0.087804
14932,0.357638,0.032725,0.20774,0.027097,0.090076
14933,0.429669,0.042761,0.242668,0.019146,0.125094
14934,0.301737,0.049538,0.146435,0.02731,0.078454
14935,0.372267,0.052285,0.193095,0.019453,0.107434
14936,0.967397,0.051116,0.774501,0.02695,0.11483
14937,0.35792,0.053922,0.12569,0.019727,0.158581
14938,0.347459,0.047013,0.177585,0.027826,0.095035
14939,0.315089,0.053214,0.151355,0.019236,0.091284
14940,0.334883,0.037969,0.166943,0.027283,0.102688
14941,0.276128,0.044226,0.125266,0.019767,0.086869
14942,0.382937,0.038459,0.222965,0.028227,0.093286
14943,0.57547,0.053686,0.407608,0.02088,0.093296
14944,0.332275,0.05036,0.175266,0.02719,0.079459
14945,0.787401,0.041539,0.617056,0.031615,0.097191
14946,0.41308,0.082831,0.183813,0.027923,0.118513
14947,0.438209,0.087463,0.16141,0.030147,0.159189
14948,0.432412,0.087748,0.195113,0.026827,0.122724
14949,0.491738,0.083012,0.243805,0.030544,0.134377
14950,0.403391,0.085757,0.179018,0.027343,0.111273
14951,0.328195,0.038737,0.16456,0.03118,0.093718
14952,0.430194,0.043067,0.266096,0.027667,0.093364
14953,0.330873,0.036864,0.148336,0.031115,0.114558
14954,0.339797,0.036778,0.182576,0.027137,0.093306
14955,0.326967,0.03602,0.156645,0.030036,0.104266
14956,0.429577,0.089084,0.200961,0.027173,0.112359
14957,0.405821,0.12674,0.134111,0.029145,0.115825
14958,0.519618,0.086845,0.27258,0.040483,0.11971
14959,0.393082,0.08553,0.156833,0.030051,0.120668
14960,0.360401,0.044502,0.197855,0.02768,0.090364
14961,0.443485,0.03892,0.269609,0.039865,0.095091
14962,0.511442,0.089224,0.281579,0.02689,0.113749
14963,0.300641,0.042374,0.13822,0.028126,0.091921
14964,0.571429,0.090819,0.318399,0.026693,0.135518
14965,0.393262,0.084177,0.161024,0.029866,0.118195
14966,0.274292,0.03748,0.122061,0.028217,0.086534
14967,0.456011,0.06779,0.198498,0.036196,0.153527
14968,0.317867,0.041174,0.1584,0.027537,0.090756
14969,0.36728,0.03838,0.204001,0.030578,0.094321
14970,0.30793,0.038222,0.150743,0.027017,0.091948
14971,0.320016,0.035723,0.151295,0.030449,0.102549
14972,0.427277,0.03326,0.269251,0.027027,0.097739
14973,0.649712,0.0467,0.476591,0.031689,0.094732
14974,0.279234,0.037473,0.127138,0.02695,0.087673
14975,0.323422,0.036044,0.16392,0.029093,0.094365
14976,0.429295,0.089216,0.195999,0.027226,0.116854
14977,0.403114,0.073352,0.165039,0.028854,0.135869
14978,0.318988,0.064532,0.131233,0.02688,0.096343
14979,0.44291,0.060634,0.238849,0.030427,0.113
14980,0.374857,0.037878,0.222145,0.02711,0.087724
14981,0.346403,0.038624,0.188563,0.030603,0.088613
14982,0.395398,0.048389,0.234623,0.027233,0.085153
14983,0.466358,0.040373,0.29076,0.031303,0.103922
14984,0.424475,0.081584,0.202366,0.02711,0.113415
14985,0.384557,0.072983,0.165059,0.028574,0.117941
14986,0.441588,0.048914,0.274736,0.02662,0.091318
14987,0.385293,0.052663,0.195389,0.030069,0.107172
14988,0.374707,0.036886,0.198166,0.037546,0.102109
14989,0.297215,0.036687,0.118411,0.030067,0.11205
14990,0.362316,0.03796,0.189997,0.027633,0.106726
14991,0.515538,0.082284,0.266106,0.04922,0.117928
14992,0.394983,0.08643,0.166191,0.02714,0.115222
14993,0.275985,0.035429,0.138674,0.02004,0.081842
14994,0.508446,0.034599,0.359159,0.027016,0.087672
14995,0.37725,0.032825,0.237414,0.019716,0.087295
14996,0.573352,0.032989,0.424331,0.027094,0.088938
14997,0.25408,0.03076,0.111905,0.021529,0.089886
14998,0.512372,0.037924,0.363228,0.027523,0.083697
14999,0.431738,0.06184,0.250706,0.01996,0.099232
15000,0.315088,0.03834,0.15563,0.027023,0.094095
15001,0.322514,0.03878,0.162991,0.019595,0.101148
15002,0.455996,0.043222,0.277467,0.02703,0.108277
15003,0.745551,0.041582,0.576638,0.019368,0.107963
15004,0.327426,0.050256,0.172987,0.027264,0.076919
15005,0.454971,0.107247,0.174574,0.04954,0.12361
15006,0.477052,0.08082,0.234148,0.026866,0.135218
15007,0.376132,0.08071,0.150478,0.029886,0.115058
15008,0.499167,0.087183,0.248296,0.02721,0.136478
15009,0.463732,0.09114,0.23036,0.02713,0.115102
15010,0.591158,0.101114,0.34044,0.02706,0.122544
15011,0.408166,0.05996,0.227047,0.020428,0.100731
15012,0.469522,0.029067,0.271395,0.054877,0.114183
15013,0.311571,0.044076,0.152429,0.019527,0.095539
15014,0.359092,0.051108,0.187241,0.030954,0.089789
15015,0.289481,0.049082,0.135173,0.019559,0.085667
15016,0.392116,0.041888,0.211043,0.043413,0.095772
15017,0.520569,0.04984,0.228861,0.063177,0.178691
15018,0.421001,0.074304,0.171712,0.02988,0.145105
15019,0.309834,0.037852,0.163416,0.022471,0.086095
15020,0.375296,0.042725,0.178673,0.027523,0.126375
15021,0.359446,0.087562,0.147485,0.0198,0.104599
15022,0.330684,0.060959,0.12829,0.02709,0.114345
15023,0.332796,0.0423,0.170134,0.019135,0.101227
15024,0.338709,0.049718,0.180799,0.026963,0.081229
15025,0.394176,0.043632,0.23599,0.01882,0.095734
15026,0.27216,0.031392,0.125744,0.027657,0.087367
15027,0.532576,0.039067,0.3841,0.019723,0.089686
15028,0.295764,0.031775,0.143819,0.02802,0.09215
15029,0.506682,0.030464,0.333133,0.032359,0.110726
15030,0.316767,0.038807,0.161157,0.027236,0.089567
15031,0.417768,0.087823,0.169623,0.030475,0.129847
15032,0.305037,0.040414,0.15266,0.027203,0.08476
15033,0.277596,0.040857,0.119109,0.02956,0.08807
15034,0.344901,0.038476,0.155111,0.026977,0.124337
15035,0.576662,0.042047,0.409292,0.031424,0.093899
15036,0.466586,0.043973,0.297734,0.029556,0.095323
15037,0.349245,0.039783,0.157998,0.041433,0.110031
15038,0.484644,0.085086,0.243361,0.027066,0.129131
15039,0.418708,0.08937,0.182679,0.030127,0.116532
15040,0.451938,0.08609,0.226055,0.026877,0.112916
15041,0.379124,0.037396,0.204715,0.031553,0.10546
15042,0.296756,0.0404,0.13776,0.027327,0.091269
15043,0.462246,0.049316,0.289721,0.030598,0.092611
15044,0.48183,0.038431,0.320404,0.027323,0.095672
15045,0.388248,0.038106,0.200119,0.030935,0.119088
15046,0.436167,0.086611,0.210372,0.027346,0.111838
15047,0.492931,0.075085,0.23858,0.029851,0.149415
15048,0.39993,0.087305,0.166915,0.026863,0.118847
15049,0.382589,0.04699,0.20087,0.029655,0.105074
15050,0.410067,0.047736,0.182575,0.054157,0.125599
15051,0.370448,0.054167,0.194982,0.0292,0.092099
15052,0.496657,0.037572,0.338142,0.03098,0.089963
15053,0.335886,0.038124,0.152115,0.030889,0.114758
15054,0.358705,0.03738,0.204925,0.028304,0.088096
15055,0.382333,0.042783,0.20656,0.029981,0.103009
15056,0.317931,0.048123,0.150358,0.02744,0.09201
15057,0.534291,0.038663,0.35713,0.031491,0.107007
15058,0.402718,0.078159,0.163093,0.049823,0.111643
15059,0.396314,0.084617,0.15169,0.029974,0.130033
15060,0.381523,0.079965,0.159652,0.027937,0.113969
15061,0.391991,0.086907,0.156921,0.029251,0.118912
15062,0.33113,0.036911,0.148352,0.02728,0.118587
15063,0.430714,0.044485,0.233909,0.030847,0.121473
15064,0.33227,0.056214,0.149115,0.02775,0.099191
15065,0.338274,0.038309,0.179594,0.029757,0.090614
15066,0.489692,0.047544,0.32809,0.027224,0.086834
15067,0.377825,0.079434,0.150912,0.030269,0.11721
15068,0.447394,0.091083,0.216682,0.027244,0.112385
15069,0.403326,0.073156,0.184311,0.029324,0.116535
15070,0.362756,0.088089,0.12977,0.02681,0.118087
15071,0.538679,0.084497,0.306023,0.029935,0.118224
15072,0.370998,0.035358,0.220585,0.027693,0.087362
15073,0.39134,0.045816,0.22453,0.030612,0.090382
15074,0.319626,0.037367,0.141567,0.026983,0.113709
15075,0.307448,0.039264,0.145863,0.031507,0.090814
15076,0.583546,0.038729,0.427462,0.027054,0.090301
15077,0.364301,0.044246,0.213998,0.022218,0.083839
15078,0.276165,0.035138,0.125084,0.02697,0.088973
15079,0.281271,0.029232,0.151032,0.019595,0.081412
15080,0.305392,0.05664,0.123423,0.027606,0.097723
15081,0.285176,0.033394,0.143849,0.019134,0.088799
15082,0.441605,0.028001,0.291149,0.027964,0.094491
15083,0.298379,0.032574,0.135429,0.01902,0.111356
15084,0.421133,0.028125,0.269511,0.02734,0.096157
15085,0.356392,0.033322,0.217509,0.019515,0.086046
15086,0.38783,0.033057,0.239473,0.027436,0.087864
15087,0.40442,0.034142,0.275165,0.019403,0.07571
15088,0.551957,0.028144,0.390277,0.028157,0.105379
15089,0.22967,0.027581,0.097001,0.019209,0.085879
15090,0.253994,0.0421,0.090454,0.027047,0.094393
15091,0.316478,0.037416,0.172193,0.019913,0.086956
15092,0.405313,0.039098,0.236683,0.026923,0.102609
15093,0.365772,0.037881,0.20969,0.02004,0.098161
15094,0.369127,0.048658,0.192162,0.027254,0.101053
15095,0.311247,0.040015,0.16009,0.018949,0.092193
15096,0.485702,0.049671,0.246181,0.0281,0.16175
15097,0.386513,0.05391,0.22017,0.019218,0.093215
15098,0.312692,0.036621,0.162754,0.02688,0.086437
15099,0.317653,0.032433,0.186336,0.019042,0.079842
15100,0.28164,0.034692,0.125005,0.027193,0.09475
15101,0.354366,0.032435,0.222424,0.019035,0.080472
15102,0.6402,0.029058,0.464227,0.027117,0.119798
15103,0.319289,0.026755,0.190961,0.019833,0.08174
15104,0.292776,0.03309,0.128489,0.027704,0.103493
15105,0.580016,0.035596,0.445397,0.019297,0.079726
15106,0.344138,0.059637,0.169776,0.028283,0.086442
15107,0.492685,0.050117,0.321826,0.026489,0.094253
15108,0.629246,0.044077,0.438536,0.02871,0.117923
15109,0.279552,0.049495,0.133277,0.019457,0.077323
15110,0.302642,0.039415,0.146316,0.026816,0.090095
15111,0.388077,0.041666,0.203616,0.02678,0.116015
15112,0.600171,0.043775,0.430144,0.027493,0.098759
15113,0.33961,0.054396,0.189456,0.019,0.076758
15114,1.1958,0.041723,1.03227,0.02717,0.094637
15115,0.432614,0.083494,0.198423,0.030036,0.120661
15116,0.536287,0.077838,0.306733,0.026846,0.12487
15117,0.718614,0.071573,0.506538,0.03074,0.109763
15118,0.399368,0.083419,0.15909,0.027327,0.129532
15119,0.503502,0.089107,0.255578,0.044671,0.114146
15120,0.48759,0.088998,0.255981,0.027376,0.115235
15121,0.524536,0.078869,0.280534,0.041418,0.123715
15122,0.597278,0.102835,0.372794,0.027133,0.094516
15123,0.381541,0.082776,0.143498,0.02923,0.126037
15124,0.632151,0.100075,0.332052,0.05414,0.145884
15125,0.634076,0.087318,0.404175,0.029551,0.113032
15126,0.388878,0.075681,0.152151,0.030043,0.131003
15127,0.41563,0.077802,0.194258,0.029843,0.113727
15128,0.489483,0.0765,0.230778,0.068623,0.113582
15129,0.378467,0.077564,0.147996,0.029115,0.123792
15130,0.342381,0.051007,0.172011,0.029186,0.090177
15131,0.578718,0.087019,0.32927,0.030747,0.131682
15132,0.441579,0.088477,0.20968,0.0275,0.115922
15133,0.395289,0.085302,0.175444,0.02404,0.110503
15134,0.36892,0.036024,0.215384,0.02765,0.089862
15135,0.481575,0.033915,0.296891,0.029729,0.12104
15136,0.489227,0.077469,0.25112,0.02861,0.132028
15137,1.01682,0.084724,0.779143,0.031038,0.121918
15138,0.443527,0.08882,0.216607,0.027647,0.110453
15139,0.410161,0.085549,0.177424,0.029517,0.117671
15140,0.364829,0.087837,0.132363,0.0272,0.117429
15141,0.420059,0.0882,0.186891,0.029744,0.115224
15142,0.433818,0.09028,0.202178,0.02773,0.11363
15143,0.305643,0.041552,0.136694,0.02852,0.098877
15144,0.403554,0.043723,0.246711,0.02685,0.08627
15145,0.323181,0.036713,0.165448,0.030108,0.090912
15146,0.325907,0.038667,0.169037,0.02707,0.091133
15147,0.459653,0.094891,0.232246,0.029138,0.103378
15148,0.629508,0.085042,0.406798,0.027127,0.110541
15149,0.440106,0.074905,0.216589,0.029334,0.119278
15150,0.420309,0.04094,0.232776,0.027607,0.118986
15151,0.387775,0.078604,0.158992,0.02968,0.120499
15152,0.468867,0.087431,0.242663,0.02829,0.110483
15153,0.443508,0.084065,0.19914,0.030036,0.130267
15154,0.318793,0.037253,0.16752,0.026843,0.087177
15155,0.339686,0.04037,0.165879,0.03342,0.100017
15156,0.317727,0.042135,0.15501,0.026783,0.093799
15157,0.362245,0.040947,0.198273,0.031431,0.091594
15158,0.382147,0.037166,0.21565,0.02787,0.101461
15159,0.589691,0.042243,0.443801,0.022939,0.080708
15160,0.378899,0.062423,0.205298,0.03586,0.075318
15161,0.432844,0.04346,0.255299,0.019029,0.115056
15162,0.502007,0.041062,0.333182,0.02748,0.100283
15163,0.299267,0.040966,0.153535,0.019749,0.085017
15164,0.494175,0.039454,0.321543,0.041037,0.092141
15165,0.301829,0.042265,0.149403,0.01942,0.090741
15166,0.331095,0.035061,0.180078,0.027233,0.088723
15167,0.399556,0.050678,0.250819,0.019731,0.078328
15168,0.491248,0.043618,0.297516,0.03773,0.112384
15169,0.489869,0.050331,0.3266,0.020393,0.092545
15170,0.375267,0.040419,0.208371,0.027133,0.099344
15171,0.363154,0.041051,0.199422,0.019352,0.103329
15172,0.376335,0.04996,0.210122,0.027317,0.088936
15173,0.328775,0.050742,0.165413,0.019388,0.093232
15174,0.396546,0.03806,0.197303,0.048413,0.11277
15175,0.428993,0.048935,0.272295,0.019398,0.088365
15176,0.357127,0.052943,0.171865,0.02723,0.105089
15177,0.343718,0.049972,0.190425,0.026305,0.077016
15178,0.343503,0.041989,0.170229,0.026997,0.104288
15179,0.348496,0.042041,0.183812,0.019323,0.10332
15180,0.382893,0.033706,0.235603,0.027857,0.085727
15181,0.296664,0.032087,0.14694,0.019488,0.098149
15182,0.289714,0.034151,0.130792,0.02703,0.097741
15183,0.47313,0.030998,0.337337,0.019445,0.08535
15184,0.31246,0.033041,0.168318,0.02704,0.084061
15185,0.333288,0.033358,0.191301,0.019251,0.089378
15186,0.360362,0.034474,0.191191,0.027363,0.107334
15187,0.325511,0.034379,0.195252,0.019135,0.076745
15188,0.382974,0.056822,0.215404,0.02772,0.083028
15189,0.429576,0.041461,0.258408,0.019469,0.110238
15190,0.468005,0.10102,0.241225,0.027344,0.098416
15191,0.883431,0.052131,0.728125,0.020228,0.082947
15192,0.438882,0.044186,0.254725,0.027063,0.112908
15193,0.397925,0.105041,0.186982,0.019004,0.086898
15194,0.265353,0.032679,0.121709,0.027116,0.083849
15195,0.255934,0.034705,0.119003,0.020337,0.081889
15196,0.356799,0.035494,0.198124,0.027763,0.095418
15197,0.37316,0.038167,0.191532,0.030536,0.112925
15198,0.401789,0.086207,0.171119,0.02784,0.116623
15199,0.675576,0.038646,0.479871,0.031415,0.125644
15200,0.339567,0.040143,0.172841,0.026933,0.09965
15201,0.42473,0.087708,0.188956,0.029675,0.118391
15202,0.516011,0.085449,0.288677,0.027243,0.114642
15203,0.576213,0.089228,0.323255,0.029781,0.133949
15204,0.811062,0.037404,0.656509,0.027077,0.090072
15205,0.391268,0.081361,0.156892,0.029548,0.123467
15206,0.370848,0.078732,0.135311,0.02722,0.129585
15207,0.377607,0.0836,0.148406,0.028929,0.116672
15208,0.369092,0.089611,0.136415,0.026844,0.116222
15209,0.315771,0.039002,0.150998,0.030211,0.09556
15210,0.544625,0.097551,0.255333,0.053186,0.138555
15211,0.418816,0.045667,0.229894,0.028593,0.114662
15212,0.423642,0.084856,0.192985,0.030086,0.115715
15213,0.363382,0.034909,0.20892,0.030726,0.088827
15214,0.289461,0.035363,0.137613,0.02772,0.088765
15215,0.394709,0.081199,0.164428,0.028745,0.120337
15216,0.327211,0.037961,0.154196,0.028477,0.106577
15217,0.393767,0.050053,0.206406,0.042391,0.094917
15218,0.389052,0.074937,0.171923,0.027313,0.114879
15219,0.328008,0.077127,0.110995,0.02752,0.112366
15220,0.42071,0.076987,0.174162,0.026877,0.142684
15221,0.307617,0.053069,0.132095,0.030396,0.092057
15222,0.369017,0.044566,0.206881,0.028826,0.088744
15223,0.32994,0.048398,0.147622,0.035252,0.098668
15224,0.488411,0.03822,0.321178,0.028407,0.100606
15225,0.68562,0.047708,0.515108,0.031034,0.09177
15226,0.327676,0.038343,0.172672,0.027034,0.089627
15227,0.428425,0.04455,0.261741,0.03058,0.091554
15228,0.510007,0.037013,0.350217,0.027077,0.0957
15229,0.409561,0.073558,0.187224,0.03008,0.118699
15230,0.569645,0.077419,0.348581,0.029667,0.113978
15231,0.405566,0.054983,0.207348,0.030485,0.11275
15232,0.449927,0.086211,0.215561,0.027753,0.120402
15233,0.439982,0.089366,0.203731,0.030824,0.116061
15234,0.448404,0.099686,0.209127,0.027196,0.112395
15235,0.493978,0.104734,0.244893,0.02926,0.115091
15236,0.470007,0.039256,0.272314,0.05406,0.104377
15237,0.381778,0.063747,0.185544,0.02968,0.102807
15238,0.361717,0.038825,0.186509,0.04191,0.094473
15239,0.500288,0.081447,0.254201,0.029337,0.135303
15240,0.459174,0.105967,0.225797,0.02845,0.09896
15241,0.593712,0.066674,0.419304,0.021871,0.085863
15242,0.379066,0.03828,0.209719,0.027666,0.103401
15243,0.342944,0.053899,0.176762,0.019526,0.092757
15244,0.360867,0.050891,0.181398,0.047073,0.081505
15245,0.359077,0.041266,0.192967,0.021422,0.103422
15246,0.369592,0.051179,0.195013,0.028687,0.094713
15247,0.27973,0.056002,0.120568,0.023193,0.079967
15248,0.352506,0.041658,0.187821,0.02714,0.095887
15249,0.286371,0.040745,0.137437,0.019186,0.089003
15250,0.365875,0.037269,0.219626,0.027246,0.081734
15251,0.392919,0.036376,0.255774,0.019398,0.081371
15252,0.324179,0.030261,0.179587,0.027444,0.086887
15253,0.379552,0.033265,0.24353,0.020287,0.08247
15254,0.363649,0.033025,0.212137,0.029507,0.08898
15255,0.306485,0.035298,0.171604,0.01932,0.080263
15256,0.488546,0.029022,0.340444,0.027307,0.091773
15257,0.246585,0.03474,0.117546,0.020174,0.074125
15258,0.431377,0.050167,0.269661,0.027133,0.084416
15259,0.380525,0.042867,0.200496,0.019073,0.118089
15260,0.437847,0.102553,0.209491,0.026883,0.09892
15261,0.280157,0.074345,0.106138,0.019438,0.080236
15262,0.333209,0.047682,0.160284,0.0281,0.097143
15263,0.345607,0.039653,0.190724,0.019905,0.095325
15264,0.364133,0.041807,0.19052,0.027483,0.104323
15265,0.328184,0.044641,0.149049,0.019031,0.115463
15266,0.332444,0.033497,0.172503,0.027136,0.099308
15267,0.291159,0.05894,0.14253,0.019823,0.069866
15268,0.411727,0.042533,0.244885,0.02855,0.095759
15269,0.296852,0.032394,0.155964,0.019429,0.089065
15270,0.600497,0.037316,0.413227,0.027623,0.122331
15271,0.58745,0.036916,0.381486,0.019756,0.149292
15272,0.31238,0.052006,0.104538,0.029224,0.126612
15273,0.471847,0.057382,0.282349,0.018676,0.11344
15274,0.334909,0.057649,0.154058,0.028249,0.094953
15275,0.493015,0.047,0.256449,0.018426,0.17114
15276,0.4259,0.061864,0.225347,0.03242,0.106269
15277,0.275771,0.049831,0.125075,0.018302,0.082563
15278,0.448422,0.047954,0.27911,0.027565,0.093793
15279,0.341888,0.04861,0.165192,0.030435,0.097651
15280,0.483317,0.069596,0.29265,0.026245,0.094826
15281,0.384067,0.090964,0.156605,0.030611,0.105887
15282,0.391222,0.096861,0.160453,0.02616,0.107748
15283,0.395374,0.047562,0.18753,0.028813,0.131469
15284,0.494251,0.064243,0.302861,0.030265,0.096882
15285,0.626383,0.072802,0.319191,0.03438,0.20001
15286,0.522744,0.07776,0.266543,0.039501,0.13894
15287,0.479,0.09088,0.231036,0.031211,0.125873
15288,0.388371,0.089072,0.132983,0.043548,0.122768
15289,0.385736,0.06004,0.15731,0.032031,0.136355
15290,0.429353,0.084839,0.189715,0.027709,0.12709
15291,0.428294,0.097775,0.191353,0.029787,0.109379
15292,0.522628,0.10079,0.291922,0.026834,0.103082
15293,0.444852,0.052395,0.237271,0.041646,0.11354
15294,0.556501,0.03884,0.377381,0.030737,0.109543
15295,0.467398,0.150244,0.170894,0.030119,0.116141
15296,0.356741,0.055153,0.163459,0.028096,0.110033
15297,0.425349,0.09781,0.190175,0.0306,0.106764
15298,0.69421,0.059882,0.464235,0.031969,0.138124
15299,0.522087,0.090155,0.272361,0.038711,0.12086
15300,0.477769,0.09292,0.236781,0.02968,0.118388
15301,0.379277,0.088544,0.148201,0.030684,0.111848
15302,0.349467,0.04604,0.158142,0.030521,0.114764
15303,0.605466,0.04513,0.430548,0.030378,0.09941
15304,0.397733,0.073269,0.17943,0.02672,0.118314
15305,0.422761,0.129947,0.13636,0.02764,0.128814
15306,0.465267,0.096467,0.223016,0.028251,0.117533
15307,0.420863,0.092453,0.198113,0.02806,0.102237
15308,0.49314,0.088248,0.268078,0.027047,0.109767
15309,0.404558,0.074875,0.196482,0.035867,0.097334
15310,0.386954,0.091972,0.160372,0.026227,0.108383
15311,0.270797,0.048864,0.105713,0.028027,0.088193
15312,0.377922,0.047436,0.203113,0.027027,0.100346
15313,0.374158,0.041636,0.205471,0.028364,0.098687
15314,0.296312,0.0394,0.112819,0.038199,0.105894
15315,0.453009,0.092814,0.211749,0.029797,0.118649
15316,0.478409,0.067969,0.264398,0.036525,0.109517
15317,0.57758,0.0884,0.317579,0.030302,0.141299
15318,0.38806,0.068129,0.169984,0.044899,0.105048
15319,0.417708,0.080205,0.165786,0.030366,0.141351
15320,0.484685,0.072102,0.281154,0.02532,0.106109
15321,0.372239,0.083912,0.151058,0.028156,0.109113
15322,0.414898,0.09589,0.185686,0.026863,0.106459
15323,0.420486,0.038136,0.241329,0.020717,0.120304
15324,0.380968,0.061118,0.182019,0.027102,0.110729
15325,0.29669,0.047014,0.149031,0.018344,0.082301
15326,0.351544,0.039458,0.180513,0.028035,0.103538
15327,0.430129,0.0489,0.272789,0.017969,0.090471
15328,0.324254,0.054917,0.154098,0.026769,0.08847
15329,0.30488,0.048182,0.151343,0.01914,0.086215
15330,0.435442,0.060241,0.231103,0.026198,0.1179
15331,0.305113,0.049472,0.153927,0.018429,0.083285
15332,0.411378,0.045624,0.228508,0.026718,0.110528
15333,0.308351,0.037585,0.167418,0.018323,0.085025
15334,0.370045,0.034934,0.203102,0.027413,0.104596
15335,0.359049,0.033382,0.218095,0.018877,0.088695
15336,0.3531,0.028014,0.17471,0.02828,0.122096
15337,0.368855,0.058053,0.19245,0.01976,0.098592
15338,0.471276,0.049375,0.272915,0.02716,0.121826
15339,0.378002,0.057285,0.208163,0.018384,0.09417
15340,0.360338,0.061013,0.18069,0.027084,0.091551
15341,0.43826,0.04343,0.277578,0.018361,0.098891
15342,0.414518,0.048329,0.254855,0.026376,0.084958
15343,0.350933,0.049188,0.191235,0.018471,0.092039
15344,0.289705,0.045236,0.114255,0.027802,0.102412
15345,0.299918,0.041428,0.14786,0.01838,0.09225
15346,0.291213,0.053929,0.118997,0.028236,0.090051
15347,0.352066,0.059491,0.184813,0.018709,0.089053
15348,0.726809,0.060115,0.54609,0.026711,0.093893
15349,0.33956,0.049402,0.180615,0.018695,0.090848
15350,0.317983,0.063957,0.142966,0.026486,0.084574
15351,0.399226,0.051906,0.232937,0.018384,0.095999
15352,0.334,0.04997,0.151319,0.026696,0.106015
15353,0.289827,0.042654,0.136079,0.018445,0.092649
15354,0.321696,0.032038,0.145671,0.035326,0.108661
15355,0.283884,0.035184,0.136991,0.018465,0.093244
15356,0.402142,0.032827,0.2419,0.027072,0.100343
15357,0.368257,0.033979,0.229623,0.018369,0.086286
15358,0.338967,0.033963,0.171038,0.027149,0.106817
15359,0.410351,0.056264,0.25981,0.018153,0.076124
15360,0.37476,0.060016,0.157967,0.026952,0.129825
15361,0.694555,0.091082,0.457346,0.030953,0.115174
15362,0.363327,0.065983,0.17513,0.026172,0.096042
15363,0.509864,0.082994,0.25985,0.050691,0.116329
15364,0.392075,0.068504,0.110146,0.028044,0.185381
15365,0.383215,0.068073,0.181068,0.02989,0.104184
15366,0.403383,0.040349,0.209366,0.027826,0.125842
15367,0.460485,0.04385,0.272789,0.030654,0.113192
15368,0.823009,0.076836,0.624138,0.026514,0.095521
15369,0.451265,0.093738,0.21489,0.030159,0.112478
15370,0.398007,0.088221,0.15981,0.029282,0.120694
15371,0.474518,0.09611,0.233049,0.029564,0.115795
15372,0.492378,0.099598,0.18023,0.030498,0.182052
15373,0.451704,0.037876,0.269125,0.029353,0.11535
15374,0.433347,0.059949,0.13666,0.029489,0.207249
15375,0.412587,0.08184,0.188868,0.029894,0.111985
15376,0.47974,0.094393,0.250955,0.026663,0.107729
15377,0.391122,0.076984,0.172144,0.028602,0.113392
15378,0.566605,0.095873,0.317367,0.025876,0.127489
15379,0.338122,0.072853,0.145812,0.029057,0.0904
15380,0.397306,0.086822,0.170043,0.026914,0.113527
15381,0.444355,0.093042,0.212469,0.029602,0.109242
15382,0.352674,0.057495,0.173075,0.02704,0.095064
15383,0.414925,0.0518,0.236217,0.029845,0.097063
15384,0.45802,0.0415,0.17162,0.038988,0.205912
15385,0.473668,0.091089,0.236526,0.029533,0.11652
15386,0.353945,0.041453,0.185927,0.027203,0.099362
15387,0.461693,0.062489,0.244239,0.028898,0.126067
15388,0.409629,0.08759,0.187658,0.026693,0.107688
15389,0.922092,0.095127,0.693463,0.030507,0.102995
15390,0.357344,0.070017,0.166293,0.025816,0.095218
15391,0.368454,0.085692,0.14017,0.028593,0.113999
15392,0.329995,0.045789,0.13715,0.039562,0.107494
15393,0.384405,0.046193,0.206101,0.031157,0.100954
15394,0.470736,0.088422,0.237673,0.027905,0.116736
15395,0.482242,0.066035,0.278266,0.029266,0.108675
15396,0.683748,0.086691,0.451792,0.029989,0.115276
15397,0.349973,0.068455,0.154797,0.029129,0.097592
15398,0.34194,0.07026,0.156441,0.026186,0.089053
15399,0.5338,0.109174,0.273322,0.044854,0.10645
15400,0.525169,0.098778,0.274636,0.041778,0.109977
15401,0.403327,0.086215,0.197712,0.021332,0.098068
15402,0.38344,0.040718,0.196491,0.030245,0.115986
15403,0.385693,0.047013,0.237852,0.018376,0.082452
15404,0.477708,0.04351,0.299784,0.030089,0.104325
15405,0.3701,0.049579,0.206038,0.019631,0.094852
15406,0.288858,0.035117,0.119791,0.027813,0.106137
15407,0.345405,0.068878,0.179711,0.01845,0.078366
15408,0.641368,0.090138,0.418272,0.027429,0.105529
15409,0.291342,0.057035,0.125478,0.018151,0.090678
15410,0.470398,0.049447,0.299365,0.027281,0.094305
15411,0.491428,0.053666,0.301905,0.018409,0.117448
15412,0.359038,0.058869,0.174459,0.039751,0.085959
15413,0.416638,0.041736,0.237212,0.030854,0.106836
15414,0.44845,0.052013,0.266398,0.028338,0.101701
15415,0.303855,0.053224,0.157607,0.018742,0.074282
15416,0.380518,0.0574,0.201304,0.026153,0.095661
15417,0.326243,0.060542,0.158747,0.01836,0.088594
15418,0.312804,0.038382,0.154999,0.026469,0.092954
15419,0.289809,0.049255,0.138302,0.01862,0.083632
15420,0.444957,0.046483,0.286624,0.02704,0.08481
15421,0.331713,0.051683,0.160815,0.018446,0.100769
15422,0.344816,0.036841,0.187741,0.03057,0.089664
15423,0.383718,0.043588,0.211971,0.018655,0.109504
15424,0.337069,0.050136,0.157544,0.027683,0.101706
15425,0.38862,0.043673,0.229207,0.030008,0.085732
15426,0.766195,0.053856,0.585132,0.029881,0.097326
15427,0.3426,0.055009,0.149696,0.021424,0.116471
15428,0.380391,0.0391,0.179312,0.038641,0.123338
15429,0.370288,0.040849,0.225577,0.018139,0.085723
15430,0.731323,0.048413,0.535073,0.037687,0.11015
15431,0.464991,0.05227,0.314809,0.01827,0.079642
15432,0.379584,0.0457,0.19983,0.026891,0.107163
15433,0.316194,0.048456,0.135894,0.035867,0.095977
15434,0.360629,0.042098,0.181527,0.0288,0.108204
15435,0.310167,0.051504,0.150757,0.017982,0.089924
15436,0.408053,0.056802,0.227026,0.036609,0.087616
15437,0.361049,0.085307,0.13378,0.030091,0.111871
15438,0.468709,0.089141,0.246058,0.026916,0.106594
15439,0.290121,0.044876,0.119417,0.029733,0.096095
15440,0.333593,0.04077,0.166564,0.02664,0.099619
15441,0.344715,0.050073,0.17233,0.028926,0.093386
15442,0.427538,0.094638,0.16449,0.026811,0.141599
15443,0.485494,0.094022,0.176881,0.030498,0.184093
15444,0.556256,0.090921,0.279123,0.033329,0.152883
15445,0.728984,0.03992,0.51697,0.034442,0.137652
15446,0.400872,0.044544,0.180214,0.03292,0.143194
15447,0.4258,0.085843,0.17987,0.030592,0.129495
15448,0.417606,0.082548,0.191205,0.0285,0.115353
15449,0.383957,0.094911,0.155506,0.029347,0.104193
15450,0.388876,0.096095,0.160489,0.025762,0.10653
15451,0.383917,0.100008,0.147473,0.029027,0.107409
15452,0.363286,0.047256,0.173939,0.026497,0.115594
15453,0.433965,0.042687,0.159814,0.031449,0.200015
15454,0.342665,0.048237,0.160209,0.027911,0.106308
15455,0.291255,0.03875,0.112105,0.030093,0.110307
15456,0.393982,0.077215,0.174873,0.027276,0.114618
15457,0.375869,0.090578,0.148867,0.028933,0.107491
15458,0.48542,0.079925,0.254533,0.026299,0.124663
15459,0.626164,0.096765,0.374269,0.02958,0.12555
15460,0.306176,0.045218,0.13703,0.027329,0.096599
15461,0.371496,0.053366,0.195948,0.030111,0.092071
15462,0.267344,0.03816,0.095046,0.026791,0.107347
15463,0.434636,0.040333,0.161442,0.028813,0.204048
15464,0.421189,0.09147,0.193164,0.028305,0.10825
15465,0.519607,0.092532,0.27361,0.041442,0.112023
15466,0.393983,0.056983,0.195676,0.026684,0.11464
15467,0.628265,0.050871,0.44718,0.028996,0.101218
15468,0.452075,0.04223,0.28189,0.027434,0.100521
15469,0.386411,0.072751,0.178321,0.030478,0.104861
15470,0.4793,0.06323,0.275941,0.026518,0.113611
15471,0.571811,0.097892,0.323221,0.029875,0.120823
15472,0.39486,0.087551,0.173677,0.026266,0.107366
15473,0.487802,0.089696,0.159099,0.029245,0.209762
15474,0.437864,0.066769,0.235352,0.028284,0.107459
15475,0.396052,0.055297,0.186082,0.030086,0.124587
15476,0.361304,0.069638,0.154411,0.02684,0.110415
15477,0.475155,0.09192,0.247526,0.029109,0.1066
15478,0.388138,0.033738,0.197964,0.042191,0.114245
15479,0.38648,0.099661,0.156483,0.021466,0.10887
15480,0.343384,0.035816,0.179839,0.026658,0.101071
15481,0.376745,0.044922,0.217913,0.018698,0.095212
15482,0.337824,0.037656,0.173286,0.026638,0.100244
15483,0.379549,0.048102,0.2314,0.018756,0.081291
15484,0.46488,0.043552,0.262613,0.036058,0.122657
15485,0.281695,0.061051,0.116363,0.01846,0.085821
15486,0.624346,0.053113,0.442253,0.030318,0.098662
15487,0.318289,0.04965,0.152699,0.018754,0.097186
15488,0.359477,0.04784,0.182227,0.027408,0.102002
15489,0.517721,0.045027,0.360925,0.029687,0.082082
15490,0.43518,0.038806,0.241722,0.027014,0.127638
15491,0.387965,0.052721,0.228741,0.029609,0.076894
15492,0.321206,0.054241,0.15091,0.02682,0.089235
15493,0.256624,0.040804,0.117363,0.018002,0.080455
15494,0.330214,0.044744,0.165669,0.028194,0.091607
15495,0.383247,0.048444,0.228852,0.017947,0.088004
15496,0.351747,0.038815,0.157096,0.026882,0.128954
15497,0.275699,0.036714,0.135089,0.018438,0.085458
15498,0.332171,0.0488,0.16669,0.027129,0.089552
15499,0.295484,0.045909,0.149127,0.018412,0.082036
15500,0.448269,0.049497,0.26329,0.040076,0.095406
15501,0.457864,0.049986,0.283876,0.027231,0.096771
15502,0.34274,0.044227,0.165355,0.026035,0.107123
15503,0.328671,0.045906,0.173758,0.022587,0.08642
15504,0.316191,0.051538,0.13931,0.028119,0.097224
15505,0.32518,0.055112,0.161959,0.018336,0.089773
15506,0.394117,0.035459,0.226817,0.039307,0.092534
15507,0.467471,0.055686,0.292956,0.018062,0.100767
15508,0.508552,0.052511,0.322157,0.027036,0.106848
15509,0.309674,0.057265,0.156072,0.018145,0.078192
15510,0.456596,0.058204,0.267502,0.026742,0.104148
15511,0.391171,0.052991,0.23598,0.019377,0.082823
15512,0.48894,0.059369,0.288722,0.027878,0.112971
15513,0.407996,0.061149,0.227942,0.029782,0.089123
15514,0.32372,0.051684,0.153324,0.027339,0.091373
15515,0.282341,0.05196,0.131053,0.018706,0.080622
15516,0.384931,0.090616,0.159306,0.026624,0.108385
15517,0.355501,0.058978,0.172626,0.030754,0.093143
15518,0.427495,0.096981,0.189162,0.025956,0.115396
15519,0.288218,0.043753,0.115445,0.030651,0.098369
15520,0.378956,0.056906,0.194616,0.027469,0.099965
15521,0.298562,0.047384,0.124563,0.029711,0.096904
15522,0.405594,0.041907,0.126388,0.028135,0.209164
15523,0.343618,0.042398,0.170996,0.028972,0.101252
15524,0.335277,0.042947,0.165746,0.026913,0.099671
15525,0.414295,0.092427,0.1748,0.029878,0.11719
15526,0.362923,0.047935,0.188171,0.026551,0.100266
15527,0.30634,0.047693,0.101737,0.029971,0.126939
15528,0.354654,0.096688,0.125826,0.026529,0.105611
15529,0.555401,0.091057,0.321863,0.029167,0.113314
15530,0.457374,0.038491,0.267181,0.029587,0.122115
15531,0.347772,0.047754,0.169109,0.030642,0.100267
15532,0.613507,0.094364,0.31879,0.028057,0.172296
15533,0.381063,0.09201,0.15011,0.02858,0.110363
15534,0.451382,0.098655,0.215178,0.026453,0.111096
15535,0.432285,0.094794,0.202615,0.029398,0.105478
15536,0.557051,0.098596,0.304777,0.02536,0.128318
15537,0.44064,0.072585,0.22941,0.030269,0.108376
15538,0.511147,0.083403,0.276334,0.041958,0.109452
15539,0.465614,0.100478,0.219593,0.028729,0.116814
15540,0.29474,0.039155,0.122112,0.0272,0.106273
15541,0.388696,0.08419,0.155764,0.029649,0.119093
15542,0.420715,0.06332,0.140262,0.027453,0.18968
15543,0.730913,0.087256,0.504565,0.030666,0.108426
15544,0.332491,0.06774,0.140855,0.025946,0.09795
15545,0.822424,0.082001,0.598281,0.030275,0.111867
15546,0.321924,0.035155,0.142917,0.026789,0.117063
15547,0.437356,0.03686,0.236692,0.04432,0.119484
15548,0.415818,0.063694,0.210747,0.040171,0.101206
15549,0.396629,0.087717,0.145177,0.039728,0.124007
15550,0.41544,0.090869,0.193324,0.025816,0.105431
15551,0.692668,0.095274,0.457744,0.028378,0.111272
15552,0.473355,0.035966,0.210036,0.029182,0.198171
15553,0.392005,0.087756,0.168172,0.029362,0.106715
15554,0.386667,0.097313,0.154413,0.026803,0.108138
15555,0.548973,0.046051,0.373523,0.029948,0.099451
15556,0.443553,0.05846,0.2478,0.035018,0.102275
15557,0.363622,0.09428,0.133026,0.029304,0.107012
15558,0.310433,0.036644,0.127341,0.026649,0.119799
15559,0.298729,0.032942,0.141752,0.019136,0.104899
15560,0.295994,0.025867,0.135707,0.027497,0.106923
15561,0.31396,0.039601,0.174547,0.018661,0.081151
15562,0.461329,0.051441,0.264426,0.038033,0.107429
15563,0.61202,0.054466,0.460294,0.018467,0.078793
15564,0.635953,0.04792,0.45834,0.026778,0.102915
15565,0.338747,0.065793,0.172308,0.018645,0.082001
15566,5.78966,0.058282,5.43763,0.062738,0.231011
15567,0.560806,0.048173,0.215651,0.041182,0.2558
15568,0.536789,0.060087,0.224763,0.033724,0.218215
15569,0.5755,0.061596,0.312217,0.03362,0.168067
15570,0.631365,0.071586,0.31683,0.043106,0.199843
15571,0.62946,0.089904,0.291059,0.055416,0.193081
15572,0.558191,0.081691,0.293065,0.029563,0.153872
15573,0.648947,0.068519,0.311225,0.037371,0.231832
15574,0.449287,0.060302,0.185048,0.028936,0.175001
15575,0.499639,0.059417,0.210782,0.035233,0.194207
15576,0.606129,0.086777,0.322427,0.030767,0.166158
15577,0.453903,0.073191,0.197503,0.03314,0.150069
15578,0.396455,0.06134,0.185761,0.027798,0.121556
15579,0.353913,0.056693,0.15826,0.030242,0.108718
15580,0.431075,0.07467,0.192156,0.030678,0.133571
15581,0.685338,0.065992,0.469546,0.03145,0.11835
15582,0.42086,0.076087,0.169205,0.033967,0.141601
15583,0.407758,0.060929,0.18556,0.041498,0.119771
15584,0.482953,0.079781,0.218378,0.033242,0.151552
15585,0.469634,0.085535,0.236177,0.02974,0.118182
15586,0.428383,0.062422,0.19506,0.036455,0.134446
15587,0.518315,0.071463,0.283181,0.037464,0.126207
15588,0.401354,0.057669,0.169992,0.032909,0.140784
15589,0.466807,0.078516,0.1931,0.034963,0.160228
15590,0.652855,0.071282,0.435882,0.027691,0.118
15591,0.508083,0.066462,0.247766,0.029915,0.16394
15592,0.422272,0.095913,0.170976,0.033225,0.122158
15593,0.401778,0.056294,0.183338,0.03824,0.123906
15594,0.506195,0.083063,0.266154,0.028715,0.128263
15595,0.41856,0.057371,0.185142,0.045355,0.130692
15596,0.444132,0.076627,0.203354,0.032447,0.131704
15597,0.438638,0.062811,0.184364,0.033226,0.158237
15598,0.407413,0.086213,0.176922,0.027224,0.117054
15599,0.878898,0.089794,0.600383,0.034844,0.153877
15600,0.444431,0.056724,0.202307,0.042729,0.142671
15601,0.506246,0.090971,0.237658,0.033651,0.143966
15602,0.874283,0.065835,0.65506,0.033651,0.119737
15603,0.490566,0.052228,0.166708,0.055823,0.215807
15604,0.889124,0.062833,0.640659,0.030782,0.15485
15605,0.580955,0.059213,0.278162,0.056677,0.186903
15606,0.603925,0.077763,0.33171,0.033149,0.161303
15607,0.825102,0.095694,0.511316,0.037413,0.180679
15608,0.471067,0.061016,0.204424,0.028768,0.176859
15609,0.677246,0.070821,0.360204,0.038533,0.207688
15610,0.457922,0.057393,0.179758,0.028892,0.191879
15611,0.592797,0.071235,0.273875,0.036568,0.211119
15612,0.65164,0.054344,0.401318,0.034451,0.161527
15613,0.494778,0.039163,0.272242,0.023671,0.159702
15614,0.38502,0.037742,0.183525,0.038356,0.125397
15615,0.312114,0.047898,0.135848,0.019158,0.10921
15616,0.443618,0.038845,0.214407,0.028098,0.162268
15617,0.332339,0.04848,0.152978,0.0187,0.112181
15618,0.337436,0.053645,0.170382,0.027902,0.085507
15619,0.365644,0.057574,0.194943,0.028991,0.084136
15620,0.354591,0.04676,0.187337,0.02704,0.093454
15621,1.23766,0.055417,1.08148,0.01898,0.081782
15622,0.361638,0.049633,0.189368,0.029535,0.093102
15623,0.2876,0.055126,0.122154,0.018406,0.091914
15624,0.270727,0.045799,0.104423,0.027626,0.092879
15625,0.283738,0.034521,0.124153,0.018497,0.106567
15626,0.403378,0.041298,0.235114,0.027678,0.099288
15627,0.345793,0.037813,0.176872,0.018398,0.11271
15628,0.340585,0.030472,0.15638,0.026905,0.126828
15629,0.323316,0.04146,0.146231,0.027847,0.107778
15630,0.284465,0.039135,0.100284,0.027142,0.117904
15631,0.613079,0.083553,0.26719,0.031834,0.230502
15632,0.383391,0.07591,0.153814,0.032882,0.120785
15633,0.466511,0.090218,0.229795,0.030118,0.11638
15634,0.34672,0.093287,0.117577,0.02642,0.109436
15635,0.617371,0.075751,0.4152,0.031992,0.094428
15636,0.271297,0.03902,0.10657,0.027157,0.09855
15637,0.330555,0.063188,0.130344,0.028267,0.108756
15638,0.359029,0.089423,0.136469,0.026425,0.106712
15639,0.68496,0.045717,0.499664,0.029788,0.109791
15640,0.401467,0.05056,0.201938,0.038609,0.11036
15641,0.355182,0.076209,0.12376,0.030085,0.125128
15642,0.390312,0.074935,0.177295,0.027576,0.110506
15643,0.415474,0.088794,0.16595,0.030911,0.129819
15644,0.35008,0.040482,0.115393,0.032729,0.161476
15645,0.30678,0.050117,0.106577,0.030371,0.119715
15646,0.323502,0.067984,0.124141,0.027277,0.1041
15647,0.407307,0.077005,0.185585,0.02926,0.115457
15648,0.385291,0.052808,0.197394,0.030277,0.104812
15649,0.693286,0.050406,0.513699,0.030398,0.098783
15650,0.374731,0.041289,0.197803,0.027969,0.10767
15651,0.432571,0.076902,0.201436,0.028474,0.125759
15652,0.513824,0.088533,0.25553,0.045531,0.12423
15653,0.401399,0.059655,0.178489,0.045449,0.117806
15654,0.349801,0.066796,0.156611,0.027067,0.099327
15655,0.375864,0.075908,0.156023,0.029955,0.113978
15656,0.364773,0.068691,0.176254,0.026075,0.093753
15657,0.569445,0.0702,0.367818,0.030174,0.101253
15658,0.279671,0.043873,0.10495,0.027079,0.103769
15659,0.51178,0.051593,0.325639,0.030724,0.103824
15660,0.366692,0.03737,0.201328,0.027456,0.100538
15661,0.414467,0.042004,0.24112,0.040934,0.090409
15662,0.482287,0.069682,0.245134,0.028055,0.139416
15663,0.357785,0.075072,0.159467,0.02928,0.093966
15664,0.35582,0.06526,0.156953,0.027163,0.106444
15665,0.454149,0.098331,0.205979,0.028271,0.121568
15666,0.363591,0.053105,0.170703,0.026866,0.112917
15667,0.400893,0.100855,0.153126,0.030213,0.116699
15668,0.371817,0.06132,0.181094,0.026782,0.102621
15669,0.438983,0.08322,0.207521,0.028716,0.119526
15670,0.311275,0.037057,0.142403,0.027135,0.10468
15671,0.4381,0.046304,0.260663,0.029341,0.101792
15672,0.320391,0.049942,0.1364,0.032142,0.101907
15673,0.405762,0.03174,0.248196,0.022849,0.102977
15674,0.314691,0.051956,0.141072,0.029916,0.091747
15675,0.346385,0.050142,0.189247,0.019169,0.087827
15676,0.387363,0.05352,0.21352,0.026251,0.094072
15677,0.605505,0.051267,0.456243,0.018938,0.079057
15678,0.324296,0.043388,0.148632,0.027779,0.104497
15679,0.394676,0.059387,0.206158,0.023227,0.105904
15680,0.372725,0.03183,0.204671,0.026778,0.109446
15681,0.428948,0.043423,0.23618,0.031833,0.117512
15682,0.408638,0.071427,0.202037,0.035555,0.099619
15683,0.44858,0.078373,0.222094,0.027564,0.120549
15684,0.419329,0.06996,0.212853,0.036,0.100516
15685,0.519334,0.05114,0.336791,0.022142,0.109261
15686,0.346055,0.062169,0.152532,0.038218,0.093136
15687,0.456236,0.059676,0.283959,0.018657,0.093944
15688,0.557166,0.05188,0.381213,0.027245,0.096828
15689,0.311356,0.047732,0.145387,0.025696,0.092541
15690,0.516998,0.050529,0.350143,0.026433,0.089893
15691,0.26854,0.040233,0.122287,0.018902,0.087118
15692,0.396004,0.040858,0.221943,0.028843,0.10436
15693,0.454291,0.048122,0.291163,0.018679,0.096327
15694,0.458569,0.041698,0.287663,0.026783,0.102425
15695,0.415427,0.046818,0.257552,0.018111,0.092946
15696,0.426905,0.060249,0.227916,0.026629,0.112111
15697,0.39586,0.05546,0.228651,0.03148,0.080269
15698,0.308071,0.056767,0.136509,0.027893,0.086902
15699,0.464214,0.042588,0.287071,0.032978,0.101577
15700,0.412271,0.042629,0.220358,0.040976,0.108308
15701,0.317377,0.0547,0.160439,0.018242,0.083996
15702,0.344845,0.057227,0.166726,0.027422,0.09347
15703,0.327291,0.047684,0.174766,0.018079,0.086762
15704,0.335985,0.053375,0.152044,0.026775,0.103791
15705,0.331936,0.031097,0.197211,0.018652,0.084976
15706,0.585051,0.035576,0.421112,0.03044,0.097923
15707,0.299207,0.030646,0.139309,0.018873,0.110379
15708,0.41994,0.050389,0.232131,0.037211,0.100209
15709,0.532531,0.084512,0.296123,0.042207,0.109689
15710,0.44164,0.069074,0.166817,0.028253,0.177496
15711,0.340554,0.067703,0.133676,0.029221,0.109954
15712,0.419973,0.08239,0.199223,0.026518,0.111842
15713,0.41738,0.043062,0.227454,0.030723,0.116141
15714,0.442226,0.083285,0.215768,0.026651,0.116522
15715,0.544301,0.065463,0.352164,0.031174,0.0955
15716,0.50676,0.086286,0.26695,0.036762,0.116762
15717,0.388314,0.09513,0.15457,0.030245,0.108369
15718,0.374458,0.084323,0.140936,0.029554,0.119645
15719,0.549069,0.094609,0.315645,0.031529,0.107286
15720,0.6755,0.064199,0.380358,0.031506,0.199437
15721,0.442704,0.0754,0.1925,0.03258,0.142224
15722,0.429318,0.091371,0.171486,0.028973,0.137488
15723,0.365571,0.062452,0.165379,0.02972,0.10802
15724,0.331682,0.071097,0.127071,0.026258,0.107256
15725,0.322653,0.071605,0.130437,0.031417,0.089194
15726,0.386393,0.072929,0.190529,0.026878,0.096057
15727,0.36222,0.072113,0.164266,0.029701,0.09614
15728,0.445336,0.085678,0.227153,0.025923,0.106582
15729,0.463858,0.07104,0.269279,0.029948,0.093591
15730,0.460322,0.038845,0.187153,0.028924,0.2054
15731,0.420113,0.097332,0.176801,0.029957,0.116023
15732,0.402149,0.063753,0.192655,0.029742,0.115999
15733,0.315087,0.049425,0.129243,0.028991,0.107428
15734,0.427886,0.100649,0.188824,0.027607,0.110806
15735,0.806082,0.087395,0.57242,0.034903,0.111364
15736,0.410495,0.086033,0.162493,0.029222,0.132747
15737,0.378618,0.073349,0.167256,0.029153,0.10886
15738,0.357331,0.091451,0.128386,0.025925,0.111569
15739,0.369378,0.04816,0.185667,0.030611,0.10494
15740,0.441128,0.048087,0.152496,0.029052,0.211493
15741,0.318704,0.051887,0.140349,0.027557,0.098911
15742,0.441234,0.083334,0.217713,0.026982,0.113205
15743,0.389888,0.05744,0.194128,0.041798,0.096522
15744,0.455969,0.082932,0.239049,0.026384,0.107604
15745,0.428757,0.063951,0.223225,0.029411,0.11217
15746,0.421177,0.087195,0.198703,0.026833,0.108446
15747,0.429255,0.039028,0.241101,0.029131,0.119995
15748,0.312241,0.067191,0.126805,0.025861,0.092384
15749,0.540356,0.076024,0.307585,0.040277,0.11647
15750,0.500961,0.090568,0.159659,0.027746,0.222988
15751,0.409115,0.090249,0.205283,0.019025,0.094558
15752,0.276777,0.042133,0.109583,0.02682,0.098241
15753,0.324208,0.051785,0.163757,0.028361,0.080305
15754,0.314442,0.043164,0.142419,0.02704,0.101819
15755,0.3835,0.055555,0.23225,0.018386,0.077309
15756,0.342813,0.043807,0.149592,0.037749,0.111665
15757,0.403774,0.048809,0.248034,0.019082,0.087849
15758,0.321719,0.042195,0.135631,0.027191,0.116702
15759,0.267506,0.046891,0.117834,0.023254,0.079527
15760,0.333269,0.048399,0.160764,0.027936,0.09617
15761,0.419251,0.050652,0.247625,0.020544,0.10043
15762,0.416039,0.054891,0.226859,0.037777,0.096512
15763,0.351563,0.051393,0.201178,0.018479,0.080513
15764,0.371029,0.042158,0.187565,0.02701,0.114296
15765,0.350667,0.036997,0.196369,0.018796,0.098505
15766,0.319571,0.039118,0.146365,0.027429,0.106659
15767,0.361977,0.049471,0.209649,0.018233,0.084624
15768,0.370378,0.055045,0.189823,0.026749,0.098761
15769,0.282095,0.035366,0.130456,0.026954,0.089319
15770,0.461228,0.050415,0.284153,0.028491,0.098169
15771,0.46347,0.043667,0.305609,0.018807,0.095387
15772,0.380136,0.05356,0.179188,0.027185,0.120203
15773,0.360271,0.044349,0.217615,0.0181,0.080207
15774,0.363409,0.042296,0.188776,0.02692,0.105417
15775,0.327169,0.049687,0.176839,0.0182,0.082443
15776,0.420158,0.059047,0.222116,0.02722,0.111775
15777,0.339297,0.041949,0.189082,0.018713,0.089553
15778,0.493676,0.035764,0.30402,0.030395,0.123497
15779,0.323982,0.041255,0.173361,0.018884,0.090482
15780,0.368471,0.033617,0.199775,0.028231,0.106848
15781,0.298063,0.065206,0.132081,0.019573,0.081203
15782,0.373724,0.046816,0.193575,0.026778,0.106555
15783,0.357189,0.046294,0.211897,0.019482,0.079516
15784,0.283404,0.048034,0.116624,0.027228,0.091518
15785,0.386872,0.06214,0.228796,0.018409,0.077527
15786,0.811397,0.056225,0.612282,0.027056,0.115834
15787,0.286116,0.048365,0.136485,0.01848,0.082786
15788,0.3193,0.060405,0.144565,0.026218,0.088112
15789,0.528582,0.07756,0.302091,0.030093,0.118838
15790,0.292809,0.043951,0.122064,0.027896,0.098898
15791,0.385219,0.078318,0.155544,0.029253,0.122104
15792,0.381348,0.09856,0.15319,0.0262,0.103398
15793,0.465462,0.048482,0.288068,0.030083,0.098829
15794,0.603162,0.048834,0.428103,0.026625,0.0996
15795,0.382286,0.09009,0.133571,0.030464,0.128161
15796,0.392267,0.060153,0.205676,0.036576,0.089862
15797,0.453733,0.097528,0.207522,0.03094,0.117743
15798,0.401624,0.039984,0.207418,0.037726,0.116496
15799,0.477431,0.07501,0.249734,0.029723,0.122964
15800,0.541327,0.084107,0.295046,0.027893,0.134281
15801,0.395929,0.10026,0.157613,0.032002,0.106054
15802,0.424862,0.043591,0.241022,0.02658,0.113669
15803,0.356842,0.056334,0.178563,0.029604,0.092341
15804,0.262589,0.039534,0.091884,0.027369,0.103802
15805,0.432456,0.061434,0.217213,0.05212,0.101689
15806,0.440142,0.08802,0.222517,0.026414,0.103191
15807,0.423666,0.095773,0.190053,0.028684,0.109156
15808,0.32634,0.048615,0.149276,0.026684,0.101765
15809,0.484671,0.048147,0.211613,0.028724,0.196187
15810,0.315388,0.041556,0.143546,0.028149,0.102137
15811,0.322263,0.038054,0.146498,0.029871,0.10784
15812,0.378798,0.064634,0.188329,0.027412,0.098423
15813,0.403084,0.095163,0.165906,0.029633,0.112382
15814,0.680933,0.09007,0.452944,0.026011,0.111908
15815,0.568814,0.096354,0.32032,0.029533,0.122607
15816,0.404898,0.0963,0.175748,0.026057,0.106793
15817,0.377273,0.087355,0.147733,0.027171,0.115014
15818,0.335324,0.042152,0.158784,0.027854,0.106534
15819,0.535907,0.087056,0.272693,0.028862,0.147296
15820,0.425301,0.087845,0.17087,0.031178,0.135408
15821,0.478238,0.079846,0.23637,0.028971,0.133051
15822,0.420785,0.081957,0.200442,0.026579,0.111807
15823,0.33178,0.04688,0.131414,0.032201,0.121285
15824,0.299426,0.05188,0.122587,0.02652,0.098439
15825,0.285885,0.040798,0.11553,0.028625,0.100932
15826,0.407949,0.064202,0.201328,0.037318,0.105101
15827,0.444829,0.051931,0.235786,0.029509,0.127603
15828,0.416245,0.07606,0.197823,0.026914,0.115448
15829,0.493632,0.063442,0.192865,0.040493,0.196832
15830,0.356318,0.092493,0.124834,0.027589,0.111402
15831,0.329998,0.050446,0.167622,0.018989,0.092941
15832,0.471598,0.0397,0.255839,0.027829,0.14823
15833,0.483946,0.046631,0.241279,0.03418,0.161856
15834,0.479427,0.085974,0.241967,0.027275,0.124211
15835,0.529746,0.08665,0.18891,0.070634,0.183552
15836,0.381657,0.089683,0.159072,0.026865,0.106037
15837,0.443071,0.066346,0.216043,0.034463,0.126219
15838,0.415244,0.0838,0.158873,0.031358,0.141213
15839,0.495378,0.041575,0.304407,0.023509,0.125887
15840,0.342596,0.040761,0.167066,0.028471,0.106298
15841,0.316402,0.050429,0.161645,0.018389,0.085939
15842,0.325015,0.05946,0.150671,0.026861,0.088023
15843,0.326285,0.04622,0.180094,0.018368,0.081603
15844,0.38838,0.056446,0.207285,0.026497,0.098152
15845,0.428775,0.042179,0.251605,0.02624,0.108751
15846,0.302216,0.035449,0.144287,0.026958,0.095522
15847,0.269322,0.050049,0.120055,0.019442,0.079776
15848,0.505658,0.04036,0.324579,0.025944,0.114775
15849,0.444871,0.04,0.285245,0.01848,0.101146
15850,0.410914,0.053609,0.215462,0.037847,0.103996
15851,0.331467,0.064989,0.159628,0.0182,0.08865
15852,0.316053,0.050918,0.144514,0.026731,0.09389
15853,0.366157,0.043303,0.210825,0.018791,0.093238
15854,0.398869,0.067443,0.212013,0.026811,0.092602
15855,0.313958,0.061591,0.14759,0.018989,0.085788
15856,0.490402,0.040448,0.314067,0.026462,0.109425
15857,0.2877,0.045314,0.142208,0.018168,0.08201
15858,0.583028,0.035582,0.41241,0.030407,0.104629
15859,0.289035,0.031786,0.14795,0.018338,0.090961
15860,0.350831,0.047421,0.161637,0.028668,0.113105
15861,0.456777,0.052334,0.299477,0.018467,0.086499
15862,0.552062,0.06063,0.340309,0.030669,0.120454
15863,0.369971,0.056975,0.21398,0.01815,0.080866
15864,0.741647,0.060425,0.568114,0.026871,0.086237
15865,0.391964,0.050269,0.200977,0.0322,0.108518
15866,0.344831,0.051558,0.15715,0.026965,0.109158
15867,0.586771,0.067722,0.389914,0.031582,0.097553
15868,0.51156,0.089542,0.264166,0.037373,0.120479
15869,0.387516,0.08685,0.161935,0.030226,0.108505
15870,0.433302,0.095802,0.201376,0.026689,0.109435
15871,0.379709,0.090539,0.1529,0.029489,0.106781
15872,0.741432,0.095039,0.49991,0.027585,0.118898
15873,0.371962,0.065731,0.170058,0.03134,0.104833
15874,0.379371,0.062358,0.196144,0.026736,0.094133
15875,0.396801,0.06374,0.194076,0.042443,0.096542
15876,0.343634,0.088071,0.123375,0.026358,0.10583
15877,0.330061,0.071193,0.13965,0.029038,0.09018
15878,0.43219,0.083803,0.211973,0.0277,0.108714
15879,0.433592,0.090034,0.192599,0.029495,0.121464
15880,0.297133,0.034715,0.134567,0.028375,0.099476
15881,0.377503,0.041897,0.202838,0.031181,0.101587
15882,0.308995,0.038626,0.143112,0.027429,0.099828
15883,0.34794,0.054217,0.160747,0.030854,0.102122
15884,0.363423,0.088798,0.139713,0.026143,0.108769
15885,0.356049,0.07473,0.154985,0.029473,0.096861
15886,0.410785,0.072263,0.207391,0.02667,0.104461
15887,0.382072,0.092435,0.150599,0.03131,0.107728
15888,0.416676,0.089301,0.193472,0.027684,0.106219
15889,0.42158,0.095252,0.190166,0.030326,0.105836
15890,0.302065,0.040218,0.134319,0.027158,0.10037
15891,0.294447,0.048836,0.115592,0.028898,0.101121
15892,0.364793,0.09215,0.133937,0.027115,0.111591
15893,0.375824,0.059642,0.190912,0.030114,0.095156
15894,0.399496,0.048112,0.21034,0.039013,0.102031
15895,0.311353,0.064538,0.108349,0.029396,0.10907
15896,0.386307,0.06436,0.181157,0.037382,0.103408
15897,0.353271,0.065339,0.139597,0.032071,0.116264
15898,0.443117,0.083284,0.171545,0.027867,0.160421
15899,0.373171,0.047481,0.175405,0.04016,0.110125
15900,0.678707,0.083879,0.45112,0.027022,0.116686
15901,0.410042,0.083822,0.184195,0.029627,0.112398
15902,0.537685,0.033992,0.376504,0.028128,0.099061
15903,0.426593,0.068668,0.196532,0.029949,0.131444
15904,0.364673,0.071884,0.164535,0.02644,0.101814
15905,0.461335,0.082469,0.245857,0.029422,0.103587
15906,0.331063,0.062651,0.135968,0.026558,0.105886
15907,0.459786,0.093996,0.230777,0.029218,0.105795
15908,0.426031,0.085201,0.11641,0.039329,0.185091
15909,0.39014,0.03686,0.239717,0.021524,0.092039
15910,0.389967,0.027659,0.22848,0.027569,0.106259
15911,0.300382,0.04509,0.156656,0.01858,0.080056
15912,0.312124,0.052846,0.14095,0.027607,0.090721
15913,0.407427,0.040442,0.242336,0.018644,0.106005
15914,0.298942,0.049738,0.123139,0.026807,0.099258
15915,0.386347,0.043342,0.217403,0.018702,0.1069
15916,0.504633,0.039858,0.336096,0.027286,0.101393
15917,0.296209,0.043363,0.136829,0.019094,0.096923
15918,0.460042,0.034805,0.246901,0.027982,0.150354
15919,0.307118,0.045904,0.156063,0.018794,0.086357
15920,0.407398,0.058648,0.205981,0.042358,0.100411
15921,0.287817,0.051882,0.131801,0.018124,0.08601
15922,0.381513,0.055067,0.205033,0.026569,0.094844
15923,0.278134,0.052686,0.109822,0.01851,0.097116
15924,0.458653,0.042319,0.275911,0.0372,0.103223
15925,0.541731,0.060375,0.371874,0.01866,0.090822
15926,0.767938,0.05186,0.600455,0.027188,0.088435
15927,0.440824,0.091318,0.24171,0.018449,0.089347
15928,0.323718,0.044409,0.155251,0.027938,0.09612
15929,0.423527,0.059411,0.258229,0.018516,0.087371
15930,0.364967,0.042732,0.176266,0.030203,0.115766
15931,0.302873,0.042162,0.133427,0.018581,0.108703
15932,0.293351,0.041218,0.115856,0.02704,0.109237
15933,0.48464,0.05356,0.336043,0.018438,0.076599
15934,0.437851,0.044239,0.251906,0.027131,0.114575
15935,0.372577,0.051505,0.216483,0.018487,0.086102
15936,0.326824,0.050329,0.153463,0.027713,0.095319
15937,0.239962,0.03762,0.100576,0.018669,0.083097
15938,0.487631,0.045283,0.312783,0.028331,0.101234
15939,0.286377,0.036633,0.114616,0.018534,0.116594
15940,0.31056,0.034288,0.122906,0.026725,0.126641
15941,0.325573,0.051588,0.16664,0.018461,0.088884
15942,0.362522,0.040024,0.171418,0.037778,0.113302
15943,0.287395,0.043301,0.135925,0.01848,0.089689
15944,0.355445,0.034137,0.18766,0.026742,0.106906
15945,0.35978,0.03134,0.166943,0.03599,0.125507
15946,0.291573,0.038959,0.123311,0.026937,0.102366
15947,0.457587,0.085006,0.156513,0.030503,0.185565
15948,0.414954,0.097305,0.17889,0.028488,0.110271
15949,0.714509,0.090925,0.490997,0.030846,0.101741
15950,0.352944,0.08994,0.125829,0.026968,0.110207
15951,0.432337,0.092693,0.203873,0.029389,0.106382
15952,0.28798,0.040769,0.111032,0.027257,0.108922
15953,0.41865,0.05066,0.233573,0.032189,0.102228
15954,0.377011,0.046335,0.195706,0.04086,0.09411
15955,0.478002,0.08828,0.245643,0.029935,0.114144
15956,0.6402,0.090996,0.407252,0.029189,0.112763
15957,0.462778,0.041807,0.182734,0.028582,0.209655
15958,0.581302,0.091122,0.34377,0.0322,0.11421
15959,0.461186,0.090153,0.208582,0.030198,0.132253
15960,0.591771,0.086356,0.354178,0.029117,0.12212
15961,0.500042,0.061614,0.300658,0.031607,0.106163
15962,0.424505,0.052351,0.230462,0.029646,0.112046
15963,0.454175,0.071691,0.229806,0.030737,0.121941
15964,0.361478,0.067605,0.151031,0.037256,0.105586
15965,0.351796,0.056383,0.137272,0.030816,0.127325
15966,0.359648,0.037433,0.185096,0.027923,0.109196
15967,0.4572,0.127758,0.176473,0.040148,0.112821
15968,0.672924,0.094445,0.409517,0.041527,0.127435
15969,0.418757,0.085897,0.176494,0.02936,0.127006
15970,0.543281,0.090378,0.271884,0.032411,0.148608
15971,0.539567,0.089608,0.276516,0.043556,0.129887
15972,0.418062,0.097454,0.180775,0.027598,0.112235
15973,0.375538,0.094403,0.14777,0.029562,0.103803
15974,0.45682,0.097718,0.224376,0.02672,0.108006
15975,0.303594,0.044971,0.12303,0.029391,0.106202
15976,0.384172,0.085017,0.152524,0.029328,0.117303
15977,0.407607,0.04312,0.131233,0.030635,0.202619
15978,0.399331,0.039537,0.204365,0.0287,0.126729
15979,0.283048,0.046937,0.10998,0.029442,0.096689
15980,0.352149,0.078353,0.12555,0.027527,0.120719
15981,0.442925,0.069126,0.236441,0.030038,0.10732
15982,0.327831,0.052554,0.146984,0.026145,0.102148
15983,0.366807,0.084279,0.141587,0.028242,0.112699
15984,0.373909,0.046184,0.196102,0.025856,0.105767
15985,0.382868,0.053887,0.182671,0.039882,0.106428
15986,0.344849,0.039711,0.166701,0.026893,0.111544
15987,0.500658,0.068967,0.190506,0.024751,0.216434
15988,0.310109,0.049511,0.12978,0.027509,0.103309
15989,0.290982,0.040407,0.13997,0.018998,0.091607
15990,0.25902,0.048574,0.098411,0.027393,0.084642
15991,0.336261,0.052095,0.17856,0.023038,0.082568
15992,0.47148,0.051502,0.278656,0.027068,0.114254
15993,0.291811,0.051476,0.136561,0.023038,0.080736
15994,0.382194,0.056202,0.199274,0.026965,0.099753
15995,0.335388,0.043745,0.187747,0.018475,0.085421
15996,0.339369,0.05764,0.151452,0.027069,0.103208
15997,0.420013,0.087083,0.215004,0.018962,0.098964
15998,0.497784,0.06076,0.311823,0.03139,0.093811
15999,0.405609,0.087829,0.205685,0.018578,0.093517
16000,0.306213,0.041164,0.127475,0.028058,0.109516
16001,0.522662,0.049231,0.335483,0.018944,0.119004
16002,0.296829,0.053798,0.128268,0.027064,0.087699
16003,0.28562,0.051782,0.130537,0.01824,0.085061
16004,0.307807,0.04648,0.138228,0.027069,0.09603
16005,0.388091,0.088672,0.186751,0.019058,0.09361
16006,0.34674,0.069344,0.167193,0.026838,0.083365
16007,0.274104,0.038841,0.121007,0.018717,0.095539
16008,0.357226,0.0411,0.198121,0.028494,0.089511
16009,0.38343,0.051244,0.223711,0.018358,0.090117
16010,0.425972,0.04364,0.243091,0.026898,0.112343
16011,0.310902,0.052082,0.161908,0.0182,0.078712
16012,0.335617,0.05736,0.153543,0.03726,0.087454
16013,0.268929,0.050891,0.113217,0.018047,0.086774
16014,0.346798,0.045218,0.171838,0.026795,0.102947
16015,0.384438,0.05097,0.214201,0.02242,0.096847
16016,0.348631,0.05382,0.151369,0.027228,0.116214
16017,0.461303,0.032776,0.235356,0.03424,0.158931
16018,0.33672,0.04159,0.154989,0.028026,0.112115
16019,0.541631,0.084247,0.205264,0.065334,0.186786
16020,0.463033,0.089217,0.23119,0.026959,0.115667
16021,0.543655,0.06466,0.30395,0.035213,0.139832
16022,0.416524,0.087687,0.175656,0.027451,0.12573
16023,0.422213,0.10087,0.203841,0.018595,0.098907
16024,0.321472,0.052956,0.143223,0.027189,0.098104
16025,0.372695,0.089141,0.143773,0.030567,0.109214
16026,0.536953,0.089428,0.306203,0.033513,0.107809
16027,0.371465,0.094295,0.136654,0.029924,0.110592
16028,0.478026,0.056751,0.305787,0.026535,0.088953
16029,0.302377,0.043197,0.118693,0.042862,0.097625
16030,0.325971,0.037623,0.155725,0.027599,0.105024
16031,0.354384,0.053887,0.171496,0.029143,0.099858
16032,0.305162,0.059022,0.111133,0.026376,0.108631
16033,0.380693,0.085003,0.146527,0.029851,0.119312
16034,0.427493,0.060989,0.238795,0.026267,0.101442
16035,0.286724,0.041058,0.11844,0.028673,0.098553
16036,0.386567,0.058035,0.203303,0.028245,0.096984
16037,0.367957,0.043599,0.177549,0.031097,0.115712
16038,0.440265,0.094835,0.209702,0.027347,0.108381
16039,0.474731,0.092228,0.24217,0.030503,0.10983
16040,0.334815,0.064982,0.148581,0.026711,0.094541
16041,0.462187,0.08114,0.206846,0.031076,0.143125
16042,0.322442,0.046656,0.142428,0.030472,0.102886
16043,0.434284,0.085869,0.21172,0.028831,0.107864
16044,0.469209,0.044873,0.301873,0.027536,0.094927
16045,0.377149,0.044063,0.195778,0.031247,0.106061
16046,0.476907,0.04011,0.207621,0.0283,0.200876
16047,0.40205,0.075209,0.179139,0.0303,0.117402
16048,0.523596,0.096041,0.283842,0.032084,0.111629
16049,0.623904,0.094004,0.39215,0.03008,0.10767
16050,0.42767,0.088352,0.194265,0.026604,0.118449
16051,0.396008,0.041969,0.202429,0.039118,0.112492
16052,0.35434,0.066415,0.167987,0.026922,0.093016
16053,0.518691,0.089844,0.26359,0.03966,0.125597
16054,0.406996,0.090542,0.176763,0.02659,0.113101
16055,0.326645,0.045062,0.157129,0.029405,0.095049
16056,0.563602,0.046936,0.28419,0.027893,0.204583
16057,0.412277,0.089084,0.185003,0.030606,0.107584
16058,0.411592,0.093882,0.16976,0.027185,0.120765
16059,0.366373,0.092442,0.138253,0.028574,0.107104
16060,0.429374,0.090432,0.203243,0.029438,0.106261
16061,0.636582,0.095682,0.378318,0.039253,0.123329
16062,0.370335,0.095565,0.141751,0.026576,0.106443
16063,0.34678,0.073346,0.149206,0.029718,0.09451
16064,0.904497,0.074154,0.684752,0.027029,0.118562
16065,0.619231,0.052606,0.434782,0.03014,0.101703
16066,0.529422,0.054126,0.259212,0.028751,0.187333
16067,0.345903,0.047338,0.17861,0.022618,0.097337
16068,0.305169,0.054422,0.112572,0.030062,0.108113
16069,0.651912,0.04056,0.497713,0.018916,0.094723
16070,0.483908,0.059319,0.276461,0.038527,0.109601
16071,0.56859,0.048604,0.29901,0.055526,0.16545
16072,0.401378,0.08517,0.179369,0.026843,0.109996
16073,0.503787,0.088327,0.24748,0.043457,0.124523
16074,0.370215,0.07132,0.168778,0.026673,0.103444
16075,0.402679,0.067647,0.207976,0.029987,0.097069
16076,0.444233,0.068107,0.156714,0.029432,0.18998
16077,0.303866,0.046307,0.135743,0.020131,0.101685
16078,0.556425,0.043926,0.375256,0.02678,0.110463
16079,0.302615,0.045259,0.155266,0.018436,0.083654
16080,0.292417,0.040597,0.125641,0.027079,0.0991
16081,0.363942,0.051073,0.199721,0.018031,0.095117
16082,0.321106,0.048378,0.12363,0.037278,0.11182
16083,0.33332,0.05116,0.17776,0.018205,0.086195
16084,0.466131,0.057125,0.28098,0.026964,0.101062
16085,0.426556,0.039543,0.285759,0.018462,0.082792
16086,0.332256,0.045997,0.153729,0.028533,0.103997
16087,0.457648,0.052884,0.264059,0.018171,0.122534
16088,0.399969,0.086973,0.174067,0.027363,0.111566
16089,0.3735,0.054742,0.211111,0.018767,0.08888
16090,0.469538,0.0543,0.289041,0.026791,0.099406
16091,0.329133,0.042315,0.175385,0.018108,0.093325
16092,0.543502,0.054278,0.36889,0.027057,0.093277
16093,0.430826,0.055414,0.26158,0.018102,0.09573
16094,0.419517,0.047322,0.236339,0.036901,0.098955
16095,0.568968,0.047887,0.427059,0.018533,0.075489
16096,0.548548,0.049625,0.377313,0.032091,0.089519
16097,0.408987,0.056852,0.238258,0.018729,0.095148
16098,0.340891,0.041456,0.166617,0.030624,0.102194
16099,0.422628,0.054986,0.25185,0.018711,0.097081
16100,0.46338,0.062758,0.26477,0.026909,0.108943
16101,0.5229,0.077504,0.2702,0.040569,0.134627
16102,0.42474,0.086661,0.197368,0.030272,0.110439
16103,0.712102,0.095765,0.477596,0.03129,0.107451
16104,0.321918,0.039822,0.13601,0.027918,0.118168
16105,0.411238,0.080769,0.180405,0.029369,0.120695
16106,0.422613,0.086875,0.173968,0.030591,0.131179
16107,0.461584,0.088048,0.210984,0.030192,0.13236
16108,0.38276,0.041632,0.202338,0.03848,0.10031
16109,0.381602,0.084307,0.1529,0.02948,0.114915
16110,0.316368,0.050414,0.123117,0.02696,0.115877
16111,0.357361,0.04214,0.177493,0.032413,0.105315
16112,0.320376,0.051069,0.13498,0.027005,0.107322
16113,0.381396,0.088958,0.154881,0.030986,0.106571
16114,0.344584,0.051937,0.169112,0.0265,0.097035
16115,0.377629,0.053424,0.196185,0.029242,0.098778
16116,0.493794,0.035687,0.32704,0.028378,0.102689
16117,0.347355,0.04163,0.168407,0.031727,0.105591
16118,0.492677,0.064854,0.302479,0.026966,0.098378
16119,0.538633,0.077124,0.300923,0.031114,0.129472
16120,0.554089,0.08941,0.325643,0.026662,0.112374
16121,0.46054,0.066711,0.250952,0.031395,0.111482
16122,0.567203,0.091542,0.33026,0.026883,0.118518
16123,0.556069,0.085677,0.32465,0.031145,0.114597
16124,0.369518,0.064133,0.176525,0.026721,0.102139
16125,0.590608,0.092176,0.256201,0.041669,0.200562
16126,0.509978,0.090322,0.248577,0.031196,0.139883
16127,0.443348,0.09071,0.20065,0.029617,0.122371
16128,0.44026,0.093181,0.201558,0.026885,0.118636
16129,0.523482,0.042115,0.338949,0.030873,0.111545
16130,0.394533,0.053007,0.211377,0.028321,0.101828
16131,0.348082,0.050693,0.149347,0.041067,0.106975
16132,0.44752,0.094442,0.209692,0.027311,0.116075
16133,0.461431,0.086976,0.230086,0.030817,0.113552
16134,0.388362,0.06665,0.205455,0.026157,0.0901
16135,0.475389,0.07553,0.26934,0.030749,0.09977
16136,0.390096,0.045445,0.19754,0.03176,0.115351
16137,0.327588,0.050373,0.14442,0.030045,0.10275
16138,0.449904,0.044083,0.282265,0.027129,0.096427
16139,0.293747,0.047866,0.11402,0.029034,0.102827
16140,0.351318,0.048947,0.173182,0.02662,0.102569
16141,0.452316,0.04996,0.285122,0.021975,0.095259
16142,0.322862,0.027079,0.148838,0.026794,0.120151
16143,0.28728,0.057085,0.137413,0.018425,0.074357
16144,0.393649,0.039711,0.225853,0.027516,0.100569
16145,0.466204,0.035764,0.204966,0.019072,0.206402
16146,0.370586,0.032666,0.174133,0.032171,0.131616
16147,0.352829,0.044678,0.177413,0.019413,0.111325
16148,0.575758,0.030995,0.409727,0.027278,0.107758
16149,0.31914,0.050142,0.162671,0.018587,0.08774
16150,0.337743,0.062849,0.164727,0.027204,0.082963
16151,0.293242,0.050463,0.131473,0.019896,0.09141
16152,0.380358,0.055708,0.168446,0.038582,0.117622
16153,0.331269,0.04298,0.175779,0.0193,0.09321
16154,0.333214,0.054774,0.141475,0.026998,0.109967
16155,0.400163,0.035022,0.210444,0.02908,0.125617
16156,0.331523,0.049746,0.161798,0.0288,0.091179
16157,0.273289,0.052053,0.123647,0.018273,0.079316
16158,0.370749,0.045234,0.195592,0.027033,0.10289
16159,0.278566,0.034071,0.140143,0.018442,0.08591
16160,0.402569,0.06048,0.214492,0.027533,0.100064
16161,0.338309,0.048633,0.181485,0.018749,0.089442
16162,0.32784,0.03541,0.171879,0.027937,0.092614
16163,0.276289,0.0369,0.12526,0.018502,0.095627
16164,0.289588,0.047615,0.124276,0.026992,0.090705
16165,0.52094,0.03882,0.381896,0.018451,0.081773
16166,0.396298,0.043834,0.191501,0.028772,0.132191
16167,0.265774,0.035197,0.12559,0.018929,0.086058
16168,0.323911,0.04962,0.159261,0.02975,0.08528
16169,0.285953,0.044678,0.137097,0.018824,0.085354
16170,0.440789,0.056315,0.24797,0.028722,0.107782
16171,0.516418,0.040784,0.366013,0.018681,0.09094
16172,0.563565,0.029188,0.391213,0.03067,0.112494
16173,0.271039,0.037349,0.12369,0.018666,0.091334
16174,0.366935,0.050371,0.179056,0.029094,0.108414
16175,0.326642,0.048989,0.169197,0.018727,0.089729
16176,0.51328,0.05404,0.346182,0.027898,0.08516
16177,0.49104,0.048707,0.338752,0.018475,0.085106
16178,0.345183,0.057398,0.168035,0.026931,0.092819
16179,0.35682,0.085224,0.129796,0.028304,0.113496
16180,0.494713,0.091948,0.268051,0.026571,0.108143
16181,0.424747,0.079516,0.179483,0.028068,0.13768
16182,0.453624,0.094141,0.223275,0.026574,0.109634
16183,0.370414,0.096328,0.126972,0.030013,0.117101
16184,0.516819,0.08265,0.19639,0.031529,0.20625
16185,0.362984,0.048822,0.18488,0.028233,0.101049
16186,0.296931,0.048666,0.116947,0.027253,0.104065
16187,0.359018,0.051042,0.182758,0.030663,0.094555
16188,0.298571,0.03736,0.120957,0.028149,0.112105
16189,0.37469,0.09692,0.140134,0.029762,0.107874
16190,0.478469,0.060169,0.296425,0.026147,0.095728
16191,0.381011,0.0906,0.148776,0.029771,0.111864
16192,0.447175,0.097931,0.216686,0.026003,0.106555
16193,0.391282,0.095874,0.160578,0.029356,0.105474
16194,0.473295,0.06552,0.268959,0.027429,0.111387
16195,0.733455,0.084844,0.47094,0.033384,0.144287
16196,0.632445,0.09073,0.345994,0.032895,0.162826
16197,0.440558,0.082697,0.206211,0.030519,0.121131
16198,0.397113,0.095317,0.156721,0.039856,0.105219
16199,0.424984,0.08804,0.201287,0.029956,0.105701
16200,0.47566,0.096898,0.241154,0.028213,0.109395
16201,0.346306,0.071326,0.134414,0.041002,0.099564
16202,0.428716,0.068551,0.198304,0.02716,0.134701
16203,0.388255,0.094359,0.164863,0.02848,0.100553
16204,0.359938,0.046574,0.149235,0.036123,0.128006
16205,0.365187,0.04176,0.178886,0.02949,0.115051
16206,0.349096,0.058882,0.156111,0.027414,0.106689
16207,0.387935,0.051833,0.196285,0.029127,0.11069
16208,0.393257,0.092201,0.155534,0.027582,0.11794
16209,0.309914,0.039259,0.128426,0.029709,0.11252
16210,0.414385,0.081492,0.194734,0.02754,0.110619
16211,0.382205,0.094086,0.150244,0.031081,0.106794
16212,0.31089,0.045376,0.138193,0.027602,0.099719
16213,0.365202,0.04523,0.192333,0.029829,0.09781
16214,0.570006,0.031673,0.319291,0.02822,0.190822
16215,0.596316,0.08615,0.349767,0.031511,0.128888
16216,0.556993,0.106814,0.295565,0.027213,0.127401
16217,0.341225,0.076965,0.12212,0.028729,0.113411
16218,0.473256,0.066247,0.273654,0.026031,0.107324
16219,0.407482,0.079878,0.18486,0.030354,0.11239
16220,0.474317,0.095407,0.240527,0.026065,0.112318
16221,0.399559,0.088928,0.184537,0.022893,0.103201
16222,0.304918,0.0449,0.142055,0.02704,0.090923
16223,0.368947,0.064742,0.192198,0.019063,0.092944
16224,0.447686,0.047495,0.184307,0.028368,0.187516
16225,0.348053,0.06428,0.179849,0.0186,0.085324
16226,0.451709,0.038757,0.283748,0.02766,0.101544
16227,0.307621,0.051154,0.145408,0.0181,0.092959
16228,0.292682,0.035923,0.138241,0.026531,0.091987
16229,0.3594,0.059555,0.193387,0.01862,0.087838
16230,0.359589,0.044787,0.183235,0.027189,0.104378
16231,0.31232,0.036005,0.153276,0.0186,0.104439
16232,0.273132,0.034375,0.116262,0.02702,0.095475
16233,0.309673,0.032028,0.168639,0.018887,0.090119
16234,0.338158,0.035139,0.171164,0.028496,0.103359
16235,0.411977,0.039476,0.266649,0.018245,0.087607
16236,0.508715,0.041427,0.353408,0.027129,0.086751
16237,0.29781,0.049627,0.150326,0.018369,0.079488
16238,0.392369,0.064386,0.193973,0.027669,0.106341
16239,0.294496,0.057086,0.136061,0.018249,0.0831
16240,0.414745,0.045949,0.22901,0.0362,0.103586
16241,0.417556,0.056593,0.242235,0.019631,0.099097
16242,0.577622,0.060462,0.390444,0.030703,0.096013
16243,0.716047,0.0628,0.555381,0.01838,0.079486
16244,0.487618,0.05504,0.276564,0.039421,0.116593
16245,0.412078,0.06455,0.1512,0.034304,0.162024
16246,0.609144,0.095643,0.32562,0.032631,0.15525
16247,0.447476,0.071184,0.156977,0.048976,0.170339
16248,0.488498,0.086317,0.253103,0.026262,0.122816
16249,0.473596,0.077567,0.246914,0.03346,0.115655
16250,0.448662,0.06062,0.189208,0.042396,0.156438
16251,0.309724,0.05882,0.14978,0.019709,0.081415
16252,0.383804,0.06662,0.189346,0.027376,0.100462
16253,0.35712,0.050904,0.186743,0.018624,0.100849
16254,0.278283,0.039495,0.104474,0.02817,0.106144
16255,0.308845,0.051596,0.147366,0.018447,0.091436
16256,0.288853,0.046988,0.126635,0.026602,0.088628
16257,0.387461,0.052182,0.205907,0.031934,0.097438
16258,0.534529,0.058096,0.339356,0.027345,0.109732
16259,0.55251,0.090346,0.313566,0.031016,0.117582
16260,0.358601,0.071622,0.161133,0.026265,0.099581
16261,0.478413,0.067932,0.259526,0.030636,0.120319
16262,0.462473,0.094334,0.234571,0.026622,0.106946
16263,0.347646,0.092792,0.121863,0.028621,0.10437
16264,0.349444,0.07255,0.150483,0.027865,0.098546
16265,0.45709,0.058935,0.26509,0.030465,0.1026
16266,0.390186,0.049544,0.216505,0.027049,0.097088
16267,0.405171,0.056037,0.219432,0.031444,0.098258
16268,0.366645,0.049983,0.175853,0.036562,0.104247
16269,0.439507,0.088096,0.200151,0.029987,0.121273
16270,0.572488,0.094131,0.320684,0.026566,0.131107
16271,0.400607,0.058342,0.198955,0.037291,0.106019
16272,0.40334,0.062834,0.170723,0.031874,0.137909
16273,0.313381,0.044744,0.124993,0.029293,0.114351
16274,0.305364,0.042156,0.131575,0.028146,0.103487
16275,0.421875,0.094321,0.183002,0.031143,0.113409
16276,0.41956,0.091049,0.198979,0.026209,0.103323
16277,0.357143,0.049032,0.185855,0.028685,0.093571
16278,0.47924,0.048314,0.261633,0.02762,0.141673
16279,0.40135,0.054229,0.226545,0.030038,0.090538
16280,0.442291,0.041363,0.258972,0.026535,0.115421
16281,0.401935,0.092565,0.179633,0.028758,0.100979
16282,0.428863,0.068115,0.232459,0.025971,0.102318
16283,0.512729,0.08972,0.196905,0.030033,0.196071
16284,0.512942,0.070736,0.309605,0.036254,0.096347
16285,0.365188,0.037569,0.191421,0.031738,0.10446
16286,0.388849,0.083036,0.157119,0.027031,0.121663
16287,0.4014,0.069058,0.210385,0.02949,0.092467
16288,0.519622,0.076147,0.274285,0.038222,0.130968
16289,0.425582,0.089735,0.199099,0.028418,0.10833
16290,0.388358,0.08909,0.153292,0.026576,0.1194
16291,0.320391,0.068596,0.128197,0.030808,0.09279
16292,0.314822,0.039654,0.14361,0.027358,0.1042
16293,0.427743,0.090856,0.187922,0.028802,0.120163
16294,0.425482,0.087866,0.196182,0.028778,0.112656
16295,0.392096,0.071425,0.190794,0.03022,0.099657
16296,0.321229,0.043848,0.147269,0.026124,0.103988
16297,0.355213,0.05087,0.177089,0.027889,0.099365
16298,0.348197,0.055263,0.168931,0.02694,0.097063
16299,0.336476,0.035793,0.174749,0.029878,0.096056
16300,0.343371,0.062285,0.156972,0.026984,0.09713
16301,0.434029,0.044964,0.191688,0.022658,0.174719
16302,0.475648,0.07766,0.260797,0.026171,0.11102
16303,0.393209,0.093013,0.163978,0.02817,0.108048
16304,0.435091,0.099867,0.200755,0.027967,0.106502
16305,0.526878,0.09491,0.293047,0.02893,0.109991
16306,0.310309,0.057373,0.119825,0.027778,0.105333
16307,0.435631,0.08902,0.149936,0.023527,0.173148
16308,0.351313,0.036835,0.166959,0.026918,0.120601
16309,0.307104,0.036064,0.158071,0.018663,0.094306
16310,0.495271,0.05226,0.324239,0.027164,0.091608
16311,0.395336,0.051479,0.225301,0.018371,0.100185
16312,0.348649,0.044849,0.176576,0.027247,0.099977
16313,0.365369,0.054397,0.116437,0.019198,0.175337
16314,0.779474,0.047784,0.569593,0.028958,0.133139
16315,0.432898,0.044891,0.260582,0.019973,0.107452
16316,0.50846,0.050433,0.322106,0.029463,0.106458
16317,0.301769,0.04902,0.133725,0.027547,0.091477
16318,0.475466,0.055283,0.288729,0.027347,0.104107
16319,0.280298,0.057447,0.122457,0.018948,0.081446
16320,0.36094,0.074543,0.148835,0.027629,0.109933
16321,0.312767,0.048271,0.155657,0.018215,0.090624
16322,0.422907,0.050115,0.237777,0.026811,0.108204
16323,0.538991,0.040638,0.263325,0.019425,0.215603
16324,0.571244,0.063581,0.382576,0.028072,0.097015
16325,0.428814,0.077236,0.222,0.018526,0.111052
16326,0.495517,0.056985,0.301267,0.041871,0.095394
16327,0.441907,0.050501,0.270872,0.018756,0.101778
16328,0.377,0.057263,0.196791,0.027535,0.095411
16329,0.761514,0.048845,0.617263,0.018542,0.076864
16330,0.379711,0.050333,0.20251,0.026975,0.099893
16331,0.26172,0.0542,0.099871,0.019864,0.087785
16332,0.46366,0.041721,0.286064,0.026317,0.109558
16333,0.324763,0.062372,0.142495,0.027104,0.092792
16334,0.500827,0.042621,0.3246,0.028102,0.105504
16335,0.637073,0.04835,0.454513,0.031358,0.102852
16336,0.335678,0.070414,0.144799,0.026728,0.093737
16337,0.432042,0.084718,0.20856,0.029309,0.109455
16338,0.55906,0.07366,0.315748,0.036241,0.133411
16339,0.392699,0.089172,0.153389,0.032578,0.11756
16340,0.55955,0.090732,0.317418,0.02692,0.12448
16341,0.511458,0.095532,0.266303,0.040618,0.109005
16342,0.50602,0.092978,0.267043,0.035953,0.110046
16343,0.448463,0.064285,0.236,0.030685,0.117493
16344,0.608998,0.095754,0.36967,0.029404,0.11417
16345,0.457807,0.089431,0.227362,0.031647,0.109367
16346,0.385286,0.076439,0.13449,0.027227,0.14713
16347,0.528971,0.089518,0.287796,0.040259,0.111398
16348,0.737036,0.061188,0.50473,0.03232,0.138798
16349,0.43146,0.083154,0.191897,0.033654,0.122755
16350,0.355195,0.066356,0.15458,0.026178,0.108081
16351,0.435429,0.081186,0.209911,0.031876,0.112456
16352,0.364938,0.090594,0.140199,0.026141,0.108004
16353,0.385971,0.045767,0.194486,0.04209,0.103628
16354,0.414507,0.092044,0.184122,0.027948,0.110393
16355,0.364624,0.091085,0.14169,0.028514,0.103335
16356,0.485095,0.087524,0.256486,0.026368,0.114717
16357,0.363494,0.044299,0.182683,0.028314,0.108198
16358,0.442047,0.092087,0.214748,0.028485,0.106727
16359,0.373151,0.062196,0.183992,0.029616,0.097347
16360,0.355896,0.087643,0.119813,0.026066,0.122374
16361,0.406898,0.04256,0.227243,0.028632,0.108463
16362,0.515223,0.046657,0.335107,0.030085,0.103374
16363,0.38835,0.090328,0.151158,0.028553,0.118311
16364,0.406813,0.092876,0.179965,0.027857,0.106115
16365,0.412129,0.060513,0.211435,0.032186,0.107995
16366,0.430885,0.041077,0.23022,0.039169,0.120419
16367,0.336965,0.084298,0.119693,0.027366,0.105608
16368,0.483208,0.099262,0.252595,0.026305,0.105046
16369,0.388222,0.088281,0.159834,0.029025,0.111082
16370,0.415993,0.045311,0.236297,0.030031,0.104354
16371,0.322446,0.047304,0.140151,0.029845,0.105146
16372,0.467975,0.042637,0.292421,0.027256,0.105661
16373,0.26677,0.043067,0.090329,0.03,0.103374
16374,0.389916,0.088097,0.161084,0.028291,0.112444
16375,0.273129,0.052915,0.121053,0.020157,0.079004
16376,0.467658,0.045737,0.285804,0.02642,0.109697
16377,0.297854,0.050247,0.14765,0.018913,0.081044
