backend,sample,N,E,h2d_ms,prep_ms,graph_ms,forward_ms,d2h_ms,compute_ms,transfer_ms,e2e_ms
cpu_eager,128,30,184,0.0,0.078675,0.102316,1.108311,0.0,1.2893020000000002,0.0,1.2893020000000002
cpu_eager,129,36,158,0.0,0.077254,0.101654,1.083856,0.0,1.262764,0.0,1.262764
cpu_eager,130,31,182,0.0,0.076896,0.099101,1.086041,0.0,1.262038,0.0,1.262038
cpu_eager,131,50,538,0.0,0.077237,0.128466,1.214568,0.0,1.420271,0.0,1.420271
cpu_eager,132,33,166,0.0,0.075504,0.099578,1.084086,0.0,1.259168,0.0,1.259168
cpu_eager,133,57,302,0.0,0.077674,0.129211,1.20527,0.0,1.412155,0.0,1.412155
cpu_eager,134,22,80,0.0,0.076253,0.100113,1.038765,0.0,1.215131,0.0,1.215131
cpu_eager,135,29,106,0.0,0.079821,0.095372,1.041516,0.0,1.216709,0.0,1.216709
cpu_eager,136,25,78,0.0,0.075514,0.088013,1.023854,0.0,1.187381,0.0,1.187381
cpu_eager,137,23,56,0.0,0.074476,0.088359,1.026853,0.0,1.189688,0.0,1.189688
cpu_eager,138,43,262,0.0,0.075709,0.110526,1.108612,0.0,1.2948469999999999,0.0,1.2948469999999999
cpu_eager,139,32,98,0.0,0.076334,0.093549,1.038487,0.0,1.20837,0.0,1.20837
cpu_eager,140,22,118,0.0,0.074606,0.087636,1.046201,0.0,1.208443,0.0,1.208443
cpu_eager,141,40,218,0.0,0.075072,0.108623,1.126838,0.0,1.310533,0.0,1.310533
cpu_eager,142,32,104,0.0,0.084691,0.095416,1.031013,0.0,1.21112,0.0,1.21112
cpu_eager,143,36,230,0.0,0.075149,0.107885,1.107286,0.0,1.29032,0.0,1.29032
cpu_eager,144,38,268,0.0,0.077042,0.109058,1.123,0.0,1.3091,0.0,1.3091
cpu_eager,145,22,80,0.0,0.074336,0.086587,1.034711,0.0,1.1956339999999999,0.0,1.1956339999999999
cpu_eager,146,32,162,0.0,0.076235,0.095983,1.074607,0.0,1.246825,0.0,1.246825
cpu_eager,147,34,130,0.0,0.0794,0.097927,1.077448,0.0,1.254775,0.0,1.254775
cpu_eager,148,36,152,0.0,0.074616,0.099641,1.077606,0.0,1.2518630000000002,0.0,1.2518630000000002
cpu_eager,149,45,272,0.0,0.075459,0.124819,1.138333,0.0,1.338611,0.0,1.338611
cpu_eager,150,45,208,0.0,0.080517,0.109021,1.10192,0.0,1.291458,0.0,1.291458
cpu_eager,151,51,454,0.0,0.076339,0.127084,1.184628,0.0,1.388051,0.0,1.388051
cpu_eager,152,45,268,0.0,0.077955,0.115218,1.131546,0.0,1.324719,0.0,1.324719
cpu_eager,153,54,284,0.0,0.077034,0.11628,1.131296,0.0,1.32461,0.0,1.32461
cpu_eager,154,34,106,0.0,0.075007,0.096978,1.054289,0.0,1.226274,0.0,1.226274
cpu_eager,155,50,446,0.0,0.085386,0.123045,1.169332,0.0,1.377763,0.0,1.377763
cpu_eager,156,70,1080,0.0,0.077509,0.16305,1.356453,0.0,1.5970119999999999,0.0,1.5970119999999999
cpu_eager,157,32,246,0.0,0.076804,0.104072,1.108183,0.0,1.289059,0.0,1.289059
cpu_eager,158,33,146,0.0,0.074351,0.099199,1.110634,0.0,1.2841839999999998,0.0,1.2841839999999998
cpu_eager,159,38,180,0.0,0.07614,0.103581,1.107587,0.0,1.2873080000000001,0.0,1.2873080000000001
cpu_eager,160,15,30,0.0,0.082442,0.080445,1.020898,0.0,1.183785,0.0,1.183785
cpu_eager,161,20,86,0.0,0.079217,0.087141,1.029715,0.0,1.196073,0.0,1.196073
cpu_eager,162,18,54,0.0,0.07464,0.081533,1.023979,0.0,1.180152,0.0,1.180152
cpu_eager,163,17,80,0.0,0.073707,0.083003,1.021891,0.0,1.178601,0.0,1.178601
cpu_eager,164,27,146,0.0,0.07434,0.095444,1.08225,0.0,1.2520339999999999,0.0,1.2520339999999999
cpu_eager,165,27,136,0.0,0.07522,0.097345,1.063683,0.0,1.236248,0.0,1.236248
cpu_eager,166,22,170,0.0,0.074543,0.090698,1.08395,0.0,1.249191,0.0,1.249191
cpu_eager,167,43,564,0.0,0.07571,0.12215,1.230645,0.0,1.428505,0.0,1.428505
cpu_eager,168,28,90,0.0,0.075022,0.091249,1.043677,0.0,1.209948,0.0,1.209948
cpu_eager,169,34,176,0.0,0.074899,0.101529,1.086079,0.0,1.262507,0.0,1.262507
cpu_eager,170,30,120,0.0,0.075066,0.096213,1.042362,0.0,1.213641,0.0,1.213641
cpu_eager,171,42,192,0.0,0.075263,0.117234,1.084186,0.0,1.276683,0.0,1.276683
cpu_eager,172,15,50,0.0,0.074588,0.080685,1.029459,0.0,1.184732,0.0,1.184732
cpu_eager,173,37,220,0.0,0.074616,0.102447,1.100793,0.0,1.2778559999999999,0.0,1.2778559999999999
cpu_eager,174,42,240,0.0,0.076556,0.109637,1.135656,0.0,1.321849,0.0,1.321849
cpu_eager,175,55,388,0.0,0.078347,0.127324,1.165293,0.0,1.3709639999999998,0.0,1.3709639999999998
cpu_eager,176,27,62,0.0,0.075689,0.090856,1.04426,0.0,1.210805,0.0,1.210805
cpu_eager,177,23,112,0.0,0.074702,0.090011,1.120199,0.0,1.2849119999999998,0.0,1.2849119999999998
cpu_eager,178,34,226,0.0,0.076051,0.102994,1.10743,0.0,1.2864749999999998,0.0,1.2864749999999998
cpu_eager,179,44,258,0.0,0.077213,0.114752,1.133071,0.0,1.3250359999999999,0.0,1.3250359999999999
cpu_eager,180,52,410,0.0,0.0763,0.120166,1.204438,0.0,1.400904,0.0,1.400904
cpu_eager,181,29,114,0.0,0.076598,0.094479,1.079173,0.0,1.2502499999999999,0.0,1.2502499999999999
cpu_eager,182,35,172,0.0,0.074448,0.098022,1.105152,0.0,1.277622,0.0,1.277622
cpu_eager,183,44,250,0.0,0.076502,0.112967,1.146542,0.0,1.336011,0.0,1.336011
cpu_eager,184,34,204,0.0,0.075911,0.102419,1.106719,0.0,1.2850489999999999,0.0,1.2850489999999999
cpu_eager,185,66,660,0.0,0.077006,0.149457,1.312503,0.0,1.538966,0.0,1.538966
cpu_eager,186,31,154,0.0,0.084373,0.100394,1.09228,0.0,1.277047,0.0,1.277047
cpu_eager,187,38,404,0.0,0.07618,0.113339,1.176511,0.0,1.36603,0.0,1.36603
cpu_eager,188,22,74,0.0,0.074842,0.087567,1.045851,0.0,1.2082600000000001,0.0,1.2082600000000001
cpu_eager,189,73,812,0.0,0.077227,0.161842,1.368435,0.0,1.607504,0.0,1.607504
cpu_eager,190,56,848,0.0,0.077364,0.147364,1.340641,0.0,1.565369,0.0,1.565369
cpu_eager,191,44,196,0.0,0.081703,0.111448,1.105797,0.0,1.298948,0.0,1.298948
cpu_eager,192,73,600,0.0,0.07837,0.141194,1.256641,0.0,1.4762049999999998,0.0,1.4762049999999998
cpu_eager,193,27,90,0.0,0.08457,0.096511,1.057911,0.0,1.238992,0.0,1.238992
cpu_eager,194,39,242,0.0,0.076514,0.105245,1.133328,0.0,1.315087,0.0,1.315087
cpu_eager,195,50,312,0.0,0.075968,0.118033,1.169221,0.0,1.363222,0.0,1.363222
cpu_eager,196,17,30,0.0,0.084578,0.081947,1.033504,0.0,1.200029,0.0,1.200029
cpu_eager,197,29,98,0.0,0.073902,0.096746,1.056826,0.0,1.227474,0.0,1.227474
cpu_eager,198,62,466,0.0,0.077817,0.132623,1.205498,0.0,1.415938,0.0,1.415938
cpu_eager,199,28,142,0.0,0.07573,0.105977,1.087495,0.0,1.2692020000000002,0.0,1.2692020000000002
cpu_eager,200,42,492,0.0,0.076058,0.123986,1.20318,0.0,1.4032239999999998,0.0,1.4032239999999998
cpu_eager,201,34,142,0.0,0.076041,0.102359,1.072238,0.0,1.250638,0.0,1.250638
cpu_eager,202,24,78,0.0,0.073789,0.103616,1.056132,0.0,1.233537,0.0,1.233537
cpu_eager,203,21,32,0.0,0.074238,0.084201,1.024721,0.0,1.18316,0.0,1.18316
cpu_eager,204,22,90,0.0,0.074134,0.087631,1.032859,0.0,1.194624,0.0,1.194624
cpu_eager,205,18,64,0.0,0.077704,0.086869,1.020708,0.0,1.185281,0.0,1.185281
cpu_eager,206,24,50,0.0,0.073678,0.086197,1.034041,0.0,1.193916,0.0,1.193916
cpu_eager,207,26,102,0.0,0.07539,0.090772,1.050159,0.0,1.216321,0.0,1.216321
cpu_eager,208,63,580,0.0,0.077667,0.147247,1.295797,0.0,1.5207110000000001,0.0,1.5207110000000001
cpu_eager,209,31,94,0.0,0.081372,0.112342,1.192245,0.0,1.385959,0.0,1.385959
cpu_eager,210,25,108,0.0,0.088436,0.110373,1.162848,0.0,1.3616570000000001,0.0,1.3616570000000001
cpu_eager,211,25,62,0.0,0.074751,0.089066,1.03254,0.0,1.196357,0.0,1.196357
cpu_eager,212,27,146,0.0,0.074713,0.10596,1.080417,0.0,1.26109,0.0,1.26109
cpu_eager,213,25,56,0.0,0.075238,0.088249,1.033611,0.0,1.197098,0.0,1.197098
cpu_eager,214,41,336,0.0,0.075092,0.115321,1.142943,0.0,1.333356,0.0,1.333356
cpu_eager,215,40,230,0.0,0.076026,0.106706,1.135013,0.0,1.317745,0.0,1.317745
cpu_eager,216,53,450,0.0,0.07632,0.127555,1.18981,0.0,1.393685,0.0,1.393685
cpu_eager,217,46,236,0.0,0.076404,0.111516,1.103509,0.0,1.2914290000000002,0.0,1.2914290000000002
cpu_eager,218,45,276,0.0,0.075573,0.122021,1.161305,0.0,1.358899,0.0,1.358899
cpu_eager,219,18,36,0.0,0.075325,0.084121,1.099331,0.0,1.258777,0.0,1.258777
cpu_eager,220,20,74,0.0,0.07524,0.085933,1.102129,0.0,1.263302,0.0,1.263302
cpu_eager,221,58,622,0.0,0.075327,0.145691,1.286261,0.0,1.507279,0.0,1.507279
cpu_eager,222,50,324,0.0,0.076148,0.12127,1.143701,0.0,1.341119,0.0,1.341119
cpu_eager,223,58,474,0.0,0.075977,0.133703,1.203138,0.0,1.4128180000000001,0.0,1.4128180000000001
cpu_eager,224,32,208,0.0,0.07629,0.098924,1.100803,0.0,1.276017,0.0,1.276017
cpu_eager,225,35,230,0.0,0.074704,0.103609,1.11065,0.0,1.2889629999999999,0.0,1.2889629999999999
cpu_eager,226,51,386,0.0,0.076284,0.121654,1.1894,0.0,1.387338,0.0,1.387338
cpu_eager,227,39,302,0.0,0.077982,0.109116,1.140376,0.0,1.327474,0.0,1.327474
cpu_eager,228,26,92,0.0,0.075181,0.091737,1.04862,0.0,1.215538,0.0,1.215538
cpu_eager,229,49,318,0.0,0.076292,0.114633,1.153334,0.0,1.344259,0.0,1.344259
cpu_eager,230,44,314,0.0,0.077462,0.116604,1.148326,0.0,1.342392,0.0,1.342392
cpu_eager,231,47,450,0.0,0.076087,0.119538,1.192171,0.0,1.387796,0.0,1.387796
cpu_eager,232,22,78,0.0,0.090647,0.090254,1.047522,0.0,1.228423,0.0,1.228423
cpu_eager,233,40,160,0.0,0.076128,0.108298,1.12033,0.0,1.304756,0.0,1.304756
cpu_eager,234,17,52,0.0,0.074612,0.081905,1.030885,0.0,1.187402,0.0,1.187402
cpu_eager,235,22,58,0.0,0.078092,0.086429,1.030356,0.0,1.194877,0.0,1.194877
cpu_eager,236,25,174,0.0,0.081193,0.097427,1.086193,0.0,1.264813,0.0,1.264813
cpu_eager,237,48,322,0.0,0.076221,0.113014,1.142461,0.0,1.331696,0.0,1.331696
cpu_eager,238,27,138,0.0,0.074498,0.095697,1.073644,0.0,1.243839,0.0,1.243839
cpu_eager,239,38,160,0.0,0.07487,0.109763,1.105753,0.0,1.290386,0.0,1.290386
cpu_eager,240,21,114,0.0,0.0742,0.086801,1.055573,0.0,1.216574,0.0,1.216574
cpu_eager,241,26,88,0.0,0.073894,0.090039,1.041466,0.0,1.2053989999999999,0.0,1.2053989999999999
cpu_eager,242,29,154,0.0,0.079968,0.094354,1.090643,0.0,1.2649650000000001,0.0,1.2649650000000001
cpu_eager,243,54,908,0.0,0.07706,0.149029,1.443963,0.0,1.670052,0.0,1.670052
cpu_eager,244,43,226,0.0,0.076393,0.108125,1.130459,0.0,1.314977,0.0,1.314977
cpu_eager,245,28,136,0.0,0.07571,0.094267,1.088453,0.0,1.25843,0.0,1.25843
cpu_eager,246,30,100,0.0,0.074676,0.098774,1.052644,0.0,1.2260939999999998,0.0,1.2260939999999998
cpu_eager,247,39,208,0.0,0.075794,0.104079,1.12381,0.0,1.303683,0.0,1.303683
cpu_eager,248,31,190,0.0,0.081452,0.100297,1.121246,0.0,1.302995,0.0,1.302995
cpu_eager,249,45,212,0.0,0.076951,0.108536,1.135666,0.0,1.321153,0.0,1.321153
cpu_eager,250,40,238,0.0,0.07661,0.10395,1.114147,0.0,1.294707,0.0,1.294707
cpu_eager,251,29,162,0.0,0.082076,0.097891,1.107276,0.0,1.287243,0.0,1.287243
cpu_eager,252,32,160,0.0,0.075679,0.099673,1.092856,0.0,1.268208,0.0,1.268208
cpu_eager,253,32,122,0.0,0.074639,0.100112,1.059687,0.0,1.234438,0.0,1.234438
cpu_eager,254,47,394,0.0,0.07576,0.13419,1.194718,0.0,1.404668,0.0,1.404668
cpu_eager,255,42,276,0.0,0.076897,0.109386,1.146679,0.0,1.332962,0.0,1.332962
cpu_eager,256,50,608,0.0,0.075825,0.136113,1.326555,0.0,1.5384929999999999,0.0,1.5384929999999999
cpu_eager,257,69,832,0.0,0.077246,0.152422,1.436389,0.0,1.666057,0.0,1.666057
cpu_eager,258,48,306,0.0,0.077252,0.1256,1.14528,0.0,1.348132,0.0,1.348132
cpu_eager,259,38,204,0.0,0.077636,0.105377,1.103183,0.0,1.286196,0.0,1.286196
cpu_eager,260,23,64,0.0,0.074424,0.086898,1.038199,0.0,1.199521,0.0,1.199521
cpu_eager,261,34,212,0.0,0.074205,0.107581,1.112126,0.0,1.293912,0.0,1.293912
cpu_eager,262,56,398,0.0,0.081102,0.122899,1.184843,0.0,1.3888440000000002,0.0,1.3888440000000002
cpu_eager,263,44,228,0.0,0.076045,0.10893,1.114358,0.0,1.2993329999999998,0.0,1.2993329999999998
cpu_eager,264,47,256,0.0,0.079407,0.122101,1.150655,0.0,1.352163,0.0,1.352163
cpu_eager,265,38,214,0.0,0.076377,0.105422,1.111047,0.0,1.292846,0.0,1.292846
cpu_eager,266,50,392,0.0,0.075254,0.123768,1.186109,0.0,1.3851310000000001,0.0,1.3851310000000001
cpu_eager,267,63,548,0.0,0.084223,0.138929,1.290665,0.0,1.513817,0.0,1.513817
cpu_eager,268,26,76,0.0,0.079822,0.090758,1.056862,0.0,1.227442,0.0,1.227442
cpu_eager,269,26,170,0.0,0.075559,0.095038,1.107859,0.0,1.2784559999999998,0.0,1.2784559999999998
cpu_eager,270,31,118,0.0,0.074979,0.09797,1.121793,0.0,1.294742,0.0,1.294742
cpu_eager,271,39,218,0.0,0.076672,0.104372,1.111959,0.0,1.293003,0.0,1.293003
cpu_eager,272,32,126,0.0,0.079533,0.0971,1.089499,0.0,1.266132,0.0,1.266132
cpu_eager,273,21,56,0.0,0.07477,0.087502,1.035099,0.0,1.197371,0.0,1.197371
cpu_eager,274,20,76,0.0,0.07334,0.08574,1.031044,0.0,1.190124,0.0,1.190124
cpu_eager,275,28,190,0.0,0.074672,0.09492,1.098124,0.0,1.267716,0.0,1.267716
cpu_eager,276,50,290,0.0,0.076624,0.117524,1.150014,0.0,1.344162,0.0,1.344162
cpu_eager,277,51,404,0.0,0.076127,0.120506,1.202395,0.0,1.3990280000000002,0.0,1.3990280000000002
cpu_eager,278,52,312,0.0,0.079184,0.122831,1.172083,0.0,1.374098,0.0,1.374098
cpu_eager,279,32,182,0.0,0.08198,0.100707,1.116986,0.0,1.299673,0.0,1.299673
cpu_eager,280,19,132,0.0,0.074576,0.08544,1.069564,0.0,1.22958,0.0,1.22958
cpu_eager,281,49,236,0.0,0.075433,0.116673,1.127858,0.0,1.3199640000000001,0.0,1.3199640000000001
cpu_eager,282,38,188,0.0,0.081663,0.111964,1.096263,0.0,1.28989,0.0,1.28989
cpu_eager,283,26,92,0.0,0.073897,0.093079,1.04058,0.0,1.207556,0.0,1.207556
cpu_eager,284,33,130,0.0,0.07432,0.098807,1.192017,0.0,1.3651440000000001,0.0,1.3651440000000001
cpu_eager,285,52,302,0.0,0.081944,0.140832,1.205766,0.0,1.428542,0.0,1.428542
cpu_eager,286,26,80,0.0,0.087674,0.098491,1.111204,0.0,1.297369,0.0,1.297369
cpu_eager,287,36,234,0.0,0.081388,0.11118,1.186503,0.0,1.3790710000000002,0.0,1.3790710000000002
cpu_eager,288,41,370,0.0,0.078212,0.116665,1.264515,0.0,1.459392,0.0,1.459392
cpu_eager,289,64,914,0.0,0.079127,0.166037,1.551345,0.0,1.796509,0.0,1.796509
cpu_eager,290,34,148,0.0,0.086481,0.106475,1.257345,0.0,1.450301,0.0,1.450301
cpu_eager,291,15,30,0.0,0.090145,0.10296,1.042181,0.0,1.235286,0.0,1.235286
cpu_eager,292,25,72,0.0,0.074928,0.09239,1.056776,0.0,1.224094,0.0,1.224094
cpu_eager,293,39,192,0.0,0.074923,0.105671,1.106785,0.0,1.2873789999999998,0.0,1.2873789999999998
cpu_eager,294,24,124,0.0,0.074724,0.089943,1.06269,0.0,1.227357,0.0,1.227357
cpu_eager,295,19,64,0.0,0.081846,0.085338,1.027537,0.0,1.194721,0.0,1.194721
cpu_eager,296,43,388,0.0,0.075094,0.113963,1.1637,0.0,1.352757,0.0,1.352757
cpu_eager,297,41,154,0.0,0.075281,0.10696,1.097369,0.0,1.27961,0.0,1.27961
cpu_eager,298,33,126,0.0,0.075163,0.104282,1.082687,0.0,1.262132,0.0,1.262132
cpu_eager,299,15,52,0.0,0.074712,0.080727,1.037603,0.0,1.1930420000000002,0.0,1.1930420000000002
cpu_eager,300,38,298,0.0,0.084143,0.118014,1.151411,0.0,1.3535679999999999,0.0,1.3535679999999999
cpu_eager,301,29,64,0.0,0.075209,0.091672,1.045951,0.0,1.2128320000000001,0.0,1.2128320000000001
cpu_eager,302,31,150,0.0,0.083389,0.101609,1.091545,0.0,1.276543,0.0,1.276543
cpu_eager,303,60,470,0.0,0.077309,0.12936,1.461074,0.0,1.667743,0.0,1.667743
cpu_eager,304,17,44,0.0,0.082336,0.082449,1.032415,0.0,1.1972,0.0,1.1972
cpu_eager,305,37,134,0.0,0.074764,0.099627,1.089299,0.0,1.26369,0.0,1.26369
cpu_eager,306,28,186,0.0,0.074299,0.097038,1.106487,0.0,1.277824,0.0,1.277824
cpu_eager,307,42,226,0.0,0.075577,0.11482,1.137812,0.0,1.328209,0.0,1.328209
cpu_eager,308,16,12,0.0,0.07641,0.079534,1.004174,0.0,1.160118,0.0,1.160118
cpu_eager,309,21,86,0.0,0.073404,0.088847,1.03811,0.0,1.200361,0.0,1.200361
cpu_eager,310,34,338,0.0,0.074069,0.109385,1.148438,0.0,1.331892,0.0,1.331892
cpu_eager,311,31,100,0.0,0.081117,0.096123,1.048315,0.0,1.2255550000000002,0.0,1.2255550000000002
cpu_eager,312,34,194,0.0,0.074756,0.100325,1.097945,0.0,1.273026,0.0,1.273026
cpu_eager,313,59,482,0.0,0.076395,0.130685,1.200509,0.0,1.407589,0.0,1.407589
cpu_eager,314,46,344,0.0,0.082408,0.119816,1.160983,0.0,1.363207,0.0,1.363207
cpu_eager,315,34,190,0.0,0.074508,0.101603,1.101943,0.0,1.278054,0.0,1.278054
cpu_eager,316,77,1344,0.0,0.076869,0.1702,1.436082,0.0,1.683151,0.0,1.683151
cpu_eager,317,31,164,0.0,0.075439,0.098823,1.100111,0.0,1.274373,0.0,1.274373
cpu_eager,318,27,120,0.0,0.074771,0.093785,1.056912,0.0,1.225468,0.0,1.225468
cpu_eager,319,54,584,0.0,0.075982,0.143493,1.265075,0.0,1.48455,0.0,1.48455
cpu_eager,320,28,116,0.0,0.079374,0.09604,1.052149,0.0,1.227563,0.0,1.227563
cpu_eager,321,35,110,0.0,0.073142,0.101069,1.060434,0.0,1.234645,0.0,1.234645
cpu_eager,322,26,124,0.0,0.081293,0.092083,1.042282,0.0,1.215658,0.0,1.215658
cpu_eager,323,25,132,0.0,0.074568,0.090593,1.078073,0.0,1.2432340000000002,0.0,1.2432340000000002
cpu_eager,324,57,288,0.0,0.077264,0.121676,1.1525,0.0,1.3514400000000002,0.0,1.3514400000000002
cpu_eager,325,54,298,0.0,0.075815,0.12922,1.159057,0.0,1.364092,0.0,1.364092
cpu_eager,326,51,276,0.0,0.076391,0.117803,1.239129,0.0,1.433323,0.0,1.433323
cpu_eager,327,38,298,0.0,0.076141,0.111878,1.163264,0.0,1.351283,0.0,1.351283
cpu_eager,328,55,364,0.0,0.077504,0.126569,1.173605,0.0,1.377678,0.0,1.377678
cpu_eager,329,52,508,0.0,0.076688,0.128004,1.210204,0.0,1.4148960000000002,0.0,1.4148960000000002
cpu_eager,330,55,390,0.0,0.085881,0.125126,1.183175,0.0,1.394182,0.0,1.394182
cpu_eager,331,12,20,0.0,0.074138,0.077347,1.022202,0.0,1.1736870000000001,0.0,1.1736870000000001
cpu_eager,332,40,214,0.0,0.075221,0.105185,1.109237,0.0,1.289643,0.0,1.289643
cpu_eager,333,31,118,0.0,0.074151,0.105103,1.065549,0.0,1.244803,0.0,1.244803
cpu_eager,334,43,356,0.0,0.076612,0.114517,1.165507,0.0,1.356636,0.0,1.356636
cpu_eager,335,49,316,0.0,0.077056,0.114525,1.169327,0.0,1.360908,0.0,1.360908
cpu_eager,336,34,226,0.0,0.075243,0.114239,1.135924,0.0,1.3254059999999999,0.0,1.3254059999999999
cpu_eager,337,18,84,0.0,0.079221,0.086867,1.04481,0.0,1.210898,0.0,1.210898
cpu_eager,338,41,316,0.0,0.076252,0.114465,1.161094,0.0,1.351811,0.0,1.351811
cpu_eager,339,31,164,0.0,0.075891,0.110914,1.093933,0.0,1.280738,0.0,1.280738
cpu_eager,340,63,790,0.0,0.075932,0.144736,1.366529,0.0,1.5871970000000002,0.0,1.5871970000000002
cpu_eager,341,35,126,0.0,0.074533,0.097664,1.087786,0.0,1.2599829999999999,0.0,1.2599829999999999
cpu_eager,342,45,608,0.0,0.077595,0.126068,1.279697,0.0,1.48336,0.0,1.48336
cpu_eager,343,37,122,0.0,0.075519,0.10093,1.070322,0.0,1.246771,0.0,1.246771
cpu_eager,344,35,306,0.0,0.075347,0.117756,1.152564,0.0,1.345667,0.0,1.345667
cpu_eager,345,43,216,0.0,0.078773,0.10763,1.119632,0.0,1.306035,0.0,1.306035
cpu_eager,346,18,82,0.0,0.074774,0.086247,1.041933,0.0,1.202954,0.0,1.202954
cpu_eager,347,23,72,0.0,0.074142,0.096993,1.035732,0.0,1.2068670000000001,0.0,1.2068670000000001
cpu_eager,348,37,426,0.0,0.075276,0.113901,1.179428,0.0,1.3686049999999998,0.0,1.3686049999999998
cpu_eager,349,29,114,0.0,0.075589,0.093339,1.05748,0.0,1.226408,0.0,1.226408
cpu_eager,350,34,382,0.0,0.074565,0.112104,1.194391,0.0,1.38106,0.0,1.38106
cpu_eager,351,35,182,0.0,0.074967,0.102099,1.129424,0.0,1.30649,0.0,1.30649
cpu_eager,352,51,562,0.0,0.076777,0.127319,1.283831,0.0,1.487927,0.0,1.487927
cpu_eager,353,32,122,0.0,0.085302,0.098559,1.058742,0.0,1.2426030000000001,0.0,1.2426030000000001
cpu_eager,354,45,334,0.0,0.07968,0.116871,1.156398,0.0,1.352949,0.0,1.352949
cpu_eager,355,42,282,0.0,0.076134,0.111343,1.151258,0.0,1.3387349999999998,0.0,1.3387349999999998
cpu_eager,356,22,96,0.0,0.077689,0.08833,1.042528,0.0,1.2085469999999998,0.0,1.2085469999999998
cpu_eager,357,35,148,0.0,0.075226,0.100816,1.086758,0.0,1.2628,0.0,1.2628
cpu_eager,358,26,112,0.0,0.074036,0.092255,1.061513,0.0,1.227804,0.0,1.227804
cpu_eager,359,34,204,0.0,0.075604,0.100033,1.12115,0.0,1.2967870000000001,0.0,1.2967870000000001
cpu_eager,360,58,720,0.0,0.077688,0.138507,1.320202,0.0,1.536397,0.0,1.536397
cpu_eager,361,37,238,0.0,0.075642,0.103249,1.198128,0.0,1.377019,0.0,1.377019
cpu_eager,362,48,288,0.0,0.082056,0.117989,1.285455,0.0,1.4855,0.0,1.4855
cpu_eager,363,59,498,0.0,0.079337,0.154359,1.36047,0.0,1.594166,0.0,1.594166
cpu_eager,364,49,310,0.0,0.083342,0.129288,1.286518,0.0,1.499148,0.0,1.499148
cpu_eager,365,34,102,0.0,0.085123,0.111925,1.155495,0.0,1.3525429999999998,0.0,1.3525429999999998
cpu_eager,366,44,236,0.0,0.077238,0.112209,1.128328,0.0,1.317775,0.0,1.317775
cpu_eager,367,39,208,0.0,0.07647,0.102877,1.128484,0.0,1.307831,0.0,1.307831
cpu_eager,368,57,448,0.0,0.077199,0.137418,1.198871,0.0,1.413488,0.0,1.413488
cpu_eager,369,41,226,0.0,0.077279,0.109128,1.136628,0.0,1.323035,0.0,1.323035
cpu_eager,370,47,280,0.0,0.076522,0.117299,1.149087,0.0,1.342908,0.0,1.342908
cpu_eager,371,26,80,0.0,0.07742,0.093605,1.050331,0.0,1.2213559999999999,0.0,1.2213559999999999
cpu_eager,372,25,76,0.0,0.075165,0.089841,1.044967,0.0,1.209973,0.0,1.209973
cpu_eager,373,44,284,0.0,0.076042,0.110792,1.132912,0.0,1.3197459999999999,0.0,1.3197459999999999
cpu_eager,374,63,542,0.0,0.076596,0.146054,1.252248,0.0,1.474898,0.0,1.474898
cpu_eager,375,86,1082,0.0,0.076928,0.168936,1.40086,0.0,1.646724,0.0,1.646724
cpu_eager,376,35,194,0.0,0.07548,0.102127,1.131644,0.0,1.3092510000000002,0.0,1.3092510000000002
cpu_eager,377,63,986,0.0,0.078742,0.154272,1.350407,0.0,1.583421,0.0,1.583421
cpu_eager,378,26,84,0.0,0.082555,0.09228,1.054654,0.0,1.229489,0.0,1.229489
cpu_eager,379,28,144,0.0,0.076061,0.095821,1.112298,0.0,1.28418,0.0,1.28418
cpu_eager,380,45,228,0.0,0.07557,0.109427,1.116177,0.0,1.301174,0.0,1.301174
cpu_eager,381,26,134,0.0,0.073822,0.098216,1.111303,0.0,1.2833409999999998,0.0,1.2833409999999998
cpu_eager,382,84,1134,0.0,0.07952,0.182124,1.374545,0.0,1.636189,0.0,1.636189
cpu_eager,383,57,304,0.0,0.076909,0.138369,1.167062,0.0,1.3823400000000001,0.0,1.3823400000000001
cpu_eager,384,23,82,0.0,0.077213,0.088881,1.048361,0.0,1.214455,0.0,1.214455
cpu_eager,385,48,304,0.0,0.075746,0.121299,1.134439,0.0,1.331484,0.0,1.331484
cpu_eager,386,34,126,0.0,0.074283,0.104694,1.072636,0.0,1.2516129999999999,0.0,1.2516129999999999
cpu_eager,387,27,76,0.0,0.075547,0.093231,1.036747,0.0,1.2055250000000002,0.0,1.2055250000000002
cpu_eager,388,22,102,0.0,0.073859,0.089029,1.04395,0.0,1.2068379999999999,0.0,1.2068379999999999
cpu_eager,389,29,86,0.0,0.074708,0.093012,1.040725,0.0,1.2084449999999998,0.0,1.2084449999999998
cpu_eager,390,36,184,0.0,0.073856,0.10549,1.107159,0.0,1.286505,0.0,1.286505
cpu_eager,391,45,378,0.0,0.076155,0.116377,1.183399,0.0,1.375931,0.0,1.375931
cpu_eager,392,43,324,0.0,0.077767,0.115761,1.145358,0.0,1.338886,0.0,1.338886
cpu_eager,393,54,372,0.0,0.081956,0.123636,1.166769,0.0,1.372361,0.0,1.372361
cpu_eager,394,22,62,0.0,0.075442,0.087865,1.038305,0.0,1.201612,0.0,1.201612
cpu_eager,395,34,128,0.0,0.074011,0.097105,1.076256,0.0,1.2473720000000001,0.0,1.2473720000000001
cpu_eager,396,46,408,0.0,0.075977,0.127153,1.168217,0.0,1.371347,0.0,1.371347
cpu_eager,397,39,226,0.0,0.076504,0.105681,1.134868,0.0,1.317053,0.0,1.317053
cpu_eager,398,85,1386,0.0,0.09233,0.217329,1.593886,0.0,1.9035449999999998,0.0,1.9035449999999998
cpu_eager,399,72,1058,0.0,0.079813,0.161172,1.347961,0.0,1.588946,0.0,1.588946
cpu_eager,400,48,352,0.0,0.087528,0.119469,1.238254,0.0,1.4452509999999998,0.0,1.4452509999999998
cpu_eager,401,41,340,0.0,0.076877,0.112672,1.146422,0.0,1.335971,0.0,1.335971
cpu_eager,402,21,50,0.0,0.075541,0.08476,1.030189,0.0,1.19049,0.0,1.19049
cpu_eager,403,44,300,0.0,0.075546,0.109747,1.14192,0.0,1.327213,0.0,1.327213
cpu_eager,404,37,148,0.0,0.074606,0.102219,1.093848,0.0,1.270673,0.0,1.270673
cpu_eager,405,39,258,0.0,0.075613,0.11833,1.131964,0.0,1.325907,0.0,1.325907
cpu_eager,406,47,268,0.0,0.077241,0.122907,1.139077,0.0,1.3392249999999999,0.0,1.3392249999999999
cpu_eager,407,28,86,0.0,0.074427,0.093668,1.036264,0.0,1.2043590000000002,0.0,1.2043590000000002
cpu_eager,408,57,938,0.0,0.075702,0.151321,1.382759,0.0,1.609782,0.0,1.609782
cpu_eager,409,35,206,0.0,0.074839,0.101665,1.121883,0.0,1.298387,0.0,1.298387
cpu_eager,410,31,136,0.0,0.07516,0.097083,1.10469,0.0,1.2769329999999999,0.0,1.2769329999999999
cpu_eager,411,23,80,0.0,0.07614,0.089663,1.045599,0.0,1.2114019999999999,0.0,1.2114019999999999
cpu_eager,412,42,230,0.0,0.077017,0.108734,1.117177,0.0,1.302928,0.0,1.302928
cpu_eager,413,36,80,0.0,0.074907,0.099812,1.041751,0.0,1.2164700000000002,0.0,1.2164700000000002
cpu_eager,414,61,542,0.0,0.082133,0.140359,1.270522,0.0,1.493014,0.0,1.493014
cpu_eager,415,60,576,0.0,0.077719,0.134321,1.261893,0.0,1.473933,0.0,1.473933
cpu_eager,416,10,26,0.0,0.083332,0.076716,1.023896,0.0,1.1839439999999999,0.0,1.1839439999999999
cpu_eager,417,65,650,0.0,0.077301,0.148532,1.295171,0.0,1.521004,0.0,1.521004
cpu_eager,418,17,56,0.0,0.076118,0.083668,1.032945,0.0,1.192731,0.0,1.192731
cpu_eager,419,48,436,0.0,0.081576,0.123399,1.171264,0.0,1.376239,0.0,1.376239
cpu_eager,420,41,330,0.0,0.076431,0.108226,1.142351,0.0,1.327008,0.0,1.327008
cpu_eager,421,43,200,0.0,0.076148,0.107442,1.123718,0.0,1.307308,0.0,1.307308
cpu_eager,422,33,178,0.0,0.075271,0.097397,1.097803,0.0,1.2704710000000001,0.0,1.2704710000000001
cpu_eager,423,23,82,0.0,0.075708,0.089329,1.055374,0.0,1.220411,0.0,1.220411
cpu_eager,424,32,158,0.0,0.07439,0.098726,1.091204,0.0,1.26432,0.0,1.26432
cpu_eager,425,22,100,0.0,0.074681,0.09835,1.042849,0.0,1.2158799999999998,0.0,1.2158799999999998
cpu_eager,426,22,96,0.0,0.075127,0.087821,1.036013,0.0,1.1989610000000002,0.0,1.1989610000000002
cpu_eager,427,35,170,0.0,0.074687,0.101931,1.083953,0.0,1.2605709999999999,0.0,1.2605709999999999
cpu_eager,428,52,304,0.0,0.075953,0.123463,1.139829,0.0,1.339245,0.0,1.339245
cpu_eager,429,58,588,0.0,0.078338,0.141757,1.276242,0.0,1.496337,0.0,1.496337
cpu_eager,430,29,98,0.0,0.074317,0.095408,1.048974,0.0,1.218699,0.0,1.218699
cpu_eager,431,72,594,0.0,0.076992,0.155844,1.275183,0.0,1.508019,0.0,1.508019
cpu_eager,432,34,114,0.0,0.075412,0.098639,1.051846,0.0,1.225897,0.0,1.225897
cpu_eager,433,125,2118,0.0,0.076895,0.261785,1.570599,0.0,1.9092790000000002,0.0,1.9092790000000002
cpu_eager,434,44,300,0.0,0.077432,0.113001,1.145719,0.0,1.336152,0.0,1.336152
cpu_eager,435,53,432,0.0,0.076313,0.132534,1.183801,0.0,1.392648,0.0,1.392648
cpu_eager,436,25,138,0.0,0.075185,0.091585,1.082566,0.0,1.249336,0.0,1.249336
cpu_eager,437,54,374,0.0,0.077111,0.119959,1.169107,0.0,1.366177,0.0,1.366177
cpu_eager,438,19,66,0.0,0.081678,0.086475,1.027222,0.0,1.195375,0.0,1.195375
cpu_eager,439,28,190,0.0,0.07454,0.097896,1.093152,0.0,1.265588,0.0,1.265588
cpu_eager,440,67,1278,0.0,0.077479,0.169817,1.376849,0.0,1.624145,0.0,1.624145
cpu_eager,441,30,198,0.0,0.074656,0.102196,1.108067,0.0,1.284919,0.0,1.284919
cpu_eager,442,55,374,0.0,0.076458,0.125482,1.176086,0.0,1.378026,0.0,1.378026
cpu_eager,443,28,150,0.0,0.075612,0.102932,1.103646,0.0,1.28219,0.0,1.28219
cpu_eager,444,25,148,0.0,0.0742,0.092868,1.092607,0.0,1.259675,0.0,1.259675
cpu_eager,445,43,284,0.0,0.075662,0.112773,1.139133,0.0,1.3275679999999999,0.0,1.3275679999999999
cpu_eager,446,34,192,0.0,0.074859,0.113169,1.09774,0.0,1.285768,0.0,1.285768
cpu_eager,447,37,200,0.0,0.075246,0.103949,1.094092,0.0,1.273287,0.0,1.273287
cpu_eager,448,40,286,0.0,0.076652,0.106786,1.145481,0.0,1.328919,0.0,1.328919
cpu_eager,449,27,56,0.0,0.075167,0.091128,1.03276,0.0,1.199055,0.0,1.199055
cpu_eager,450,26,110,0.0,0.075282,0.090955,1.047975,0.0,1.214212,0.0,1.214212
cpu_eager,451,49,370,0.0,0.076498,0.116936,1.161788,0.0,1.355222,0.0,1.355222
cpu_eager,452,72,876,0.0,0.077215,0.154585,1.372697,0.0,1.604497,0.0,1.604497
cpu_eager,453,50,538,0.0,0.076719,0.126429,1.234251,0.0,1.437399,0.0,1.437399
cpu_eager,454,35,192,0.0,0.074161,0.103675,1.141673,0.0,1.319509,0.0,1.319509
cpu_eager,455,27,202,0.0,0.075236,0.098702,1.105601,0.0,1.279539,0.0,1.279539
cpu_eager,456,36,214,0.0,0.075898,0.10174,1.098349,0.0,1.275987,0.0,1.275987
cpu_eager,457,32,154,0.0,0.078303,0.097954,1.080612,0.0,1.256869,0.0,1.256869
cpu_eager,458,59,568,0.0,0.086766,0.128446,1.241915,0.0,1.457127,0.0,1.457127
cpu_eager,459,16,34,0.0,0.075069,0.079995,1.020484,0.0,1.175548,0.0,1.175548
cpu_eager,460,44,194,0.0,0.07541,0.107166,1.102655,0.0,1.285231,0.0,1.285231
cpu_eager,461,27,142,0.0,0.08312,0.094171,1.081047,0.0,1.2583380000000002,0.0,1.2583380000000002
cpu_eager,462,41,492,0.0,0.075634,0.11509,1.191775,0.0,1.3824990000000001,0.0,1.3824990000000001
cpu_eager,463,82,966,0.0,0.078533,0.165489,1.428865,0.0,1.672887,0.0,1.672887
cpu_eager,464,31,188,0.0,0.076391,0.099658,1.098987,0.0,1.275036,0.0,1.275036
cpu_eager,465,50,352,0.0,0.076675,0.119346,1.167877,0.0,1.363898,0.0,1.363898
cpu_eager,466,41,248,0.0,0.075783,0.104763,1.125744,0.0,1.3062900000000002,0.0,1.3062900000000002
cpu_eager,467,25,68,0.0,0.07446,0.090547,1.039938,0.0,1.204945,0.0,1.204945
cpu_eager,468,40,180,0.0,0.075749,0.104501,1.097176,0.0,1.277426,0.0,1.277426
cpu_eager,469,40,168,0.0,0.084213,0.102393,1.107509,0.0,1.2941150000000001,0.0,1.2941150000000001
cpu_eager,470,28,106,0.0,0.075083,0.093669,1.078779,0.0,1.247531,0.0,1.247531
cpu_eager,471,50,296,0.0,0.076532,0.112504,1.158247,0.0,1.347283,0.0,1.347283
cpu_eager,472,21,50,0.0,0.0817,0.087414,1.088569,0.0,1.2576829999999999,0.0,1.2576829999999999
cpu_eager,473,42,296,0.0,0.078008,0.110766,1.15226,0.0,1.341034,0.0,1.341034
cpu_eager,474,29,166,0.0,0.074697,0.098605,1.105413,0.0,1.278715,0.0,1.278715
cpu_eager,475,56,476,0.0,0.077322,0.148078,1.204539,0.0,1.429939,0.0,1.429939
cpu_eager,476,44,246,0.0,0.077739,0.108414,1.137383,0.0,1.323536,0.0,1.323536
cpu_eager,477,32,156,0.0,0.075932,0.09703,1.109129,0.0,1.282091,0.0,1.282091
cpu_eager,478,48,344,0.0,0.077656,0.118816,1.169917,0.0,1.366389,0.0,1.366389
cpu_eager,479,26,122,0.0,0.075157,0.092383,1.066555,0.0,1.234095,0.0,1.234095
cpu_eager,480,26,170,0.0,0.074507,0.09612,1.165287,0.0,1.335914,0.0,1.335914
cpu_eager,481,20,66,0.0,0.075392,0.086301,1.063677,0.0,1.22537,0.0,1.22537
cpu_eager,482,48,290,0.0,0.076552,0.11598,1.146355,0.0,1.338887,0.0,1.338887
cpu_eager,483,28,196,0.0,0.074957,0.1137,1.138725,0.0,1.327382,0.0,1.327382
cpu_eager,484,23,72,0.0,0.075154,0.087904,1.042145,0.0,1.205203,0.0,1.205203
cpu_eager,485,60,434,0.0,0.077277,0.128088,1.207081,0.0,1.412446,0.0,1.412446
cpu_eager,486,41,188,0.0,0.076219,0.110108,1.154741,0.0,1.341068,0.0,1.341068
cpu_eager,487,40,254,0.0,0.076638,0.10982,1.127714,0.0,1.3141720000000001,0.0,1.3141720000000001
cpu_eager,488,44,338,0.0,0.075767,0.115061,1.177198,0.0,1.368026,0.0,1.368026
cpu_eager,489,30,120,0.0,0.075607,0.093342,1.078691,0.0,1.24764,0.0,1.24764
cpu_eager,490,40,252,0.0,0.076523,0.107566,1.121049,0.0,1.305138,0.0,1.305138
cpu_eager,491,76,790,0.0,0.077553,0.152306,1.391352,0.0,1.621211,0.0,1.621211
cpu_eager,492,31,110,0.0,0.077438,0.097313,1.063409,0.0,1.2381600000000001,0.0,1.2381600000000001
cpu_eager,493,68,502,0.0,0.075834,0.138386,1.20369,0.0,1.41791,0.0,1.41791
cpu_eager,494,62,620,0.0,0.076963,0.148533,1.280785,0.0,1.506281,0.0,1.506281
cpu_eager,495,19,88,0.0,0.074375,0.085607,1.040584,0.0,1.200566,0.0,1.200566
cpu_eager,496,45,318,0.0,0.076109,0.111404,1.133728,0.0,1.321241,0.0,1.321241
cpu_eager,497,59,644,0.0,0.077563,0.148152,1.29482,0.0,1.5205350000000002,0.0,1.5205350000000002
cpu_eager,498,47,302,0.0,0.076441,0.113903,1.135762,0.0,1.326106,0.0,1.326106
cpu_eager,499,47,168,0.0,0.076686,0.113309,1.107649,0.0,1.297644,0.0,1.297644
cpu_eager,500,22,78,0.0,0.075027,0.088693,1.047881,0.0,1.211601,0.0,1.211601
cpu_eager,501,49,244,0.0,0.07595,0.115236,1.126011,0.0,1.3171970000000002,0.0,1.3171970000000002
cpu_eager,502,38,186,0.0,0.075476,0.101259,1.109601,0.0,1.2863360000000001,0.0,1.2863360000000001
cpu_eager,503,55,448,0.0,0.076927,0.128793,1.215962,0.0,1.421682,0.0,1.421682
cpu_eager,504,37,262,0.0,0.076941,0.111012,1.152313,0.0,1.340266,0.0,1.340266
cpu_eager,505,31,146,0.0,0.075025,0.111509,1.090133,0.0,1.276667,0.0,1.276667
cpu_eager,506,15,62,0.0,0.075033,0.082246,1.043183,0.0,1.200462,0.0,1.200462
cpu_eager,507,40,176,0.0,0.075944,0.102347,1.110506,0.0,1.288797,0.0,1.288797
cpu_eager,508,37,388,0.0,0.074313,0.11278,1.173692,0.0,1.360785,0.0,1.360785
cpu_eager,509,46,184,0.0,0.076145,0.113052,1.118397,0.0,1.3075940000000001,0.0,1.3075940000000001
cpu_eager,510,15,34,0.0,0.074925,0.079826,1.038709,0.0,1.1934600000000002,0.0,1.1934600000000002
cpu_eager,511,40,260,0.0,0.074933,0.107808,1.174321,0.0,1.357062,0.0,1.357062
cpu_eager,512,12,24,0.0,0.075331,0.077304,1.019521,0.0,1.172156,0.0,1.172156
cpu_eager,513,30,146,0.0,0.075742,0.099063,1.100575,0.0,1.2753800000000002,0.0,1.2753800000000002
cpu_eager,514,19,50,0.0,0.074332,0.083232,1.033,0.0,1.190564,0.0,1.190564
cpu_eager,515,32,252,0.0,0.074362,0.099713,1.137802,0.0,1.311877,0.0,1.311877
cpu_eager,516,37,246,0.0,0.075524,0.108042,1.148942,0.0,1.3325079999999998,0.0,1.3325079999999998
cpu_eager,517,8,10,0.0,0.073245,0.074445,1.013701,0.0,1.161391,0.0,1.161391
cpu_eager,518,22,60,0.0,0.073596,0.088503,1.046204,0.0,1.208303,0.0,1.208303
cpu_eager,519,38,190,0.0,0.075835,0.112168,1.120914,0.0,1.3089169999999999,0.0,1.3089169999999999
cpu_eager,520,28,58,0.0,0.074823,0.091158,1.041739,0.0,1.20772,0.0,1.20772
cpu_eager,521,38,310,0.0,0.074711,0.103875,1.140822,0.0,1.319408,0.0,1.319408
cpu_eager,522,29,114,0.0,0.07458,0.107105,1.072645,0.0,1.25433,0.0,1.25433
cpu_eager,523,36,212,0.0,0.07518,0.106518,1.127538,0.0,1.3092359999999998,0.0,1.3092359999999998
cpu_eager,524,35,198,0.0,0.07478,0.104061,1.116715,0.0,1.295556,0.0,1.295556
cpu_eager,525,82,1224,0.0,0.076857,0.184295,1.414304,0.0,1.675456,0.0,1.675456
cpu_eager,526,33,148,0.0,0.075738,0.102795,1.092257,0.0,1.27079,0.0,1.27079
cpu_eager,527,13,36,0.0,0.074069,0.079771,1.028502,0.0,1.182342,0.0,1.182342
cpu_eager,528,32,148,0.0,0.08538,0.112272,1.103132,0.0,1.300784,0.0,1.300784
cpu_eager,529,32,162,0.0,0.075939,0.099958,1.09615,0.0,1.272047,0.0,1.272047
cpu_eager,530,43,246,0.0,0.07585,0.110434,1.138023,0.0,1.3243070000000001,0.0,1.3243070000000001
cpu_eager,531,22,68,0.0,0.081829,0.088364,1.043849,0.0,1.214042,0.0,1.214042
cpu_eager,532,28,90,0.0,0.075052,0.093449,1.046775,0.0,1.215276,0.0,1.215276
cpu_eager,533,38,228,0.0,0.075378,0.104113,1.121731,0.0,1.301222,0.0,1.301222
cpu_eager,534,44,330,0.0,0.076018,0.11476,1.165136,0.0,1.3559139999999998,0.0,1.3559139999999998
cpu_eager,535,34,184,0.0,0.075826,0.102857,1.112102,0.0,1.2907849999999998,0.0,1.2907849999999998
cpu_eager,536,36,222,0.0,0.075463,0.106253,1.123786,0.0,1.305502,0.0,1.305502
cpu_eager,537,51,354,0.0,0.075936,0.123767,1.18428,0.0,1.383983,0.0,1.383983
cpu_eager,538,34,144,0.0,0.074753,0.0998,1.084081,0.0,1.258634,0.0,1.258634
cpu_eager,539,51,294,0.0,0.077336,0.117776,1.141282,0.0,1.3363939999999999,0.0,1.3363939999999999
cpu_eager,540,59,800,0.0,0.076248,0.156114,1.338238,0.0,1.5706,0.0,1.5706
cpu_eager,541,35,150,0.0,0.075165,0.103223,1.103057,0.0,1.281445,0.0,1.281445
cpu_eager,542,48,346,0.0,0.075492,0.124953,1.158919,0.0,1.359364,0.0,1.359364
cpu_eager,543,25,152,0.0,0.07511,0.091905,1.098618,0.0,1.265633,0.0,1.265633
cpu_eager,544,10,16,0.0,0.077612,0.076157,1.017997,0.0,1.171766,0.0,1.171766
cpu_eager,545,38,148,0.0,0.075547,0.103196,1.094821,0.0,1.273564,0.0,1.273564
cpu_eager,546,57,474,0.0,0.086635,0.1336,1.210802,0.0,1.431037,0.0,1.431037
cpu_eager,547,77,1096,0.0,0.077047,0.166021,1.372064,0.0,1.615132,0.0,1.615132
cpu_eager,548,55,512,0.0,0.078048,0.131662,1.234891,0.0,1.444601,0.0,1.444601
cpu_eager,549,15,20,0.0,0.074308,0.078594,1.041291,0.0,1.1941929999999998,0.0,1.1941929999999998
cpu_eager,550,40,218,0.0,0.075361,0.10754,1.140985,0.0,1.323886,0.0,1.323886
cpu_eager,551,45,418,0.0,0.07649,0.119553,1.189253,0.0,1.3852959999999999,0.0,1.3852959999999999
cpu_eager,552,47,378,0.0,0.076669,0.122121,1.17519,0.0,1.37398,0.0,1.37398
cpu_eager,553,41,306,0.0,0.083069,0.111868,1.140296,0.0,1.335233,0.0,1.335233
cpu_eager,554,35,172,0.0,0.075412,0.103759,1.117817,0.0,1.296988,0.0,1.296988
cpu_eager,555,58,488,0.0,0.07657,0.13076,1.219759,0.0,1.427089,0.0,1.427089
cpu_eager,556,44,210,0.0,0.077846,0.10821,1.121176,0.0,1.307232,0.0,1.307232
cpu_eager,557,37,146,0.0,0.0746,0.100595,1.093376,0.0,1.268571,0.0,1.268571
cpu_eager,558,22,56,0.0,0.074295,0.086508,1.037172,0.0,1.197975,0.0,1.197975
cpu_eager,559,29,108,0.0,0.082052,0.095246,1.054954,0.0,1.232252,0.0,1.232252
cpu_eager,560,28,102,0.0,0.075324,0.091216,1.053858,0.0,1.2203979999999999,0.0,1.2203979999999999
cpu_eager,561,19,80,0.0,0.076886,0.086057,1.047464,0.0,1.210407,0.0,1.210407
cpu_eager,562,22,94,0.0,0.075036,0.087186,1.042125,0.0,1.204347,0.0,1.204347
cpu_eager,563,19,114,0.0,0.08204,0.087316,1.067364,0.0,1.23672,0.0,1.23672
cpu_eager,564,35,152,0.0,0.074,0.100594,1.110955,0.0,1.2855489999999998,0.0,1.2855489999999998
cpu_eager,565,33,118,0.0,0.074215,0.095914,1.07881,0.0,1.248939,0.0,1.248939
cpu_eager,566,62,884,0.0,0.076928,0.159508,1.388242,0.0,1.624678,0.0,1.624678
cpu_eager,567,27,104,0.0,0.075987,0.090888,1.070859,0.0,1.2377340000000001,0.0,1.2377340000000001
cpu_eager,568,34,132,0.0,0.074311,0.098802,1.09001,0.0,1.263123,0.0,1.263123
cpu_eager,569,50,526,0.0,0.077902,0.127754,1.236543,0.0,1.442199,0.0,1.442199
cpu_eager,570,41,322,0.0,0.075107,0.113843,1.152652,0.0,1.341602,0.0,1.341602
cpu_eager,571,18,80,0.0,0.075084,0.093911,1.043961,0.0,1.212956,0.0,1.212956
cpu_eager,572,38,346,0.0,0.076558,0.108415,1.162621,0.0,1.347594,0.0,1.347594
cpu_eager,573,74,1292,0.0,0.076516,0.176283,1.419093,0.0,1.671892,0.0,1.671892
cpu_eager,574,22,74,0.0,0.075015,0.086292,1.050578,0.0,1.211885,0.0,1.211885
cpu_eager,575,88,888,0.0,0.07739,0.167837,1.383874,0.0,1.629101,0.0,1.629101
cpu_eager,576,32,196,0.0,0.075012,0.098083,1.121886,0.0,1.294981,0.0,1.294981
cpu_eager,577,35,146,0.0,0.073633,0.098446,1.104933,0.0,1.277012,0.0,1.277012
cpu_eager,578,24,52,0.0,0.074021,0.084668,1.044791,0.0,1.20348,0.0,1.20348
cpu_eager,579,42,300,0.0,0.084659,0.115182,1.146449,0.0,1.34629,0.0,1.34629
cpu_eager,580,42,248,0.0,0.076538,0.104451,1.12667,0.0,1.3076590000000001,0.0,1.3076590000000001
cpu_eager,581,52,466,0.0,0.076102,0.125053,1.20683,0.0,1.407985,0.0,1.407985
cpu_eager,582,63,340,0.0,0.077056,0.128092,1.18192,0.0,1.3870680000000002,0.0,1.3870680000000002
cpu_eager,583,36,408,0.0,0.075369,0.11416,1.18362,0.0,1.373149,0.0,1.373149
cpu_eager,584,44,202,0.0,0.076655,0.117757,1.107702,0.0,1.302114,0.0,1.302114
cpu_eager,585,34,224,0.0,0.075548,0.108874,1.121485,0.0,1.3059070000000002,0.0,1.3059070000000002
cpu_eager,586,71,676,0.0,0.077175,0.150514,1.354637,0.0,1.5823260000000001,0.0,1.5823260000000001
cpu_eager,587,34,160,0.0,0.075009,0.098159,1.10622,0.0,1.279388,0.0,1.279388
cpu_eager,588,31,140,0.0,0.075042,0.095204,1.113944,0.0,1.2841900000000002,0.0,1.2841900000000002
cpu_eager,589,42,368,0.0,0.083962,0.157104,1.177099,0.0,1.418165,0.0,1.418165
cpu_eager,590,26,172,0.0,0.075631,0.09663,1.261905,0.0,1.434166,0.0,1.434166
cpu_eager,591,19,28,0.0,0.099778,0.108671,1.373326,0.0,1.581775,0.0,1.581775
cpu_eager,592,27,142,0.0,0.098779,0.118829,1.39714,0.0,1.614748,0.0,1.614748
cpu_eager,593,33,184,0.0,0.087695,0.099936,1.142999,0.0,1.3306300000000002,0.0,1.3306300000000002
cpu_eager,594,44,444,0.0,0.076351,0.118639,1.204616,0.0,1.399606,0.0,1.399606
cpu_eager,595,38,222,0.0,0.077616,0.109089,1.145971,0.0,1.3326760000000002,0.0,1.3326760000000002
cpu_eager,596,40,160,0.0,0.076928,0.10649,1.121169,0.0,1.3045870000000002,0.0,1.3045870000000002
cpu_eager,597,27,164,0.0,0.075309,0.093273,1.111782,0.0,1.280364,0.0,1.280364
cpu_eager,598,53,558,0.0,0.076234,0.129019,1.295048,0.0,1.5003009999999999,0.0,1.5003009999999999
cpu_eager,599,31,212,0.0,0.076831,0.103776,1.126303,0.0,1.30691,0.0,1.30691
cpu_eager,600,45,316,0.0,0.077064,0.114939,1.147834,0.0,1.339837,0.0,1.339837
cpu_eager,601,39,314,0.0,0.077671,0.109838,1.175895,0.0,1.3634039999999998,0.0,1.3634039999999998
cpu_eager,602,45,392,0.0,0.076465,0.117176,1.209798,0.0,1.4034389999999999,0.0,1.4034389999999999
cpu_eager,603,30,160,0.0,0.075037,0.10318,1.120892,0.0,1.299109,0.0,1.299109
cpu_eager,604,39,212,0.0,0.075964,0.102906,1.139171,0.0,1.318041,0.0,1.318041
cpu_eager,605,91,1818,0.0,0.078094,0.215479,1.578657,0.0,1.87223,0.0,1.87223
cpu_eager,606,31,92,0.0,0.075556,0.09493,1.080977,0.0,1.251463,0.0,1.251463
cpu_eager,607,48,270,0.0,0.075421,0.112445,1.145997,0.0,1.333863,0.0,1.333863
cpu_eager,608,23,64,0.0,0.074808,0.090373,1.057456,0.0,1.222637,0.0,1.222637
cpu_eager,609,37,276,0.0,0.075905,0.108009,1.154702,0.0,1.3386159999999998,0.0,1.3386159999999998
cpu_eager,610,27,186,0.0,0.074808,0.092387,1.115647,0.0,1.282842,0.0,1.282842
cpu_eager,611,56,828,0.0,0.083254,0.144168,1.320314,0.0,1.547736,0.0,1.547736
cpu_eager,612,35,106,0.0,0.075519,0.09715,1.069737,0.0,1.242406,0.0,1.242406
cpu_eager,613,33,260,0.0,0.078493,0.117922,1.175283,0.0,1.371698,0.0,1.371698
cpu_eager,614,67,728,0.0,0.077322,0.146465,1.317039,0.0,1.540826,0.0,1.540826
cpu_eager,615,26,160,0.0,0.075728,0.094547,1.116147,0.0,1.286422,0.0,1.286422
cpu_eager,616,39,182,0.0,0.076276,0.10107,1.107237,0.0,1.284583,0.0,1.284583
cpu_eager,617,26,94,0.0,0.074918,0.09087,1.055075,0.0,1.220863,0.0,1.220863
cpu_eager,618,32,170,0.0,0.0747,0.099212,1.114115,0.0,1.288027,0.0,1.288027
cpu_eager,619,29,138,0.0,0.076661,0.095208,1.168256,0.0,1.340125,0.0,1.340125
cpu_eager,620,21,78,0.0,0.07434,0.113718,1.066523,0.0,1.2545810000000002,0.0,1.2545810000000002
cpu_eager,621,44,302,0.0,0.076425,0.113165,1.168918,0.0,1.3585079999999998,0.0,1.3585079999999998
cpu_eager,622,77,870,0.0,0.077837,0.169284,1.379579,0.0,1.6267,0.0,1.6267
cpu_eager,623,35,132,0.0,0.075049,0.101291,1.124632,0.0,1.300972,0.0,1.300972
cpu_eager,624,21,54,0.0,0.077496,0.087363,1.047881,0.0,1.2127400000000002,0.0,1.2127400000000002
cpu_eager,625,42,240,0.0,0.075938,0.10614,1.128765,0.0,1.310843,0.0,1.310843
cpu_eager,626,58,550,0.0,0.077067,0.136469,1.277196,0.0,1.490732,0.0,1.490732
cpu_eager,627,64,600,0.0,0.076452,0.141263,1.275706,0.0,1.493421,0.0,1.493421
cpu_eager,628,36,176,0.0,0.075434,0.100807,1.127109,0.0,1.30335,0.0,1.30335
cpu_eager,629,24,54,0.0,0.076471,0.088035,1.051388,0.0,1.215894,0.0,1.215894
cpu_eager,630,44,370,0.0,0.080394,0.115071,1.186024,0.0,1.381489,0.0,1.381489
cpu_eager,631,19,46,0.0,0.075506,0.08428,1.043442,0.0,1.203228,0.0,1.203228
cpu_eager,632,34,188,0.0,0.074395,0.112113,1.105266,0.0,1.2917740000000002,0.0,1.2917740000000002
cpu_eager,633,46,346,0.0,0.075741,0.115364,1.172695,0.0,1.3638000000000001,0.0,1.3638000000000001
cpu_eager,634,36,136,0.0,0.074351,0.098898,1.104853,0.0,1.278102,0.0,1.278102
cpu_eager,635,34,228,0.0,0.07346,0.11272,1.139288,0.0,1.325468,0.0,1.325468
cpu_eager,636,40,336,0.0,0.076985,0.112936,1.166239,0.0,1.35616,0.0,1.35616
cpu_eager,637,52,400,0.0,0.077229,0.124419,1.220313,0.0,1.421961,0.0,1.421961
cpu_eager,638,38,182,0.0,0.076748,0.098951,1.111173,0.0,1.286872,0.0,1.286872
cpu_eager,639,40,438,0.0,0.076675,0.114021,1.200703,0.0,1.391399,0.0,1.391399
cpu_eager,640,20,74,0.0,0.074416,0.09622,1.049076,0.0,1.219712,0.0,1.219712
cpu_eager,641,78,722,0.0,0.07607,0.156495,1.346455,0.0,1.5790199999999999,0.0,1.5790199999999999
cpu_eager,642,22,56,0.0,0.075373,0.087237,1.047774,0.0,1.210384,0.0,1.210384
cpu_eager,643,40,222,0.0,0.084491,0.10392,1.133102,0.0,1.321513,0.0,1.321513
cpu_eager,644,41,262,0.0,0.076168,0.105519,1.143268,0.0,1.3249549999999999,0.0,1.3249549999999999
cpu_eager,645,39,204,0.0,0.075768,0.107062,1.124176,0.0,1.3070060000000001,0.0,1.3070060000000001
cpu_eager,646,50,316,0.0,0.084648,0.116262,1.157222,0.0,1.358132,0.0,1.358132
cpu_eager,647,15,26,0.0,0.073747,0.079979,1.048167,0.0,1.201893,0.0,1.201893
cpu_eager,648,46,592,0.0,0.075663,0.128477,1.291066,0.0,1.495206,0.0,1.495206
cpu_eager,649,29,100,0.0,0.075839,0.092971,1.076293,0.0,1.2451029999999998,0.0,1.2451029999999998
cpu_eager,650,24,206,0.0,0.073543,0.097292,1.104432,0.0,1.2752670000000002,0.0,1.2752670000000002
cpu_eager,651,94,894,0.0,0.076046,0.170445,1.425848,0.0,1.672339,0.0,1.672339
cpu_eager,652,33,136,0.0,0.075588,0.103181,1.109303,0.0,1.2880719999999999,0.0,1.2880719999999999
cpu_eager,653,62,654,0.0,0.076606,0.142705,1.291799,0.0,1.51111,0.0,1.51111
cpu_eager,654,31,120,0.0,0.076234,0.094821,1.087049,0.0,1.258104,0.0,1.258104
cpu_eager,655,36,172,0.0,0.07496,0.101598,1.119004,0.0,1.295562,0.0,1.295562
cpu_eager,656,36,150,0.0,0.075419,0.108182,1.094451,0.0,1.2780520000000002,0.0,1.2780520000000002
cpu_eager,657,35,236,0.0,0.074013,0.100853,1.127139,0.0,1.3020049999999999,0.0,1.3020049999999999
cpu_eager,658,35,250,0.0,0.075203,0.104396,1.135636,0.0,1.3152350000000002,0.0,1.3152350000000002
cpu_eager,659,32,278,0.0,0.074688,0.113023,1.148212,0.0,1.335923,0.0,1.335923
cpu_eager,660,24,68,0.0,0.074268,0.090606,1.043147,0.0,1.208021,0.0,1.208021
cpu_eager,661,29,176,0.0,0.074654,0.099909,1.138096,0.0,1.312659,0.0,1.312659
cpu_eager,662,25,140,0.0,0.07501,0.09599,1.156177,0.0,1.327177,0.0,1.327177
cpu_eager,663,30,86,0.0,0.075339,0.092279,1.061775,0.0,1.229393,0.0,1.229393
cpu_eager,664,27,136,0.0,0.074531,0.09682,1.235066,0.0,1.406417,0.0,1.406417
cpu_eager,665,28,96,0.0,0.090028,0.122382,1.210635,0.0,1.423045,0.0,1.423045
cpu_eager,666,31,140,0.0,0.07495,0.098456,1.116486,0.0,1.289892,0.0,1.289892
cpu_eager,667,47,314,0.0,0.076446,0.117907,1.173759,0.0,1.368112,0.0,1.368112
cpu_eager,668,27,82,0.0,0.075271,0.091117,1.065446,0.0,1.2318339999999999,0.0,1.2318339999999999
cpu_eager,669,31,154,0.0,0.075844,0.095812,1.103564,0.0,1.27522,0.0,1.27522
cpu_eager,670,72,862,0.0,0.077195,0.160792,1.421352,0.0,1.659339,0.0,1.659339
cpu_eager,671,24,52,0.0,0.075228,0.086953,1.047604,0.0,1.209785,0.0,1.209785
cpu_eager,672,26,104,0.0,0.073419,0.092632,1.054295,0.0,1.220346,0.0,1.220346
cpu_eager,673,32,108,0.0,0.074492,0.094356,1.052992,0.0,1.2218399999999998,0.0,1.2218399999999998
cpu_eager,674,24,90,0.0,0.075635,0.090904,1.067824,0.0,1.234363,0.0,1.234363
cpu_eager,675,83,1306,0.0,0.077077,0.183128,1.393785,0.0,1.65399,0.0,1.65399
cpu_eager,676,52,352,0.0,0.086422,0.12303,1.174832,0.0,1.384284,0.0,1.384284
cpu_eager,677,23,80,0.0,0.076321,0.086804,1.05762,0.0,1.220745,0.0,1.220745
cpu_eager,678,31,184,0.0,0.07424,0.096253,1.103864,0.0,1.274357,0.0,1.274357
cpu_eager,679,28,98,0.0,0.083277,0.09339,1.052192,0.0,1.228859,0.0,1.228859
cpu_eager,680,29,122,0.0,0.074109,0.094203,1.147599,0.0,1.315911,0.0,1.315911
cpu_eager,681,27,196,0.0,0.075562,0.100064,1.144272,0.0,1.319898,0.0,1.319898
cpu_eager,682,23,58,0.0,0.075248,0.096677,1.04693,0.0,1.218855,0.0,1.218855
cpu_eager,683,45,234,0.0,0.077015,0.108797,1.129058,0.0,1.31487,0.0,1.31487
cpu_eager,684,21,64,0.0,0.074868,0.085423,1.043131,0.0,1.203422,0.0,1.203422
cpu_eager,685,69,1330,0.0,0.07634,0.165625,1.401842,0.0,1.643807,0.0,1.643807
cpu_eager,686,53,646,0.0,0.077063,0.128013,1.297673,0.0,1.5027490000000001,0.0,1.5027490000000001
cpu_eager,687,55,358,0.0,0.076734,0.133411,1.180148,0.0,1.390293,0.0,1.390293
cpu_eager,688,52,300,0.0,0.076964,0.117062,1.166925,0.0,1.360951,0.0,1.360951
cpu_eager,689,31,112,0.0,0.07501,0.09562,1.069224,0.0,1.239854,0.0,1.239854
cpu_eager,690,15,40,0.0,0.08149,0.080297,1.046087,0.0,1.207874,0.0,1.207874
cpu_eager,691,47,376,0.0,0.075137,0.120571,1.177001,0.0,1.372709,0.0,1.372709
cpu_eager,692,17,46,0.0,0.073694,0.082387,1.037584,0.0,1.193665,0.0,1.193665
cpu_eager,693,13,36,0.0,0.073955,0.078466,1.038809,0.0,1.19123,0.0,1.19123
cpu_eager,694,62,598,0.0,0.077195,0.139928,1.306196,0.0,1.5233189999999999,0.0,1.5233189999999999
cpu_eager,695,50,1028,0.0,0.076312,0.139431,1.361533,0.0,1.5772760000000001,0.0,1.5772760000000001
cpu_eager,696,49,204,0.0,0.076175,0.112141,1.116503,0.0,1.304819,0.0,1.304819
cpu_eager,697,22,46,0.0,0.074971,0.084666,1.042739,0.0,1.2023760000000001,0.0,1.2023760000000001
cpu_eager,698,28,124,0.0,0.074047,0.093251,1.072381,0.0,1.239679,0.0,1.239679
cpu_eager,699,31,110,0.0,0.075739,0.094192,1.059875,0.0,1.229806,0.0,1.229806
cpu_eager,700,33,156,0.0,0.076109,0.098031,1.113248,0.0,1.287388,0.0,1.287388
cpu_eager,701,20,68,0.0,0.075408,0.087147,1.055623,0.0,1.218178,0.0,1.218178
cpu_eager,702,31,118,0.0,0.074109,0.103863,1.069983,0.0,1.247955,0.0,1.247955
cpu_eager,703,34,168,0.0,0.0746,0.103274,1.125274,0.0,1.3031480000000002,0.0,1.3031480000000002
cpu_eager,704,83,926,0.0,0.077102,0.171823,1.399621,0.0,1.648546,0.0,1.648546
cpu_eager,705,48,304,0.0,0.077317,0.113693,1.158403,0.0,1.3494130000000002,0.0,1.3494130000000002
cpu_eager,706,16,40,0.0,0.074072,0.080607,1.028843,0.0,1.183522,0.0,1.183522
cpu_eager,707,33,254,0.0,0.073983,0.106444,1.14145,0.0,1.3218770000000002,0.0,1.3218770000000002
cpu_eager,708,67,1094,0.0,0.076802,0.166957,1.380714,0.0,1.624473,0.0,1.624473
cpu_eager,709,42,142,0.0,0.077945,0.105439,1.123069,0.0,1.306453,0.0,1.306453
cpu_eager,710,27,122,0.0,0.074993,0.092832,1.072868,0.0,1.2406929999999998,0.0,1.2406929999999998
cpu_eager,711,102,1618,0.0,0.077852,0.220149,1.478677,0.0,1.776678,0.0,1.776678
cpu_eager,712,27,76,0.0,0.076664,0.091889,1.072921,0.0,1.241474,0.0,1.241474
cpu_eager,713,24,72,0.0,0.07414,0.087441,1.043739,0.0,1.20532,0.0,1.20532
cpu_eager,714,56,342,0.0,0.07585,0.123778,1.183638,0.0,1.3832659999999999,0.0,1.3832659999999999
cpu_eager,715,24,64,0.0,0.074233,0.089415,1.041446,0.0,1.205094,0.0,1.205094
cpu_eager,716,29,76,0.0,0.07425,0.091943,1.052518,0.0,1.218711,0.0,1.218711
cpu_eager,717,21,104,0.0,0.073813,0.088605,1.068139,0.0,1.230557,0.0,1.230557
cpu_eager,718,23,118,0.0,0.073575,0.089624,1.064877,0.0,1.2280760000000002,0.0,1.2280760000000002
cpu_eager,719,56,376,0.0,0.076433,0.121562,1.171006,0.0,1.369001,0.0,1.369001
cpu_eager,720,31,98,0.0,0.074468,0.094197,1.063466,0.0,1.232131,0.0,1.232131
cpu_eager,721,44,242,0.0,0.074846,0.109131,1.137824,0.0,1.321801,0.0,1.321801
cpu_eager,722,19,162,0.0,0.074997,0.088895,1.095302,0.0,1.259194,0.0,1.259194
cpu_eager,723,45,356,0.0,0.076638,0.123525,1.185231,0.0,1.3853939999999998,0.0,1.3853939999999998
cpu_eager,724,36,342,0.0,0.074994,0.112922,1.169166,0.0,1.357082,0.0,1.357082
cpu_eager,725,36,150,0.0,0.074779,0.104271,1.090067,0.0,1.2691169999999998,0.0,1.2691169999999998
cpu_eager,726,41,280,0.0,0.075767,0.111477,1.148961,0.0,1.3362049999999999,0.0,1.3362049999999999
cpu_eager,727,33,160,0.0,0.074578,0.108259,1.099893,0.0,1.28273,0.0,1.28273
cpu_eager,728,34,154,0.0,0.074759,0.100128,1.098043,0.0,1.2729300000000001,0.0,1.2729300000000001
cpu_eager,729,52,540,0.0,0.076136,0.127827,1.275384,0.0,1.4793470000000002,0.0,1.4793470000000002
cpu_eager,730,26,74,0.0,0.082726,0.093578,1.060087,0.0,1.236391,0.0,1.236391
cpu_eager,731,23,64,0.0,0.074868,0.086154,1.039622,0.0,1.200644,0.0,1.200644
cpu_eager,732,60,622,0.0,0.07674,0.13236,1.298244,0.0,1.507344,0.0,1.507344
cpu_eager,733,39,336,0.0,0.084487,0.114225,1.164371,0.0,1.363083,0.0,1.363083
cpu_eager,734,42,304,0.0,0.07677,0.114829,1.161215,0.0,1.3528140000000002,0.0,1.3528140000000002
cpu_eager,735,47,274,0.0,0.07704,0.112607,1.161945,0.0,1.3515920000000001,0.0,1.3515920000000001
cpu_eager,736,34,104,0.0,0.074572,0.096902,1.069138,0.0,1.240612,0.0,1.240612
cpu_eager,737,48,334,0.0,0.076702,0.122609,1.16424,0.0,1.363551,0.0,1.363551
cpu_eager,738,26,80,0.0,0.07598,0.089017,1.059431,0.0,1.224428,0.0,1.224428
cpu_eager,739,38,262,0.0,0.076434,0.107599,1.155028,0.0,1.339061,0.0,1.339061
cpu_eager,740,20,104,0.0,0.074183,0.087671,1.05278,0.0,1.214634,0.0,1.214634
cpu_eager,741,38,208,0.0,0.075913,0.107495,1.11283,0.0,1.296238,0.0,1.296238
cpu_eager,742,22,114,0.0,0.081498,0.088277,1.086804,0.0,1.2565790000000001,0.0,1.2565790000000001
cpu_eager,743,32,194,0.0,0.076918,0.100297,1.118882,0.0,1.296097,0.0,1.296097
cpu_eager,744,34,164,0.0,0.075606,0.100331,1.099612,0.0,1.275549,0.0,1.275549
cpu_eager,745,31,132,0.0,0.074718,0.105951,1.098135,0.0,1.278804,0.0,1.278804
cpu_eager,746,22,84,0.0,0.074986,0.088416,1.049656,0.0,1.213058,0.0,1.213058
cpu_eager,747,32,202,0.0,0.073999,0.098058,1.168854,0.0,1.3409110000000002,0.0,1.3409110000000002
cpu_eager,748,45,336,0.0,0.07823,0.132927,1.180934,0.0,1.392091,0.0,1.392091
cpu_eager,749,50,330,0.0,0.077932,0.118828,1.155205,0.0,1.351965,0.0,1.351965
cpu_eager,750,46,230,0.0,0.07515,0.111515,1.129086,0.0,1.3157510000000001,0.0,1.3157510000000001
cpu_eager,751,37,162,0.0,0.084381,0.101442,1.112248,0.0,1.298071,0.0,1.298071
cpu_eager,752,35,138,0.0,0.078785,0.096745,1.091699,0.0,1.267229,0.0,1.267229
cpu_eager,753,39,186,0.0,0.076885,0.10479,1.118929,0.0,1.300604,0.0,1.300604
cpu_eager,754,30,98,0.0,0.087899,0.129039,1.1895,0.0,1.406438,0.0,1.406438
cpu_eager,755,18,40,0.0,0.075493,0.083034,1.039584,0.0,1.1981110000000001,0.0,1.1981110000000001
cpu_eager,756,31,196,0.0,0.074513,0.099676,1.123622,0.0,1.2978109999999998,0.0,1.2978109999999998
cpu_eager,757,47,384,0.0,0.075784,0.129508,1.184031,0.0,1.389323,0.0,1.389323
cpu_eager,758,35,286,0.0,0.075287,0.107106,1.137449,0.0,1.319842,0.0,1.319842
cpu_eager,759,30,118,0.0,0.075593,0.098325,1.07362,0.0,1.247538,0.0,1.247538
cpu_eager,760,31,126,0.0,0.094421,0.113749,1.11848,0.0,1.3266499999999999,0.0,1.3266499999999999
cpu_eager,761,23,88,0.0,0.075074,0.087071,1.070393,0.0,1.232538,0.0,1.232538
cpu_eager,762,52,428,0.0,0.076124,0.120515,1.194327,0.0,1.390966,0.0,1.390966
cpu_eager,763,14,34,0.0,0.078094,0.080661,1.038742,0.0,1.197497,0.0,1.197497
cpu_eager,764,34,200,0.0,0.075464,0.100276,1.174004,0.0,1.349744,0.0,1.349744
cpu_eager,765,43,266,0.0,0.085959,0.107864,1.299194,0.0,1.493017,0.0,1.493017
cpu_eager,766,14,22,0.0,0.076335,0.079598,1.028225,0.0,1.184158,0.0,1.184158
cpu_eager,767,24,100,0.0,0.074495,0.089474,1.118579,0.0,1.282548,0.0,1.282548
cpu_eager,768,22,100,0.0,0.074706,0.089497,1.094944,0.0,1.259147,0.0,1.259147
cpu_eager,769,41,242,0.0,0.085266,0.109405,1.138411,0.0,1.333082,0.0,1.333082
cpu_eager,770,23,88,0.0,0.076054,0.088086,1.05945,0.0,1.22359,0.0,1.22359
cpu_eager,771,29,122,0.0,0.075662,0.096706,1.081875,0.0,1.254243,0.0,1.254243
cpu_eager,772,21,52,0.0,0.074208,0.095146,1.039016,0.0,1.20837,0.0,1.20837
cpu_eager,773,55,380,0.0,0.077364,0.127066,1.1788,0.0,1.3832300000000002,0.0,1.3832300000000002
cpu_eager,774,37,202,0.0,0.074678,0.105008,1.145845,0.0,1.325531,0.0,1.325531
cpu_eager,775,22,50,0.0,0.076045,0.093341,1.041997,0.0,1.211383,0.0,1.211383
cpu_eager,776,38,150,0.0,0.07586,0.101946,1.113699,0.0,1.291505,0.0,1.291505
cpu_eager,777,28,116,0.0,0.075069,0.092091,1.065897,0.0,1.233057,0.0,1.233057
cpu_eager,778,49,322,0.0,0.076626,0.119727,1.18451,0.0,1.380863,0.0,1.380863
cpu_eager,779,28,138,0.0,0.075523,0.097047,1.103993,0.0,1.276563,0.0,1.276563
cpu_eager,780,30,148,0.0,0.074537,0.096019,1.098167,0.0,1.2687229999999998,0.0,1.2687229999999998
cpu_eager,781,49,340,0.0,0.07597,0.119947,1.173889,0.0,1.369806,0.0,1.369806
cpu_eager,782,34,114,0.0,0.074564,0.096819,1.210729,0.0,1.382112,0.0,1.382112
cpu_eager,783,43,342,0.0,0.095404,0.156728,1.503168,0.0,1.7553,0.0,1.7553
cpu_eager,784,42,166,0.0,0.101349,0.108121,1.190116,0.0,1.399586,0.0,1.399586
cpu_eager,785,29,160,0.0,0.077216,0.098027,1.127282,0.0,1.302525,0.0,1.302525
cpu_eager,786,59,476,0.0,0.078064,0.132512,1.219267,0.0,1.429843,0.0,1.429843
cpu_eager,787,31,134,0.0,0.079842,0.098832,1.13672,0.0,1.315394,0.0,1.315394
cpu_eager,788,34,148,0.0,0.077778,0.113506,1.110031,0.0,1.301315,0.0,1.301315
cpu_eager,789,37,240,0.0,0.076692,0.106132,1.140096,0.0,1.3229199999999999,0.0,1.3229199999999999
cpu_eager,790,23,78,0.0,0.075053,0.088355,1.053702,0.0,1.21711,0.0,1.21711
cpu_eager,791,33,138,0.0,0.075117,0.102594,1.125548,0.0,1.303259,0.0,1.303259
cpu_eager,792,62,572,0.0,0.0772,0.141053,1.297132,0.0,1.515385,0.0,1.515385
cpu_eager,793,36,184,0.0,0.075386,0.103685,1.130502,0.0,1.3095729999999999,0.0,1.3095729999999999
cpu_eager,794,45,284,0.0,0.087137,0.111336,1.192765,0.0,1.391238,0.0,1.391238
cpu_eager,795,66,832,0.0,0.078623,0.152495,1.399339,0.0,1.630457,0.0,1.630457
cpu_eager,796,61,378,0.0,0.077037,0.132824,1.19254,0.0,1.402401,0.0,1.402401
cpu_eager,797,60,374,0.0,0.077777,0.127091,1.187373,0.0,1.392241,0.0,1.392241
cpu_eager,798,16,52,0.0,0.07476,0.090385,1.039364,0.0,1.2045089999999998,0.0,1.2045089999999998
cpu_eager,799,54,426,0.0,0.078271,0.127047,1.190904,0.0,1.3962219999999999,0.0,1.3962219999999999
cpu_eager,800,31,100,0.0,0.075891,0.093996,1.066687,0.0,1.236574,0.0,1.236574
cpu_eager,801,44,366,0.0,0.075233,0.12899,1.16464,0.0,1.368863,0.0,1.368863
cpu_eager,802,38,132,0.0,0.077267,0.102248,1.105313,0.0,1.284828,0.0,1.284828
cpu_eager,803,66,568,0.0,0.076909,0.141689,1.2798,0.0,1.4983980000000001,0.0,1.4983980000000001
cpu_eager,804,39,288,0.0,0.079716,0.111304,1.186927,0.0,1.377947,0.0,1.377947
cpu_eager,805,61,608,0.0,0.104252,0.182375,1.351485,0.0,1.638112,0.0,1.638112
cpu_eager,806,50,378,0.0,0.077048,0.123267,1.16993,0.0,1.370245,0.0,1.370245
cpu_eager,807,34,200,0.0,0.07456,0.100634,1.117497,0.0,1.292691,0.0,1.292691
cpu_eager,808,24,66,0.0,0.074395,0.102512,1.04289,0.0,1.219797,0.0,1.219797
cpu_eager,809,37,240,0.0,0.076435,0.10617,1.141363,0.0,1.3239679999999998,0.0,1.3239679999999998
cpu_eager,810,25,72,0.0,0.074663,0.091645,1.066469,0.0,1.232777,0.0,1.232777
cpu_eager,811,23,92,0.0,0.074519,0.087375,1.049918,0.0,1.211812,0.0,1.211812
cpu_eager,812,63,734,0.0,0.084151,0.137111,1.349771,0.0,1.5710330000000001,0.0,1.5710330000000001
cpu_eager,813,29,100,0.0,0.074901,0.092577,1.0574,0.0,1.224878,0.0,1.224878
cpu_eager,814,37,204,0.0,0.074901,0.114618,1.129671,0.0,1.31919,0.0,1.31919
cpu_eager,815,32,268,0.0,0.074605,0.104571,1.127022,0.0,1.306198,0.0,1.306198
cpu_eager,816,57,518,0.0,0.076579,0.137,1.219274,0.0,1.432853,0.0,1.432853
cpu_eager,817,32,178,0.0,0.081647,0.098471,1.324265,0.0,1.504383,0.0,1.504383
cpu_eager,818,50,408,0.0,0.106861,0.184981,1.659414,0.0,1.9512559999999999,0.0,1.9512559999999999
cpu_eager,819,23,102,0.0,0.106185,0.127821,1.265397,0.0,1.499403,0.0,1.499403
cpu_eager,820,28,160,0.0,0.106918,0.141048,1.271697,0.0,1.519663,0.0,1.519663
cpu_eager,821,28,162,0.0,0.098198,0.106266,1.188964,0.0,1.3934279999999999,0.0,1.3934279999999999
cpu_eager,822,23,74,0.0,0.078439,0.089767,1.137249,0.0,1.305455,0.0,1.305455
cpu_eager,823,18,50,0.0,0.075714,0.083474,1.044261,0.0,1.203449,0.0,1.203449
cpu_eager,824,14,46,0.0,0.074084,0.078858,1.11909,0.0,1.2720319999999998,0.0,1.2720319999999998
cpu_eager,825,55,646,0.0,0.077287,0.146103,1.397583,0.0,1.620973,0.0,1.620973
cpu_eager,826,42,398,0.0,0.08875,0.117841,1.254598,0.0,1.461189,0.0,1.461189
cpu_eager,827,19,90,0.0,0.077179,0.085758,1.055027,0.0,1.2179639999999998,0.0,1.2179639999999998
cpu_eager,828,44,188,0.0,0.076261,0.11007,1.112687,0.0,1.299018,0.0,1.299018
cpu_eager,829,28,58,0.0,0.076297,0.091703,1.047321,0.0,1.2153209999999999,0.0,1.2153209999999999
cpu_eager,830,61,574,0.0,0.076123,0.144971,1.276922,0.0,1.4980159999999998,0.0,1.4980159999999998
cpu_eager,831,64,564,0.0,0.076687,0.137403,1.271794,0.0,1.485884,0.0,1.485884
cpu_eager,832,22,132,0.0,0.075388,0.100993,1.09514,0.0,1.271521,0.0,1.271521
cpu_eager,833,34,314,0.0,0.074476,0.111606,1.156984,0.0,1.343066,0.0,1.343066
cpu_eager,834,75,774,0.0,0.083116,0.158558,1.39456,0.0,1.636234,0.0,1.636234
cpu_eager,835,32,150,0.0,0.078927,0.097704,1.10548,0.0,1.282111,0.0,1.282111
cpu_eager,836,41,210,0.0,0.075421,0.108651,1.115857,0.0,1.2999290000000001,0.0,1.2999290000000001
cpu_eager,837,46,438,0.0,0.076171,0.132993,1.17841,0.0,1.3875739999999999,0.0,1.3875739999999999
cpu_eager,838,21,132,0.0,0.07457,0.092507,1.205683,0.0,1.37276,0.0,1.37276
cpu_eager,839,32,128,0.0,0.078692,0.099415,1.19922,0.0,1.377327,0.0,1.377327
cpu_eager,840,36,154,0.0,0.077407,0.103221,1.105428,0.0,1.286056,0.0,1.286056
cpu_eager,841,31,144,0.0,0.073855,0.096652,1.273257,0.0,1.443764,0.0,1.443764
cpu_eager,842,37,296,0.0,0.112515,0.160155,1.54003,0.0,1.8127,0.0,1.8127
cpu_eager,843,57,802,0.0,0.105709,0.222556,1.764828,0.0,2.093093,0.0,2.093093
cpu_eager,844,54,560,0.0,0.111316,0.199072,1.635127,0.0,1.9455149999999999,0.0,1.9455149999999999
cpu_eager,845,33,150,0.0,0.102016,0.144876,1.504888,0.0,1.7517800000000001,0.0,1.7517800000000001
cpu_eager,846,51,310,0.0,0.104816,0.177617,1.565864,0.0,1.8482969999999999,0.0,1.8482969999999999
cpu_eager,847,67,462,0.0,0.106196,0.192177,1.610695,0.0,1.909068,0.0,1.909068
cpu_eager,848,48,372,0.0,0.103677,0.177471,1.601822,0.0,1.88297,0.0,1.88297
cpu_eager,849,36,148,0.0,0.103634,0.140714,1.50619,0.0,1.750538,0.0,1.750538
cpu_eager,850,34,146,0.0,0.102692,0.139137,1.47888,0.0,1.720709,0.0,1.720709
cpu_eager,851,18,40,0.0,0.112942,0.113222,1.424601,0.0,1.650765,0.0,1.650765
cpu_eager,852,26,194,0.0,0.099773,0.136554,1.532955,0.0,1.769282,0.0,1.769282
cpu_eager,853,34,218,0.0,0.102444,0.147708,1.553468,0.0,1.80362,0.0,1.80362
cpu_eager,854,25,128,0.0,0.102835,0.125918,1.511721,0.0,1.740474,0.0,1.740474
cpu_eager,855,21,40,0.0,0.078074,0.088257,1.053187,0.0,1.219518,0.0,1.219518
cpu_eager,856,31,142,0.0,0.076225,0.099438,1.109386,0.0,1.2850489999999999,0.0,1.2850489999999999
cpu_eager,857,29,116,0.0,0.075994,0.096386,1.062042,0.0,1.234422,0.0,1.234422
cpu_eager,858,46,246,0.0,0.076208,0.118252,1.141558,0.0,1.3360180000000001,0.0,1.3360180000000001
cpu_eager,859,38,226,0.0,0.077915,0.108099,1.130514,0.0,1.316528,0.0,1.316528
cpu_eager,860,39,180,0.0,0.076117,0.105405,1.138463,0.0,1.319985,0.0,1.319985
cpu_eager,861,21,28,0.0,0.087926,0.084045,1.036736,0.0,1.208707,0.0,1.208707
cpu_eager,862,37,260,0.0,0.075231,0.109918,1.134466,0.0,1.319615,0.0,1.319615
cpu_eager,863,34,86,0.0,0.075193,0.096108,1.056315,0.0,1.2276159999999998,0.0,1.2276159999999998
cpu_eager,864,24,138,0.0,0.074354,0.094387,1.114716,0.0,1.283457,0.0,1.283457
cpu_eager,865,55,482,0.0,0.076954,0.129544,1.22073,0.0,1.4272280000000002,0.0,1.4272280000000002
cpu_eager,866,9,30,0.0,0.074032,0.075765,1.02621,0.0,1.176007,0.0,1.176007
cpu_eager,867,31,84,0.0,0.073614,0.095477,1.061835,0.0,1.2309260000000002,0.0,1.2309260000000002
cpu_eager,868,63,476,0.0,0.077276,0.128471,1.205979,0.0,1.4117259999999998,0.0,1.4117259999999998
cpu_eager,869,28,136,0.0,0.076188,0.094263,1.095822,0.0,1.266273,0.0,1.266273
cpu_eager,870,25,84,0.0,0.073688,0.093333,1.05399,0.0,1.221011,0.0,1.221011
cpu_eager,871,24,186,0.0,0.074747,0.093353,1.114083,0.0,1.2821829999999999,0.0,1.2821829999999999
cpu_eager,872,44,362,0.0,0.07656,0.112713,1.173867,0.0,1.36314,0.0,1.36314
cpu_eager,873,14,38,0.0,0.075009,0.079909,1.070991,0.0,1.2259090000000001,0.0,1.2259090000000001
cpu_eager,874,69,620,0.0,0.089481,0.139914,1.309387,0.0,1.538782,0.0,1.538782
cpu_eager,875,21,116,0.0,0.074383,0.08798,1.052996,0.0,1.215359,0.0,1.215359
cpu_eager,876,52,452,0.0,0.076108,0.136817,1.190237,0.0,1.403162,0.0,1.403162
cpu_eager,877,20,70,0.0,0.07523,0.088763,1.058558,0.0,1.2225510000000002,0.0,1.2225510000000002
cpu_eager,878,50,396,0.0,0.075561,0.120699,1.170155,0.0,1.366415,0.0,1.366415
cpu_eager,879,26,144,0.0,0.074838,0.106439,1.111991,0.0,1.2932679999999999,0.0,1.2932679999999999
cpu_eager,880,30,158,0.0,0.075325,0.098599,1.111283,0.0,1.285207,0.0,1.285207
cpu_eager,881,27,68,0.0,0.075122,0.094284,1.054237,0.0,1.223643,0.0,1.223643
cpu_eager,882,39,322,0.0,0.075844,0.110206,1.178423,0.0,1.364473,0.0,1.364473
cpu_eager,883,36,236,0.0,0.075605,0.106166,1.1224,0.0,1.3041710000000002,0.0,1.3041710000000002
cpu_eager,884,47,346,0.0,0.075338,0.114516,1.176526,0.0,1.36638,0.0,1.36638
cpu_eager,885,35,256,0.0,0.074695,0.118362,1.130892,0.0,1.323949,0.0,1.323949
cpu_eager,886,76,624,0.0,0.077389,0.154483,1.310221,0.0,1.5420930000000002,0.0,1.5420930000000002
cpu_eager,887,32,124,0.0,0.075125,0.097299,1.058798,0.0,1.2312219999999998,0.0,1.2312219999999998
cpu_eager,888,25,98,0.0,0.07436,0.088746,1.045986,0.0,1.209092,0.0,1.209092
cpu_eager,889,48,342,0.0,0.076299,0.118347,1.148761,0.0,1.343407,0.0,1.343407
cpu_eager,890,30,192,0.0,0.074534,0.10307,1.141183,0.0,1.318787,0.0,1.318787
cpu_eager,891,43,276,0.0,0.076812,0.110939,1.153063,0.0,1.340814,0.0,1.340814
cpu_eager,892,29,94,0.0,0.074924,0.093405,1.088878,0.0,1.257207,0.0,1.257207
cpu_eager,893,50,448,0.0,0.077038,0.12573,1.201788,0.0,1.4045560000000001,0.0,1.4045560000000001
cpu_eager,894,29,142,0.0,0.075087,0.095339,1.111554,0.0,1.28198,0.0,1.28198
cpu_eager,895,40,200,0.0,0.076245,0.107075,1.1206,0.0,1.30392,0.0,1.30392
cpu_eager,896,29,116,0.0,0.075317,0.093709,1.071775,0.0,1.2408009999999998,0.0,1.2408009999999998
cpu_eager,897,17,20,0.0,0.074026,0.080991,1.009053,0.0,1.16407,0.0,1.16407
cpu_eager,898,19,72,0.0,0.074229,0.085045,1.14031,0.0,1.2995839999999999,0.0,1.2995839999999999
cpu_eager,899,36,150,0.0,0.100582,0.141205,1.511834,0.0,1.7536209999999999,0.0,1.7536209999999999
cpu_eager,900,21,60,0.0,0.101959,0.119312,1.45754,0.0,1.678811,0.0,1.678811
cpu_eager,901,38,178,0.0,0.108403,0.143568,1.21666,0.0,1.468631,0.0,1.468631
cpu_eager,902,50,464,0.0,0.075893,0.127044,1.198816,0.0,1.401753,0.0,1.401753
cpu_eager,903,31,128,0.0,0.075919,0.097764,1.098354,0.0,1.272037,0.0,1.272037
cpu_eager,904,35,212,0.0,0.076299,0.104303,1.111449,0.0,1.2920509999999998,0.0,1.2920509999999998
cpu_eager,905,30,162,0.0,0.074437,0.112143,1.114923,0.0,1.301503,0.0,1.301503
cpu_eager,906,36,108,0.0,0.084773,0.102055,1.054293,0.0,1.241121,0.0,1.241121
cpu_eager,907,14,24,0.0,0.074836,0.079605,1.016451,0.0,1.170892,0.0,1.170892
cpu_eager,908,50,326,0.0,0.098112,0.135068,1.190854,0.0,1.424034,0.0,1.424034
cpu_eager,909,30,156,0.0,0.077099,0.104696,1.103464,0.0,1.285259,0.0,1.285259
cpu_eager,910,90,920,0.0,0.07751,0.174381,1.439694,0.0,1.691585,0.0,1.691585
cpu_eager,911,56,400,0.0,0.087798,0.123884,1.19598,0.0,1.407662,0.0,1.407662
cpu_eager,912,30,108,0.0,0.075342,0.095857,1.056036,0.0,1.2272349999999999,0.0,1.2272349999999999
cpu_eager,913,50,698,0.0,0.075714,0.132833,1.299068,0.0,1.507615,0.0,1.507615
cpu_eager,914,37,182,0.0,0.074706,0.101323,1.111401,0.0,1.28743,0.0,1.28743
cpu_eager,915,30,132,0.0,0.074533,0.097319,1.079533,0.0,1.251385,0.0,1.251385
cpu_eager,916,63,398,0.0,0.076588,0.128332,1.193858,0.0,1.398778,0.0,1.398778
cpu_eager,917,36,156,0.0,0.075986,0.100092,1.102479,0.0,1.278557,0.0,1.278557
cpu_eager,918,30,264,0.0,0.074359,0.102931,1.118092,0.0,1.295382,0.0,1.295382
cpu_eager,919,73,1408,0.0,0.077513,0.18913,1.44918,0.0,1.7158229999999999,0.0,1.7158229999999999
cpu_eager,920,23,154,0.0,0.074927,0.092284,1.105876,0.0,1.273087,0.0,1.273087
cpu_eager,921,35,162,0.0,0.075202,0.109189,1.100923,0.0,1.285314,0.0,1.285314
cpu_eager,922,47,214,0.0,0.076303,0.114323,1.125907,0.0,1.316533,0.0,1.316533
cpu_eager,923,32,142,0.0,0.074837,0.09829,1.087592,0.0,1.260719,0.0,1.260719
cpu_eager,924,81,872,0.0,0.076365,0.172608,1.33723,0.0,1.5862029999999998,0.0,1.5862029999999998
cpu_eager,925,42,354,0.0,0.076731,0.112881,1.147227,0.0,1.3368389999999999,0.0,1.3368389999999999
cpu_eager,926,39,216,0.0,0.076517,0.107512,1.13177,0.0,1.315799,0.0,1.315799
cpu_eager,927,46,388,0.0,0.075898,0.120472,1.165066,0.0,1.3614359999999999,0.0,1.3614359999999999
cpu_eager,928,56,330,0.0,0.076444,0.12181,1.157293,0.0,1.3555469999999998,0.0,1.3555469999999998
cpu_eager,929,38,170,0.0,0.083985,0.101683,1.099633,0.0,1.285301,0.0,1.285301
cpu_eager,930,42,274,0.0,0.075927,0.110038,1.135135,0.0,1.3211,0.0,1.3211
cpu_eager,931,58,428,0.0,0.076935,0.130951,1.173843,0.0,1.381729,0.0,1.381729
cpu_eager,932,45,332,0.0,0.076797,0.117009,1.149853,0.0,1.343659,0.0,1.343659
cpu_eager,933,28,148,0.0,0.075267,0.094131,1.095616,0.0,1.2650139999999999,0.0,1.2650139999999999
cpu_eager,934,41,218,0.0,0.075316,0.107773,1.117102,0.0,1.300191,0.0,1.300191
cpu_eager,935,36,240,0.0,0.076067,0.105528,1.109483,0.0,1.291078,0.0,1.291078
cpu_eager,936,18,86,0.0,0.074345,0.083543,1.02861,0.0,1.186498,0.0,1.186498
cpu_eager,937,30,194,0.0,0.073585,0.102449,1.108753,0.0,1.2847870000000001,0.0,1.2847870000000001
cpu_eager,938,35,142,0.0,0.074482,0.107192,1.08427,0.0,1.2659440000000002,0.0,1.2659440000000002
cpu_eager,939,28,174,0.0,0.075511,0.097126,1.107704,0.0,1.280341,0.0,1.280341
cpu_eager,940,105,1866,0.0,0.076813,0.214604,1.492917,0.0,1.784334,0.0,1.784334
cpu_eager,941,40,192,0.0,0.07632,0.103263,1.110755,0.0,1.290338,0.0,1.290338
cpu_eager,942,42,160,0.0,0.075993,0.103563,1.096893,0.0,1.276449,0.0,1.276449
cpu_eager,943,59,410,0.0,0.076998,0.131426,1.172096,0.0,1.38052,0.0,1.38052
cpu_eager,944,24,68,0.0,0.075135,0.089701,1.027309,0.0,1.192145,0.0,1.192145
cpu_eager,945,30,146,0.0,0.075127,0.0951,1.094915,0.0,1.265142,0.0,1.265142
cpu_eager,946,69,1248,0.0,0.076603,0.174959,1.345704,0.0,1.597266,0.0,1.597266
cpu_eager,947,17,54,0.0,0.073925,0.082416,1.045427,0.0,1.2017680000000002,0.0,1.2017680000000002
cpu_eager,948,31,128,0.0,0.075382,0.093399,1.092748,0.0,1.2615290000000001,0.0,1.2615290000000001
cpu_eager,949,41,278,0.0,0.08456,0.116723,1.154114,0.0,1.355397,0.0,1.355397
cpu_eager,950,61,400,0.0,0.077287,0.131324,1.18116,0.0,1.389771,0.0,1.389771
cpu_eager,951,54,384,0.0,0.076896,0.121665,1.177257,0.0,1.375818,0.0,1.375818
cpu_eager,952,34,166,0.0,0.074231,0.101145,1.093136,0.0,1.268512,0.0,1.268512
cpu_eager,953,75,1054,0.0,0.077578,0.166112,1.439062,0.0,1.682752,0.0,1.682752
cpu_eager,954,34,132,0.0,0.075042,0.098521,1.092608,0.0,1.266171,0.0,1.266171
cpu_eager,955,37,426,0.0,0.074309,0.116757,1.205015,0.0,1.396081,0.0,1.396081
cpu_eager,956,25,100,0.0,0.085936,0.091847,1.059404,0.0,1.237187,0.0,1.237187
cpu_eager,957,69,912,0.0,0.077526,0.164086,1.375706,0.0,1.617318,0.0,1.617318
cpu_eager,958,61,638,0.0,0.076511,0.146956,1.270952,0.0,1.4944190000000002,0.0,1.4944190000000002
cpu_eager,959,31,136,0.0,0.076437,0.095772,1.097439,0.0,1.269648,0.0,1.269648
cpu_eager,960,41,212,0.0,0.075923,0.101897,1.118585,0.0,1.296405,0.0,1.296405
cpu_eager,961,32,254,0.0,0.082303,0.101828,1.121555,0.0,1.3056860000000001,0.0,1.3056860000000001
cpu_eager,962,31,98,0.0,0.075015,0.096203,1.084398,0.0,1.2556159999999998,0.0,1.2556159999999998
cpu_eager,963,51,314,0.0,0.076623,0.118213,1.147602,0.0,1.342438,0.0,1.342438
cpu_eager,964,35,264,0.0,0.082031,0.105725,1.128437,0.0,1.316193,0.0,1.316193
cpu_eager,965,33,138,0.0,0.075186,0.101183,1.107032,0.0,1.283401,0.0,1.283401
cpu_eager,966,28,174,0.0,0.074713,0.094192,1.110841,0.0,1.279746,0.0,1.279746
cpu_eager,967,56,370,0.0,0.08406,0.123304,1.167255,0.0,1.374619,0.0,1.374619
cpu_eager,968,32,192,0.0,0.074709,0.095591,1.103759,0.0,1.2740589999999998,0.0,1.2740589999999998
cpu_eager,969,21,120,0.0,0.074641,0.090935,1.053786,0.0,1.2193619999999998,0.0,1.2193619999999998
cpu_eager,970,39,220,0.0,0.075475,0.115039,1.11242,0.0,1.302934,0.0,1.302934
cpu_eager,971,25,92,0.0,0.074488,0.089892,1.229485,0.0,1.393865,0.0,1.393865
cpu_eager,972,71,1010,0.0,0.109007,0.230038,1.812957,0.0,2.152002,0.0,2.152002
cpu_eager,973,35,152,0.0,0.101151,0.148458,1.485718,0.0,1.735327,0.0,1.735327
cpu_eager,974,15,34,0.0,0.099173,0.109793,1.417243,0.0,1.626209,0.0,1.626209
cpu_eager,975,35,132,0.0,0.100334,0.139733,1.42081,0.0,1.660877,0.0,1.660877
cpu_eager,976,21,66,0.0,0.110967,0.12011,1.416271,0.0,1.647348,0.0,1.647348
cpu_eager,977,36,172,0.0,0.101254,0.143669,1.436677,0.0,1.6816,0.0,1.6816
cpu_eager,978,48,302,0.0,0.102669,0.16112,1.526133,0.0,1.789922,0.0,1.789922
cpu_eager,979,69,664,0.0,0.103026,0.22042,1.679967,0.0,2.003413,0.0,2.003413
cpu_eager,980,41,258,0.0,0.103038,0.152057,1.502644,0.0,1.7577390000000002,0.0,1.7577390000000002
cpu_eager,981,36,150,0.0,0.10201,0.140729,1.468553,0.0,1.711292,0.0,1.711292
cpu_eager,982,50,398,0.0,0.102072,0.191942,1.556122,0.0,1.850136,0.0,1.850136
cpu_eager,983,43,342,0.0,0.102216,0.162522,1.544605,0.0,1.8093430000000001,0.0,1.8093430000000001
cpu_eager,984,35,156,0.0,0.100936,0.140463,1.468705,0.0,1.7101039999999998,0.0,1.7101039999999998
cpu_eager,985,32,168,0.0,0.100582,0.134294,1.496789,0.0,1.731665,0.0,1.731665
cpu_eager,986,23,94,0.0,0.101495,0.12027,1.367762,0.0,1.589527,0.0,1.589527
cpu_eager,987,40,248,0.0,0.101309,0.151655,1.443638,0.0,1.696602,0.0,1.696602
cpu_eager,988,25,116,0.0,0.101025,0.127152,1.433595,0.0,1.661772,0.0,1.661772
cpu_eager,989,30,90,0.0,0.101628,0.128371,1.373595,0.0,1.603594,0.0,1.603594
cpu_eager,990,30,90,0.0,0.099082,0.127961,1.444765,0.0,1.671808,0.0,1.671808
cpu_eager,991,32,208,0.0,0.101117,0.14419,1.50357,0.0,1.748877,0.0,1.748877
cpu_eager,992,33,180,0.0,0.103658,0.138732,1.537334,0.0,1.7797239999999999,0.0,1.7797239999999999
cpu_eager,993,45,226,0.0,0.104373,0.165565,1.517424,0.0,1.7873620000000001,0.0,1.7873620000000001
cpu_eager,994,44,228,0.0,0.103971,0.167642,1.494704,0.0,1.766317,0.0,1.766317
cpu_eager,995,31,198,0.0,0.101894,0.143607,1.508234,0.0,1.753735,0.0,1.753735
cpu_eager,996,60,370,0.0,0.104416,0.181732,1.577816,0.0,1.8639640000000002,0.0,1.8639640000000002
cpu_eager,997,82,834,0.0,0.104943,0.239584,2.619826,0.0,2.964353,0.0,2.964353
cpu_eager,998,15,36,0.0,0.101819,0.111615,1.434226,0.0,1.6476600000000001,0.0,1.6476600000000001
cpu_eager,999,36,142,0.0,0.102898,0.140092,1.497676,0.0,1.740666,0.0,1.740666
cpu_eager,1000,21,88,0.0,0.102239,0.130205,1.431294,0.0,1.663738,0.0,1.663738
cpu_eager,1001,27,84,0.0,0.102374,0.130542,1.44421,0.0,1.677126,0.0,1.677126
cpu_eager,1002,28,120,0.0,0.101979,0.13137,1.453906,0.0,1.687255,0.0,1.687255
cpu_eager,1003,51,312,0.0,0.113928,0.163119,1.548058,0.0,1.825105,0.0,1.825105
cpu_eager,1004,65,1078,0.0,0.106025,0.253585,1.820451,0.0,2.1800610000000002,0.0,2.1800610000000002
cpu_eager,1005,31,218,0.0,0.103741,0.140596,1.515815,0.0,1.760152,0.0,1.760152
cpu_eager,1006,55,632,0.0,0.104082,0.206202,1.678143,0.0,1.988427,0.0,1.988427
cpu_eager,1007,41,186,0.0,0.102656,0.160773,1.490115,0.0,1.7535440000000002,0.0,1.7535440000000002
cpu_eager,1008,43,340,0.0,0.103998,0.164669,1.54713,0.0,1.8157969999999999,0.0,1.8157969999999999
cpu_eager,1009,39,482,0.0,0.104138,0.175693,1.578674,0.0,1.8585049999999999,0.0,1.8585049999999999
cpu_eager,1010,18,62,0.0,0.101768,0.11531,1.43624,0.0,1.653318,0.0,1.653318
cpu_eager,1011,33,138,0.0,0.100971,0.140955,1.467348,0.0,1.7092740000000002,0.0,1.7092740000000002
cpu_eager,1012,24,122,0.0,0.106529,0.136596,1.453998,0.0,1.697123,0.0,1.697123
cpu_eager,1013,22,64,0.0,0.101964,0.120299,1.445211,0.0,1.667474,0.0,1.667474
cpu_eager,1014,46,346,0.0,0.10378,0.185558,1.494992,0.0,1.7843300000000002,0.0,1.7843300000000002
cpu_eager,1015,53,532,0.0,0.103923,0.192442,1.632811,0.0,1.929176,0.0,1.929176
cpu_eager,1016,76,596,0.0,0.105281,0.220811,1.706182,0.0,2.032274,0.0,2.032274
cpu_eager,1017,40,196,0.0,0.105186,0.146393,1.499793,0.0,1.751372,0.0,1.751372
cpu_eager,1018,28,124,0.0,0.110572,0.135045,1.448271,0.0,1.693888,0.0,1.693888
cpu_eager,1019,47,210,0.0,0.102086,0.162034,1.515435,0.0,1.7795550000000002,0.0,1.7795550000000002
cpu_eager,1020,39,200,0.0,0.103427,0.15445,1.495417,0.0,1.753294,0.0,1.753294
cpu_eager,1021,39,194,0.0,0.103586,0.153124,1.513203,0.0,1.769913,0.0,1.769913
cpu_eager,1022,50,408,0.0,0.103084,0.171445,1.560956,0.0,1.835485,0.0,1.835485
cpu_eager,1023,12,32,0.0,0.111166,0.10686,1.383459,0.0,1.601485,0.0,1.601485
cpu_eager,1024,59,438,0.0,0.103858,0.193138,1.530661,0.0,1.827657,0.0,1.827657
cpu_eager,1025,43,222,0.0,0.104944,0.154513,1.514504,0.0,1.7739610000000001,0.0,1.7739610000000001
cpu_eager,1026,23,96,0.0,0.101469,0.123539,1.461527,0.0,1.6865350000000001,0.0,1.6865350000000001
cpu_eager,1027,28,120,0.0,0.104456,0.129823,1.399397,0.0,1.633676,0.0,1.633676
cpu_eager,1028,34,162,0.0,0.101741,0.146793,1.50408,0.0,1.7526140000000001,0.0,1.7526140000000001
cpu_eager,1029,38,226,0.0,0.103424,0.151485,1.521739,0.0,1.776648,0.0,1.776648
cpu_eager,1030,31,214,0.0,0.103064,0.139459,1.513899,0.0,1.7564220000000001,0.0,1.7564220000000001
cpu_eager,1031,61,826,0.0,0.103701,0.220418,1.803487,0.0,2.127606,0.0,2.127606
cpu_eager,1032,25,66,0.0,0.102914,0.123752,1.440237,0.0,1.666903,0.0,1.666903
cpu_eager,1033,30,84,0.0,0.112086,0.133411,1.4503,0.0,1.695797,0.0,1.695797
cpu_eager,1034,36,232,0.0,0.101565,0.145192,1.518615,0.0,1.7653720000000002,0.0,1.7653720000000002
cpu_eager,1035,73,954,0.0,0.105764,0.244269,1.794862,0.0,2.144895,0.0,2.144895
cpu_eager,1036,61,458,0.0,0.106977,0.194301,1.614313,0.0,1.915591,0.0,1.915591
cpu_eager,1037,85,806,0.0,0.105326,0.250994,1.776947,0.0,2.133267,0.0,2.133267
cpu_eager,1038,47,334,0.0,0.103664,0.183359,1.551563,0.0,1.838586,0.0,1.838586
cpu_eager,1039,55,404,0.0,0.106603,0.187489,1.589265,0.0,1.883357,0.0,1.883357
cpu_eager,1040,39,286,0.0,0.103265,0.15505,1.544392,0.0,1.8027069999999998,0.0,1.8027069999999998
cpu_eager,1041,40,176,0.0,0.10395,0.156741,1.518728,0.0,1.779419,0.0,1.779419
cpu_eager,1042,36,236,0.0,0.103859,0.16401,1.511313,0.0,1.779182,0.0,1.779182
cpu_eager,1043,55,346,0.0,0.104647,0.179056,1.568869,0.0,1.852572,0.0,1.852572
cpu_eager,1044,26,102,0.0,0.110321,0.12766,1.456165,0.0,1.694146,0.0,1.694146
cpu_eager,1045,25,108,0.0,0.103569,0.124923,1.458548,0.0,1.6870399999999999,0.0,1.6870399999999999
cpu_eager,1046,24,56,0.0,0.100865,0.123301,1.365572,0.0,1.589738,0.0,1.589738
cpu_eager,1047,23,68,0.0,0.101781,0.123998,1.36934,0.0,1.595119,0.0,1.595119
cpu_eager,1048,27,144,0.0,0.100932,0.13287,1.406062,0.0,1.639864,0.0,1.639864
cpu_eager,1049,25,66,0.0,0.100138,0.1213,1.35677,0.0,1.578208,0.0,1.578208
cpu_eager,1050,35,134,0.0,0.106132,0.148476,1.376181,0.0,1.630789,0.0,1.630789
cpu_eager,1051,44,312,0.0,0.113181,0.156469,1.464963,0.0,1.734613,0.0,1.734613
cpu_eager,1052,62,456,0.0,0.098793,0.176306,1.532264,0.0,1.807363,0.0,1.807363
cpu_eager,1053,20,68,0.0,0.112202,0.125741,1.367339,0.0,1.605282,0.0,1.605282
cpu_eager,1054,38,142,0.0,0.12248,0.133254,1.421723,0.0,1.677457,0.0,1.677457
cpu_eager,1055,27,130,0.0,0.099788,0.130009,1.468626,0.0,1.698423,0.0,1.698423
cpu_eager,1056,23,78,0.0,0.0999,0.122148,1.413968,0.0,1.636016,0.0,1.636016
cpu_eager,1057,23,92,0.0,0.105451,0.123867,1.391696,0.0,1.6210140000000002,0.0,1.6210140000000002
cpu_eager,1058,34,232,0.0,0.099718,0.144486,1.497314,0.0,1.7415180000000001,0.0,1.7415180000000001
cpu_eager,1059,56,664,0.0,0.103263,0.205868,1.672416,0.0,1.981547,0.0,1.981547
cpu_eager,1060,47,468,0.0,0.104692,0.180882,1.56079,0.0,1.846364,0.0,1.846364
cpu_eager,1061,32,142,0.0,0.100324,0.139187,1.464488,0.0,1.703999,0.0,1.703999
cpu_eager,1062,56,324,0.0,0.10262,0.175143,1.519356,0.0,1.797119,0.0,1.797119
cpu_eager,1063,35,234,0.0,0.108254,0.149164,1.494376,0.0,1.7517939999999999,0.0,1.7517939999999999
cpu_eager,1064,29,184,0.0,0.104917,0.137999,1.490628,0.0,1.7335440000000002,0.0,1.7335440000000002
cpu_eager,1065,42,204,0.0,0.103041,0.156397,1.460437,0.0,1.719875,0.0,1.719875
cpu_eager,1066,20,78,0.0,0.101208,0.118554,1.41322,0.0,1.632982,0.0,1.632982
cpu_eager,1067,54,384,0.0,0.112256,0.187942,1.488003,0.0,1.788201,0.0,1.788201
cpu_eager,1068,36,200,0.0,0.101994,0.145746,1.479346,0.0,1.7270860000000001,0.0,1.7270860000000001
cpu_eager,1069,27,110,0.0,0.101583,0.130027,1.454129,0.0,1.685739,0.0,1.685739
cpu_eager,1070,59,588,0.0,0.103168,0.204619,1.673772,0.0,1.981559,0.0,1.981559
cpu_eager,1071,58,402,0.0,0.103657,0.184249,1.577618,0.0,1.865524,0.0,1.865524
cpu_eager,1072,37,154,0.0,0.102925,0.147919,1.478888,0.0,1.729732,0.0,1.729732
cpu_eager,1073,26,182,0.0,0.114831,0.138532,1.499973,0.0,1.753336,0.0,1.753336
cpu_eager,1074,37,226,0.0,0.102158,0.146718,1.530473,0.0,1.7793489999999998,0.0,1.7793489999999998
cpu_eager,1075,45,234,0.0,0.104583,0.164441,1.520456,0.0,1.78948,0.0,1.78948
cpu_eager,1076,65,576,0.0,0.10608,0.205448,1.667735,0.0,1.979263,0.0,1.979263
cpu_eager,1077,59,612,0.0,0.103758,0.206335,1.675585,0.0,1.985678,0.0,1.985678
cpu_eager,1078,45,222,0.0,0.103788,0.161164,1.512791,0.0,1.777743,0.0,1.777743
cpu_eager,1079,34,194,0.0,0.101917,0.14509,1.485239,0.0,1.732246,0.0,1.732246
cpu_eager,1080,53,330,0.0,0.107091,0.170045,1.533904,0.0,1.81104,0.0,1.81104
cpu_eager,1081,46,244,0.0,0.104467,0.166686,1.49051,0.0,1.761663,0.0,1.761663
cpu_eager,1082,59,256,0.0,0.105244,0.176598,1.516992,0.0,1.7988339999999998,0.0,1.7988339999999998
cpu_eager,1083,43,146,0.0,0.103185,0.15018,1.480696,0.0,1.734061,0.0,1.734061
cpu_eager,1084,74,1248,0.0,0.104872,0.258378,1.952553,0.0,2.315803,0.0,2.315803
cpu_eager,1085,71,902,0.0,0.104923,0.251217,1.770462,0.0,2.126602,0.0,2.126602
cpu_eager,1086,63,826,0.0,0.105667,0.238014,1.708613,0.0,2.052294,0.0,2.052294
cpu_eager,1087,50,334,0.0,0.103122,0.180833,1.533378,0.0,1.8173329999999999,0.0,1.8173329999999999
cpu_eager,1088,80,518,0.0,0.10604,0.237912,1.611824,0.0,1.955776,0.0,1.955776
cpu_eager,1089,63,462,0.0,0.105259,0.217275,1.575279,0.0,1.8978130000000002,0.0,1.8978130000000002
cpu_eager,1090,29,86,0.0,0.102258,0.127642,1.457893,0.0,1.687793,0.0,1.687793
cpu_eager,1091,21,94,0.0,0.099658,0.119136,1.426723,0.0,1.645517,0.0,1.645517
cpu_eager,1092,91,1980,0.0,0.105275,0.282244,1.898878,0.0,2.286397,0.0,2.286397
cpu_eager,1093,19,70,0.0,0.103061,0.117294,1.44255,0.0,1.662905,0.0,1.662905
cpu_eager,1094,30,124,0.0,0.101467,0.141418,1.405421,0.0,1.648306,0.0,1.648306
cpu_eager,1095,30,126,0.0,0.101603,0.144935,1.477895,0.0,1.7244329999999999,0.0,1.7244329999999999
cpu_eager,1096,44,304,0.0,0.103111,0.164489,1.532044,0.0,1.799644,0.0,1.799644
cpu_eager,1097,29,236,0.0,0.102095,0.141801,1.505387,0.0,1.7492830000000001,0.0,1.7492830000000001
cpu_eager,1098,29,120,0.0,0.1022,0.127665,1.456364,0.0,1.686229,0.0,1.686229
cpu_eager,1099,33,206,0.0,0.102229,0.154601,1.487312,0.0,1.744142,0.0,1.744142
cpu_eager,1100,25,40,0.0,0.1017,0.118358,1.427505,0.0,1.647563,0.0,1.647563
cpu_eager,1101,80,622,0.0,0.104739,0.219639,1.621795,0.0,1.9461730000000002,0.0,1.9461730000000002
cpu_eager,1102,25,134,0.0,0.101376,0.128521,1.47957,0.0,1.709467,0.0,1.709467
cpu_eager,1103,33,210,0.0,0.102766,0.147745,1.493024,0.0,1.7435349999999998,0.0,1.7435349999999998
cpu_eager,1104,28,110,0.0,0.101857,0.138897,1.45802,0.0,1.698774,0.0,1.698774
cpu_eager,1105,71,692,0.0,0.105523,0.226552,1.691292,0.0,2.023367,0.0,2.023367
cpu_eager,1106,20,32,0.0,0.10186,0.113711,1.440962,0.0,1.656533,0.0,1.656533
cpu_eager,1107,51,582,0.0,0.104991,0.2037,1.64755,0.0,1.9562410000000001,0.0,1.9562410000000001
cpu_eager,1108,20,58,0.0,0.101923,0.120114,1.434992,0.0,1.657029,0.0,1.657029
cpu_eager,1109,68,552,0.0,0.105372,0.213309,1.593149,0.0,1.91183,0.0,1.91183
cpu_eager,1110,26,132,0.0,0.111591,0.133983,1.464658,0.0,1.710232,0.0,1.710232
cpu_eager,1111,53,380,0.0,0.102163,0.196834,1.552552,0.0,1.851549,0.0,1.851549
cpu_eager,1112,39,262,0.0,0.103282,0.156003,1.532742,0.0,1.792027,0.0,1.792027
cpu_eager,1113,52,566,0.0,0.103623,0.196439,1.655123,0.0,1.955185,0.0,1.955185
cpu_eager,1114,76,792,0.0,0.104554,0.243698,1.738097,0.0,2.0863490000000002,0.0,2.0863490000000002
cpu_eager,1115,28,106,0.0,0.101598,0.127486,1.455873,0.0,1.684957,0.0,1.684957
cpu_eager,1116,47,408,0.0,0.103823,0.16822,1.5586,0.0,1.830643,0.0,1.830643
cpu_eager,1117,69,392,0.0,0.104358,0.186658,1.570974,0.0,1.86199,0.0,1.86199
cpu_eager,1118,13,44,0.0,0.100987,0.109058,1.422522,0.0,1.632567,0.0,1.632567
cpu_eager,1119,27,106,0.0,0.102758,0.13063,1.409953,0.0,1.643341,0.0,1.643341
cpu_eager,1120,21,34,0.0,0.099777,0.117248,1.424325,0.0,1.64135,0.0,1.64135
cpu_eager,1121,32,136,0.0,0.103099,0.134366,1.423207,0.0,1.6606720000000001,0.0,1.6606720000000001
cpu_eager,1122,27,92,0.0,0.100849,0.13686,1.452769,0.0,1.690478,0.0,1.690478
cpu_eager,1123,23,78,0.0,0.100643,0.123383,1.441015,0.0,1.665041,0.0,1.665041
cpu_eager,1124,32,250,0.0,0.102544,0.146868,1.507791,0.0,1.757203,0.0,1.757203
cpu_eager,1125,21,44,0.0,0.102069,0.115326,1.420324,0.0,1.637719,0.0,1.637719
cpu_eager,1126,32,128,0.0,0.100773,0.131988,1.472602,0.0,1.705363,0.0,1.705363
cpu_eager,1127,25,70,0.0,0.101086,0.122072,1.412935,0.0,1.636093,0.0,1.636093
cpu_eager,1128,74,868,0.0,0.104672,0.235632,1.760148,0.0,2.100452,0.0,2.100452
cpu_eager,1129,34,172,0.0,0.102101,0.140878,1.482849,0.0,1.7258280000000001,0.0,1.7258280000000001
cpu_eager,1130,43,258,0.0,0.1038,0.155193,1.506306,0.0,1.765299,0.0,1.765299
cpu_eager,1131,33,124,0.0,0.101178,0.144923,1.443728,0.0,1.689829,0.0,1.689829
cpu_eager,1132,39,240,0.0,0.102854,0.152649,1.533561,0.0,1.789064,0.0,1.789064
cpu_eager,1133,39,340,0.0,0.10318,0.159804,1.543329,0.0,1.8063129999999998,0.0,1.8063129999999998
cpu_eager,1134,37,222,0.0,0.103111,0.147547,1.505072,0.0,1.75573,0.0,1.75573
cpu_eager,1135,101,1082,0.0,0.107532,0.274841,1.801268,0.0,2.183641,0.0,2.183641
cpu_eager,1136,15,36,0.0,0.102125,0.110859,1.420146,0.0,1.63313,0.0,1.63313
cpu_eager,1137,19,72,0.0,0.108631,0.120908,1.375024,0.0,1.604563,0.0,1.604563
cpu_eager,1138,27,114,0.0,0.101651,0.12889,1.460997,0.0,1.691538,0.0,1.691538
cpu_eager,1139,24,68,0.0,0.102694,0.12451,1.437994,0.0,1.665198,0.0,1.665198
cpu_eager,1140,31,136,0.0,0.111816,0.135619,1.480799,0.0,1.728234,0.0,1.728234
cpu_eager,1141,45,374,0.0,0.104489,0.184457,1.549594,0.0,1.83854,0.0,1.83854
cpu_eager,1142,54,468,0.0,0.103833,0.180193,1.580691,0.0,1.8647170000000002,0.0,1.8647170000000002
cpu_eager,1143,41,190,0.0,0.10354,0.146518,1.497309,0.0,1.7473670000000001,0.0,1.7473670000000001
cpu_eager,1144,31,98,0.0,0.101214,0.133043,1.478635,0.0,1.7128919999999999,0.0,1.7128919999999999
cpu_eager,1145,35,156,0.0,0.101361,0.143413,1.476708,0.0,1.721482,0.0,1.721482
cpu_eager,1146,22,62,0.0,0.101585,0.1351,1.415512,0.0,1.6521970000000001,0.0,1.6521970000000001
cpu_eager,1147,49,410,0.0,0.103258,0.179619,1.563113,0.0,1.84599,0.0,1.84599
cpu_eager,1148,43,252,0.0,0.10585,0.158361,1.52891,0.0,1.793121,0.0,1.793121
cpu_eager,1149,41,116,0.0,0.104043,0.146567,1.452224,0.0,1.702834,0.0,1.702834
cpu_eager,1150,23,116,0.0,0.110162,0.122876,1.458573,0.0,1.691611,0.0,1.691611
cpu_eager,1151,27,112,0.0,0.101136,0.127955,1.409372,0.0,1.638463,0.0,1.638463
cpu_compile,128,30,184,0.0,0.093848,0.113373,0.719501,0.0,0.9267219999999999,0.0,0.9267219999999999
cpu_compile,129,36,158,0.0,0.092867,0.113017,0.712274,0.0,0.918158,0.0,0.918158
cpu_compile,130,31,182,0.0,0.09206,0.109326,0.72545,0.0,0.926836,0.0,0.926836
cpu_compile,131,50,538,0.0,0.089914,0.149345,0.788812,0.0,1.028071,0.0,1.028071
cpu_compile,132,33,166,0.0,0.091402,0.110045,0.706723,0.0,0.9081699999999999,0.0,0.9081699999999999
cpu_compile,133,57,302,0.0,0.088294,0.140589,0.760943,0.0,0.9898260000000001,0.0,0.9898260000000001
cpu_compile,134,22,80,0.0,0.08824,0.094981,0.650503,0.0,0.833724,0.0,0.833724
cpu_compile,135,29,106,0.0,0.087243,0.104107,0.652951,0.0,0.844301,0.0,0.844301
cpu_compile,136,25,78,0.0,0.088131,0.096865,0.632977,0.0,0.8179730000000001,0.0,0.8179730000000001
cpu_compile,137,23,56,0.0,0.086563,0.10407,0.633114,0.0,0.823747,0.0,0.823747
cpu_compile,138,43,262,0.0,0.090017,0.123413,0.741521,0.0,0.954951,0.0,0.954951
cpu_compile,139,32,98,0.0,0.089589,0.10294,0.648266,0.0,0.840795,0.0,0.840795
cpu_compile,140,22,118,0.0,0.088244,0.096663,0.645535,0.0,0.8304419999999999,0.0,0.8304419999999999
cpu_compile,141,40,218,0.0,0.087277,0.11927,0.719844,0.0,0.926391,0.0,0.926391
cpu_compile,142,32,104,0.0,0.089132,0.104064,0.655081,0.0,0.8482770000000001,0.0,0.8482770000000001
cpu_compile,143,36,230,0.0,0.088305,0.117942,0.740814,0.0,0.9470609999999999,0.0,0.9470609999999999
cpu_compile,144,38,268,0.0,0.088523,0.120795,0.729893,0.0,0.939211,0.0,0.939211
cpu_compile,145,22,80,0.0,0.086136,0.09581,0.661393,0.0,0.8433390000000001,0.0,0.8433390000000001
cpu_compile,146,32,162,0.0,0.08952,0.105685,0.693935,0.0,0.88914,0.0,0.88914
cpu_compile,147,34,130,0.0,0.089207,0.106744,0.68748,0.0,0.883431,0.0,0.883431
cpu_compile,148,36,152,0.0,0.099986,0.109894,0.711381,0.0,0.9212610000000001,0.0,0.9212610000000001
cpu_compile,149,45,272,0.0,0.094872,0.130722,0.739104,0.0,0.964698,0.0,0.964698
cpu_compile,150,45,208,0.0,0.099601,0.122371,0.729156,0.0,0.951128,0.0,0.951128
cpu_compile,151,51,454,0.0,0.089459,0.150939,0.763793,0.0,1.004191,0.0,1.004191
cpu_compile,152,45,268,0.0,0.097797,0.131457,0.731063,0.0,0.960317,0.0,0.960317
cpu_compile,153,54,284,0.0,0.097751,0.131554,0.753652,0.0,0.982957,0.0,0.982957
cpu_compile,154,34,106,0.0,0.094437,0.107345,0.665435,0.0,0.867217,0.0,0.867217
cpu_compile,155,50,446,0.0,0.086599,0.148139,0.781327,0.0,1.016065,0.0,1.016065
cpu_compile,156,70,1080,0.0,0.089549,0.200071,0.888858,0.0,1.1784780000000001,0.0,1.1784780000000001
cpu_compile,157,32,246,0.0,0.089293,0.116114,0.727732,0.0,0.933139,0.0,0.933139
cpu_compile,158,33,146,0.0,0.091256,0.110977,0.679938,0.0,0.882171,0.0,0.882171
cpu_compile,159,38,180,0.0,0.096675,0.114581,0.712535,0.0,0.923791,0.0,0.923791
cpu_compile,160,15,30,0.0,0.093508,0.086326,0.65287,0.0,0.8327039999999999,0.0,0.8327039999999999
cpu_compile,161,20,86,0.0,0.088633,0.095189,0.641956,0.0,0.8257779999999999,0.0,0.8257779999999999
cpu_compile,162,18,54,0.0,0.08759,0.088393,0.64109,0.0,0.817073,0.0,0.817073
cpu_compile,163,17,80,0.0,0.08779,0.090527,0.635505,0.0,0.813822,0.0,0.813822
cpu_compile,164,27,146,0.0,0.087446,0.105052,0.676576,0.0,0.8690739999999999,0.0,0.8690739999999999
cpu_compile,165,27,136,0.0,0.088958,0.106356,0.700424,0.0,0.895738,0.0,0.895738
cpu_compile,166,22,170,0.0,0.087432,0.099423,0.706067,0.0,0.892922,0.0,0.892922
cpu_compile,167,43,564,0.0,0.087572,0.141165,0.806518,0.0,1.035255,0.0,1.035255
cpu_compile,168,28,90,0.0,0.087077,0.099602,0.655213,0.0,0.8418920000000001,0.0,0.8418920000000001
cpu_compile,169,34,176,0.0,0.088708,0.110734,0.688488,0.0,0.88793,0.0,0.88793
cpu_compile,170,30,120,0.0,0.094826,0.10587,0.647179,0.0,0.8478749999999999,0.0,0.8478749999999999
cpu_compile,171,42,192,0.0,0.09149,0.126148,0.704234,0.0,0.921872,0.0,0.921872
cpu_compile,172,15,50,0.0,0.086115,0.085475,0.642451,0.0,0.814041,0.0,0.814041
cpu_compile,173,37,220,0.0,0.088319,0.11419,0.722594,0.0,0.925103,0.0,0.925103
cpu_compile,174,42,240,0.0,0.091444,0.123165,0.734467,0.0,0.949076,0.0,0.949076
cpu_compile,175,55,388,0.0,0.088284,0.144832,0.777747,0.0,1.010863,0.0,1.010863
cpu_compile,176,27,62,0.0,0.08978,0.098615,0.654227,0.0,0.842622,0.0,0.842622
cpu_compile,177,23,112,0.0,0.087574,0.097173,0.655956,0.0,0.840703,0.0,0.840703
cpu_compile,178,34,226,0.0,0.08681,0.11566,0.71909,0.0,0.9215599999999999,0.0,0.9215599999999999
cpu_compile,179,44,258,0.0,0.089515,0.130637,0.735849,0.0,0.956001,0.0,0.956001
cpu_compile,180,52,410,0.0,0.091314,0.134186,0.817985,0.0,1.043485,0.0,1.043485
cpu_compile,181,29,114,0.0,0.090397,0.103932,0.659865,0.0,0.854194,0.0,0.854194
cpu_compile,182,35,172,0.0,0.086977,0.110754,0.721703,0.0,0.919434,0.0,0.919434
cpu_compile,183,44,250,0.0,0.087915,0.126647,0.738551,0.0,0.953113,0.0,0.953113
cpu_compile,184,34,204,0.0,0.0896,0.112641,0.727172,0.0,0.929413,0.0,0.929413
cpu_compile,185,66,660,0.0,0.092515,0.172258,0.822281,0.0,1.087054,0.0,1.087054
cpu_compile,186,31,154,0.0,0.090425,0.110309,0.700935,0.0,0.901669,0.0,0.901669
cpu_compile,187,38,404,0.0,0.092031,0.128724,0.767461,0.0,0.988216,0.0,0.988216
cpu_compile,188,22,74,0.0,0.091445,0.095233,0.658019,0.0,0.844697,0.0,0.844697
cpu_compile,189,73,812,0.0,0.09317,0.176473,0.848709,0.0,1.118352,0.0,1.118352
cpu_compile,190,56,848,0.0,0.091645,0.162692,0.855974,0.0,1.110311,0.0,1.110311
cpu_compile,191,44,196,0.0,0.095652,0.123776,0.70964,0.0,0.929068,0.0,0.929068
cpu_compile,192,73,600,0.0,0.093138,0.167783,0.792685,0.0,1.0536059999999998,0.0,1.0536059999999998
cpu_compile,193,27,90,0.0,0.090642,0.104512,0.655817,0.0,0.8509709999999999,0.0,0.8509709999999999
cpu_compile,194,39,242,0.0,0.090956,0.116053,0.743357,0.0,0.950366,0.0,0.950366
cpu_compile,195,50,312,0.0,0.091215,0.130911,0.755915,0.0,0.9780409999999999,0.0,0.9780409999999999
cpu_compile,196,17,30,0.0,0.087139,0.088535,0.643191,0.0,0.818865,0.0,0.818865
cpu_compile,197,29,98,0.0,0.088876,0.106305,0.657047,0.0,0.852228,0.0,0.852228
cpu_compile,198,62,466,0.0,0.092566,0.150903,0.767686,0.0,1.011155,0.0,1.011155
cpu_compile,199,28,142,0.0,0.088334,0.106866,0.708625,0.0,0.9038249999999999,0.0,0.9038249999999999
cpu_compile,200,42,492,0.0,0.092407,0.140173,0.78001,0.0,1.0125899999999999,0.0,1.0125899999999999
cpu_compile,201,34,142,0.0,0.089875,0.113193,0.689833,0.0,0.8929010000000001,0.0,0.8929010000000001
cpu_compile,202,24,78,0.0,0.088132,0.096795,0.653807,0.0,0.8387340000000001,0.0,0.8387340000000001
cpu_compile,203,21,32,0.0,0.08716,0.099373,0.626572,0.0,0.813105,0.0,0.813105
cpu_compile,204,22,90,0.0,0.085345,0.095837,0.641654,0.0,0.8228359999999999,0.0,0.8228359999999999
cpu_compile,205,18,64,0.0,0.092058,0.092423,0.640819,0.0,0.8253,0.0,0.8253
cpu_compile,206,24,50,0.0,0.089181,0.09315,0.641626,0.0,0.823957,0.0,0.823957
cpu_compile,207,26,102,0.0,0.087845,0.099828,0.648458,0.0,0.836131,0.0,0.836131
cpu_compile,208,63,580,0.0,0.091954,0.168996,0.795564,0.0,1.056514,0.0,1.056514
cpu_compile,209,31,94,0.0,0.091177,0.103037,0.675754,0.0,0.869968,0.0,0.869968
cpu_compile,210,25,108,0.0,0.089227,0.103985,0.651455,0.0,0.8446670000000001,0.0,0.8446670000000001
cpu_compile,211,25,62,0.0,0.09083,0.09698,0.64185,0.0,0.8296600000000001,0.0,0.8296600000000001
cpu_compile,212,27,146,0.0,0.088909,0.115577,0.689866,0.0,0.894352,0.0,0.894352
cpu_compile,213,25,56,0.0,0.088057,0.103183,0.652686,0.0,0.843926,0.0,0.843926
cpu_compile,214,41,336,0.0,0.08839,0.12816,0.766322,0.0,0.982872,0.0,0.982872
cpu_compile,215,40,230,0.0,0.087207,0.11965,0.741883,0.0,0.9487399999999999,0.0,0.9487399999999999
cpu_compile,216,53,450,0.0,0.090095,0.143849,0.772389,0.0,1.006333,0.0,1.006333
cpu_compile,217,46,236,0.0,0.091422,0.124376,0.739498,0.0,0.9552959999999999,0.0,0.9552959999999999
cpu_compile,218,45,276,0.0,0.087112,0.125354,0.760926,0.0,0.973392,0.0,0.973392
cpu_compile,219,18,36,0.0,0.090274,0.089329,0.636143,0.0,0.8157460000000001,0.0,0.8157460000000001
cpu_compile,220,20,74,0.0,0.087894,0.091678,0.637428,0.0,0.817,0.0,0.817
cpu_compile,221,58,622,0.0,0.09193,0.162952,0.800016,0.0,1.054898,0.0,1.054898
cpu_compile,222,50,324,0.0,0.090446,0.137411,0.768457,0.0,0.9963139999999999,0.0,0.9963139999999999
cpu_compile,223,58,474,0.0,0.093642,0.152004,0.786222,0.0,1.031868,0.0,1.031868
cpu_compile,224,32,208,0.0,0.087933,0.108967,0.722798,0.0,0.919698,0.0,0.919698
cpu_compile,225,35,230,0.0,0.09024,0.115124,0.738283,0.0,0.943647,0.0,0.943647
cpu_compile,226,51,386,0.0,0.087031,0.140796,0.799252,0.0,1.027079,0.0,1.027079
cpu_compile,227,39,302,0.0,0.088299,0.1233,0.758603,0.0,0.970202,0.0,0.970202
cpu_compile,228,26,92,0.0,0.085758,0.100737,0.663206,0.0,0.8497009999999999,0.0,0.8497009999999999
cpu_compile,229,49,318,0.0,0.092016,0.129066,0.758688,0.0,0.97977,0.0,0.97977
cpu_compile,230,44,314,0.0,0.088703,0.131003,0.75536,0.0,0.975066,0.0,0.975066
cpu_compile,231,47,450,0.0,0.086412,0.134108,0.782059,0.0,1.0025789999999999,0.0,1.0025789999999999
cpu_compile,232,22,78,0.0,0.089704,0.098717,0.660184,0.0,0.848605,0.0,0.848605
cpu_compile,233,40,160,0.0,0.09007,0.121498,0.742705,0.0,0.9542729999999999,0.0,0.9542729999999999
cpu_compile,234,17,52,0.0,0.087036,0.08796,0.647208,0.0,0.8222039999999999,0.0,0.8222039999999999
cpu_compile,235,22,58,0.0,0.090684,0.095008,0.642617,0.0,0.828309,0.0,0.828309
cpu_compile,236,25,174,0.0,0.086521,0.106974,0.686789,0.0,0.880284,0.0,0.880284
cpu_compile,237,48,322,0.0,0.088479,0.128052,0.743191,0.0,0.9597220000000001,0.0,0.9597220000000001
cpu_compile,238,27,138,0.0,0.087264,0.104925,0.702793,0.0,0.8949819999999999,0.0,0.8949819999999999
cpu_compile,239,38,160,0.0,0.095451,0.113356,0.700702,0.0,0.909509,0.0,0.909509
cpu_compile,240,21,114,0.0,0.087655,0.103163,0.660281,0.0,0.851099,0.0,0.851099
cpu_compile,241,26,88,0.0,0.091541,0.099085,0.65166,0.0,0.8422860000000001,0.0,0.8422860000000001
cpu_compile,242,29,154,0.0,0.086518,0.104319,0.704406,0.0,0.895243,0.0,0.895243
cpu_compile,243,54,908,0.0,0.088223,0.171849,0.864651,0.0,1.124723,0.0,1.124723
cpu_compile,244,43,226,0.0,0.089223,0.120543,0.739038,0.0,0.948804,0.0,0.948804
cpu_compile,245,28,136,0.0,0.090244,0.101744,0.705717,0.0,0.897705,0.0,0.897705
cpu_compile,246,30,100,0.0,0.087225,0.10651,0.671819,0.0,0.865554,0.0,0.865554
cpu_compile,247,39,208,0.0,0.086513,0.114768,0.722203,0.0,0.923484,0.0,0.923484
cpu_compile,248,31,190,0.0,0.087147,0.110046,0.710399,0.0,0.907592,0.0,0.907592
cpu_compile,249,45,212,0.0,0.088044,0.12168,0.737843,0.0,0.947567,0.0,0.947567
cpu_compile,250,40,238,0.0,0.086602,0.11386,0.748574,0.0,0.949036,0.0,0.949036
cpu_compile,251,29,162,0.0,0.086541,0.106453,0.714374,0.0,0.907368,0.0,0.907368
cpu_compile,252,32,160,0.0,0.089682,0.107759,0.702618,0.0,0.9000589999999999,0.0,0.9000589999999999
cpu_compile,253,32,122,0.0,0.085942,0.109467,0.66427,0.0,0.8596790000000001,0.0,0.8596790000000001
cpu_compile,254,47,394,0.0,0.091921,0.140182,0.779839,0.0,1.011942,0.0,1.011942
cpu_compile,255,42,276,0.0,0.088445,0.122727,0.779866,0.0,0.991038,0.0,0.991038
cpu_compile,256,50,608,0.0,0.088347,0.152696,0.805469,0.0,1.0465119999999999,0.0,1.0465119999999999
cpu_compile,257,69,832,0.0,0.08868,0.178983,0.856906,0.0,1.124569,0.0,1.124569
cpu_compile,258,48,306,0.0,0.091762,0.13326,0.767829,0.0,0.9928509999999999,0.0,0.9928509999999999
cpu_compile,259,38,204,0.0,0.089346,0.118067,0.734898,0.0,0.9423110000000001,0.0,0.9423110000000001
cpu_compile,260,23,64,0.0,0.085937,0.095621,0.634904,0.0,0.816462,0.0,0.816462
cpu_compile,261,34,212,0.0,0.087122,0.117171,0.725349,0.0,0.9296420000000001,0.0,0.9296420000000001
cpu_compile,262,56,398,0.0,0.09268,0.139652,0.767693,0.0,1.000025,0.0,1.000025
cpu_compile,263,44,228,0.0,0.092802,0.124249,0.736313,0.0,0.953364,0.0,0.953364
cpu_compile,264,47,256,0.0,0.091817,0.127993,0.742366,0.0,0.9621759999999999,0.0,0.9621759999999999
cpu_compile,265,38,214,0.0,0.087788,0.118485,0.7467,0.0,0.9529730000000001,0.0,0.9529730000000001
cpu_compile,266,50,392,0.0,0.089363,0.14055,0.774817,0.0,1.00473,0.0,1.00473
cpu_compile,267,63,548,0.0,0.089379,0.160742,0.80094,0.0,1.051061,0.0,1.051061
cpu_compile,268,26,76,0.0,0.090606,0.099572,0.665393,0.0,0.8555710000000001,0.0,0.8555710000000001
cpu_compile,269,26,170,0.0,0.091527,0.104691,0.716343,0.0,0.912561,0.0,0.912561
cpu_compile,270,31,118,0.0,0.08798,0.108142,0.670444,0.0,0.8665660000000001,0.0,0.8665660000000001
cpu_compile,271,39,218,0.0,0.087458,0.116767,0.726304,0.0,0.9305289999999999,0.0,0.9305289999999999
cpu_compile,272,32,126,0.0,0.092668,0.106123,0.714075,0.0,0.912866,0.0,0.912866
cpu_compile,273,21,56,0.0,0.096709,0.095146,0.632335,0.0,0.82419,0.0,0.82419
cpu_compile,274,20,76,0.0,0.085482,0.099741,0.63905,0.0,0.824273,0.0,0.824273
cpu_compile,275,28,190,0.0,0.088603,0.103732,0.70312,0.0,0.895455,0.0,0.895455
cpu_compile,276,50,290,0.0,0.090995,0.132247,0.773252,0.0,0.996494,0.0,0.996494
cpu_compile,277,51,404,0.0,0.090237,0.136253,0.783188,0.0,1.009678,0.0,1.009678
cpu_compile,278,52,312,0.0,0.087053,0.138484,0.769134,0.0,0.994671,0.0,0.994671
cpu_compile,279,32,182,0.0,0.08655,0.10781,0.732388,0.0,0.926748,0.0,0.926748
cpu_compile,280,19,132,0.0,0.089298,0.093622,0.708733,0.0,0.8916529999999999,0.0,0.8916529999999999
cpu_compile,281,49,236,0.0,0.087453,0.129064,0.740457,0.0,0.956974,0.0,0.956974
cpu_compile,282,38,188,0.0,0.088901,0.114714,0.716619,0.0,0.920234,0.0,0.920234
cpu_compile,283,26,92,0.0,0.089181,0.100983,0.655048,0.0,0.845212,0.0,0.845212
cpu_compile,284,33,130,0.0,0.089925,0.107824,0.689728,0.0,0.8874770000000001,0.0,0.8874770000000001
cpu_compile,285,52,302,0.0,0.088947,0.135929,0.753631,0.0,0.978507,0.0,0.978507
cpu_compile,286,26,80,0.0,0.08924,0.10104,0.693033,0.0,0.883313,0.0,0.883313
cpu_compile,287,36,234,0.0,0.087065,0.114633,0.735814,0.0,0.9375119999999999,0.0,0.9375119999999999
cpu_compile,288,41,370,0.0,0.09047,0.127908,0.761754,0.0,0.980132,0.0,0.980132
cpu_compile,289,64,914,0.0,0.091272,0.183269,0.873989,0.0,1.14853,0.0,1.14853
cpu_compile,290,34,148,0.0,0.091431,0.111431,0.701221,0.0,0.904083,0.0,0.904083
cpu_compile,291,15,30,0.0,0.08579,0.085588,0.640157,0.0,0.811535,0.0,0.811535
cpu_compile,292,25,72,0.0,0.086225,0.09884,0.643933,0.0,0.8289979999999999,0.0,0.8289979999999999
cpu_compile,293,39,192,0.0,0.091014,0.117405,0.722007,0.0,0.930426,0.0,0.930426
cpu_compile,294,24,124,0.0,0.097009,0.097835,0.657062,0.0,0.851906,0.0,0.851906
cpu_compile,295,19,64,0.0,0.08542,0.100059,0.640833,0.0,0.8263119999999999,0.0,0.8263119999999999
cpu_compile,296,43,388,0.0,0.090796,0.129839,0.76663,0.0,0.9872650000000001,0.0,0.9872650000000001
cpu_compile,297,41,154,0.0,0.087031,0.116703,0.698139,0.0,0.9018729999999999,0.0,0.9018729999999999
cpu_compile,298,33,126,0.0,0.090497,0.106246,0.691908,0.0,0.888651,0.0,0.888651
cpu_compile,299,15,52,0.0,0.086778,0.087094,0.644227,0.0,0.818099,0.0,0.818099
cpu_compile,300,38,298,0.0,0.092285,0.124312,0.746433,0.0,0.96303,0.0,0.96303
cpu_compile,301,29,64,0.0,0.087311,0.100781,0.65767,0.0,0.8457619999999999,0.0,0.8457619999999999
cpu_compile,302,31,150,0.0,0.087241,0.110617,0.714323,0.0,0.912181,0.0,0.912181
cpu_compile,303,60,470,0.0,0.089007,0.150324,0.779523,0.0,1.018854,0.0,1.018854
cpu_compile,304,17,44,0.0,0.089537,0.088312,0.651058,0.0,0.8289070000000001,0.0,0.8289070000000001
cpu_compile,305,37,134,0.0,0.089423,0.109754,0.703073,0.0,0.90225,0.0,0.90225
cpu_compile,306,28,186,0.0,0.086071,0.108107,0.717424,0.0,0.9116019999999999,0.0,0.9116019999999999
cpu_compile,307,42,226,0.0,0.091502,0.119221,0.713171,0.0,0.923894,0.0,0.923894
cpu_compile,308,16,12,0.0,0.092852,0.085073,0.624558,0.0,0.802483,0.0,0.802483
cpu_compile,309,21,86,0.0,0.085679,0.101619,0.640631,0.0,0.8279289999999999,0.0,0.8279289999999999
cpu_compile,310,34,338,0.0,0.089298,0.122006,0.760108,0.0,0.9714119999999999,0.0,0.9714119999999999
cpu_compile,311,31,100,0.0,0.086178,0.10347,0.670261,0.0,0.859909,0.0,0.859909
cpu_compile,312,34,194,0.0,0.088156,0.111397,0.720353,0.0,0.919906,0.0,0.919906
cpu_compile,313,59,482,0.0,0.089949,0.14939,0.797506,0.0,1.036845,0.0,1.036845
cpu_compile,314,46,344,0.0,0.091449,0.132879,0.763996,0.0,0.988324,0.0,0.988324
cpu_compile,315,34,190,0.0,0.08691,0.111462,0.732912,0.0,0.931284,0.0,0.931284
cpu_compile,316,77,1344,0.0,0.088404,0.205822,0.925959,0.0,1.2201849999999999,0.0,1.2201849999999999
cpu_compile,317,31,164,0.0,0.091785,0.116979,0.69649,0.0,0.905254,0.0,0.905254
cpu_compile,318,27,120,0.0,0.092782,0.10246,0.648099,0.0,0.843341,0.0,0.843341
cpu_compile,319,54,584,0.0,0.090889,0.15735,0.801296,0.0,1.049535,0.0,1.049535
cpu_compile,320,28,116,0.0,0.087113,0.104757,0.661023,0.0,0.852893,0.0,0.852893
cpu_compile,321,35,110,0.0,0.090458,0.110919,0.658957,0.0,0.860334,0.0,0.860334
cpu_compile,322,26,124,0.0,0.089207,0.099915,0.659862,0.0,0.848984,0.0,0.848984
cpu_compile,323,25,132,0.0,0.088856,0.100171,0.713247,0.0,0.902274,0.0,0.902274
cpu_compile,324,57,288,0.0,0.094025,0.136637,0.758304,0.0,0.988966,0.0,0.988966
cpu_compile,325,54,298,0.0,0.091111,0.137816,0.771225,0.0,1.000152,0.0,1.000152
cpu_compile,326,51,276,0.0,0.091808,0.133267,0.753732,0.0,0.978807,0.0,0.978807
cpu_compile,327,38,298,0.0,0.088693,0.123835,0.756634,0.0,0.9691620000000001,0.0,0.9691620000000001
cpu_compile,328,55,364,0.0,0.087123,0.142922,0.768587,0.0,0.998632,0.0,0.998632
cpu_compile,329,52,508,0.0,0.089656,0.146483,0.810245,0.0,1.046384,0.0,1.046384
cpu_compile,330,55,390,0.0,0.094104,0.142066,0.780535,0.0,1.016705,0.0,1.016705
cpu_compile,331,12,20,0.0,0.088093,0.083085,0.631344,0.0,0.802522,0.0,0.802522
cpu_compile,332,40,214,0.0,0.090646,0.117856,0.717499,0.0,0.9260010000000001,0.0,0.9260010000000001
cpu_compile,333,31,118,0.0,0.089233,0.104778,0.662694,0.0,0.856705,0.0,0.856705
cpu_compile,334,43,356,0.0,0.088563,0.130371,0.750826,0.0,0.96976,0.0,0.96976
cpu_compile,335,49,316,0.0,0.090942,0.129344,0.762532,0.0,0.982818,0.0,0.982818
cpu_compile,336,34,226,0.0,0.087439,0.118263,0.731723,0.0,0.937425,0.0,0.937425
cpu_compile,337,18,84,0.0,0.086553,0.092455,0.650324,0.0,0.829332,0.0,0.829332
cpu_compile,338,41,316,0.0,0.087775,0.128487,0.744819,0.0,0.9610810000000001,0.0,0.9610810000000001
cpu_compile,339,31,164,0.0,0.08713,0.112775,0.700949,0.0,0.900854,0.0,0.900854
cpu_compile,340,63,790,0.0,0.092701,0.16905,0.853664,0.0,1.115415,0.0,1.115415
cpu_compile,341,35,126,0.0,0.088571,0.107689,0.695644,0.0,0.891904,0.0,0.891904
cpu_compile,342,45,608,0.0,0.087568,0.142154,0.799083,0.0,1.028805,0.0,1.028805
cpu_compile,343,37,122,0.0,0.087861,0.112032,0.663968,0.0,0.863861,0.0,0.863861
cpu_compile,344,35,306,0.0,0.088177,0.118869,0.753807,0.0,0.960853,0.0,0.960853
cpu_compile,345,43,216,0.0,0.08801,0.120237,0.718377,0.0,0.9266240000000001,0.0,0.9266240000000001
cpu_compile,346,18,82,0.0,0.093702,0.093182,0.641434,0.0,0.8283179999999999,0.0,0.8283179999999999
cpu_compile,347,23,72,0.0,0.085538,0.102996,0.643008,0.0,0.831542,0.0,0.831542
cpu_compile,348,37,426,0.0,0.086908,0.127575,0.771453,0.0,0.985936,0.0,0.985936
cpu_compile,349,29,114,0.0,0.087767,0.103367,0.654092,0.0,0.845226,0.0,0.845226
cpu_compile,350,34,382,0.0,0.08731,0.125073,0.767709,0.0,0.980092,0.0,0.980092
cpu_compile,351,35,182,0.0,0.086581,0.112242,0.704896,0.0,0.9037189999999999,0.0,0.9037189999999999
cpu_compile,352,51,562,0.0,0.088696,0.149635,0.788885,0.0,1.027216,0.0,1.027216
cpu_compile,353,32,122,0.0,0.088613,0.106738,0.667454,0.0,0.862805,0.0,0.862805
cpu_compile,354,45,334,0.0,0.088173,0.13063,0.762585,0.0,0.9813879999999999,0.0,0.9813879999999999
cpu_compile,355,42,282,0.0,0.088783,0.12573,0.753552,0.0,0.968065,0.0,0.968065
cpu_compile,356,22,96,0.0,0.088629,0.095968,0.655077,0.0,0.839674,0.0,0.839674
cpu_compile,357,35,148,0.0,0.091499,0.110238,0.695187,0.0,0.896924,0.0,0.896924
cpu_compile,358,26,112,0.0,0.085522,0.100782,0.666144,0.0,0.852448,0.0,0.852448
cpu_compile,359,34,204,0.0,0.087002,0.110313,0.72023,0.0,0.917545,0.0,0.917545
cpu_compile,360,58,720,0.0,0.088269,0.16215,0.839337,0.0,1.089756,0.0,1.089756
cpu_compile,361,37,238,0.0,0.088174,0.113333,0.743612,0.0,0.945119,0.0,0.945119
cpu_compile,362,48,288,0.0,0.087759,0.124332,0.754527,0.0,0.966618,0.0,0.966618
cpu_compile,363,59,498,0.0,0.088612,0.159691,0.792824,0.0,1.041127,0.0,1.041127
cpu_compile,364,49,310,0.0,0.094181,0.133122,0.757644,0.0,0.984947,0.0,0.984947
cpu_compile,365,34,102,0.0,0.086795,0.106127,0.660677,0.0,0.853599,0.0,0.853599
cpu_compile,366,44,236,0.0,0.092087,0.127989,0.735576,0.0,0.955652,0.0,0.955652
cpu_compile,367,39,208,0.0,0.092653,0.113708,0.72782,0.0,0.934181,0.0,0.934181
cpu_compile,368,57,448,0.0,0.092035,0.14369,0.781846,0.0,1.017571,0.0,1.017571
cpu_compile,369,41,226,0.0,0.08845,0.121442,0.73087,0.0,0.940762,0.0,0.940762
cpu_compile,370,47,280,0.0,0.091768,0.13237,0.761216,0.0,0.9853540000000001,0.0,0.9853540000000001
cpu_compile,371,26,80,0.0,0.087205,0.098357,0.65611,0.0,0.841672,0.0,0.841672
cpu_compile,372,25,76,0.0,0.08675,0.095991,0.777904,0.0,0.960645,0.0,0.960645
cpu_compile,373,44,284,0.0,0.087786,0.124334,0.760814,0.0,0.972934,0.0,0.972934
cpu_compile,374,63,542,0.0,0.092295,0.161288,0.806519,0.0,1.060102,0.0,1.060102
cpu_compile,375,86,1082,0.0,0.090594,0.196679,0.895038,0.0,1.182311,0.0,1.182311
cpu_compile,376,35,194,0.0,0.089208,0.113137,0.712786,0.0,0.915131,0.0,0.915131
cpu_compile,377,63,986,0.0,0.093609,0.182156,0.853473,0.0,1.129238,0.0,1.129238
cpu_compile,378,26,84,0.0,0.089173,0.100842,0.656263,0.0,0.8462780000000001,0.0,0.8462780000000001
cpu_compile,379,28,144,0.0,0.087795,0.106651,0.712344,0.0,0.90679,0.0,0.90679
cpu_compile,380,45,228,0.0,0.088604,0.122104,0.746454,0.0,0.957162,0.0,0.957162
cpu_compile,381,26,134,0.0,0.086696,0.09903,0.699615,0.0,0.8853409999999999,0.0,0.8853409999999999
cpu_compile,382,84,1134,0.0,0.090206,0.214201,0.904823,0.0,1.20923,0.0,1.20923
cpu_compile,383,57,304,0.0,0.09294,0.142362,0.777929,0.0,1.013231,0.0,1.013231
cpu_compile,384,23,82,0.0,0.087111,0.095948,0.65797,0.0,0.841029,0.0,0.841029
cpu_compile,385,48,304,0.0,0.087686,0.134982,0.769526,0.0,0.992194,0.0,0.992194
cpu_compile,386,34,126,0.0,0.087457,0.105759,0.715153,0.0,0.908369,0.0,0.908369
cpu_compile,387,27,76,0.0,0.087115,0.099972,0.654979,0.0,0.842066,0.0,0.842066
cpu_compile,388,22,102,0.0,0.086362,0.096978,0.639547,0.0,0.8228869999999999,0.0,0.8228869999999999
cpu_compile,389,29,86,0.0,0.086346,0.101435,0.639955,0.0,0.827736,0.0,0.827736
cpu_compile,390,36,184,0.0,0.087234,0.119846,0.700866,0.0,0.9079459999999999,0.0,0.9079459999999999
cpu_compile,391,45,378,0.0,0.087446,0.141786,0.757876,0.0,0.987108,0.0,0.987108
cpu_compile,392,43,324,0.0,0.086786,0.139895,0.759076,0.0,0.985757,0.0,0.985757
cpu_compile,393,54,372,0.0,0.08859,0.14434,0.774229,0.0,1.007159,0.0,1.007159
cpu_compile,394,22,62,0.0,0.087106,0.104972,0.650842,0.0,0.84292,0.0,0.84292
cpu_compile,395,34,128,0.0,0.091858,0.105347,0.709668,0.0,0.9068729999999999,0.0,0.9068729999999999
cpu_compile,396,46,408,0.0,0.090264,0.133128,0.776872,0.0,1.000264,0.0,1.000264
cpu_compile,397,39,226,0.0,0.087816,0.11812,0.713878,0.0,0.919814,0.0,0.919814
cpu_compile,398,85,1386,0.0,0.093383,0.2137,0.948303,0.0,1.2553860000000001,0.0,1.2553860000000001
cpu_compile,399,72,1058,0.0,0.098299,0.190392,0.878346,0.0,1.167037,0.0,1.167037
cpu_compile,400,48,352,0.0,0.089282,0.132637,0.76389,0.0,0.9858089999999999,0.0,0.9858089999999999
cpu_compile,401,41,340,0.0,0.08916,0.126316,0.759799,0.0,0.975275,0.0,0.975275
cpu_compile,402,21,50,0.0,0.087357,0.090919,0.65529,0.0,0.833566,0.0,0.833566
cpu_compile,403,44,300,0.0,0.087896,0.12141,0.753672,0.0,0.962978,0.0,0.962978
cpu_compile,404,37,148,0.0,0.08816,0.112353,0.692479,0.0,0.892992,0.0,0.892992
cpu_compile,405,39,258,0.0,0.098943,0.120912,0.718766,0.0,0.938621,0.0,0.938621
cpu_compile,406,47,268,0.0,0.098546,0.131576,0.747906,0.0,0.9780279999999999,0.0,0.9780279999999999
cpu_compile,407,28,86,0.0,0.096472,0.101519,0.658424,0.0,0.856415,0.0,0.856415
cpu_compile,408,57,938,0.0,0.090425,0.172372,0.842364,0.0,1.105161,0.0,1.105161
cpu_compile,409,35,206,0.0,0.096141,0.110324,0.731401,0.0,0.937866,0.0,0.937866
cpu_compile,410,31,136,0.0,0.094838,0.107488,0.705559,0.0,0.907885,0.0,0.907885
cpu_compile,411,23,80,0.0,0.086207,0.106674,0.641102,0.0,0.8339829999999999,0.0,0.8339829999999999
cpu_compile,412,42,230,0.0,0.090972,0.120619,0.728967,0.0,0.940558,0.0,0.940558
cpu_compile,413,36,80,0.0,0.090456,0.108624,0.669727,0.0,0.8688069999999999,0.0,0.8688069999999999
cpu_compile,414,61,542,0.0,0.090586,0.156031,0.806351,0.0,1.0529680000000001,0.0,1.0529680000000001
cpu_compile,415,60,576,0.0,0.092008,0.153932,0.818976,0.0,1.064916,0.0,1.064916
cpu_compile,416,10,26,0.0,0.086465,0.082231,0.637469,0.0,0.806165,0.0,0.806165
cpu_compile,417,65,650,0.0,0.087867,0.170331,0.805038,0.0,1.063236,0.0,1.063236
cpu_compile,418,17,56,0.0,0.087741,0.088951,0.648856,0.0,0.825548,0.0,0.825548
cpu_compile,419,48,436,0.0,0.090991,0.137264,0.766711,0.0,0.994966,0.0,0.994966
cpu_compile,420,41,330,0.0,0.092831,0.122096,0.77465,0.0,0.9895769999999999,0.0,0.9895769999999999
cpu_compile,421,43,200,0.0,0.091074,0.117901,0.724488,0.0,0.933463,0.0,0.933463
cpu_compile,422,33,178,0.0,0.08635,0.10638,0.722597,0.0,0.915327,0.0,0.915327
cpu_compile,423,23,82,0.0,0.085988,0.096865,0.661226,0.0,0.844079,0.0,0.844079
cpu_compile,424,32,158,0.0,0.089953,0.107869,0.703112,0.0,0.9009339999999999,0.0,0.9009339999999999
cpu_compile,425,22,100,0.0,0.08625,0.094826,0.650222,0.0,0.831298,0.0,0.831298
cpu_compile,426,22,96,0.0,0.08565,0.094469,0.642817,0.0,0.822936,0.0,0.822936
cpu_compile,427,35,170,0.0,0.086891,0.112093,0.69217,0.0,0.891154,0.0,0.891154
cpu_compile,428,52,304,0.0,0.096153,0.137485,0.742793,0.0,0.976431,0.0,0.976431
cpu_compile,429,58,588,0.0,0.101647,0.160639,0.7959,0.0,1.058186,0.0,1.058186
cpu_compile,430,29,98,0.0,0.091805,0.104554,0.655131,0.0,0.8514900000000001,0.0,0.8514900000000001
cpu_compile,431,72,594,0.0,0.095953,0.166248,0.810121,0.0,1.072322,0.0,1.072322
cpu_compile,432,34,114,0.0,0.088907,0.108766,0.65745,0.0,0.855123,0.0,0.855123
cpu_compile,433,125,2118,0.0,0.10068,0.306533,1.061901,0.0,1.469114,0.0,1.469114
cpu_compile,434,44,300,0.0,0.090031,0.12821,0.765625,0.0,0.983866,0.0,0.983866
cpu_compile,435,53,432,0.0,0.08885,0.140425,0.780747,0.0,1.010022,0.0,1.010022
cpu_compile,436,25,138,0.0,0.08704,0.099706,0.706145,0.0,0.8928910000000001,0.0,0.8928910000000001
cpu_compile,437,54,374,0.0,0.088205,0.137323,0.79954,0.0,1.025068,0.0,1.025068
cpu_compile,438,19,66,0.0,0.090135,0.092654,0.650146,0.0,0.832935,0.0,0.832935
cpu_compile,439,28,190,0.0,0.08631,0.106626,0.718537,0.0,0.911473,0.0,0.911473
cpu_compile,440,67,1278,0.0,0.090715,0.196717,0.896339,0.0,1.1837710000000001,0.0,1.1837710000000001
cpu_compile,441,30,198,0.0,0.089002,0.113541,0.723208,0.0,0.925751,0.0,0.925751
cpu_compile,442,55,374,0.0,0.087811,0.142772,0.776575,0.0,1.007158,0.0,1.007158
cpu_compile,443,28,150,0.0,0.087223,0.103893,0.709959,0.0,0.9010750000000001,0.0,0.9010750000000001
cpu_compile,444,25,148,0.0,0.087383,0.100496,0.710054,0.0,0.897933,0.0,0.897933
cpu_compile,445,43,284,0.0,0.087285,0.125718,0.748911,0.0,0.9619139999999999,0.0,0.9619139999999999
cpu_compile,446,34,192,0.0,0.086753,0.114824,0.709985,0.0,0.911562,0.0,0.911562
cpu_compile,447,37,200,0.0,0.087837,0.115333,0.728291,0.0,0.9314610000000001,0.0,0.9314610000000001
cpu_compile,448,40,286,0.0,0.087891,0.120667,0.73859,0.0,0.947148,0.0,0.947148
cpu_compile,449,27,56,0.0,0.086923,0.098204,0.649602,0.0,0.834729,0.0,0.834729
cpu_compile,450,26,110,0.0,0.086418,0.100104,0.642864,0.0,0.829386,0.0,0.829386
cpu_compile,451,49,370,0.0,0.096141,0.132702,0.765487,0.0,0.99433,0.0,0.99433
cpu_compile,452,72,876,0.0,0.096907,0.178145,0.848776,0.0,1.123828,0.0,1.123828
cpu_compile,453,50,538,0.0,0.089945,0.14279,0.792403,0.0,1.0251379999999999,0.0,1.0251379999999999
cpu_compile,454,35,192,0.0,0.087185,0.1142,0.727093,0.0,0.9284779999999999,0.0,0.9284779999999999
cpu_compile,455,27,202,0.0,0.08662,0.108075,0.710562,0.0,0.905257,0.0,0.905257
cpu_compile,456,36,214,0.0,0.092423,0.11339,0.748319,0.0,0.954132,0.0,0.954132
cpu_compile,457,32,154,0.0,0.087592,0.108919,0.685329,0.0,0.88184,0.0,0.88184
cpu_compile,458,59,568,0.0,0.096411,0.147811,0.805029,0.0,1.049251,0.0,1.049251
cpu_compile,459,16,34,0.0,0.087187,0.086933,0.639125,0.0,0.813245,0.0,0.813245
cpu_compile,460,44,194,0.0,0.089417,0.128502,0.696729,0.0,0.914648,0.0,0.914648
cpu_compile,461,27,142,0.0,0.085816,0.110708,0.682041,0.0,0.878565,0.0,0.878565
cpu_compile,462,41,492,0.0,0.087131,0.128153,0.78366,0.0,0.998944,0.0,0.998944
cpu_compile,463,82,966,0.0,0.092161,0.204129,0.870881,0.0,1.167171,0.0,1.167171
cpu_compile,464,31,188,0.0,0.096617,0.110414,0.698664,0.0,0.9056949999999999,0.0,0.9056949999999999
cpu_compile,465,50,352,0.0,0.087602,0.143326,0.750249,0.0,0.9811770000000001,0.0,0.9811770000000001
cpu_compile,466,41,248,0.0,0.09129,0.124825,0.747252,0.0,0.9633670000000001,0.0,0.9633670000000001
cpu_compile,467,25,68,0.0,0.089123,0.107811,0.642723,0.0,0.8396570000000001,0.0,0.8396570000000001
cpu_compile,468,40,180,0.0,0.087822,0.114305,0.715082,0.0,0.9172089999999999,0.0,0.9172089999999999
cpu_compile,469,40,168,0.0,0.090952,0.112527,0.713855,0.0,0.9173340000000001,0.0,0.9173340000000001
cpu_compile,470,28,106,0.0,0.08649,0.102087,0.668734,0.0,0.857311,0.0,0.857311
cpu_compile,471,50,296,0.0,0.091047,0.126745,0.760344,0.0,0.978136,0.0,0.978136
cpu_compile,472,21,50,0.0,0.085475,0.092648,0.64473,0.0,0.8228530000000001,0.0,0.8228530000000001
cpu_compile,473,42,296,0.0,0.087078,0.122208,0.738302,0.0,0.947588,0.0,0.947588
cpu_compile,474,29,166,0.0,0.088978,0.109796,0.710955,0.0,0.909729,0.0,0.909729
cpu_compile,475,56,476,0.0,0.087417,0.155088,0.785756,0.0,1.028261,0.0,1.028261
cpu_compile,476,44,246,0.0,0.088142,0.120335,0.75143,0.0,0.9599070000000001,0.0,0.9599070000000001
cpu_compile,477,32,156,0.0,0.087695,0.105643,0.71317,0.0,0.906508,0.0,0.906508
cpu_compile,478,48,344,0.0,0.08668,0.132083,0.769599,0.0,0.988362,0.0,0.988362
cpu_compile,479,26,122,0.0,0.087555,0.099821,0.664153,0.0,0.851529,0.0,0.851529
cpu_compile,480,26,170,0.0,0.085978,0.105652,0.698986,0.0,0.890616,0.0,0.890616
cpu_compile,481,20,66,0.0,0.086012,0.092868,0.638184,0.0,0.817064,0.0,0.817064
cpu_compile,482,48,290,0.0,0.096156,0.130373,0.739345,0.0,0.965874,0.0,0.965874
cpu_compile,483,28,196,0.0,0.093137,0.107554,0.697136,0.0,0.8978269999999999,0.0,0.8978269999999999
cpu_compile,484,23,72,0.0,0.085888,0.101917,0.639929,0.0,0.827734,0.0,0.827734
cpu_compile,485,60,434,0.0,0.087832,0.144646,0.767757,0.0,1.000235,0.0,1.000235
cpu_compile,486,41,188,0.0,0.087218,0.123214,0.709013,0.0,0.9194450000000001,0.0,0.9194450000000001
cpu_compile,487,40,254,0.0,0.090649,0.123495,0.742452,0.0,0.956596,0.0,0.956596
cpu_compile,488,44,338,0.0,0.087525,0.131646,0.771926,0.0,0.991097,0.0,0.991097
cpu_compile,489,30,120,0.0,0.08624,0.102259,0.666519,0.0,0.855018,0.0,0.855018
cpu_compile,490,40,252,0.0,0.087073,0.119389,0.74139,0.0,0.9478519999999999,0.0,0.9478519999999999
cpu_compile,491,76,790,0.0,0.091809,0.1748,0.844413,0.0,1.111022,0.0,1.111022
cpu_compile,492,31,110,0.0,0.087637,0.104876,0.648879,0.0,0.8413919999999999,0.0,0.8413919999999999
cpu_compile,493,68,502,0.0,0.087538,0.157645,0.785686,0.0,1.030869,0.0,1.030869
cpu_compile,494,62,620,0.0,0.089116,0.159818,0.80298,0.0,1.051914,0.0,1.051914
cpu_compile,495,19,88,0.0,0.087367,0.092476,0.655816,0.0,0.8356589999999999,0.0,0.8356589999999999
cpu_compile,496,45,318,0.0,0.091567,0.128051,0.753233,0.0,0.972851,0.0,0.972851
cpu_compile,497,59,644,0.0,0.092028,0.155983,0.807015,0.0,1.055026,0.0,1.055026
cpu_compile,498,47,302,0.0,0.087347,0.127056,0.764347,0.0,0.97875,0.0,0.97875
cpu_compile,499,47,168,0.0,0.087903,0.117535,0.702212,0.0,0.90765,0.0,0.90765
cpu_compile,500,22,78,0.0,0.088638,0.095299,0.649588,0.0,0.8335250000000001,0.0,0.8335250000000001
cpu_compile,501,49,244,0.0,0.091669,0.128629,0.744407,0.0,0.964705,0.0,0.964705
cpu_compile,502,38,186,0.0,0.086136,0.112944,0.71525,0.0,0.9143300000000001,0.0,0.9143300000000001
cpu_compile,503,55,448,0.0,0.091891,0.145446,0.784784,0.0,1.022121,0.0,1.022121
cpu_compile,504,37,262,0.0,0.087998,0.122841,0.754687,0.0,0.965526,0.0,0.965526
cpu_compile,505,31,146,0.0,0.091271,0.107828,0.705221,0.0,0.90432,0.0,0.90432
cpu_compile,506,15,62,0.0,0.085725,0.089456,0.646773,0.0,0.8219540000000001,0.0,0.8219540000000001
cpu_compile,507,40,176,0.0,0.09089,0.112876,0.722316,0.0,0.926082,0.0,0.926082
cpu_compile,508,37,388,0.0,0.094925,0.131424,0.749062,0.0,0.975411,0.0,0.975411
cpu_compile,509,46,184,0.0,0.088335,0.123122,0.723845,0.0,0.935302,0.0,0.935302
cpu_compile,510,15,34,0.0,0.086413,0.08674,0.647727,0.0,0.82088,0.0,0.82088
cpu_compile,511,40,260,0.0,0.091159,0.120779,0.749053,0.0,0.9609909999999999,0.0,0.9609909999999999
cpu_compile,512,12,24,0.0,0.08704,0.083734,0.641185,0.0,0.811959,0.0,0.811959
cpu_compile,513,30,146,0.0,0.096993,0.10821,0.699115,0.0,0.9043180000000001,0.0,0.9043180000000001
cpu_compile,514,19,50,0.0,0.086199,0.097489,0.638049,0.0,0.8217369999999999,0.0,0.8217369999999999
cpu_compile,515,32,252,0.0,0.085647,0.110399,0.737741,0.0,0.9337869999999999,0.0,0.9337869999999999
cpu_compile,516,37,246,0.0,0.087746,0.120759,0.7312,0.0,0.939705,0.0,0.939705
cpu_compile,517,8,10,0.0,0.08499,0.078998,0.632741,0.0,0.796729,0.0,0.796729
cpu_compile,518,22,60,0.0,0.089726,0.095428,0.642813,0.0,0.8279669999999999,0.0,0.8279669999999999
cpu_compile,519,38,190,0.0,0.091079,0.112208,0.725649,0.0,0.928936,0.0,0.928936
cpu_compile,520,28,58,0.0,0.089204,0.098196,0.658259,0.0,0.845659,0.0,0.845659
cpu_compile,521,38,310,0.0,0.088342,0.117779,0.762003,0.0,0.968124,0.0,0.968124
cpu_compile,522,29,114,0.0,0.087321,0.10561,0.67363,0.0,0.8665609999999999,0.0,0.8665609999999999
cpu_compile,523,36,212,0.0,0.091824,0.117999,0.734591,0.0,0.944414,0.0,0.944414
cpu_compile,524,35,198,0.0,0.090098,0.116863,0.6997,0.0,0.9066609999999999,0.0,0.9066609999999999
cpu_compile,525,82,1224,0.0,0.101211,0.208901,0.923143,0.0,1.233255,0.0,1.233255
cpu_compile,526,33,148,0.0,0.08851,0.113448,0.713353,0.0,0.915311,0.0,0.915311
cpu_compile,527,13,36,0.0,0.086935,0.085386,0.625914,0.0,0.798235,0.0,0.798235
cpu_compile,528,32,148,0.0,0.092036,0.106425,0.687588,0.0,0.886049,0.0,0.886049
cpu_compile,529,32,162,0.0,0.094672,0.108049,0.707543,0.0,0.9102640000000001,0.0,0.9102640000000001
cpu_compile,530,43,246,0.0,0.086666,0.130277,0.736863,0.0,0.953806,0.0,0.953806
cpu_compile,531,22,68,0.0,0.090847,0.103256,0.647668,0.0,0.841771,0.0,0.841771
cpu_compile,532,28,90,0.0,0.086154,0.10176,0.647479,0.0,0.835393,0.0,0.835393
cpu_compile,533,38,228,0.0,0.086915,0.114846,0.739968,0.0,0.941729,0.0,0.941729
cpu_compile,534,44,330,0.0,0.087108,0.127522,0.74418,0.0,0.9588099999999999,0.0,0.9588099999999999
cpu_compile,535,34,184,0.0,0.086923,0.111938,0.726084,0.0,0.9249449999999999,0.0,0.9249449999999999
cpu_compile,536,36,222,0.0,0.086177,0.119205,0.745879,0.0,0.9512609999999999,0.0,0.9512609999999999
cpu_compile,537,51,354,0.0,0.0876,0.135232,0.765043,0.0,0.9878750000000001,0.0,0.9878750000000001
cpu_compile,538,34,144,0.0,0.087108,0.111854,0.719814,0.0,0.9187759999999999,0.0,0.9187759999999999
cpu_compile,539,51,294,0.0,0.088117,0.131727,0.75289,0.0,0.972734,0.0,0.972734
cpu_compile,540,59,800,0.0,0.088905,0.167704,0.851275,0.0,1.1078839999999999,0.0,1.1078839999999999
cpu_compile,541,35,150,0.0,0.088409,0.112463,0.698923,0.0,0.8997949999999999,0.0,0.8997949999999999
cpu_compile,542,48,346,0.0,0.09142,0.134798,0.777065,0.0,1.003283,0.0,1.003283
cpu_compile,543,25,152,0.0,0.086497,0.100419,0.705816,0.0,0.892732,0.0,0.892732
cpu_compile,544,10,16,0.0,0.089411,0.081085,0.624426,0.0,0.794922,0.0,0.794922
cpu_compile,545,38,148,0.0,0.086586,0.114301,0.69269,0.0,0.8935770000000001,0.0,0.8935770000000001
cpu_compile,546,57,474,0.0,0.087152,0.151058,0.794358,0.0,1.032568,0.0,1.032568
cpu_compile,547,77,1096,0.0,0.092276,0.197266,0.88245,0.0,1.171992,0.0,1.171992
cpu_compile,548,55,512,0.0,0.089218,0.148478,0.800461,0.0,1.038157,0.0,1.038157
cpu_compile,549,15,20,0.0,0.088026,0.085687,0.636607,0.0,0.81032,0.0,0.81032
cpu_compile,550,40,218,0.0,0.088058,0.11951,0.717948,0.0,0.925516,0.0,0.925516
cpu_compile,551,45,418,0.0,0.087911,0.134079,0.779596,0.0,1.001586,0.0,1.001586
cpu_compile,552,47,378,0.0,0.088312,0.138433,0.764805,0.0,0.9915499999999999,0.0,0.9915499999999999
cpu_compile,553,41,306,0.0,0.087271,0.125193,0.762333,0.0,0.974797,0.0,0.974797
cpu_compile,554,35,172,0.0,0.086245,0.113547,0.706654,0.0,0.906446,0.0,0.906446
cpu_compile,555,58,488,0.0,0.087539,0.147339,0.784622,0.0,1.0195,0.0,1.0195
cpu_compile,556,44,210,0.0,0.092698,0.120495,0.736849,0.0,0.950042,0.0,0.950042
cpu_compile,557,37,146,0.0,0.090091,0.111778,0.713115,0.0,0.914984,0.0,0.914984
cpu_compile,558,22,56,0.0,0.086562,0.094086,0.645061,0.0,0.825709,0.0,0.825709
cpu_compile,559,29,108,0.0,0.086758,0.104432,0.647188,0.0,0.838378,0.0,0.838378
cpu_compile,560,28,102,0.0,0.08713,0.10008,0.644182,0.0,0.831392,0.0,0.831392
cpu_compile,561,19,80,0.0,0.0858,0.098877,0.626996,0.0,0.811673,0.0,0.811673
cpu_compile,562,22,94,0.0,0.085352,0.0953,0.644414,0.0,0.8250660000000001,0.0,0.8250660000000001
cpu_compile,563,19,114,0.0,0.088039,0.093864,0.646151,0.0,0.8280540000000001,0.0,0.8280540000000001
cpu_compile,564,35,152,0.0,0.086122,0.11229,0.699734,0.0,0.898146,0.0,0.898146
cpu_compile,565,33,118,0.0,0.086388,0.10475,0.663956,0.0,0.855094,0.0,0.855094
cpu_compile,566,62,884,0.0,0.087361,0.171632,0.85241,0.0,1.1114030000000001,0.0,1.1114030000000001
cpu_compile,567,27,104,0.0,0.088682,0.099782,0.649045,0.0,0.837509,0.0,0.837509
cpu_compile,568,34,132,0.0,0.089815,0.108117,0.695091,0.0,0.893023,0.0,0.893023
cpu_compile,569,50,526,0.0,0.092765,0.146287,0.784977,0.0,1.024029,0.0,1.024029
cpu_compile,570,41,322,0.0,0.088247,0.128046,0.744755,0.0,0.9610479999999999,0.0,0.9610479999999999
cpu_compile,571,18,80,0.0,0.087248,0.094333,0.654231,0.0,0.835812,0.0,0.835812
cpu_compile,572,38,346,0.0,0.089988,0.121783,0.755139,0.0,0.9669099999999999,0.0,0.9669099999999999
cpu_compile,573,74,1292,0.0,0.092041,0.207335,0.915187,0.0,1.214563,0.0,1.214563
cpu_compile,574,22,74,0.0,0.089515,0.095239,0.644286,0.0,0.82904,0.0,0.82904
cpu_compile,575,88,888,0.0,0.093547,0.192726,0.846811,0.0,1.133084,0.0,1.133084
cpu_compile,576,32,196,0.0,0.08833,0.109887,0.711418,0.0,0.909635,0.0,0.909635
cpu_compile,577,35,146,0.0,0.086864,0.109018,0.69689,0.0,0.892772,0.0,0.892772
cpu_compile,578,24,52,0.0,0.086644,0.093403,0.653963,0.0,0.8340099999999999,0.0,0.8340099999999999
cpu_compile,579,42,300,0.0,0.091613,0.129792,0.734536,0.0,0.9559409999999999,0.0,0.9559409999999999
cpu_compile,580,42,248,0.0,0.08749,0.11808,0.739578,0.0,0.945148,0.0,0.945148
cpu_compile,581,52,466,0.0,0.088702,0.141332,0.78222,0.0,1.012254,0.0,1.012254
cpu_compile,582,63,340,0.0,0.091533,0.14731,0.755541,0.0,0.994384,0.0,0.994384
cpu_compile,583,36,408,0.0,0.088665,0.128785,0.758702,0.0,0.976152,0.0,0.976152
cpu_compile,584,44,202,0.0,0.092977,0.124149,0.73162,0.0,0.9487460000000001,0.0,0.9487460000000001
cpu_compile,585,34,224,0.0,0.086841,0.119902,0.736982,0.0,0.943725,0.0,0.943725
cpu_compile,586,71,676,0.0,0.09246,0.173922,0.809561,0.0,1.075943,0.0,1.075943
cpu_compile,587,34,160,0.0,0.088036,0.110677,0.699941,0.0,0.8986540000000001,0.0,0.8986540000000001
cpu_compile,588,31,140,0.0,0.086557,0.105473,0.699383,0.0,0.891413,0.0,0.891413
cpu_compile,589,42,368,0.0,0.092277,0.128726,0.761862,0.0,0.9828650000000001,0.0,0.9828650000000001
cpu_compile,590,26,172,0.0,0.087689,0.105308,0.692584,0.0,0.885581,0.0,0.885581
cpu_compile,591,19,28,0.0,0.095316,0.088312,0.631071,0.0,0.8146990000000001,0.0,0.8146990000000001
cpu_compile,592,27,142,0.0,0.08847,0.109529,0.688751,0.0,0.8867499999999999,0.0,0.8867499999999999
cpu_compile,593,33,184,0.0,0.08614,0.108029,0.727823,0.0,0.9219919999999999,0.0,0.9219919999999999
cpu_compile,594,44,444,0.0,0.08752,0.133046,0.789027,0.0,1.009593,0.0,1.009593
cpu_compile,595,38,222,0.0,0.086799,0.120598,0.723446,0.0,0.9308430000000001,0.0,0.9308430000000001
cpu_compile,596,40,160,0.0,0.090417,0.115413,0.705063,0.0,0.910893,0.0,0.910893
cpu_compile,597,27,164,0.0,0.086657,0.1028,0.726924,0.0,0.916381,0.0,0.916381
cpu_compile,598,53,558,0.0,0.091222,0.150457,0.793649,0.0,1.035328,0.0,1.035328
cpu_compile,599,31,212,0.0,0.087103,0.115296,0.73889,0.0,0.941289,0.0,0.941289
cpu_compile,600,45,316,0.0,0.094614,0.129298,0.767947,0.0,0.991859,0.0,0.991859
cpu_compile,601,39,314,0.0,0.08855,0.124086,0.740373,0.0,0.953009,0.0,0.953009
cpu_compile,602,45,392,0.0,0.08707,0.131625,0.771598,0.0,0.990293,0.0,0.990293
cpu_compile,603,30,160,0.0,0.087744,0.105661,0.71929,0.0,0.912695,0.0,0.912695
cpu_compile,604,39,212,0.0,0.088369,0.11585,0.727194,0.0,0.931413,0.0,0.931413
cpu_compile,605,91,1818,0.0,0.094704,0.259423,0.999889,0.0,1.354016,0.0,1.354016
cpu_compile,606,31,92,0.0,0.103922,0.106277,0.648576,0.0,0.8587750000000001,0.0,0.8587750000000001
cpu_compile,607,48,270,0.0,0.088033,0.13395,0.738418,0.0,0.9604010000000001,0.0,0.9604010000000001
cpu_compile,608,23,64,0.0,0.086736,0.104922,0.646647,0.0,0.838305,0.0,0.838305
cpu_compile,609,37,276,0.0,0.091341,0.121949,0.734897,0.0,0.948187,0.0,0.948187
cpu_compile,610,27,186,0.0,0.093119,0.102845,0.72024,0.0,0.916204,0.0,0.916204
cpu_compile,611,56,828,0.0,0.092035,0.168541,0.849762,0.0,1.110338,0.0,1.110338
cpu_compile,612,35,106,0.0,0.088521,0.108636,0.663217,0.0,0.860374,0.0,0.860374
cpu_compile,613,33,260,0.0,0.090583,0.118861,0.745424,0.0,0.9548679999999999,0.0,0.9548679999999999
cpu_compile,614,67,728,0.0,0.092194,0.170506,0.837309,0.0,1.100009,0.0,1.100009
cpu_compile,615,26,160,0.0,0.089004,0.104247,0.709822,0.0,0.903073,0.0,0.903073
cpu_compile,616,39,182,0.0,0.087965,0.11424,0.735482,0.0,0.9376869999999999,0.0,0.9376869999999999
cpu_compile,617,26,94,0.0,0.089954,0.099057,0.670973,0.0,0.8599840000000001,0.0,0.8599840000000001
cpu_compile,618,32,170,0.0,0.086432,0.111972,0.719945,0.0,0.918349,0.0,0.918349
cpu_compile,619,29,138,0.0,0.09147,0.104215,0.693235,0.0,0.88892,0.0,0.88892
cpu_compile,620,21,78,0.0,0.086369,0.09438,0.642168,0.0,0.8229169999999999,0.0,0.8229169999999999
cpu_compile,621,44,302,0.0,0.091678,0.128499,0.752324,0.0,0.9725010000000001,0.0,0.9725010000000001
cpu_compile,622,77,870,0.0,0.091758,0.197847,0.845329,0.0,1.1349339999999999,0.0,1.1349339999999999
cpu_compile,623,35,132,0.0,0.091607,0.110436,0.712996,0.0,0.9150389999999999,0.0,0.9150389999999999
cpu_compile,624,21,54,0.0,0.087038,0.092151,0.650569,0.0,0.829758,0.0,0.829758
cpu_compile,625,42,240,0.0,0.092196,0.119781,0.742838,0.0,0.954815,0.0,0.954815
cpu_compile,626,58,550,0.0,0.088534,0.157119,0.80275,0.0,1.048403,0.0,1.048403
cpu_compile,627,64,600,0.0,0.089822,0.161496,0.80028,0.0,1.051598,0.0,1.051598
cpu_compile,628,36,176,0.0,0.089332,0.111266,0.715165,0.0,0.9157630000000001,0.0,0.9157630000000001
cpu_compile,629,24,54,0.0,0.08736,0.094021,0.648744,0.0,0.830125,0.0,0.830125
cpu_compile,630,44,370,0.0,0.088131,0.1316,0.753357,0.0,0.9730880000000001,0.0,0.9730880000000001
cpu_compile,631,19,46,0.0,0.087036,0.09084,0.640833,0.0,0.818709,0.0,0.818709
cpu_compile,632,34,188,0.0,0.08713,0.112548,0.697038,0.0,0.8967160000000001,0.0,0.8967160000000001
cpu_compile,633,46,346,0.0,0.096364,0.129497,0.748373,0.0,0.9742339999999999,0.0,0.9742339999999999
cpu_compile,634,36,136,0.0,0.094499,0.107956,0.698244,0.0,0.9006989999999999,0.0,0.9006989999999999
cpu_compile,635,34,228,0.0,0.093597,0.112603,0.720301,0.0,0.926501,0.0,0.926501
cpu_compile,636,40,336,0.0,0.087372,0.133325,0.7564,0.0,0.977097,0.0,0.977097
cpu_compile,637,52,400,0.0,0.087846,0.148727,0.759854,0.0,0.996427,0.0,0.996427
cpu_compile,638,38,182,0.0,0.095547,0.11043,0.721223,0.0,0.9272,0.0,0.9272
cpu_compile,639,40,438,0.0,0.087474,0.136075,0.76295,0.0,0.986499,0.0,0.986499
cpu_compile,640,20,74,0.0,0.08605,0.100385,0.628133,0.0,0.8145680000000001,0.0,0.8145680000000001
cpu_compile,641,78,722,0.0,0.088182,0.191079,0.821971,0.0,1.101232,0.0,1.101232
cpu_compile,642,22,56,0.0,0.08811,0.101323,0.641853,0.0,0.831286,0.0,0.831286
cpu_compile,643,40,222,0.0,0.086758,0.114326,0.725044,0.0,0.9261280000000001,0.0,0.9261280000000001
cpu_compile,644,41,262,0.0,0.090435,0.117259,0.743469,0.0,0.951163,0.0,0.951163
cpu_compile,645,39,204,0.0,0.08813,0.120658,0.733124,0.0,0.941912,0.0,0.941912
cpu_compile,646,50,316,0.0,0.087838,0.130848,0.750961,0.0,0.9696469999999999,0.0,0.9696469999999999
cpu_compile,647,15,26,0.0,0.086065,0.085838,0.646977,0.0,0.81888,0.0,0.81888
cpu_compile,648,46,592,0.0,0.087634,0.146031,0.787112,0.0,1.020777,0.0,1.020777
cpu_compile,649,29,100,0.0,0.08811,0.103313,0.654688,0.0,0.8461110000000001,0.0,0.8461110000000001
cpu_compile,650,24,206,0.0,0.091201,0.107027,0.729757,0.0,0.9279850000000001,0.0,0.9279850000000001
cpu_compile,651,94,894,0.0,0.092702,0.204785,0.857969,0.0,1.155456,0.0,1.155456
cpu_compile,652,33,136,0.0,0.088887,0.112936,0.708727,0.0,0.91055,0.0,0.91055
cpu_compile,653,62,654,0.0,0.08743,0.167435,0.829151,0.0,1.084016,0.0,1.084016
cpu_compile,654,31,120,0.0,0.088092,0.10434,0.687219,0.0,0.879651,0.0,0.879651
cpu_compile,655,36,172,0.0,0.086695,0.113853,0.71299,0.0,0.913538,0.0,0.913538
cpu_compile,656,36,150,0.0,0.086623,0.112052,0.715743,0.0,0.914418,0.0,0.914418
cpu_compile,657,35,236,0.0,0.086247,0.112362,0.74215,0.0,0.940759,0.0,0.940759
cpu_compile,658,35,250,0.0,0.092102,0.11547,0.731819,0.0,0.939391,0.0,0.939391
cpu_compile,659,32,278,0.0,0.087221,0.116765,0.766108,0.0,0.970094,0.0,0.970094
cpu_compile,660,24,68,0.0,0.087058,0.098226,0.658951,0.0,0.844235,0.0,0.844235
cpu_compile,661,29,176,0.0,0.090964,0.111857,0.704283,0.0,0.907104,0.0,0.907104
cpu_compile,662,25,140,0.0,0.086548,0.106448,0.699365,0.0,0.892361,0.0,0.892361
cpu_compile,663,30,86,0.0,0.087339,0.101984,0.64309,0.0,0.8324130000000001,0.0,0.8324130000000001
cpu_compile,664,27,136,0.0,0.093316,0.107417,0.685193,0.0,0.885926,0.0,0.885926
cpu_compile,665,28,96,0.0,0.085118,0.111977,0.640122,0.0,0.837217,0.0,0.837217
cpu_compile,666,31,140,0.0,0.085676,0.106832,0.701605,0.0,0.894113,0.0,0.894113
cpu_compile,667,47,314,0.0,0.086981,0.130999,0.766952,0.0,0.9849319999999999,0.0,0.9849319999999999
cpu_compile,668,27,82,0.0,0.086325,0.099334,0.666152,0.0,0.851811,0.0,0.851811
cpu_compile,669,31,154,0.0,0.087168,0.104455,0.70505,0.0,0.8966729999999999,0.0,0.8966729999999999
cpu_compile,670,72,862,0.0,0.088029,0.193084,0.846981,0.0,1.128094,0.0,1.128094
cpu_compile,671,24,52,0.0,0.087946,0.095263,0.653002,0.0,0.836211,0.0,0.836211
cpu_compile,672,26,104,0.0,0.086232,0.099794,0.656606,0.0,0.842632,0.0,0.842632
cpu_compile,673,32,108,0.0,0.091042,0.104448,0.648708,0.0,0.844198,0.0,0.844198
cpu_compile,674,24,90,0.0,0.085979,0.097793,0.643977,0.0,0.8277490000000001,0.0,0.8277490000000001
cpu_compile,675,83,1306,0.0,0.092196,0.215107,0.906924,0.0,1.214227,0.0,1.214227
cpu_compile,676,52,352,0.0,0.089873,0.142604,0.762895,0.0,0.9953719999999999,0.0,0.9953719999999999
cpu_compile,677,23,80,0.0,0.086848,0.095098,0.648654,0.0,0.8306,0.0,0.8306
cpu_compile,678,31,184,0.0,0.091287,0.109101,0.70606,0.0,0.906448,0.0,0.906448
cpu_compile,679,28,98,0.0,0.087077,0.100518,0.669509,0.0,0.8571040000000001,0.0,0.8571040000000001
cpu_compile,680,29,122,0.0,0.085763,0.103521,0.6481,0.0,0.837384,0.0,0.837384
cpu_compile,681,27,196,0.0,0.091645,0.111534,0.696251,0.0,0.89943,0.0,0.89943
cpu_compile,682,23,58,0.0,0.087691,0.103257,0.652269,0.0,0.843217,0.0,0.843217
cpu_compile,683,45,234,0.0,0.087835,0.11999,0.731562,0.0,0.939387,0.0,0.939387
cpu_compile,684,21,64,0.0,0.08646,0.092862,0.646117,0.0,0.825439,0.0,0.825439
cpu_compile,685,69,1330,0.0,0.08825,0.19708,0.907814,0.0,1.193144,0.0,1.193144
cpu_compile,686,53,646,0.0,0.08983,0.152644,0.812238,0.0,1.054712,0.0,1.054712
cpu_compile,687,55,358,0.0,0.087582,0.147592,0.782719,0.0,1.017893,0.0,1.017893
cpu_compile,688,52,300,0.0,0.097674,0.133101,0.754228,0.0,0.9850030000000001,0.0,0.9850030000000001
cpu_compile,689,31,112,0.0,0.094812,0.103846,0.665434,0.0,0.864092,0.0,0.864092
cpu_compile,690,15,40,0.0,0.08479,0.093931,0.627708,0.0,0.8064290000000001,0.0,0.8064290000000001
cpu_compile,691,47,376,0.0,0.090459,0.1348,0.763522,0.0,0.988781,0.0,0.988781
cpu_compile,692,17,46,0.0,0.085743,0.088729,0.63997,0.0,0.8144420000000001,0.0,0.8144420000000001
cpu_compile,693,13,36,0.0,0.091522,0.084569,0.635841,0.0,0.811932,0.0,0.811932
cpu_compile,694,62,598,0.0,0.087524,0.160425,0.798837,0.0,1.046786,0.0,1.046786
cpu_compile,695,50,1028,0.0,0.095678,0.161148,0.865674,0.0,1.1225,0.0,1.1225
cpu_compile,696,49,204,0.0,0.088789,0.126168,0.73012,0.0,0.945077,0.0,0.945077
cpu_compile,697,22,46,0.0,0.09069,0.09165,0.651686,0.0,0.8340259999999999,0.0,0.8340259999999999
cpu_compile,698,28,124,0.0,0.086915,0.102028,0.654424,0.0,0.843367,0.0,0.843367
cpu_compile,699,31,110,0.0,0.088261,0.104205,0.6597,0.0,0.852166,0.0,0.852166
cpu_compile,700,33,156,0.0,0.086854,0.107817,0.716558,0.0,0.9112290000000001,0.0,0.9112290000000001
cpu_compile,701,20,68,0.0,0.085347,0.093449,0.634575,0.0,0.8133710000000001,0.0,0.8133710000000001
cpu_compile,702,31,118,0.0,0.087127,0.106151,0.648649,0.0,0.8419270000000001,0.0,0.8419270000000001
cpu_compile,703,34,168,0.0,0.08535,0.121252,0.701288,0.0,0.9078900000000001,0.0,0.9078900000000001
cpu_compile,704,83,926,0.0,0.092513,0.215384,0.86936,0.0,1.177257,0.0,1.177257
cpu_compile,705,48,304,0.0,0.093628,0.129326,0.757112,0.0,0.980066,0.0,0.980066
cpu_compile,706,16,40,0.0,0.088341,0.086935,0.623466,0.0,0.798742,0.0,0.798742
cpu_compile,707,33,254,0.0,0.09245,0.123139,0.725426,0.0,0.941015,0.0,0.941015
cpu_compile,708,67,1094,0.0,0.087677,0.206383,0.887982,0.0,1.182042,0.0,1.182042
cpu_compile,709,42,142,0.0,0.090458,0.116067,0.697975,0.0,0.9045000000000001,0.0,0.9045000000000001
cpu_compile,710,27,122,0.0,0.100311,0.100052,0.648754,0.0,0.8491170000000001,0.0,0.8491170000000001
cpu_compile,711,102,1618,0.0,0.092707,0.245988,0.968316,0.0,1.307011,0.0,1.307011
cpu_compile,712,27,76,0.0,0.088953,0.100852,0.658947,0.0,0.848752,0.0,0.848752
cpu_compile,713,24,72,0.0,0.090407,0.095458,0.642421,0.0,0.8282860000000001,0.0,0.8282860000000001
cpu_compile,714,56,342,0.0,0.09408,0.139394,0.770682,0.0,1.004156,0.0,1.004156
cpu_compile,715,24,64,0.0,0.093667,0.09667,0.636712,0.0,0.8270489999999999,0.0,0.8270489999999999
cpu_compile,716,29,76,0.0,0.088994,0.107895,0.646242,0.0,0.843131,0.0,0.843131
cpu_compile,717,21,104,0.0,0.085939,0.09578,0.653952,0.0,0.835671,0.0,0.835671
cpu_compile,718,23,118,0.0,0.08619,0.097055,0.657569,0.0,0.840814,0.0,0.840814
cpu_compile,719,56,376,0.0,0.091059,0.139228,0.777075,0.0,1.0073619999999999,0.0,1.0073619999999999
cpu_compile,720,31,98,0.0,0.087164,0.10119,0.674577,0.0,0.862931,0.0,0.862931
cpu_compile,721,44,242,0.0,0.091797,0.123831,0.743927,0.0,0.9595549999999999,0.0,0.9595549999999999
cpu_compile,722,19,162,0.0,0.087004,0.097622,0.712213,0.0,0.8968389999999999,0.0,0.8968389999999999
cpu_compile,723,45,356,0.0,0.086839,0.132072,0.769288,0.0,0.9881989999999999,0.0,0.9881989999999999
cpu_compile,724,36,342,0.0,0.087237,0.125388,0.779899,0.0,0.992524,0.0,0.992524
cpu_compile,725,36,150,0.0,0.091336,0.114219,0.71514,0.0,0.920695,0.0,0.920695
cpu_compile,726,41,280,0.0,0.09119,0.121788,0.756363,0.0,0.969341,0.0,0.969341
cpu_compile,727,33,160,0.0,0.088223,0.106711,0.702974,0.0,0.8979079999999999,0.0,0.8979079999999999
cpu_compile,728,34,154,0.0,0.094044,0.108502,0.72146,0.0,0.924006,0.0,0.924006
cpu_compile,729,52,540,0.0,0.089261,0.147629,0.779954,0.0,1.016844,0.0,1.016844
cpu_compile,730,26,74,0.0,0.087499,0.101769,0.653367,0.0,0.842635,0.0,0.842635
cpu_compile,731,23,64,0.0,0.086791,0.092685,0.641179,0.0,0.820655,0.0,0.820655
cpu_compile,732,60,622,0.0,0.094524,0.152137,0.821347,0.0,1.068008,0.0,1.068008
cpu_compile,733,39,336,0.0,0.091826,0.12965,0.773869,0.0,0.995345,0.0,0.995345
cpu_compile,734,42,304,0.0,0.088507,0.129474,0.759158,0.0,0.977139,0.0,0.977139
cpu_compile,735,47,274,0.0,0.087932,0.12706,0.757049,0.0,0.9720409999999999,0.0,0.9720409999999999
cpu_compile,736,34,104,0.0,0.087019,0.105007,0.656506,0.0,0.8485320000000001,0.0,0.8485320000000001
cpu_compile,737,48,334,0.0,0.095357,0.138917,0.763538,0.0,0.997812,0.0,0.997812
cpu_compile,738,26,80,0.0,0.095468,0.097826,0.640387,0.0,0.833681,0.0,0.833681
cpu_compile,739,38,262,0.0,0.087005,0.12788,0.756203,0.0,0.971088,0.0,0.971088
cpu_compile,740,20,104,0.0,0.085308,0.103622,0.660671,0.0,0.849601,0.0,0.849601
cpu_compile,741,38,208,0.0,0.088601,0.12007,0.72871,0.0,0.937381,0.0,0.937381
cpu_compile,742,22,114,0.0,0.086568,0.096698,0.658627,0.0,0.841893,0.0,0.841893
cpu_compile,743,32,194,0.0,0.090186,0.108082,0.724257,0.0,0.922525,0.0,0.922525
cpu_compile,744,34,164,0.0,0.08649,0.111473,0.729377,0.0,0.92734,0.0,0.92734
cpu_compile,745,31,132,0.0,0.090613,0.105669,0.699376,0.0,0.8956580000000001,0.0,0.8956580000000001
cpu_compile,746,22,84,0.0,0.086403,0.095863,0.661736,0.0,0.8440019999999999,0.0,0.8440019999999999
cpu_compile,747,32,202,0.0,0.090132,0.109677,0.712309,0.0,0.912118,0.0,0.912118
cpu_compile,748,45,336,0.0,0.087666,0.131761,0.768793,0.0,0.9882199999999999,0.0,0.9882199999999999
cpu_compile,749,50,330,0.0,0.090329,0.13395,0.75538,0.0,0.9796590000000001,0.0,0.9796590000000001
cpu_compile,750,46,230,0.0,0.087934,0.125464,0.745148,0.0,0.958546,0.0,0.958546
cpu_compile,751,37,162,0.0,0.091248,0.113168,0.715303,0.0,0.919719,0.0,0.919719
cpu_compile,752,35,138,0.0,0.089248,0.107808,4.17206,0.0,4.369116,0.0,4.369116
cpu_compile,753,39,186,0.0,0.111853,0.136308,0.971675,0.0,1.219836,0.0,1.219836
cpu_compile,754,30,98,0.0,0.093324,0.115469,0.672922,0.0,0.881715,0.0,0.881715
cpu_compile,755,18,40,0.0,0.086866,0.090171,0.639491,0.0,0.816528,0.0,0.816528
cpu_compile,756,31,196,0.0,0.085957,0.111583,0.707696,0.0,0.9052359999999999,0.0,0.9052359999999999
cpu_compile,757,47,384,0.0,0.087738,0.134503,0.775886,0.0,0.998127,0.0,0.998127
cpu_compile,758,35,286,0.0,0.087333,0.121126,0.754931,0.0,0.96339,0.0,0.96339
cpu_compile,759,30,118,0.0,0.087546,0.107716,0.671489,0.0,0.866751,0.0,0.866751
cpu_compile,760,31,126,0.0,0.086838,0.104802,0.706508,0.0,0.8981480000000001,0.0,0.8981480000000001
cpu_compile,761,23,88,0.0,0.085979,0.095402,0.654611,0.0,0.8359920000000001,0.0,0.8359920000000001
cpu_compile,762,52,428,0.0,0.08787,0.137017,0.776926,0.0,1.001813,0.0,1.001813
cpu_compile,763,14,34,0.0,0.087539,0.087137,0.635204,0.0,0.8098799999999999,0.0,0.8098799999999999
cpu_compile,764,34,200,0.0,0.088096,0.113144,0.718138,0.0,0.919378,0.0,0.919378
cpu_compile,765,43,266,0.0,0.08653,0.121321,0.751456,0.0,0.959307,0.0,0.959307
cpu_compile,766,14,22,0.0,0.086064,0.084942,0.632448,0.0,0.803454,0.0,0.803454
cpu_compile,767,24,100,0.0,0.092073,0.097386,0.646299,0.0,0.835758,0.0,0.835758
cpu_compile,768,22,100,0.0,0.086956,0.096484,0.665743,0.0,0.849183,0.0,0.849183
cpu_compile,769,41,242,0.0,0.087089,0.119811,0.743189,0.0,0.950089,0.0,0.950089
cpu_compile,770,23,88,0.0,0.08696,0.095146,0.64178,0.0,0.823886,0.0,0.823886
cpu_compile,771,29,122,0.0,0.087756,0.107659,0.667478,0.0,0.862893,0.0,0.862893
cpu_compile,772,21,52,0.0,0.088197,0.095006,0.645243,0.0,0.828446,0.0,0.828446
cpu_compile,773,55,380,0.0,0.08795,0.141213,0.772054,0.0,1.001217,0.0,1.001217
cpu_compile,774,37,202,0.0,0.092294,0.116674,0.731805,0.0,0.9407730000000001,0.0,0.9407730000000001
cpu_compile,775,22,50,0.0,0.086971,0.091802,0.670912,0.0,0.849685,0.0,0.849685
cpu_compile,776,38,150,0.0,0.087655,0.111865,0.698169,0.0,0.8976890000000001,0.0,0.8976890000000001
cpu_compile,777,28,116,0.0,0.086131,0.098917,0.6505,0.0,0.835548,0.0,0.835548
cpu_compile,778,49,322,0.0,0.101388,0.138039,0.746372,0.0,0.9857990000000001,0.0,0.9857990000000001
cpu_compile,779,28,138,0.0,0.095124,0.105306,0.709483,0.0,0.909913,0.0,0.909913
cpu_compile,780,30,148,0.0,0.096019,0.107431,0.706572,0.0,0.910022,0.0,0.910022
cpu_compile,781,49,340,0.0,0.090628,0.144267,0.764257,0.0,0.999152,0.0,0.999152
cpu_compile,782,34,114,0.0,0.086421,0.113275,0.659114,0.0,0.85881,0.0,0.85881
cpu_compile,783,43,342,0.0,0.086871,0.139836,0.761533,0.0,0.98824,0.0,0.98824
cpu_compile,784,42,166,0.0,0.087437,0.122029,0.699946,0.0,0.9094119999999999,0.0,0.9094119999999999
cpu_compile,785,29,160,0.0,0.086452,0.105329,0.71273,0.0,0.904511,0.0,0.904511
cpu_compile,786,59,476,0.0,0.088808,0.14797,0.799284,0.0,1.036062,0.0,1.036062
cpu_compile,787,31,134,0.0,0.087913,0.108519,0.721551,0.0,0.917983,0.0,0.917983
cpu_compile,788,34,148,0.0,0.091814,0.112304,0.703331,0.0,0.9074490000000001,0.0,0.9074490000000001
cpu_compile,789,37,240,0.0,0.08666,0.116467,0.751904,0.0,0.955031,0.0,0.955031
cpu_compile,790,23,78,0.0,0.086734,0.095028,0.66143,0.0,0.8431919999999999,0.0,0.8431919999999999
cpu_compile,791,33,138,0.0,0.090879,0.111198,0.705671,0.0,0.907748,0.0,0.907748
cpu_compile,792,62,572,0.0,0.088223,0.164022,0.805819,0.0,1.058064,0.0,1.058064
cpu_compile,793,36,184,0.0,0.090566,0.116838,0.717899,0.0,0.925303,0.0,0.925303
cpu_compile,794,45,284,0.0,0.087969,0.123535,0.758309,0.0,0.969813,0.0,0.969813
cpu_compile,795,66,832,0.0,0.092897,0.175532,0.858858,0.0,1.127287,0.0,1.127287
cpu_compile,796,61,378,0.0,0.089934,0.149172,0.787819,0.0,1.026925,0.0,1.026925
cpu_compile,797,60,374,0.0,0.091366,0.146669,0.776016,0.0,1.014051,0.0,1.014051
cpu_compile,798,16,52,0.0,0.088572,0.088216,0.64027,0.0,0.8170580000000001,0.0,0.8170580000000001
cpu_compile,799,54,426,0.0,0.088118,0.143225,0.782874,0.0,1.014217,0.0,1.014217
cpu_compile,800,31,100,0.0,0.088563,0.103295,0.667485,0.0,0.859343,0.0,0.859343
cpu_compile,801,44,366,0.0,0.091706,0.131573,0.765886,0.0,0.989165,0.0,0.989165
cpu_compile,802,38,132,0.0,0.088459,0.113094,0.710202,0.0,0.911755,0.0,0.911755
cpu_compile,803,66,568,0.0,0.087834,0.163656,0.797305,0.0,1.0487950000000001,0.0,1.0487950000000001
cpu_compile,804,39,288,0.0,0.091004,0.12503,0.74856,0.0,0.964594,0.0,0.964594
cpu_compile,805,61,608,0.0,0.087635,0.164234,0.802481,0.0,1.05435,0.0,1.05435
cpu_compile,806,50,378,0.0,0.091146,0.140316,0.786504,0.0,1.017966,0.0,1.017966
cpu_compile,807,34,200,0.0,0.089171,0.11298,0.72364,0.0,0.9257909999999999,0.0,0.9257909999999999
cpu_compile,808,24,66,0.0,0.086718,0.096274,0.661902,0.0,0.844894,0.0,0.844894
cpu_compile,809,37,240,0.0,0.088872,0.119594,0.737811,0.0,0.946277,0.0,0.946277
cpu_compile,810,25,72,0.0,0.086588,0.100281,0.648939,0.0,0.8358080000000001,0.0,0.8358080000000001
cpu_compile,811,23,92,0.0,0.086632,0.095332,0.651858,0.0,0.8338220000000001,0.0,0.8338220000000001
cpu_compile,812,63,734,0.0,0.091245,0.15946,0.844278,0.0,1.094983,0.0,1.094983
cpu_compile,813,29,100,0.0,0.088226,0.102693,0.656609,0.0,0.8475280000000001,0.0,0.8475280000000001
cpu_compile,814,37,204,0.0,0.092488,0.118465,0.716436,0.0,0.927389,0.0,0.927389
cpu_compile,815,32,268,0.0,0.088697,0.116761,0.74231,0.0,0.947768,0.0,0.947768
cpu_compile,816,57,518,0.0,0.091036,0.160309,0.781578,0.0,1.032923,0.0,1.032923
cpu_compile,817,32,178,0.0,0.090514,0.110307,0.717952,0.0,0.9187730000000001,0.0,0.9187730000000001
cpu_compile,818,50,408,0.0,0.087824,0.141024,0.777116,0.0,1.005964,0.0,1.005964
cpu_compile,819,23,102,0.0,0.08852,0.096712,0.672516,0.0,0.857748,0.0,0.857748
cpu_compile,820,28,160,0.0,0.087194,0.107897,0.702313,0.0,0.897404,0.0,0.897404
cpu_compile,821,28,162,0.0,0.090698,0.106331,0.68593,0.0,0.882959,0.0,0.882959
cpu_compile,822,23,74,0.0,0.092494,0.096729,0.631699,0.0,0.820922,0.0,0.820922
cpu_compile,823,18,50,0.0,0.08501,0.08878,0.62966,0.0,0.80345,0.0,0.80345
cpu_compile,824,14,46,0.0,0.084368,0.085455,0.621728,0.0,0.7915509999999999,0.0,0.7915509999999999
cpu_compile,825,55,646,0.0,0.086033,0.156514,0.794261,0.0,1.036808,0.0,1.036808
cpu_compile,826,42,398,0.0,0.088246,0.131817,0.767603,0.0,0.987666,0.0,0.987666
cpu_compile,827,19,90,0.0,0.087224,0.09213,0.648412,0.0,0.827766,0.0,0.827766
cpu_compile,828,44,188,0.0,0.086717,0.121323,0.698517,0.0,0.9065570000000001,0.0,0.9065570000000001
cpu_compile,829,28,58,0.0,0.087144,0.099977,0.644119,0.0,0.83124,0.0,0.83124
cpu_compile,830,61,574,0.0,0.086926,0.156024,0.790077,0.0,1.0330270000000001,0.0,1.0330270000000001
cpu_compile,831,64,564,0.0,0.088897,0.160513,0.803413,0.0,1.052823,0.0,1.052823
cpu_compile,832,22,132,0.0,0.087446,0.097908,0.697113,0.0,0.882467,0.0,0.882467
cpu_compile,833,34,314,0.0,0.090541,0.124384,0.749301,0.0,0.964226,0.0,0.964226
cpu_compile,834,75,774,0.0,0.093223,0.182182,0.836345,0.0,1.11175,0.0,1.11175
cpu_compile,835,32,150,0.0,0.088159,0.1066,0.694498,0.0,0.889257,0.0,0.889257
cpu_compile,836,41,210,0.0,0.090005,0.122425,0.726716,0.0,0.939146,0.0,0.939146
cpu_compile,837,46,438,0.0,0.088468,0.140084,0.771277,0.0,0.999829,0.0,0.999829
cpu_compile,838,21,132,0.0,0.086671,0.100344,0.694713,0.0,0.8817280000000001,0.0,0.8817280000000001
cpu_compile,839,32,128,0.0,0.088413,0.108603,0.693299,0.0,0.890315,0.0,0.890315
cpu_compile,840,36,154,0.0,0.088475,0.113087,0.711456,0.0,0.913018,0.0,0.913018
cpu_compile,841,31,144,0.0,0.085726,0.105613,0.700653,0.0,0.8919919999999999,0.0,0.8919919999999999
cpu_compile,842,37,296,0.0,0.086696,0.122349,0.749133,0.0,0.958178,0.0,0.958178
cpu_compile,843,57,802,0.0,0.094384,0.167563,0.845881,0.0,1.107828,0.0,1.107828
cpu_compile,844,54,560,0.0,0.090077,0.15462,0.77912,0.0,1.023817,0.0,1.023817
cpu_compile,845,33,150,0.0,0.088077,0.106874,0.714593,0.0,0.909544,0.0,0.909544
cpu_compile,846,51,310,0.0,0.091299,0.13199,0.749586,0.0,0.9728749999999999,0.0,0.9728749999999999
cpu_compile,847,67,462,0.0,0.089568,0.149437,0.774006,0.0,1.0130109999999999,0.0,1.0130109999999999
cpu_compile,848,48,372,0.0,0.088223,0.139326,0.774848,0.0,1.002397,0.0,1.002397
cpu_compile,849,36,148,0.0,0.091562,0.10907,0.698663,0.0,0.8992950000000001,0.0,0.8992950000000001
cpu_compile,850,34,146,0.0,0.086743,0.109436,0.696157,0.0,0.892336,0.0,0.892336
cpu_compile,851,18,40,0.0,0.086239,0.087252,0.63176,0.0,0.8052509999999999,0.0,0.8052509999999999
cpu_compile,852,26,194,0.0,0.092945,0.107413,0.69545,0.0,0.8958079999999999,0.0,0.8958079999999999
cpu_compile,853,34,218,0.0,0.086872,0.120375,0.72476,0.0,0.932007,0.0,0.932007
cpu_compile,854,25,128,0.0,0.086431,0.103745,0.696734,0.0,0.88691,0.0,0.88691
cpu_compile,855,21,40,0.0,0.086576,0.091546,0.644267,0.0,0.822389,0.0,0.822389
cpu_compile,856,31,142,0.0,0.089076,0.106309,0.79624,0.0,0.991625,0.0,0.991625
cpu_compile,857,29,116,0.0,0.087236,0.10631,0.664316,0.0,0.857862,0.0,0.857862
cpu_compile,858,46,246,0.0,0.088167,0.11843,0.74583,0.0,0.9524269999999999,0.0,0.9524269999999999
cpu_compile,859,38,226,0.0,0.087903,0.119934,0.723981,0.0,0.931818,0.0,0.931818
cpu_compile,860,39,180,0.0,0.087233,0.116903,0.707465,0.0,0.911601,0.0,0.911601
cpu_compile,861,21,28,0.0,0.085812,0.090636,0.633247,0.0,0.809695,0.0,0.809695
cpu_compile,862,37,260,0.0,0.09147,0.121838,0.737344,0.0,0.950652,0.0,0.950652
cpu_compile,863,34,86,0.0,0.090918,0.105479,0.672747,0.0,0.8691439999999999,0.0,0.8691439999999999
cpu_compile,864,24,138,0.0,0.087178,0.102446,0.677303,0.0,0.866927,0.0,0.866927
cpu_compile,865,55,482,0.0,0.095342,0.146781,0.770162,0.0,1.0122849999999999,0.0,1.0122849999999999
cpu_compile,866,9,30,0.0,0.091001,0.082088,0.627345,0.0,0.8004340000000001,0.0,0.8004340000000001
cpu_compile,867,31,84,0.0,0.087344,0.110528,0.644548,0.0,0.84242,0.0,0.84242
cpu_compile,868,63,476,0.0,0.088121,0.146745,0.778682,0.0,1.013548,0.0,1.013548
cpu_compile,869,28,136,0.0,0.090476,0.1046,0.685837,0.0,0.8809130000000001,0.0,0.8809130000000001
cpu_compile,870,25,84,0.0,0.085723,0.100995,0.647125,0.0,0.8338429999999999,0.0,0.8338429999999999
cpu_compile,871,24,186,0.0,0.086914,0.101614,0.705108,0.0,0.893636,0.0,0.893636
cpu_compile,872,44,362,0.0,0.088046,0.12485,0.782489,0.0,0.995385,0.0,0.995385
cpu_compile,873,14,38,0.0,0.085928,0.086942,0.637167,0.0,0.8100370000000001,0.0,0.8100370000000001
cpu_compile,874,69,620,0.0,0.089673,0.163278,0.812751,0.0,1.065702,0.0,1.065702
cpu_compile,875,21,116,0.0,0.087147,0.096539,0.668806,0.0,0.852492,0.0,0.852492
cpu_compile,876,52,452,0.0,0.088438,0.143611,0.775483,0.0,1.007532,0.0,1.007532
cpu_compile,877,20,70,0.0,0.08732,0.095993,0.650709,0.0,0.834022,0.0,0.834022
cpu_compile,878,50,396,0.0,0.087853,0.137255,0.764329,0.0,0.989437,0.0,0.989437
cpu_compile,879,26,144,0.0,0.087982,0.105247,0.70426,0.0,0.897489,0.0,0.897489
cpu_compile,880,30,158,0.0,0.087151,0.110182,0.719431,0.0,0.916764,0.0,0.916764
cpu_compile,881,27,68,0.0,0.091383,0.102146,0.643546,0.0,0.837075,0.0,0.837075
cpu_compile,882,39,322,0.0,0.091491,0.123096,0.750873,0.0,0.96546,0.0,0.96546
cpu_compile,883,36,236,0.0,0.087292,0.11753,0.719909,0.0,0.924731,0.0,0.924731
cpu_compile,884,47,346,0.0,0.099862,0.1305,0.770077,0.0,1.000439,0.0,1.000439
cpu_compile,885,35,256,0.0,0.094613,0.116186,0.735268,0.0,0.946067,0.0,0.946067
cpu_compile,886,76,624,0.0,0.098131,0.179437,0.81484,0.0,1.092408,0.0,1.092408
cpu_compile,887,32,124,0.0,0.088983,0.10693,0.65237,0.0,0.848283,0.0,0.848283
cpu_compile,888,25,98,0.0,0.09807,0.097713,0.636552,0.0,0.832335,0.0,0.832335
cpu_compile,889,48,342,0.0,0.089239,0.14054,0.748096,0.0,0.977875,0.0,0.977875
cpu_compile,890,30,192,0.0,0.086598,0.119905,0.715192,0.0,0.921695,0.0,0.921695
cpu_compile,891,43,276,0.0,0.090257,0.134747,0.736854,0.0,0.961858,0.0,0.961858
cpu_compile,892,29,94,0.0,0.088454,0.10225,0.674978,0.0,0.865682,0.0,0.865682
cpu_compile,893,50,448,0.0,0.091121,0.143732,0.773371,0.0,1.008224,0.0,1.008224
cpu_compile,894,29,142,0.0,0.090816,0.105568,0.689001,0.0,0.885385,0.0,0.885385
cpu_compile,895,40,200,0.0,0.087658,0.11617,0.720858,0.0,0.924686,0.0,0.924686
cpu_compile,896,29,116,0.0,0.0867,0.102703,0.667704,0.0,0.857107,0.0,0.857107
cpu_compile,897,17,20,0.0,0.086454,0.087546,0.630447,0.0,0.8044469999999999,0.0,0.8044469999999999
cpu_compile,898,19,72,0.0,0.086313,0.090913,0.642154,0.0,0.81938,0.0,0.81938
cpu_compile,899,36,150,0.0,0.087179,0.111335,0.694699,0.0,0.893213,0.0,0.893213
cpu_compile,900,21,60,0.0,0.086247,0.093314,0.630342,0.0,0.8099029999999999,0.0,0.8099029999999999
cpu_compile,901,38,178,0.0,0.094794,0.118464,0.694971,0.0,0.908229,0.0,0.908229
cpu_compile,902,50,464,0.0,0.09065,0.15044,0.765419,0.0,1.0065089999999999,0.0,1.0065089999999999
cpu_compile,903,31,128,0.0,0.086714,0.107276,0.700401,0.0,0.894391,0.0,0.894391
cpu_compile,904,35,212,0.0,0.087125,0.122099,0.708933,0.0,0.918157,0.0,0.918157
cpu_compile,905,30,162,0.0,0.09036,0.10427,0.697555,0.0,0.892185,0.0,0.892185
cpu_compile,906,36,108,0.0,0.087035,0.110687,0.652648,0.0,0.8503700000000001,0.0,0.8503700000000001
cpu_compile,907,14,24,0.0,0.085039,0.086304,0.630238,0.0,0.801581,0.0,0.801581
cpu_compile,908,50,326,0.0,0.087012,0.130558,0.771907,0.0,0.989477,0.0,0.989477
cpu_compile,909,30,156,0.0,0.087344,0.104238,0.695266,0.0,0.8868480000000001,0.0,0.8868480000000001
cpu_compile,910,90,920,0.0,0.095046,0.212787,0.877632,0.0,1.185465,0.0,1.185465
cpu_compile,911,56,400,0.0,0.094424,0.139467,0.772484,0.0,1.006375,0.0,1.006375
cpu_compile,912,30,108,0.0,0.087109,0.103805,0.668402,0.0,0.8593160000000001,0.0,0.8593160000000001
cpu_compile,913,50,698,0.0,0.093764,0.150302,0.821512,0.0,1.065578,0.0,1.065578
cpu_compile,914,37,182,0.0,0.088219,0.112631,0.715548,0.0,0.9163979999999999,0.0,0.9163979999999999
cpu_compile,915,30,132,0.0,0.087604,0.107613,0.708661,0.0,0.903878,0.0,0.903878
cpu_compile,916,63,398,0.0,0.08925,0.145382,0.770226,0.0,1.004858,0.0,1.004858
cpu_compile,917,36,156,0.0,0.088683,0.110125,0.699545,0.0,0.898353,0.0,0.898353
cpu_compile,918,30,264,0.0,0.089944,0.115869,0.755957,0.0,0.96177,0.0,0.96177
cpu_compile,919,73,1408,0.0,0.090796,0.211057,0.929129,0.0,1.230982,0.0,1.230982
cpu_compile,920,23,154,0.0,0.091176,0.101604,0.703528,0.0,0.8963080000000001,0.0,0.8963080000000001
cpu_compile,921,35,162,0.0,0.0913,0.110161,0.703738,0.0,0.905199,0.0,0.905199
cpu_compile,922,47,214,0.0,0.087355,0.126653,0.732875,0.0,0.946883,0.0,0.946883
cpu_compile,923,32,142,0.0,0.090569,0.110335,0.704471,0.0,0.9053749999999999,0.0,0.9053749999999999
cpu_compile,924,81,872,0.0,0.092767,0.190838,0.885345,0.0,1.1689500000000002,0.0,1.1689500000000002
cpu_compile,925,42,354,0.0,0.090134,0.128478,0.772087,0.0,0.990699,0.0,0.990699
cpu_compile,926,39,216,0.0,0.088587,0.118694,0.732534,0.0,0.9398150000000001,0.0,0.9398150000000001
cpu_compile,927,46,388,0.0,0.089099,0.14253,0.780755,0.0,1.012384,0.0,1.012384
cpu_compile,928,56,330,0.0,0.088209,0.139497,0.776249,0.0,1.003955,0.0,1.003955
cpu_compile,929,38,170,0.0,0.088081,0.112841,0.700427,0.0,0.901349,0.0,0.901349
cpu_compile,930,42,274,0.0,0.088422,0.125612,0.752823,0.0,0.9668570000000001,0.0,0.9668570000000001
cpu_compile,931,58,428,0.0,0.088107,0.149379,0.788659,0.0,1.026145,0.0,1.026145
cpu_compile,932,45,332,0.0,0.088859,0.133077,0.76394,0.0,0.985876,0.0,0.985876
cpu_compile,933,28,148,0.0,0.086933,0.109333,0.711378,0.0,0.9076439999999999,0.0,0.9076439999999999
cpu_compile,934,41,218,0.0,0.088051,0.11991,0.72644,0.0,0.934401,0.0,0.934401
cpu_compile,935,36,240,0.0,0.086881,0.11953,0.749773,0.0,0.956184,0.0,0.956184
cpu_compile,936,18,86,0.0,0.093311,0.090592,0.66504,0.0,0.848943,0.0,0.848943
cpu_compile,937,30,194,0.0,0.086695,0.114038,0.699859,0.0,0.9005920000000001,0.0,0.9005920000000001
cpu_compile,938,35,142,0.0,0.089344,0.106874,0.719558,0.0,0.915776,0.0,0.915776
cpu_compile,939,28,174,0.0,0.08727,0.106059,0.710498,0.0,0.9038269999999999,0.0,0.9038269999999999
cpu_compile,940,105,1866,0.0,0.092259,0.256221,0.981504,0.0,1.329984,0.0,1.329984
cpu_compile,941,40,192,0.0,0.089102,0.118307,0.703317,0.0,0.9107259999999999,0.0,0.9107259999999999
cpu_compile,942,42,160,0.0,0.087574,0.115432,0.708778,0.0,0.911784,0.0,0.911784
cpu_compile,943,59,410,0.0,0.087272,0.143434,0.790696,0.0,1.021402,0.0,1.021402
cpu_compile,944,24,68,0.0,0.087887,0.097029,0.649054,0.0,0.8339700000000001,0.0,0.8339700000000001
cpu_compile,945,30,146,0.0,0.086135,0.104208,0.69664,0.0,0.8869830000000001,0.0,0.8869830000000001
cpu_compile,946,69,1248,0.0,0.088566,0.203256,0.874721,0.0,1.1665429999999999,0.0,1.1665429999999999
cpu_compile,947,17,54,0.0,0.089021,0.090833,0.641133,0.0,0.8209869999999999,0.0,0.8209869999999999
cpu_compile,948,31,128,0.0,0.085653,0.102168,0.689832,0.0,0.877653,0.0,0.877653
cpu_compile,949,41,278,0.0,0.089043,0.125284,0.763156,0.0,0.9774829999999999,0.0,0.9774829999999999
cpu_compile,950,61,400,0.0,0.090253,0.149149,0.771109,0.0,1.0105110000000002,0.0,1.0105110000000002
cpu_compile,951,54,384,0.0,0.088821,0.138215,0.774287,0.0,1.001323,0.0,1.001323
cpu_compile,952,34,166,0.0,0.091167,0.110162,0.705551,0.0,0.90688,0.0,0.90688
cpu_compile,953,75,1054,0.0,0.097124,0.200379,0.881884,0.0,1.179387,0.0,1.179387
cpu_compile,954,34,132,0.0,0.089319,0.109024,0.708927,0.0,0.90727,0.0,0.90727
cpu_compile,955,37,426,0.0,0.086296,0.130849,0.778317,0.0,0.9954620000000001,0.0,0.9954620000000001
cpu_compile,956,25,100,0.0,0.087512,0.097134,0.663428,0.0,0.848074,0.0,0.848074
cpu_compile,957,69,912,0.0,0.092305,0.182422,0.857991,0.0,1.132718,0.0,1.132718
cpu_compile,958,61,638,0.0,0.093138,0.160353,0.818283,0.0,1.071774,0.0,1.071774
cpu_compile,959,31,136,0.0,0.088345,0.104393,0.726985,0.0,0.9197230000000001,0.0,0.9197230000000001
cpu_compile,960,41,212,0.0,0.087728,0.113268,0.727736,0.0,0.9287320000000001,0.0,0.9287320000000001
cpu_compile,961,32,254,0.0,0.086265,0.113094,0.760703,0.0,0.960062,0.0,0.960062
cpu_compile,962,31,98,0.0,0.086721,0.105344,0.664453,0.0,0.8565179999999999,0.0,0.8565179999999999
cpu_compile,963,51,314,0.0,0.087453,0.134889,0.759232,0.0,0.9815740000000001,0.0,0.9815740000000001
cpu_compile,964,35,264,0.0,0.087286,0.118663,0.745258,0.0,0.9512069999999999,0.0,0.9512069999999999
cpu_compile,965,33,138,0.0,0.086871,0.111493,0.73225,0.0,0.9306139999999999,0.0,0.9306139999999999
cpu_compile,966,28,174,0.0,0.086234,0.103958,0.708542,0.0,0.898734,0.0,0.898734
cpu_compile,967,56,370,0.0,0.092315,0.14073,0.771951,0.0,1.004996,0.0,1.004996
cpu_compile,968,32,192,0.0,0.088163,0.106041,0.712877,0.0,0.907081,0.0,0.907081
cpu_compile,969,21,120,0.0,0.086956,0.098816,0.656987,0.0,0.842759,0.0,0.842759
cpu_compile,970,39,220,0.0,0.086507,0.117998,0.727846,0.0,0.9323509999999999,0.0,0.9323509999999999
cpu_compile,971,25,92,0.0,0.086847,0.09805,0.65043,0.0,0.8353269999999999,0.0,0.8353269999999999
cpu_compile,972,71,1010,0.0,0.093188,0.179266,0.865107,0.0,1.1375609999999998,0.0,1.1375609999999998
cpu_compile,973,35,152,0.0,0.088432,0.110554,0.710401,0.0,0.909387,0.0,0.909387
cpu_compile,974,15,34,0.0,0.08919,0.087237,0.626929,0.0,0.803356,0.0,0.803356
cpu_compile,975,35,132,0.0,0.094517,0.111202,0.694097,0.0,0.899816,0.0,0.899816
cpu_compile,976,21,66,0.0,0.09312,0.097301,0.649857,0.0,0.8402780000000001,0.0,0.8402780000000001
cpu_compile,977,36,172,0.0,0.08672,0.109658,0.715038,0.0,0.911416,0.0,0.911416
cpu_compile,978,48,302,0.0,0.089586,0.129071,0.743299,0.0,0.961956,0.0,0.961956
cpu_compile,979,69,664,0.0,0.08964,0.174665,0.81325,0.0,1.077555,0.0,1.077555
cpu_compile,980,41,258,0.0,0.088567,0.131995,0.728743,0.0,0.9493050000000001,0.0,0.9493050000000001
cpu_compile,981,36,150,0.0,0.093716,0.121184,0.696376,0.0,0.911276,0.0,0.911276
cpu_compile,982,50,398,0.0,0.086903,0.140441,0.760768,0.0,0.988112,0.0,0.988112
cpu_compile,983,43,342,0.0,0.087529,0.134454,0.75549,0.0,0.977473,0.0,0.977473
cpu_compile,984,35,156,0.0,0.093936,0.117649,0.705324,0.0,0.916909,0.0,0.916909
cpu_compile,985,32,168,0.0,0.085834,0.106422,0.696905,0.0,0.889161,0.0,0.889161
cpu_compile,986,23,94,0.0,0.086581,0.094929,0.673189,0.0,0.8546990000000001,0.0,0.8546990000000001
cpu_compile,987,40,248,0.0,0.091313,0.121999,0.726749,0.0,0.940061,0.0,0.940061
cpu_compile,988,25,116,0.0,0.088055,0.100571,0.656754,0.0,0.8453799999999999,0.0,0.8453799999999999
cpu_compile,989,30,90,0.0,0.087793,0.102292,0.659183,0.0,0.8492679999999999,0.0,0.8492679999999999
cpu_compile,990,30,90,0.0,0.086554,0.101975,0.64785,0.0,0.836379,0.0,0.836379
cpu_compile,991,32,208,0.0,0.086982,0.112846,0.723831,0.0,0.923659,0.0,0.923659
cpu_compile,992,33,180,0.0,0.092957,0.109524,0.724245,0.0,0.926726,0.0,0.926726
cpu_compile,993,45,226,0.0,0.09194,0.125605,0.730216,0.0,0.947761,0.0,0.947761
cpu_compile,994,44,228,0.0,0.088617,0.122357,0.711553,0.0,0.922527,0.0,0.922527
cpu_compile,995,31,198,0.0,0.093492,0.110093,0.709064,0.0,0.912649,0.0,0.912649
cpu_compile,996,60,370,0.0,0.095749,0.144852,0.762372,0.0,1.0029730000000001,0.0,1.0029730000000001
cpu_compile,997,82,834,0.0,0.103276,0.185302,0.856613,0.0,1.145191,0.0,1.145191
cpu_compile,998,15,36,0.0,0.086978,0.089383,0.63282,0.0,0.809181,0.0,0.809181
cpu_compile,999,36,142,0.0,0.094009,0.110087,0.694571,0.0,0.8986670000000001,0.0,0.8986670000000001
cpu_compile,1000,21,88,0.0,0.085094,0.103497,0.645153,0.0,0.833744,0.0,0.833744
cpu_compile,1001,27,84,0.0,0.08564,0.101338,0.654415,0.0,0.841393,0.0,0.841393
cpu_compile,1002,28,120,0.0,0.086602,0.104126,0.651287,0.0,0.842015,0.0,0.842015
cpu_compile,1003,51,312,0.0,0.088299,0.127368,0.7591,0.0,0.9747669999999999,0.0,0.9747669999999999
cpu_compile,1004,65,1078,0.0,0.09158,0.184442,0.884464,0.0,1.1604860000000001,0.0,1.1604860000000001
cpu_compile,1005,31,218,0.0,0.088438,0.109895,0.740395,0.0,0.938728,0.0,0.938728
cpu_compile,1006,55,632,0.0,0.088817,0.151585,0.804808,0.0,1.04521,0.0,1.04521
cpu_compile,1007,41,186,0.0,0.088007,0.116721,0.723374,0.0,0.928102,0.0,0.928102
cpu_compile,1008,43,340,0.0,0.087795,0.129635,0.770274,0.0,0.987704,0.0,0.987704
cpu_compile,1009,39,482,0.0,0.091229,0.138471,0.784266,0.0,1.013966,0.0,1.013966
cpu_compile,1010,18,62,0.0,0.088098,0.090534,0.642881,0.0,0.821513,0.0,0.821513
cpu_compile,1011,33,138,0.0,0.086488,0.108882,0.68441,0.0,0.87978,0.0,0.87978
cpu_compile,1012,24,122,0.0,0.086174,0.099722,0.6621,0.0,0.847996,0.0,0.847996
cpu_compile,1013,22,64,0.0,0.090073,0.093379,0.634062,0.0,0.8175140000000001,0.0,0.8175140000000001
cpu_compile,1014,46,346,0.0,0.091482,0.134969,0.774625,0.0,1.001076,0.0,1.001076
cpu_compile,1015,53,532,0.0,0.088393,0.14906,0.793017,0.0,1.03047,0.0,1.03047
cpu_compile,1016,76,596,0.0,0.094454,0.174386,0.810509,0.0,1.0793490000000001,0.0,1.0793490000000001
cpu_compile,1017,40,196,0.0,0.088621,0.113929,0.714594,0.0,0.917144,0.0,0.917144
cpu_compile,1018,28,124,0.0,0.087061,0.105766,0.66231,0.0,0.8551369999999999,0.0,0.8551369999999999
cpu_compile,1019,47,210,0.0,0.091058,0.127421,0.727762,0.0,0.946241,0.0,0.946241
cpu_compile,1020,39,200,0.0,0.087719,0.120212,0.711602,0.0,0.9195329999999999,0.0,0.9195329999999999
cpu_compile,1021,39,194,0.0,0.088579,0.120001,0.724743,0.0,0.933323,0.0,0.933323
cpu_compile,1022,50,408,0.0,0.089047,0.134853,0.77364,0.0,0.99754,0.0,0.99754
cpu_compile,1023,12,32,0.0,0.087763,0.084409,0.647941,0.0,0.820113,0.0,0.820113
cpu_compile,1024,59,438,0.0,0.092822,0.143555,0.772504,0.0,1.008881,0.0,1.008881
cpu_compile,1025,43,222,0.0,0.092245,0.120479,0.728581,0.0,0.9413050000000001,0.0,0.9413050000000001
cpu_compile,1026,23,96,0.0,0.086738,0.096423,0.640719,0.0,0.8238800000000001,0.0,0.8238800000000001
cpu_compile,1027,28,120,0.0,0.095201,0.101546,0.645057,0.0,0.841804,0.0,0.841804
cpu_compile,1028,34,162,0.0,0.090225,0.121269,0.69557,0.0,0.9070640000000001,0.0,0.9070640000000001
cpu_compile,1029,38,226,0.0,0.087901,0.119234,0.73238,0.0,0.9395150000000001,0.0,0.9395150000000001
cpu_compile,1030,31,214,0.0,0.086091,0.108493,0.736361,0.0,0.930945,0.0,0.930945
cpu_compile,1031,61,826,0.0,0.092174,0.171128,0.855454,0.0,1.118756,0.0,1.118756
cpu_compile,1032,25,66,0.0,0.087459,0.104218,0.645967,0.0,0.8376439999999999,0.0,0.8376439999999999
cpu_compile,1033,30,84,0.0,0.086506,0.103513,0.651892,0.0,0.8419110000000001,0.0,0.8419110000000001
cpu_compile,1034,36,232,0.0,0.087317,0.113817,0.74649,0.0,0.947624,0.0,0.947624
cpu_compile,1035,73,954,0.0,0.087596,0.187293,0.886072,0.0,1.160961,0.0,1.160961
cpu_compile,1036,61,458,0.0,0.089381,0.152914,0.777623,0.0,1.0199179999999999,0.0,1.0199179999999999
cpu_compile,1037,85,806,0.0,0.090525,0.200678,0.860988,0.0,1.152191,0.0,1.152191
cpu_compile,1038,47,334,0.0,0.097836,0.132191,0.744018,0.0,0.9740449999999999,0.0,0.9740449999999999
cpu_compile,1039,55,404,0.0,0.095523,0.1409,0.784243,0.0,1.020666,0.0,1.020666
cpu_compile,1040,39,286,0.0,0.091591,0.123179,0.768607,0.0,0.9833770000000001,0.0,0.9833770000000001
cpu_compile,1041,40,176,0.0,0.088158,0.122362,0.714844,0.0,0.9253640000000001,0.0,0.9253640000000001
cpu_compile,1042,36,236,0.0,0.08894,0.117597,0.736337,0.0,0.942874,0.0,0.942874
cpu_compile,1043,55,346,0.0,0.0947,0.138946,0.761409,0.0,0.995055,0.0,0.995055
cpu_compile,1044,26,102,0.0,0.08889,0.098854,0.646283,0.0,0.8340270000000001,0.0,0.8340270000000001
cpu_compile,1045,25,108,0.0,0.086036,0.106981,0.647163,0.0,0.84018,0.0,0.84018
cpu_compile,1046,24,56,0.0,0.085759,0.096678,0.658181,0.0,0.8406180000000001,0.0,0.8406180000000001
cpu_compile,1047,23,68,0.0,0.086725,0.095964,0.653159,0.0,0.835848,0.0,0.835848
cpu_compile,1048,27,144,0.0,0.087191,0.103816,0.688136,0.0,0.879143,0.0,0.879143
cpu_compile,1049,25,66,0.0,0.090961,0.098148,0.655845,0.0,0.844954,0.0,0.844954
cpu_compile,1050,35,134,0.0,0.090016,0.115156,0.68885,0.0,0.894022,0.0,0.894022
cpu_compile,1051,44,312,0.0,0.088341,0.126868,0.754857,0.0,0.970066,0.0,0.970066
cpu_compile,1052,62,456,0.0,0.08781,0.144369,0.784677,0.0,1.016856,0.0,1.016856
cpu_compile,1053,20,68,0.0,0.086371,0.093855,0.638799,0.0,0.819025,0.0,0.819025
cpu_compile,1054,38,142,0.0,0.08653,0.115892,0.696903,0.0,0.899325,0.0,0.899325
cpu_compile,1055,27,130,0.0,0.087434,0.104616,0.702027,0.0,0.894077,0.0,0.894077
cpu_compile,1056,23,78,0.0,0.094905,0.096905,0.656492,0.0,0.848302,0.0,0.848302
cpu_compile,1057,23,92,0.0,0.086157,0.105234,0.639107,0.0,0.830498,0.0,0.830498
cpu_compile,1058,34,232,0.0,0.089074,0.116306,0.741923,0.0,0.947303,0.0,0.947303
cpu_compile,1059,56,664,0.0,0.087802,0.158417,0.821201,0.0,1.06742,0.0,1.06742
cpu_compile,1060,47,468,0.0,0.092326,0.148503,0.776779,0.0,1.017608,0.0,1.017608
cpu_compile,1061,32,142,0.0,0.087162,0.115704,0.699441,0.0,0.902307,0.0,0.902307
cpu_compile,1062,56,324,0.0,0.091568,0.137924,0.768725,0.0,0.9982169999999999,0.0,0.9982169999999999
cpu_compile,1063,35,234,0.0,0.087352,0.116564,0.764254,0.0,0.96817,0.0,0.96817
cpu_compile,1064,29,184,0.0,0.086721,0.109501,0.718218,0.0,0.91444,0.0,0.91444
cpu_compile,1065,42,204,0.0,0.091517,0.121009,0.717812,0.0,0.930338,0.0,0.930338
cpu_compile,1066,20,78,0.0,0.086577,0.092797,0.652007,0.0,0.831381,0.0,0.831381
cpu_compile,1067,54,384,0.0,0.086623,0.138814,0.77089,0.0,0.996327,0.0,0.996327
cpu_compile,1068,36,200,0.0,0.086785,0.114487,0.733492,0.0,0.934764,0.0,0.934764
cpu_compile,1069,27,110,0.0,0.08789,0.102795,0.668511,0.0,0.859196,0.0,0.859196
cpu_compile,1070,59,588,0.0,0.088273,0.15808,0.809443,0.0,1.055796,0.0,1.055796
cpu_compile,1071,58,402,0.0,0.08847,0.143178,0.780943,0.0,1.012591,0.0,1.012591
cpu_compile,1072,37,154,0.0,0.091565,0.116926,0.715647,0.0,0.924138,0.0,0.924138
cpu_compile,1073,26,182,0.0,0.086501,0.106654,0.712748,0.0,0.905903,0.0,0.905903
cpu_compile,1074,37,226,0.0,0.087681,0.114233,0.728831,0.0,0.9307449999999999,0.0,0.9307449999999999
cpu_compile,1075,45,234,0.0,0.093248,0.128642,0.736256,0.0,0.958146,0.0,0.958146
cpu_compile,1076,65,576,0.0,0.092022,0.158827,0.819939,0.0,1.0707879999999999,0.0,1.0707879999999999
cpu_compile,1077,59,612,0.0,0.089669,0.164225,0.80745,0.0,1.061344,0.0,1.061344
cpu_compile,1078,45,222,0.0,0.095704,0.127478,0.73605,0.0,0.959232,0.0,0.959232
cpu_compile,1079,34,194,0.0,0.089868,0.113178,0.712166,0.0,0.9152119999999999,0.0,0.9152119999999999
cpu_compile,1080,53,330,0.0,0.087652,0.134981,0.76007,0.0,0.982703,0.0,0.982703
cpu_compile,1081,46,244,0.0,0.092173,0.125027,0.751174,0.0,0.9683740000000001,0.0,0.9683740000000001
cpu_compile,1082,59,256,0.0,0.088605,0.138789,0.747153,0.0,0.9745469999999999,0.0,0.9745469999999999
cpu_compile,1083,43,146,0.0,0.091109,0.118486,0.70579,0.0,0.915385,0.0,0.915385
cpu_compile,1084,74,1248,0.0,0.092338,0.204849,0.903796,0.0,1.200983,0.0,1.200983
cpu_compile,1085,71,902,0.0,0.090332,0.190818,0.855503,0.0,1.136653,0.0,1.136653
cpu_compile,1086,63,826,0.0,0.093226,0.184061,0.850462,0.0,1.1277490000000001,0.0,1.1277490000000001
cpu_compile,1087,50,334,0.0,0.092553,0.132264,0.762606,0.0,0.9874229999999999,0.0,0.9874229999999999
cpu_compile,1088,80,518,0.0,0.093,0.174412,0.798476,0.0,1.065888,0.0,1.065888
cpu_compile,1089,63,462,0.0,0.089902,0.158816,0.787326,0.0,1.036044,0.0,1.036044
cpu_compile,1090,29,86,0.0,0.088088,0.101763,0.653154,0.0,0.843005,0.0,0.843005
cpu_compile,1091,21,94,0.0,0.086076,0.093342,0.636356,0.0,0.815774,0.0,0.815774
cpu_compile,1092,91,1980,0.0,0.097347,0.246059,0.998016,0.0,1.3414220000000001,0.0,1.3414220000000001
cpu_compile,1093,19,70,0.0,0.088396,0.094274,0.639705,0.0,0.822375,0.0,0.822375
cpu_compile,1094,30,124,0.0,0.08748,0.111744,0.66294,0.0,0.8621639999999999,0.0,0.8621639999999999
cpu_compile,1095,30,126,0.0,0.086705,0.104928,0.682083,0.0,0.8737159999999999,0.0,0.8737159999999999
cpu_compile,1096,44,304,0.0,0.093482,0.129716,0.753294,0.0,0.976492,0.0,0.976492
cpu_compile,1097,29,236,0.0,0.09478,0.110909,0.751419,0.0,0.957108,0.0,0.957108
cpu_compile,1098,29,120,0.0,0.093832,0.100964,0.670475,0.0,0.865271,0.0,0.865271
cpu_compile,1099,33,206,0.0,0.087467,0.121533,0.720039,0.0,0.929039,0.0,0.929039
cpu_compile,1100,25,40,0.0,0.086166,0.09965,0.633776,0.0,0.819592,0.0,0.819592
cpu_compile,1101,80,622,0.0,0.087883,0.175198,0.80476,0.0,1.067841,0.0,1.067841
cpu_compile,1102,25,134,0.0,0.093464,0.102805,0.700444,0.0,0.896713,0.0,0.896713
cpu_compile,1103,33,210,0.0,0.09095,0.113786,0.736952,0.0,0.9416880000000001,0.0,0.9416880000000001
cpu_compile,1104,28,110,0.0,0.086432,0.10489,0.673325,0.0,0.8646469999999999,0.0,0.8646469999999999
cpu_compile,1105,71,692,0.0,0.08985,0.173633,0.809025,0.0,1.072508,0.0,1.072508
cpu_compile,1106,20,32,0.0,0.087648,0.090244,0.64186,0.0,0.819752,0.0,0.819752
cpu_compile,1107,51,582,0.0,0.087646,0.156351,0.804459,0.0,1.048456,0.0,1.048456
cpu_compile,1108,20,58,0.0,0.087132,0.094394,0.646072,0.0,0.8275980000000001,0.0,0.8275980000000001
cpu_compile,1109,68,552,0.0,0.091394,0.167119,0.797877,0.0,1.05639,0.0,1.05639
cpu_compile,1110,26,132,0.0,0.08749,0.104923,0.700715,0.0,0.8931279999999999,0.0,0.8931279999999999
cpu_compile,1111,53,380,0.0,0.089052,0.140105,0.772658,0.0,1.001815,0.0,1.001815
cpu_compile,1112,39,262,0.0,0.087114,0.12222,0.758873,0.0,0.968207,0.0,0.968207
cpu_compile,1113,52,566,0.0,0.09313,0.148981,0.790119,0.0,1.03223,0.0,1.03223
cpu_compile,1114,76,792,0.0,0.093054,0.186478,0.854357,0.0,1.133889,0.0,1.133889
cpu_compile,1115,28,106,0.0,0.087932,0.101613,0.649308,0.0,0.838853,0.0,0.838853
cpu_compile,1116,47,408,0.0,0.091777,0.130025,0.770744,0.0,0.9925459999999999,0.0,0.9925459999999999
cpu_compile,1117,69,392,0.0,0.092662,0.147009,0.781983,0.0,1.021654,0.0,1.021654
cpu_compile,1118,13,44,0.0,0.087557,0.086595,0.646012,0.0,0.820164,0.0,0.820164
cpu_compile,1119,27,106,0.0,0.089184,0.10156,0.657232,0.0,0.8479760000000001,0.0,0.8479760000000001
cpu_compile,1120,21,34,0.0,0.087587,0.0925,0.637737,0.0,0.817824,0.0,0.817824
cpu_compile,1121,32,136,0.0,0.086755,0.103471,0.680866,0.0,0.871092,0.0,0.871092
cpu_compile,1122,27,92,0.0,0.086452,0.099942,0.650511,0.0,0.836905,0.0,0.836905
cpu_compile,1123,23,78,0.0,0.086346,0.096966,0.632897,0.0,0.8162090000000001,0.0,0.8162090000000001
cpu_compile,1124,32,250,0.0,0.084967,0.121403,0.718628,0.0,0.924998,0.0,0.924998
cpu_compile,1125,21,44,0.0,0.091673,0.100315,0.632058,0.0,0.8240460000000001,0.0,0.8240460000000001
cpu_compile,1126,32,128,0.0,0.085625,0.104676,0.676713,0.0,0.867014,0.0,0.867014
cpu_compile,1127,25,70,0.0,0.088922,0.095832,0.647751,0.0,0.8325049999999999,0.0,0.8325049999999999
cpu_compile,1128,74,868,0.0,0.089056,0.182766,0.84955,0.0,1.121372,0.0,1.121372
cpu_compile,1129,34,172,0.0,0.088429,0.110162,0.702664,0.0,0.9012549999999999,0.0,0.9012549999999999
cpu_compile,1130,43,258,0.0,0.087087,0.122329,0.754725,0.0,0.9641409999999999,0.0,0.9641409999999999
cpu_compile,1131,33,124,0.0,0.086362,0.108595,0.669148,0.0,0.8641049999999999,0.0,0.8641049999999999
cpu_compile,1132,39,240,0.0,0.08775,0.119099,0.736354,0.0,0.943203,0.0,0.943203
cpu_compile,1133,39,340,0.0,0.086747,0.125401,0.763766,0.0,0.975914,0.0,0.975914
cpu_compile,1134,37,222,0.0,0.087752,0.114656,0.720351,0.0,0.9227589999999999,0.0,0.9227589999999999
cpu_compile,1135,101,1082,0.0,0.089347,0.218179,0.90133,0.0,1.208856,0.0,1.208856
cpu_compile,1136,15,36,0.0,0.088298,0.087813,0.639168,0.0,0.815279,0.0,0.815279
cpu_compile,1137,19,72,0.0,0.086269,0.093025,0.647692,0.0,0.826986,0.0,0.826986
cpu_compile,1138,27,114,0.0,0.085988,0.100269,0.6539,0.0,0.840157,0.0,0.840157
cpu_compile,1139,24,68,0.0,0.088054,0.097409,0.652668,0.0,0.838131,0.0,0.838131
cpu_compile,1140,31,136,0.0,0.086799,0.105665,0.688785,0.0,0.881249,0.0,0.881249
cpu_compile,1141,45,374,0.0,0.094237,0.137611,0.753783,0.0,0.9856309999999999,0.0,0.9856309999999999
cpu_compile,1142,54,468,0.0,0.095285,0.139944,0.775543,0.0,1.010772,0.0,1.010772
cpu_compile,1143,41,190,0.0,0.089203,0.114451,0.701178,0.0,0.904832,0.0,0.904832
cpu_compile,1144,31,98,0.0,0.102436,0.104999,0.652129,0.0,0.859564,0.0,0.859564
cpu_compile,1145,35,156,0.0,0.086323,0.11934,0.709922,0.0,0.9155850000000001,0.0,0.9155850000000001
cpu_compile,1146,22,62,0.0,0.085991,0.094863,0.649485,0.0,0.8303389999999999,0.0,0.8303389999999999
cpu_compile,1147,49,410,0.0,0.090067,0.140053,0.778912,0.0,1.009032,0.0,1.009032
cpu_compile,1148,43,252,0.0,0.086906,0.125036,0.768663,0.0,0.980605,0.0,0.980605
cpu_compile,1149,41,116,0.0,0.087918,0.116295,0.655193,0.0,0.859406,0.0,0.859406
cpu_compile,1150,23,116,0.0,0.085899,0.096562,0.659782,0.0,0.842243,0.0,0.842243
cpu_compile,1151,27,112,0.0,0.086491,0.100483,0.64235,0.0,0.829324,0.0,0.829324
gpu_eager,128,30,184,0.04150399938225746,0.11270400136709213,0.29388800263404846,1.2257280349731445,0.040352001786231995,1.6323200389742851,0.08185600116848946,1.7141760401427746
gpu_eager,129,36,158,0.03433600068092346,0.1157120019197464,0.2836480140686035,1.2247040271759033,0.03996799886226654,1.6240640431642532,0.07430399954319,1.6983680427074432
gpu_eager,130,31,182,0.031136000528931618,0.10547199845314026,0.28751999139785767,1.2144639492034912,0.03961599990725517,1.6074559390544891,0.07075200043618679,1.678207939490676
gpu_eager,131,50,538,0.031136000528931618,0.10547199845314026,0.29286399483680725,1.222656011581421,0.03939199820160866,1.6209920048713684,0.07052799873054028,1.6915200036019087
gpu_eager,132,33,166,0.03152000159025192,0.10422399640083313,0.2949120104312897,1.2031999826431274,0.03872000053524971,1.6023359894752502,0.07024000212550163,1.6725759916007519
gpu_eager,133,57,302,0.03222399950027466,0.10543999820947647,0.2836480140686035,1.2257280349731445,0.03929600119590759,1.6148160472512245,0.07152000069618225,1.6863360479474068
gpu_eager,134,22,80,0.03136000037193298,0.10342399775981903,0.28352001309394836,1.2216639518737793,0.0395519994199276,1.6086079627275467,0.07091199979186058,1.6795199625194073
gpu_eager,135,29,106,0.032735999673604965,0.10547199845314026,0.28361600637435913,1.2052479982376099,0.04095999896526337,1.5943360030651093,0.07369599863886833,1.6680320017039776
gpu_eager,136,25,78,0.031647998839616776,0.10444799810647964,0.2815999984741211,1.210271954536438,0.03807999938726425,1.5963199511170387,0.06972799822688103,1.6660479493439198
gpu_eager,137,23,56,0.03033600002527237,0.1056319996714592,0.28787198662757874,1.2135679721832275,0.039583999663591385,1.6070719584822655,0.06991999968886375,1.6769919581711292
gpu_eager,138,43,262,0.031936001032590866,0.11459200084209442,0.28467199206352234,1.2143679857254028,0.03993599861860275,1.6136319786310196,0.07187199965119362,1.6855039782822132
gpu_eager,139,32,98,0.03136000037193298,0.10547199845314026,0.2961280047893524,1.2040319442749023,0.03961599990725517,1.605631947517395,0.07097600027918816,1.6766079477965832
gpu_eager,140,22,118,0.0315839983522892,0.10342399775981903,0.29414400458335876,1.21670401096344,0.039903998374938965,1.6142720133066177,0.07148799672722816,1.685760010033846
gpu_eager,141,40,218,0.030527999624609947,0.10467199981212616,0.285504013299942,1.2183359861373901,0.03859199956059456,1.6085119992494583,0.0691199991852045,1.6776319984346628
gpu_eager,142,32,104,0.0318400003015995,0.10444799810647964,0.2837119996547699,1.226688027381897,0.040383998304605484,1.6148480251431465,0.07222399860620499,1.6870720237493515
gpu_eager,143,36,230,0.03097599931061268,0.1043199971318245,0.2844479978084564,1.2021759748458862,0.039583999663591385,1.5909439697861671,0.07055999897420406,1.6615039687603712
gpu_eager,144,38,268,0.03145600110292435,0.10547199845314026,0.2836480140686035,1.2194559574127197,0.040063999593257904,1.6085759699344635,0.07152000069618225,1.6800959706306458
gpu_eager,145,22,80,0.033344000577926636,0.10444799810647964,0.2826240062713623,1.2042239904403687,0.03868800029158592,1.5912959948182106,0.07203200086951256,1.6633279956877232
gpu_eager,146,32,162,0.03139200061559677,0.11084800213575363,0.2877439856529236,1.222656011581421,0.03888000175356865,1.6212479993700981,0.07027200236916542,1.6915200017392635
gpu_eager,147,34,130,0.0318400003015995,0.1064319983124733,0.29071998596191406,1.2052479982376099,0.03734400123357773,1.6023999825119972,0.06918400153517723,1.6715839840471745
gpu_eager,148,36,152,0.03155200183391571,0.10441599786281586,0.29183998703956604,1.2216320037841797,0.03862399980425835,1.6178879886865616,0.07017600163817406,1.6880639903247356
gpu_eager,149,45,272,0.03222399950027466,0.10342399775981903,0.2836480140686035,1.2031359672546387,0.04153599962592125,1.5902079790830612,0.07375999912619591,1.6639679782092571
gpu_eager,150,45,208,0.0318400003015995,0.10444799810647964,0.2865599989891052,1.2269439697265625,0.03923200070858002,1.6179519668221474,0.07107200101017952,1.689023967832327
gpu_eager,151,51,454,0.032416000962257385,0.10444799810647964,0.2836480140686035,1.230847954750061,0.040383998304605484,1.6189439669251442,0.07279999926686287,1.691743966192007
gpu_eager,152,45,268,0.03206399828195572,0.10547199845314026,0.28547200560569763,1.1980799436569214,0.039135999977588654,1.5890239477157593,0.07119999825954437,1.6602239459753036
gpu_eager,153,54,284,0.032735999673604965,0.1064319983124733,0.2858560085296631,1.2800960540771484,0.03964800015091896,1.6723840609192848,0.07238399982452393,1.7447680607438087
gpu_eager,154,34,106,0.031647998839616776,0.10649599879980087,0.28569599986076355,1.2031999826431274,0.038656000047922134,1.5953919813036919,0.07030399888753891,1.6656959801912308
gpu_eager,155,50,446,0.03177599981427193,0.1088000014424324,0.28672000765800476,1.2247040271759033,0.039583999663591385,1.6202240362763405,0.07135999947786331,1.6915840357542038
gpu_eager,156,70,1080,0.03167999908328056,0.10649599879980087,0.29366400837898254,1.3846399784088135,0.04012800008058548,1.784799985587597,0.07180799916386604,1.856607984751463
gpu_eager,157,32,246,0.03129599988460541,0.10454399883747101,0.29369598627090454,1.2206079959869385,0.039264000952243805,1.618847981095314,0.07056000083684921,1.6894079819321632
gpu_eager,158,33,146,0.032287999987602234,0.10553599894046783,0.289792001247406,1.2074559926986694,0.03824000060558319,1.6027839928865433,0.07052800059318542,1.6733119934797287
gpu_eager,159,38,180,0.03235200047492981,0.10630399733781815,0.2887679934501648,1.210528016090393,0.038047999143600464,1.605600006878376,0.07039999961853027,1.6760000064969063
gpu_eager,160,15,30,0.031199999153614044,0.10451199859380722,0.27852800488471985,1.2255680561065674,0.04009599983692169,1.6086080595850945,0.07129599899053574,1.6799040585756302
gpu_eager,161,20,86,0.03094400092959404,0.10547199845314026,0.28467199206352234,1.2255680561065674,0.03951999917626381,1.61571204662323,0.07046400010585785,1.6861760467290878
gpu_eager,162,18,54,0.03171199932694435,0.10444799810647964,0.2908160090446472,1.2974079847335815,0.03964800015091896,1.6926719918847084,0.07135999947786331,1.7640319913625717
gpu_eager,163,17,80,0.031007999554276466,0.10550399869680405,0.28569599986076355,1.218559980392456,0.03852799907326698,1.6097599789500237,0.06953599862754345,1.679295977577567
gpu_eager,164,27,146,0.03232000023126602,0.10649599879980087,0.2826240062713623,1.2052479982376099,0.038176000118255615,1.594368003308773,0.07049600034952164,1.6648640036582947
gpu_eager,165,27,136,0.03155200183391571,0.11356800049543381,0.28569599986076355,1.2246400117874146,0.040192000567913055,1.623904012143612,0.07174400240182877,1.6956480145454407
gpu_eager,166,22,170,0.03152000159025192,0.10547199845314026,0.29286399483680725,1.2228800058364868,0.03932800143957138,1.6212159991264343,0.0708480030298233,1.6920640021562576
gpu_eager,167,43,564,0.03081599995493889,0.10547199845314026,0.2917439937591553,1.2257280349731445,0.040832001715898514,1.62294402718544,0.0716480016708374,1.6945920288562775
gpu_eager,168,28,90,0.03161599859595299,0.10547199845314026,0.289792001247406,1.2216320037841797,0.038656000047922134,1.616896003484726,0.07027199864387512,1.687168002128601
gpu_eager,169,34,176,0.031488001346588135,0.10547199845314026,0.28358399868011475,1.2080960273742676,0.03916800022125244,1.5971520245075226,0.07065600156784058,1.6678080260753632
gpu_eager,170,30,120,0.03235200047492981,0.10438399761915207,0.2836480140686035,1.2296639680862427,0.045791998505592346,1.6176959797739983,0.07814399898052216,1.6958399787545204
gpu_eager,171,42,192,0.031231999397277832,0.10732799768447876,0.285504013299942,1.2113920450210571,0.04479999840259552,1.604224056005478,0.07603199779987335,1.6802560538053513
gpu_eager,172,15,50,0.031072000041604042,0.10444799810647964,0.2754560112953186,1.206496000289917,0.0398080013692379,1.5864000096917152,0.07088000141084194,1.6572800111025572
gpu_eager,173,37,220,0.031168000772595406,0.10547199845314026,0.2836480140686035,1.223647952079773,0.03929600119590759,1.6127679646015167,0.070464001968503,1.6832319665700197
gpu_eager,174,42,240,0.031168000772595406,0.10547199845314026,0.2877439856529236,1.1980799436569214,0.039744000881910324,1.5912959277629852,0.07091200165450573,1.662207929417491
gpu_eager,175,55,388,0.031808000057935715,0.10444799810647964,0.292928010225296,1.2216320037841797,0.039872001856565475,1.6190080121159554,0.07168000191450119,1.6906880140304565
gpu_eager,176,27,62,0.03174399957060814,0.10547199845314026,0.29183998703956604,1.230847954750061,0.03888000175356865,1.6281599402427673,0.07062400132417679,1.6987839415669441
gpu_eager,177,23,112,0.031488001346588135,0.10627199709415436,0.28672000765800476,1.2072960138320923,0.039135999977588654,1.6002880185842514,0.07062400132417679,1.6709120199084282
gpu_eager,178,34,226,0.03209599852561951,0.10361599922180176,0.2836480140686035,1.22489595413208,0.0398080013692379,1.6121599674224854,0.0719039998948574,1.6840639673173428
gpu_eager,179,44,258,0.03110400028526783,0.10444799810647964,0.2879360020160675,1.2206079959869385,0.040352001786231995,1.6129919961094856,0.07145600207149982,1.6844479981809855
gpu_eager,180,52,410,0.03296000137925148,0.10444799810647964,0.28384000062942505,1.2186880111694336,0.0395519994199276,1.6069760099053383,0.07251200079917908,1.6794880107045174
gpu_eager,181,29,114,0.03728000074625015,0.10649599879980087,0.28467199206352234,1.2225600481033325,0.03843199834227562,1.6137280389666557,0.07571199908852577,1.6894400380551815
gpu_eager,182,35,172,0.031039999797940254,0.11158400028944016,0.2908160090446472,1.2214399576187134,0.03891199827194214,1.6238399669528008,0.06995199806988239,1.6937919650226831
gpu_eager,183,44,250,0.031328000128269196,0.10547199845314026,0.2887040078639984,1.222656011581421,0.039712000638246536,1.6168320178985596,0.07104000076651573,1.6878720186650753
gpu_eager,184,34,204,0.03167999908328056,0.10534399747848511,0.29180800914764404,1.222656011581421,0.03936000168323517,1.61980801820755,0.07104000076651573,1.6908480189740658
gpu_eager,185,66,660,0.03209599852561951,0.10531199723482132,0.289792001247406,1.2872639894485474,0.04044799879193306,1.6823679879307747,0.07254399731755257,1.7549119852483273
gpu_eager,186,31,154,0.0307839997112751,0.10550399869680405,0.2847679853439331,1.2093440294265747,0.039103999733924866,1.5996160134673119,0.06988799944519997,1.6695040129125118
gpu_eager,187,38,404,0.03152000159025192,0.10547199845314026,0.2836480140686035,1.2267520427703857,0.040063999593257904,1.6158720552921295,0.07158400118350983,1.6874560564756393
gpu_eager,188,22,74,0.031647998839616776,0.10649599879980087,0.28460800647735596,1.2248640060424805,0.04025600105524063,1.6159680113196373,0.0719039998948574,1.6878720112144947
gpu_eager,189,73,812,0.03219199925661087,0.10630399733781815,0.28569599986076355,1.2257280349731445,0.039744000881910324,1.6177280321717262,0.0719360001385212,1.6896640323102474
gpu_eager,190,56,848,0.0326399989426136,0.10649599879980087,0.2887679934501648,1.2248640060424805,0.03999999910593033,1.6201279982924461,0.07263999804854393,1.69276799634099
gpu_eager,191,44,196,0.03126399964094162,0.11264000087976456,0.28540799021720886,1.206272006034851,0.039744000881910324,1.6043199971318245,0.07100800052285194,1.6753279976546764
gpu_eager,192,73,600,0.03299200162291527,0.10355199873447418,0.28569599986076355,1.221824049949646,0.038656000047922134,1.6110720485448837,0.0716480016708374,1.6827200502157211
gpu_eager,193,27,90,0.031328000128269196,0.10444799810647964,0.28787198662757874,1.210495948791504,0.040031999349594116,1.6028159335255623,0.07135999947786331,1.6741759330034256
gpu_eager,194,39,242,0.030559999868273735,0.10447999835014343,0.2900480031967163,1.2195520401000977,0.03939199820160866,1.6140800416469574,0.06995199806988239,1.6840320397168398
gpu_eager,195,50,312,0.031072000041604042,0.10547199845314026,0.28467199206352234,1.227776050567627,0.0395519994199276,1.6179200410842896,0.07062399946153164,1.6885440405458212
gpu_eager,196,17,30,0.030848000198602676,0.10547199845314026,0.28672000765800476,1.222656011581421,0.039423998445272446,1.614848017692566,0.07027199864387512,1.685120016336441
gpu_eager,197,29,98,0.030848000198602676,0.10649599879980087,0.2865920066833496,1.2019200325012207,0.044704001396894455,1.5950080379843712,0.07555200159549713,1.6705600395798683
gpu_eager,198,62,466,0.03315199911594391,0.10751999914646149,0.2828480005264282,1.223680019378662,0.03811199963092804,1.6140480190515518,0.07126399874687195,1.6853120177984238
gpu_eager,199,28,142,0.03145600110292435,0.10732799768447876,0.28467199206352234,1.2042239904403687,0.04028800129890442,1.5962239801883698,0.07174400240182877,1.6679679825901985
gpu_eager,200,42,492,0.030912000685930252,0.11161600053310394,0.28569599986076355,1.2125120162963867,0.03814399987459183,1.6098240166902542,0.06905600056052208,1.6788800172507763
gpu_eager,201,34,142,0.03155200183391571,0.10425599664449692,0.294048011302948,1.206015944480896,0.038015998899936676,1.604319952428341,0.06956800073385239,1.6738879531621933
gpu_eager,202,24,78,0.03129599988460541,0.10531199723482132,0.29366400837898254,1.201151967048645,0.0387520007789135,1.6001279726624489,0.0700480006635189,1.6701759733259678
gpu_eager,203,21,32,0.03049599938094616,0.10444799810647964,0.2836480140686035,1.2216320037841797,0.03977600112557411,1.6097280159592628,0.07027200050652027,1.6800000164657831
gpu_eager,204,22,90,0.030559999868273735,0.10630399733781815,0.28361600637435913,1.2083200216293335,0.038943998515605927,1.5982400253415108,0.06950399838387966,1.6677440237253904
gpu_eager,205,18,64,0.03302399814128876,0.10547199845314026,0.28467199206352234,1.217471957206726,0.04387199878692627,1.6076159477233887,0.07689599692821503,1.6845119446516037
gpu_eager,206,24,50,0.031231999397277832,0.10649599879980087,0.2836480140686035,1.2039999961853027,0.03852799907326698,1.5941440090537071,0.06975999847054482,1.663904007524252
gpu_eager,207,26,102,0.030880000442266464,0.10547199845314026,0.2837119996547699,1.2164479494094849,0.03920000046491623,1.605631947517395,0.0700800009071827,1.6757119484245777
gpu_eager,208,63,580,0.03155200183391571,0.11161600053310394,0.2847999930381775,1.227776050567627,0.03872000053524971,1.6241920441389084,0.07027200236916542,1.6944640465080738
gpu_eager,209,31,94,0.030688000842928886,0.10547199845314026,0.289792001247406,1.2257280349731445,0.03968000039458275,1.6209920346736908,0.07036800123751163,1.6913600359112024
gpu_eager,210,25,108,0.0315839983522892,0.10444799810647964,0.29071998596191406,1.222656011581421,0.03891199827194214,1.6178239956498146,0.07049599662423134,1.688319992274046
gpu_eager,211,25,62,0.03129599988460541,0.10444799810647964,0.28358399868011475,1.2093440294265747,0.03916800022125244,1.597376026213169,0.07046400010585785,1.667840026319027
gpu_eager,212,27,146,0.03174399957060814,0.10547199845314026,0.289792001247406,1.2154879570007324,0.03939199820160866,1.6107519567012787,0.0711359977722168,1.6818879544734955
gpu_eager,213,25,56,0.03129599988460541,0.10444799810647964,0.2836480140686035,1.201151967048645,0.0398080013692379,1.5892479792237282,0.07110400125384331,1.6603519804775715
gpu_eager,214,41,336,0.031007999554276466,0.10342399775981903,0.28575998544692993,1.2062400579452515,0.038816001266241074,1.5954240411520004,0.06982400082051754,1.665248041972518
gpu_eager,215,40,230,0.036607999354600906,0.10547199845314026,0.28380799293518066,3.333375930786133,0.055904000997543335,3.7226559221744537,0.09251200035214424,3.815167922526598
gpu_eager,216,53,450,0.03667199984192848,0.14028799533843994,0.38281598687171936,1.3167680501937866,0.0395519994199276,1.839872032403946,0.07622399926185608,1.916096031665802
gpu_eager,217,46,236,0.03545600175857544,0.10751999914646149,0.2908160090446472,1.252351999282837,0.03977600112557411,1.6506880074739456,0.07523200288414955,1.7259200103580952
gpu_eager,218,45,276,0.03638400137424469,0.10649599879980087,0.289792001247406,1.2513279914855957,0.043455999344587326,1.6476159915328026,0.07984000071883202,1.7274559922516346
gpu_eager,219,18,36,0.03561599925160408,0.10649599879980087,0.2897599935531616,1.2584960460662842,0.0395519994199276,1.6547520384192467,0.07516799867153168,1.7299200370907784
gpu_eager,220,20,74,0.03763199970126152,0.10649599879980087,0.2877439856529236,1.2257280349731445,0.03999999910593033,1.619968019425869,0.07763199880719185,1.6976000182330608
gpu_eager,221,58,622,0.03641600161790848,0.11264000087976456,0.2948800027370453,1.257472038269043,0.03984000161290169,1.6649920418858528,0.07625600323081017,1.741248045116663
gpu_eager,222,50,324,0.03558399900794029,0.10742399841547012,0.2887679934501648,1.2460800409317017,0.0395519994199276,1.6422720327973366,0.07513599842786789,1.7174080312252045
gpu_eager,223,58,474,0.03622400015592575,0.10649599879980087,0.2887679934501648,1.233855962753296,0.039903998374938965,1.6291199550032616,0.07612799853086472,1.7052479535341263
gpu_eager,224,32,208,0.03388800099492073,0.10547199845314026,0.29388800263404846,1.222656011581421,0.03923200070858002,1.6220160126686096,0.07312000170350075,1.6951360143721104
gpu_eager,225,35,230,0.03619199991226196,0.10751999914646149,0.2908160090446472,1.2072960138320923,0.038975998759269714,1.605632022023201,0.07516799867153168,1.6808000206947327
gpu_eager,226,51,386,0.03417599946260452,0.10547199845314026,0.2837440073490143,1.2349439859390259,0.03862399980425835,1.6241599917411804,0.07279999926686287,1.6969599910080433
gpu_eager,227,39,302,0.035232000052928925,0.10547199845314026,0.28467199206352234,1.2105920314788818,0.04025600105524063,1.6007360219955444,0.07548800110816956,1.676224023103714
gpu_eager,228,26,92,0.03641600161790848,0.10547199845314026,0.28672000765800476,1.2154879570007324,0.045152001082897186,1.6076799631118774,0.08156800270080566,1.689247965812683
gpu_eager,229,49,318,0.03657599911093712,0.10751999914646149,0.28460800647735596,1.206015944480896,0.03916800022125244,1.5981439501047134,0.07574399933218956,1.673887949436903
gpu_eager,230,44,314,0.03577600046992302,0.10649599879980087,0.2865920066833496,1.2113920450210571,0.039135999977588654,1.6044800505042076,0.07491200044751167,1.6793920509517193
gpu_eager,231,47,450,0.031647998839616776,0.11161600053310394,0.28672000765800476,1.1991039514541626,0.03846399858593941,1.5974399596452713,0.07011199742555618,1.6675519570708275
gpu_eager,232,22,78,0.03654399886727333,0.1035199984908104,0.2908160090446472,1.222656011581421,0.039903998374938965,1.6169920191168785,0.0764479972422123,1.6934400163590908
gpu_eager,233,40,160,0.03558399900794029,0.10444799810647964,0.29388800263404846,1.2093440294265747,0.0395519994199276,1.6076800301671028,0.07513599842786789,1.6828160285949707
gpu_eager,234,17,52,0.03702399879693985,0.10556799918413162,0.2836480140686035,1.2349439859390259,0.03903999924659729,1.624159999191761,0.07606399804353714,1.7002239972352982
gpu_eager,235,22,58,0.03590400144457817,0.10556799918413162,0.2847039997577667,1.240064024925232,0.03903999924659729,1.6303360238671303,0.07494400069117546,1.7052800245583057
gpu_eager,236,25,174,0.03596799820661545,0.10649599879980087,0.28467199206352234,1.2368320226669312,0.039423998445272446,1.6280000135302544,0.0753919966518879,1.7033920101821423
gpu_eager,237,48,322,0.036448001861572266,0.10662399977445602,0.28672000765800476,1.2093440294265747,0.04390399903059006,1.6026880368590355,0.08035200089216232,1.6830400377511978
gpu_eager,238,27,138,0.034623999148607254,0.10547199845314026,0.28672000765800476,1.2072960138320923,0.0398080013692379,1.5994880199432373,0.07443200051784515,1.6739200204610825
gpu_eager,239,38,160,0.03580800071358681,0.10547199845314026,0.28467199206352234,1.223423957824707,0.038943998515605927,1.6135679483413696,0.07475199922919273,1.6883199475705624
gpu_eager,240,21,114,0.036288000643253326,0.11161600053310394,0.28467199206352234,1.2124799489974976,0.040832001715898514,1.6087679415941238,0.07712000235915184,1.6858879439532757
gpu_eager,241,26,88,0.03510399907827377,0.10672000050544739,0.2919999957084656,1.235967993736267,0.03888000175356865,1.63468798995018,0.07398400083184242,1.7086719907820225
gpu_eager,242,29,154,0.036639999598264694,0.10649599879980087,0.29286399483680725,1.2021759748458862,0.03932800143957138,1.6015359684824944,0.07596800103783607,1.6775039695203304
gpu_eager,243,54,908,0.03612799942493439,0.10438399761915207,0.289792001247406,1.230847954750061,0.042399998754262924,1.625023953616619,0.07852799817919731,1.7035519517958164
gpu_eager,244,43,226,0.03488000109791756,0.10649599879980087,0.28486400842666626,1.2132480144500732,0.040031999349594116,1.6046080216765404,0.07491200044751167,1.679520022124052
gpu_eager,245,28,136,0.033215999603271484,0.10649599879980087,0.28467199206352234,1.218559980392456,0.04041599854826927,1.6097279712557793,0.07363199815154076,1.68335996940732
gpu_eager,246,30,100,0.035392001271247864,0.10470400005578995,0.28755199909210205,1.2031999826431274,0.04054399952292442,1.5954559817910194,0.07593600079417229,1.6713919825851917
gpu_eager,247,39,208,0.03481600061058998,0.10649599879980087,0.28569599986076355,1.2072960138320923,0.04044799879193306,1.5994880124926567,0.07526399940252304,1.6747520118951797
gpu_eager,248,31,190,0.037151999771595,0.11081600189208984,0.28569599986076355,1.2032639980316162,0.03996799886226654,1.5997759997844696,0.07711999863386154,1.6768959984183311
gpu_eager,249,45,212,0.035711999982595444,0.10556799918413162,0.289792001247406,1.2328959703445435,0.04070400074124336,1.628255970776081,0.0764160007238388,1.70467197149992
gpu_eager,250,40,238,0.036896001547575,0.10463999956846237,0.2908799946308136,1.2318719625473022,0.03936000168323517,1.6273919567465782,0.07625600323081017,1.7036479599773884
gpu_eager,251,29,162,0.03129599988460541,0.10521599650382996,0.29183998703956604,1.1980479955673218,0.04022400081157684,1.5951039791107178,0.07152000069618225,1.6666239798069
gpu_eager,252,32,160,0.036288000643253326,0.10550399869680405,0.283488005399704,1.2051520347595215,0.03999999910593033,1.5941440388560295,0.07628799974918365,1.6704320386052132
gpu_eager,253,32,122,0.03638400137424469,0.1053759977221489,0.28569599986076355,1.2093440294265747,0.038943998515605927,1.6004160270094872,0.07532799988985062,1.6757440268993378
gpu_eager,254,47,394,0.035071998834609985,0.10751999914646149,0.2877120077610016,1.2042239904403687,0.04755200073122978,1.5994559973478317,0.08262399956583977,1.6820799969136715
gpu_eager,255,42,276,0.03468799963593483,0.10751999914646149,0.28486400842666626,1.2042239904403687,0.0395519994199276,1.5966079980134964,0.07423999905586243,1.6708479970693588
gpu_eager,256,50,608,0.038047999143600464,0.10742399841547012,0.281792014837265,1.2288000583648682,0.03936000168323517,1.6180160716176033,0.07740800082683563,1.695424072444439
gpu_eager,257,69,832,0.036959998309612274,0.11161600053310394,0.28569599986076355,1.332095980644226,0.04342399910092354,1.7294079810380936,0.08038399741053581,1.8097919784486294
gpu_eager,258,48,306,0.034304000437259674,0.11059200018644333,0.28467199206352234,1.2207039594650269,0.03984000161290169,1.6159679517149925,0.07414400205016136,1.6901119537651539
gpu_eager,259,38,204,0.036896001547575,0.10726399719715118,0.29286399483680725,1.2032639980316162,0.0390079990029335,1.6033919900655746,0.0759040005505085,1.6792959906160831
gpu_eager,260,23,64,0.03651199862360954,0.10460799932479858,0.29183998703956604,1.2052479982376099,0.03884800150990486,1.6016959846019745,0.0753600001335144,1.677055984735489
gpu_eager,261,34,212,0.03209599852561951,0.10447999835014343,0.28569599986076355,1.2072960138320923,0.039744000881910324,1.5974720120429993,0.07183999940752983,1.669312011450529
gpu_eager,262,56,398,0.03519999980926514,0.10547199845314026,0.2844800055027008,1.2165119647979736,0.03888000175356865,1.6064639687538147,0.07408000156283379,1.6805439703166485
gpu_eager,263,44,228,0.03718400001525879,0.10550399869680405,0.2826240062713623,1.2462079524993896,0.03939199820160866,1.634335957467556,0.07657599821686745,1.7109119556844234
gpu_eager,264,47,256,0.037151999771595,0.10649599879980087,0.285535991191864,1.2267520427703857,0.046431999653577805,1.6187840327620506,0.0835839994251728,1.7023680321872234
gpu_eager,265,38,214,0.035679999738931656,0.10655999928712845,0.2826240062713623,1.2339199781417847,0.03840000182390213,1.6231039837002754,0.07408000156283379,1.6971839852631092
gpu_eager,266,50,392,0.036639999598264694,0.10649599879980087,0.28467199206352234,1.222656011581421,0.03936000168323517,1.613824002444744,0.07600000128149986,1.689824003726244
gpu_eager,267,63,548,0.03526400029659271,0.11059200018644333,0.2868480086326599,1.2247040271759033,0.040672000497579575,1.6221440359950066,0.07593600079417229,1.6980800367891788
gpu_eager,268,26,76,0.035999998450279236,0.1053759977221489,0.29104000329971313,1.2072960138320923,0.04012800008058548,1.6037120148539543,0.07612799853086472,1.679840013384819
gpu_eager,269,26,170,0.03638400137424469,0.10444799810647964,0.29280000925064087,1.2052479982376099,0.0395519994199276,1.6024960055947304,0.07593600079417229,1.6784320063889027
gpu_eager,270,31,118,0.030880000442266464,0.10543999820947647,0.28867200016975403,1.2052479982376099,0.0398080013692379,1.5993599966168404,0.07068800181150436,1.6700479984283447
gpu_eager,271,39,218,0.03376000002026558,0.10444799810647964,0.2815999984741211,1.2095999717712402,0.03964800015091896,1.595647968351841,0.07340800017118454,1.6690559685230255
gpu_eager,272,32,126,0.031488001346588135,0.10547199845314026,0.2826240062713623,1.2206079959869385,0.039264000952243805,1.608704000711441,0.07075200229883194,1.679456003010273
gpu_eager,273,21,56,0.03548799827694893,0.10566399991512299,0.2834559977054596,1.201151967048645,0.03916800022125244,1.5902719646692276,0.07465599849820137,1.664927963167429
gpu_eager,274,20,76,0.0416640006005764,0.10956799983978271,0.2826240062713623,1.2031999826431274,0.04025600105524063,1.5953919887542725,0.08192000165581703,1.6773119904100895
gpu_eager,275,28,190,0.03488000109791756,0.11139199882745743,0.2877439856529236,1.2052799463272095,0.0398080013692379,1.6044159308075905,0.07468800246715546,1.679103933274746
gpu_eager,276,50,290,0.03452799841761589,0.10444799810647964,0.28860801458358765,1.2204159498214722,0.03855999931693077,1.6134719625115395,0.07308799773454666,1.6865599602460861
gpu_eager,277,51,404,0.03452799841761589,0.10444799810647964,0.29183998703956604,1.2084800004959106,0.039264000952243805,1.6047679856419563,0.0737919993698597,1.678559985011816
gpu_eager,278,52,312,0.03683200106024742,0.10547199845314026,0.28281599283218384,1.2084159851074219,0.040672000497579575,1.596703976392746,0.077504001557827,1.674207977950573
gpu_eager,279,32,182,0.03471999987959862,0.10547199845314026,0.2826240062713623,1.218400001525879,0.03884800150990486,1.6064960062503815,0.07356800138950348,1.680064007639885
gpu_eager,280,19,132,0.03471999987959862,0.10444799810647964,0.286624014377594,1.2257280349731445,0.039264000952243805,1.6168000474572182,0.07398400083184242,1.6907840482890606
gpu_eager,281,49,236,0.03215999901294708,0.10547199845314026,0.2836480140686035,1.210368037223816,0.03872000053524971,1.5994880497455597,0.07087999954819679,1.6703680492937565
gpu_eager,282,38,188,0.037376001477241516,0.10444799810647964,0.2836480140686035,1.2206079959869385,0.03977600112557411,1.6087040081620216,0.07715200260281563,1.6858560107648373
gpu_eager,283,26,92,0.03455999866127968,0.11276800185441971,0.28387200832366943,1.2175359725952148,0.03862399980425835,1.614175982773304,0.07318399846553802,1.687359981238842
gpu_eager,284,33,130,0.03404799848794937,0.10547199845314026,0.289792001247406,1.2133439779281616,0.03907199949026108,1.6086079776287079,0.07311999797821045,1.6817279756069183
gpu_eager,285,52,302,0.03292800113558769,0.10444799810647964,0.2919679880142212,1.2072960138320923,0.04243199899792671,1.6037119999527931,0.0753600001335144,1.6790720000863075
gpu_eager,286,26,80,0.03446400165557861,0.10444799810647964,0.29286399483680725,1.2052479982376099,0.038816001266241074,1.6025599911808968,0.07328000292181969,1.6758399941027164
gpu_eager,287,36,234,0.03497600182890892,0.10646399855613708,0.28467199206352234,1.2380160093307495,0.03948799893260002,1.629151999950409,0.07446400076150894,1.7036160007119179
gpu_eager,288,41,370,0.035071998834609985,0.10547199845314026,0.2836480140686035,1.2165119647979736,0.03961599990725517,1.6056319773197174,0.07468799874186516,1.6803199760615826
gpu_eager,289,64,914,0.03619199991226196,0.10547199845314026,0.28569599986076355,1.3148159980773926,0.03996799886226654,1.7059839963912964,0.0761599987745285,1.782143995165825
gpu_eager,290,34,148,0.036031998693943024,0.10649599879980087,0.2836480140686035,1.209439992904663,0.04495999962091446,1.5995840057730675,0.08099199831485748,1.680576004087925
gpu_eager,291,15,30,0.03484800085425377,0.1042879968881607,0.27750399708747864,1.21343994140625,0.03932800143957138,1.5952319353818893,0.07417600229382515,1.6694079376757145
gpu_eager,292,25,72,0.03440000116825104,0.11168000102043152,0.2826240062713623,1.2144639492034912,0.040352001786231995,1.608767956495285,0.07475200295448303,1.683519959449768
gpu_eager,293,39,192,0.03619199991226196,0.10547199845314026,0.28569599986076355,1.2072960138320923,0.03999999910593033,1.598464012145996,0.07619199901819229,1.6746560111641884
gpu_eager,294,24,124,0.03596799820661545,0.10534399747848511,0.2917439937591553,1.2154879570007324,0.03798399865627289,1.6125759482383728,0.07395199686288834,1.6865279451012611
gpu_eager,295,19,64,0.03468799963593483,0.10758399963378906,0.29183998703956604,1.210368037223816,0.03968000039458275,1.609792023897171,0.07436800003051758,1.6841600239276886
gpu_eager,296,43,388,0.035232000052928925,0.10543999820947647,0.2900159955024719,1.2072960138320923,0.03964800015091896,1.6027520075440407,0.07488000020384789,1.6776320077478886
gpu_eager,297,41,154,0.03488000109791756,0.10547199845314026,0.2826240062713623,1.2063039541244507,0.03868800029158592,1.5943999588489532,0.07356800138950348,1.6679679602384567
gpu_eager,298,33,126,0.03606399893760681,0.10627199709415436,0.2837440073490143,1.2055039405822754,0.043296001851558685,1.595519945025444,0.0793600007891655,1.6748799458146095
gpu_eager,299,15,52,0.03455999866127968,0.10547199845314026,0.2743360102176666,1.2021440267562866,0.03964800015091896,1.5819520354270935,0.07420799881219864,1.6561600342392921
gpu_eager,300,38,298,0.03574400022625923,0.11276800185441971,0.28569599986076355,1.2083200216293335,0.03939199820160866,1.6067840233445168,0.07513599842786789,1.6819200217723846
gpu_eager,301,29,64,0.034623999148607254,0.10367999970912933,0.2908160090446472,1.1980799436569214,0.03824000060558319,1.592575952410698,0.07286399975419044,1.6654399521648884
gpu_eager,302,31,150,0.03811199963092804,0.10547199845314026,0.28886398673057556,1.2154879570007324,0.03788800165057182,1.6098239421844482,0.07600000128149986,1.685823943465948
gpu_eager,303,60,470,0.03641600161790848,0.10444799810647964,0.2887679934501648,1.2072960138320923,0.040031999349594116,1.6005120053887367,0.0764480009675026,1.6769600063562393
gpu_eager,304,17,44,0.03657599911093712,0.10633599758148193,0.28467199206352234,1.227936029434204,0.039264000952243805,1.6189440190792084,0.07584000006318092,1.6947840191423893
gpu_eager,305,37,134,0.03388800099492073,0.10649599879980087,0.28271999955177307,1.2144639492034912,0.039872001856565475,1.6036799475550652,0.0737600028514862,1.6774399504065514
gpu_eager,306,28,186,0.03561599925160408,0.10547199845314026,0.28672000765800476,1.2369920015335083,0.049855999648571014,1.6291840076446533,0.0854719989001751,1.7146560065448284
gpu_eager,307,42,226,0.034432001411914825,0.10636799782514572,0.28672000765800476,1.198240041732788,0.03836800158023834,1.5913280472159386,0.07280000299215317,1.6641280502080917
gpu_eager,308,16,12,0.03532800078392029,0.10547199845314026,0.2743679881095886,1.3946880102157593,0.03961599990725517,1.7745279967784882,0.07494400069117546,1.8494719974696636
gpu_eager,309,21,86,0.03331200033426285,0.10547199845314026,0.28467199206352234,1.2083200216293335,0.03824000060558319,1.598464012145996,0.07155200093984604,1.6700160130858421
gpu_eager,310,34,338,0.03542400151491165,0.11244799941778183,0.28252801299095154,1.2042239904403687,0.039872001856565475,1.599200002849102,0.07529600337147713,1.6744960062205791
gpu_eager,311,31,100,0.03513599932193756,0.1064319983124733,0.289792001247406,1.2054400444030762,0.04089599847793579,1.6016640439629555,0.07603199779987335,1.6776960417628288
gpu_eager,312,34,194,0.03411199897527695,0.10649599879980087,0.29286399483680725,1.2124160528182983,0.0395519994199276,1.6117760464549065,0.07366399839520454,1.685440044850111
gpu_eager,313,59,482,0.035999998450279236,0.10547199845314026,0.2836480140686035,1.316864013671875,0.04102399945259094,1.7059840261936188,0.07702399790287018,1.783008024096489
gpu_eager,314,46,344,0.033952001482248306,0.10547199845314026,0.2826240062713623,1.2216320037841797,0.039455998688936234,1.6097280085086823,0.07340800017118454,1.6831360086798668
gpu_eager,315,34,190,0.03440000116825104,0.10649599879980087,0.28777599334716797,1.2113920450210571,0.039135999977588654,1.605664037168026,0.07353600114583969,1.6792000383138657
gpu_eager,316,77,1344,0.03519999980926514,0.10649599879980087,0.2826240062713623,1.4161920547485352,0.039744000881910324,1.8053120598196983,0.07494400069117546,1.8802560605108738
gpu_eager,317,31,164,0.033824000507593155,0.10547199845314026,0.28441599011421204,1.2361279726028442,0.04022400081157684,1.6260159611701965,0.07404800131917,1.7000639624893665
gpu_eager,318,27,120,0.03526400029659271,0.10751999914646149,0.2836480140686035,1.2061760425567627,0.040511999279260635,1.5973440557718277,0.07577599957585335,1.673120055347681
gpu_eager,319,54,584,0.03590400144457817,0.10547199845314026,0.2805440127849579,1.2216320037841797,0.03968000039458275,1.6076480150222778,0.07558400183916092,1.6832320168614388
gpu_eager,320,28,116,0.03155200183391571,0.10547199845314026,0.2844479978084564,1.2083200216293335,0.039744000881910324,1.5982400178909302,0.07129600271582603,1.6695360206067562
gpu_eager,321,35,110,0.03484800085425377,0.11276800185441971,0.28252801299095154,1.2247040271759033,0.03951999917626381,1.6200000420212746,0.07436800003051758,1.6943680420517921
gpu_eager,322,26,124,0.03743999823927879,0.10540799796581268,0.2887359857559204,1.2070720195770264,0.040031999349594116,1.6012160032987595,0.07747199758887291,1.6786880008876324
gpu_eager,323,25,132,0.035999998450279236,0.1035199984908104,0.29183998703956604,1.206272006034851,0.03929600119590759,1.6016319915652275,0.07529599964618683,1.6769279912114143
gpu_eager,324,57,288,0.035551998764276505,0.10547199845314026,0.289792001247406,1.2072960138320923,0.03968000039458275,1.6025600135326385,0.07523199915885925,1.6777920126914978
gpu_eager,325,54,298,0.03359999880194664,0.10547199845314026,0.2836480140686035,1.2144639492034912,0.039712000638246536,1.603583961725235,0.07331199944019318,1.6768959611654282
gpu_eager,326,51,276,0.036896001547575,0.1064319983124733,0.2837440073490143,1.2072319984436035,0.039903998374938965,1.597408004105091,0.07679999992251396,1.674208004027605
gpu_eager,327,38,298,0.03136000037193298,0.10460799932479858,0.28569599986076355,1.2003840208053589,0.03923200070858002,1.590688019990921,0.070592001080513,1.661280021071434
gpu_eager,328,55,364,0.03446400165557861,0.10652799904346466,0.2969599962234497,1.2249599695205688,0.03964800015091896,1.6284479647874832,0.07411200180649757,1.7025599665939808
gpu_eager,329,52,508,0.0360959991812706,0.11468800157308578,0.2879680097103119,1.2206720113754272,0.039423998445272446,1.623328022658825,0.07551999762654305,1.698848020285368
gpu_eager,330,55,390,0.036031998693943024,0.10627199709415436,0.28672000765800476,1.2216320037841797,0.038336001336574554,1.6146240085363388,0.07436800003051758,1.6889920085668564
gpu_eager,331,12,20,0.034304000437259674,0.10639999806880951,0.2805759906768799,1.2862080335617065,0.040383998304605484,1.673184022307396,0.07468799874186516,1.747872021049261
gpu_eager,332,40,214,0.03388800099492073,0.1066880002617836,0.28966400027275085,1.1980799436569214,0.039903998374938965,1.5944319441914558,0.0737919993698597,1.6682239435613155
gpu_eager,333,31,118,0.0360959991812706,0.10547199845314026,0.289792001247406,1.1991039514541626,0.03920000046491623,1.5943679511547089,0.07529599964618683,1.6696639508008957
gpu_eager,334,43,356,0.03411199897527695,0.10649599879980087,0.28352001309394836,1.210528016090393,0.04070400074124336,1.6005440279841423,0.07481599971652031,1.6753600277006626
gpu_eager,335,49,316,0.03302399814128876,0.10556799918413162,0.28672000765800476,1.2175359725952148,0.03846399858593941,1.6098239794373512,0.07148799672722816,1.6813119761645794
gpu_eager,336,34,226,0.0360959991812706,0.10547199845314026,0.28672000765800476,1.2124160528182983,0.03903999924659729,1.6046080589294434,0.07513599842786789,1.6797440573573112
gpu_eager,337,18,84,0.03161599859595299,0.10547199845314026,0.28569599986076355,1.2154879570007324,0.0398080013692379,1.6066559553146362,0.07142399996519089,1.6780799552798271
gpu_eager,338,41,316,0.03417599946260452,0.11187200248241425,0.28467199206352234,1.2093440294265747,0.03888000175356865,1.6058880239725113,0.07305600121617317,1.6789440251886845
gpu_eager,339,31,164,0.031231999397277832,0.10649599879980087,0.2937600016593933,1.1960320472717285,0.039103999733924866,1.5962880477309227,0.0703359991312027,1.6666240468621254
gpu_eager,340,63,790,0.0344959981739521,0.10527999699115753,0.2908160090446472,1.2247040271759033,0.03859199956059456,1.620800033211708,0.07308799773454666,1.6938880309462547
gpu_eager,341,35,126,0.03411199897527695,0.10649599879980087,0.29286399483680725,1.2093440294265747,0.03923200070858002,1.6087040230631828,0.07334399968385696,1.6820480227470398
gpu_eager,342,45,608,0.03110400028526783,0.10447999835014343,0.2847039997577667,1.2175359725952148,0.039583999663591385,1.606719970703125,0.07068799994885921,1.6774079706519842
gpu_eager,343,37,122,0.03155200183391571,0.10444799810647964,0.28460800647735596,1.2052479982376099,0.03999999910593033,1.5943040028214455,0.07155200093984604,1.6658560037612915
gpu_eager,344,35,306,0.03388800099492073,0.10547199845314026,0.28387200832366943,1.202239990234375,0.03999999910593033,1.5915839970111847,0.07388800010085106,1.6654719971120358
gpu_eager,345,43,216,0.035392001271247864,0.1066880002617836,0.2824319899082184,1.2225919961929321,0.03843199834227562,1.6117119863629341,0.07382399961352348,1.6855359859764576
gpu_eager,346,18,82,0.034432001411914825,0.11059200018644333,0.2916159927845001,1.2379839420318604,0.039103999733924866,1.6401919350028038,0.07353600114583969,1.7137279361486435
gpu_eager,347,23,72,0.031136000528931618,0.10444799810647964,0.28672000765800476,1.2093440294265747,0.03891199827194214,1.6005120351910591,0.07004799880087376,1.6705600339919329
gpu_eager,348,37,426,0.031936001032590866,0.10419200360774994,0.29183998703956604,1.2380160093307495,0.03948799893260002,1.6340479999780655,0.07142399996519089,1.7054719999432564
gpu_eager,349,29,114,0.03497600182890892,0.10444799810647964,0.2969599962234497,1.2041280269622803,0.03977600112557411,1.6055360212922096,0.07475200295448303,1.6802880242466927
gpu_eager,350,34,382,0.03145600110292435,0.1053759977221489,0.28467199206352234,1.2257280349731445,0.038975998759269714,1.6157760247588158,0.07043199986219406,1.6862080246210098
gpu_eager,351,35,182,0.03392000123858452,0.1053759977221489,0.2797119915485382,1.2083200216293335,0.03859199956059456,1.5934080109000206,0.07251200079917908,1.6659200116991997
gpu_eager,352,51,562,0.03222399950027466,0.10547199845314026,0.28467199206352234,1.235967993736267,0.04012800008058548,1.6261119842529297,0.07235199958086014,1.6984639838337898
gpu_eager,353,32,122,0.031936001032590866,0.10649599879980087,0.2826240062713623,1.206272006034851,0.03782400116324425,1.5953920111060143,0.06976000219583511,1.6651520133018494
gpu_eager,354,45,334,0.0326399989426136,0.10649599879980087,0.28569599986076355,1.2229119539260864,0.04022400081157684,1.6151039525866508,0.07286399975419044,1.6879679523408413
gpu_eager,355,42,282,0.034432001411914825,0.11776000261306763,0.28569599986076355,1.2091200351715088,0.03891199827194214,1.61257603764534,0.07334399968385696,1.685920037329197
gpu_eager,356,22,96,0.038656000047922134,0.10649599879980087,0.289792001247406,1.210368037223816,0.03984000161290169,1.6066560372710228,0.07849600166082382,1.6851520389318466
gpu_eager,357,35,148,0.03446400165557861,0.10543999820947647,0.29094401001930237,1.2042239904403687,0.03948799893260002,1.6006079986691475,0.07395200058817863,1.6745599992573261
gpu_eager,358,26,112,0.034752000123262405,0.10623999685049057,0.29264000058174133,1.2083200216293335,0.040063999593257904,1.6072000190615654,0.07481599971652031,1.6820160187780857
gpu_eager,359,34,204,0.03388800099492073,0.10649599879980087,0.2834559977054596,1.2124160528182983,0.039264000952243805,1.6023680493235588,0.07315200194716454,1.6755200512707233
gpu_eager,360,58,720,0.03177599981427193,0.10447999835014343,0.28467199206352234,1.227776050567627,0.03929600119590759,1.6169280409812927,0.07107200101017952,1.6880000419914722
gpu_eager,361,37,238,0.03190400078892708,0.10649599879980087,0.2848320007324219,1.2021759748458862,0.0395519994199276,1.593503974378109,0.07145600020885468,1.6649599745869637
gpu_eager,362,48,288,0.03155200183391571,0.1053759977221489,0.28572800755500793,1.2083200216293335,0.038015998899936676,1.5994240269064903,0.06956800073385239,1.6689920276403427
gpu_eager,363,59,498,0.03209599852561951,0.11264000087976456,0.28355199098587036,1.222656011581421,0.0390079990029335,1.6188480034470558,0.07110399752855301,1.6899520009756088
gpu_eager,364,49,310,0.035232000052928925,0.10547199845314026,0.2877439856529236,1.209280014038086,0.0395519994199276,1.6024959981441498,0.07478399947285652,1.6772799976170063
gpu_eager,365,34,102,0.033344000577926636,0.10649599879980087,0.2958720028400421,1.2052479982376099,0.03920000046491623,1.6076159998774529,0.07254400104284286,1.6801600009202957
gpu_eager,366,44,236,0.0344959981739521,0.10547199845314026,0.29264000058174133,1.2081279754638672,0.0398080013692379,1.6062399744987488,0.07430399954319,1.6805439740419388
gpu_eager,367,39,208,0.03340800106525421,0.10444799810647964,0.28569599986076355,1.2113920450210571,0.03948799893260002,1.6015360429883003,0.07289599999785423,1.6744320429861546
gpu_eager,368,57,448,0.0352960005402565,0.1064319983124733,0.28352001309394836,1.2257920503616333,0.03951999917626381,1.615744061768055,0.07481599971652031,1.6905600614845753
gpu_eager,369,41,226,0.029823999851942062,0.10444799810647964,0.28355199098587036,1.2052479982376099,0.04633599892258644,1.5932479873299599,0.0761599987745285,1.6694079861044884
gpu_eager,370,47,280,0.03440000116825104,0.10649599879980087,0.2826240062713623,1.218559980392456,0.03862399980425835,1.6076799854636192,0.07302400097250938,1.6807039864361286
gpu_eager,371,26,80,0.032416000962257385,0.11059200018644333,0.28467199206352234,1.2021759748458862,0.0390079990029335,1.597439967095852,0.07142399996519089,1.6688639670610428
gpu_eager,372,25,76,0.03097599931061268,0.1045759990811348,0.289792001247406,1.2052479982376099,0.03936000168323517,1.5996159985661507,0.07033600099384785,1.6699519995599985
gpu_eager,373,44,284,0.033984001725912094,0.10444799810647964,0.289792001247406,1.2031999826431274,0.0395519994199276,1.597439981997013,0.07353600114583969,1.6709759831428528
gpu_eager,374,63,542,0.03455999866127968,0.10547199845314026,0.289792001247406,1.222656011581421,0.039423998445272446,1.6179200112819672,0.07398399710655212,1.6919040083885193
gpu_eager,375,86,1082,0.032896000891923904,0.10547199845314026,0.28672000765800476,1.4284800291061401,0.039583999663591385,1.8206720352172852,0.07248000055551529,1.8931520357728004
gpu_eager,376,35,194,0.03251200169324875,0.10649599879980087,0.289792001247406,1.207360029220581,0.03903999924659729,1.603648029267788,0.07155200093984604,1.675200030207634
gpu_eager,377,63,986,0.03510399907827377,0.10947199910879135,0.28672000765800476,1.2390400171279907,0.03862399980425835,1.6352320238947868,0.07372799888253212,1.708960022777319
gpu_eager,378,26,84,0.03417599946260452,0.10547199845314026,0.28467199206352234,1.2154879570007324,0.03903999924659729,1.605631947517395,0.07321599870920181,1.6788479462265968
gpu_eager,379,28,144,0.03488000109791756,0.10543999820947647,0.2826240062713623,1.2223999500274658,0.04416000097990036,1.6104639545083046,0.07904000207781792,1.6895039565861225
gpu_eager,380,45,228,0.03411199897527695,0.10649599879980087,0.2825919985771179,1.2052479982376099,0.039264000952243805,1.5943359956145287,0.07337599992752075,1.6677119955420494
gpu_eager,381,26,134,0.031968001276254654,0.1125440001487732,0.28467199206352234,1.2165119647979736,0.038047999143600464,1.6137279570102692,0.07001600041985512,1.6837439574301243
gpu_eager,382,84,1134,0.031199999153614044,0.10444799810647964,0.289792001247406,1.393664002418518,0.03993599861860275,1.7879040017724037,0.0711359977722168,1.8590399995446205
gpu_eager,383,57,304,0.03824000060558319,0.11264000087976456,0.2824000120162964,1.2206079959869385,0.03907199949026108,1.6156480088829994,0.07731200009584427,1.6929600089788437
gpu_eager,384,23,82,0.034015998244285583,0.10547199845314026,0.2887679934501648,1.21343994140625,0.03929600119590759,1.607679933309555,0.07331199944019318,1.6809919327497482
gpu_eager,385,48,304,0.034015998244285583,0.10435199737548828,0.2897599935531616,1.2019519805908203,0.03840000182390213,1.5960639715194702,0.07241600006818771,1.668479971587658
gpu_eager,386,34,126,0.03446400165557861,0.10649599879980087,0.2836480140686035,1.1991039514541626,0.03840000182390213,1.589247964322567,0.07286400347948074,1.6621119678020477
gpu_eager,387,27,76,0.030208000913262367,0.10342399775981903,0.28172799944877625,1.218559980392456,0.039455998688936234,1.6037119776010513,0.0696639996021986,1.67337597720325
gpu_eager,388,22,102,0.03062400035560131,0.10342399775981903,0.2815999984741211,1.2083200216293335,0.03923200070858002,1.5933440178632736,0.06985600106418133,1.663200018927455
gpu_eager,389,29,86,0.030751999467611313,0.10559999942779541,0.2815999984741211,1.2136000394821167,0.03884800150990486,1.6008000373840332,0.06960000097751617,1.6704000383615494
gpu_eager,390,36,184,0.03152000159025192,0.10630399733781815,0.2826240062713623,1.2083200216293335,0.03888000175356865,1.597248025238514,0.07040000334382057,1.6676480285823345
gpu_eager,391,45,378,0.032287999987602234,0.10444799810647964,0.28672000765800476,1.1970560550689697,0.038975998759269714,1.5882240608334541,0.07126399874687195,1.659488059580326
gpu_eager,392,43,324,0.03356799855828285,0.1042879968881607,0.2887679934501648,1.2124160528182983,0.038176000118255615,1.6054720431566238,0.07174399867653847,1.6772160418331623
gpu_eager,393,54,372,0.03110400028526783,0.10463999956846237,0.2908160090446472,1.221824049949646,0.03872000053524971,1.6172800585627556,0.06982400082051754,1.6871040593832731
gpu_eager,394,22,62,0.0326399989426136,0.10444799810647964,0.2826240062713623,1.2175359725952148,0.03996799886226654,1.6046079769730568,0.07260799780488014,1.677215974777937
gpu_eager,395,34,128,0.03407999873161316,0.10547199845314026,0.2836480140686035,1.203328013420105,0.03836800158023834,1.5924480259418488,0.0724480003118515,1.6648960262537003
gpu_eager,396,46,408,0.03497600182890892,0.10547199845314026,0.28467199206352234,1.2380160093307495,0.047648001462221146,1.628159999847412,0.08262400329113007,1.7107840031385422
gpu_eager,397,39,226,0.03136000037193298,0.10547199845314026,0.28467199206352234,1.2060799598693848,0.03846399858593941,1.5962239503860474,0.06982399895787239,1.6660479493439198
gpu_eager,398,85,1386,0.036479998379945755,0.10463999956846237,0.28652799129486084,1.3946880102157593,0.039455998688936234,1.7858560010790825,0.07593599706888199,1.8617919981479645
gpu_eager,399,72,1058,0.035840000957250595,0.10636799782514572,0.2845439910888672,1.3987840414047241,0.03884800150990486,1.789696030318737,0.07468800246715546,1.8643840327858925
gpu_eager,400,48,352,0.0315839983522892,0.10547199845314026,0.2855679988861084,1.2245759963989258,0.038656000047922134,1.6156159937381744,0.07023999840021133,1.6858559921383858
gpu_eager,401,41,340,0.038015998899936676,0.10444799810647964,0.2844479978084564,1.223680019378662,0.039903998374938965,1.6125760152935982,0.07791999727487564,1.6904960125684738
gpu_eager,402,21,50,0.034432001411914825,0.11059200018644333,0.2826240062713623,1.2072960138320923,0.03916800022125244,1.600512020289898,0.07360000163316727,1.6741120219230652
gpu_eager,403,44,300,0.03331200033426285,0.10547199845314026,0.2889600098133087,1.2256640195846558,0.03968000039458275,1.6200960278511047,0.0729920007288456,1.6930880285799503
gpu_eager,404,37,148,0.03203200176358223,0.1064319983124733,0.28892800211906433,1.201151967048645,0.03868800029158592,1.5965119674801826,0.07072000205516815,1.6672319695353508
gpu_eager,405,39,258,0.03574400022625923,0.10672000050544739,0.29183998703956604,1.2060799598693848,0.03948799893260002,1.6046399474143982,0.07523199915885925,1.6798719465732574
gpu_eager,406,47,268,0.03638400137424469,0.10463999956846237,0.28672000765800476,1.2052479982376099,0.03852799907326698,1.596608005464077,0.07491200044751167,1.6715200059115887
gpu_eager,407,28,86,0.03471999987959862,0.10444799810647964,0.2836480140686035,1.2063360214233398,0.038784001022577286,1.594432033598423,0.0735040009021759,1.667936034500599
gpu_eager,408,57,938,0.03702399879693985,0.10729599744081497,0.2826240062713623,1.2318719625473022,0.0395519994199276,1.6217919662594795,0.07657599821686745,1.698367964476347
gpu_eager,409,35,206,0.03254399821162224,0.10569600015878677,0.2836480140686035,1.2052799463272095,0.0395519994199276,1.5946239605545998,0.07209599763154984,1.6667199581861496
gpu_eager,410,31,136,0.03497600182890892,0.11161600053310394,0.2826240062713623,1.2013119459152222,0.03948799893260002,1.5955519527196884,0.07446400076150894,1.6700159534811974
gpu_eager,411,23,80,0.03171199932694435,0.1043199971318245,0.2908160090446472,1.206272006034851,0.03891199827194214,1.6014080122113228,0.07062399759888649,1.6720320098102093
gpu_eager,412,42,230,0.03494400158524513,0.10444799810647964,0.2908160090446472,1.2052479982376099,0.0390079990029335,1.6005120053887367,0.07395200058817863,1.6744640059769154
gpu_eager,413,36,80,0.03494400158524513,0.1053759977221489,0.28569599986076355,1.2081600427627563,0.039103999733924866,1.5992320403456688,0.07404800131917,1.6732800416648388
gpu_eager,414,61,542,0.036031998693943024,0.10547199845314026,0.28467199206352234,1.2083200216293335,0.03948799893260002,1.598464012145996,0.07551999762654305,1.6739840097725391
gpu_eager,415,60,576,0.03446400165557861,0.10556799918413162,0.283488005399704,1.2244800329208374,0.03936000168323517,1.613536037504673,0.07382400333881378,1.6873600408434868
gpu_eager,416,10,26,0.030880000442266464,0.10451199859380722,0.2734079957008362,1.4428160190582275,0.039423998445272446,1.820736013352871,0.07030399888753891,1.8910400122404099
gpu_eager,417,65,650,0.03142400085926056,0.10463999956846237,0.28672000765800476,1.292191982269287,0.039423998445272446,1.6835519894957542,0.070847999304533,1.7543999888002872
gpu_eager,418,17,56,0.034591998904943466,0.10649599879980087,0.2876160144805908,1.2257920503616333,0.04438399896025658,1.619904063642025,0.07897599786520004,1.698880061507225
gpu_eager,419,48,436,0.03417599946260452,0.10662399977445602,0.2826560139656067,1.2339199781417847,0.0390079990029335,1.6231999918818474,0.07318399846553802,1.6963839903473854
gpu_eager,420,41,330,0.034591998904943466,0.1074879989027977,0.28672000765800476,1.2195839881896973,0.03996799886226654,1.6137919947504997,0.07455999776721,1.6883519925177097
gpu_eager,421,43,200,0.034432001411914825,0.11264000087976456,0.289792001247406,1.248255968093872,0.039135999977588654,1.6506879702210426,0.07356800138950348,1.7242559716105461
gpu_eager,422,33,178,0.03292800113558769,0.10751999914646149,0.2959359884262085,1.265663981437683,0.039712000638246536,1.669119969010353,0.07264000177383423,1.7417599707841873
gpu_eager,423,23,82,0.03302399814128876,0.10732799768447876,0.2969599962234497,1.2451839447021484,0.04041599854826927,1.649471938610077,0.07343999668955803,1.722911935299635
gpu_eager,424,32,158,0.03494400158524513,0.10467199981212616,0.2937600016593933,1.2093440294265747,0.03840000182390213,1.6077760308980942,0.07334400340914726,1.6811200343072414
gpu_eager,425,22,100,0.03145600110292435,0.10547199845314026,0.2908160090446472,1.2083200216293335,0.03964800015091896,1.604608029127121,0.07110400125384331,1.6757120303809643
gpu_eager,426,22,96,0.038336001336574554,0.10444799810647964,0.2816320061683655,1.2124799489974976,0.03852799907326698,1.5985599532723427,0.07686400040984154,1.6754239536821842
gpu_eager,427,35,170,0.03200000151991844,0.10467199981212616,0.2844800055027008,1.2175359725952148,0.03929600119590759,1.6066879779100418,0.07129600271582603,1.6779839806258678
gpu_eager,428,52,304,0.03139200061559677,0.10559999942779541,0.2826240062713623,1.2052479982376099,0.039135999977588654,1.5934720039367676,0.07052800059318542,1.664000004529953
gpu_eager,429,58,588,0.03670400008559227,0.10649599879980087,0.2836480140686035,1.2203840017318726,0.039455998688936234,1.610528014600277,0.0761599987745285,1.6866880133748055
gpu_eager,430,29,98,0.03407999873161316,0.11161600053310394,0.2848320007324219,1.206272006034851,0.03843199834227562,1.602720007300377,0.07251199707388878,1.6752320043742657
gpu_eager,431,72,594,0.031488001346588135,0.10342399775981903,0.289792001247406,1.2257280349731445,0.03996799886226654,1.6189440339803696,0.07145600020885468,1.6904000341892242
gpu_eager,432,34,114,0.03219199925661087,0.10444799810647964,0.2887040078639984,1.206112027168274,0.03948799893260002,1.599264033138752,0.07167999818921089,1.6709440313279629
gpu_eager,433,125,2118,0.03481600061058998,0.10547199845314026,0.2906560003757477,1.4160319566726685,0.03948799893260002,1.8121599555015564,0.07430399954319,1.8864639550447464
gpu_eager,434,44,300,0.031168000772595406,0.10444799810647964,0.2908160090446472,1.2021759748458862,0.03936000168323517,1.597439981997013,0.07052800245583057,1.6679679844528437
gpu_eager,435,53,432,0.03177599981427193,0.10547199845314026,0.28569599986076355,1.2308800220489502,0.03961599990725517,1.622048020362854,0.0713919997215271,1.693440020084381
gpu_eager,436,25,138,0.034752000123262405,0.10547199845314026,0.28467199206352234,1.2103040218353271,0.03862399980425835,1.6004480123519897,0.07337599992752075,1.6738240122795105
gpu_eager,437,54,374,0.035392001271247864,0.10732799768447876,0.2887679934501648,1.235200047492981,0.039103999733924866,1.6312960386276245,0.07449600100517273,1.7057920396327972
gpu_eager,438,19,66,0.03471999987959862,0.10547199845314026,0.2857919931411743,1.2186559438705444,0.04566400125622749,1.609919935464859,0.08038400113582611,1.6903039366006851
gpu_eager,439,28,190,0.03471999987959862,0.10649599879980087,0.2834239900112152,1.2031999826431274,0.0382080003619194,1.5931199714541435,0.07292800024151802,1.6660479716956615
gpu_eager,440,67,1278,0.03481600061058998,0.10659199953079224,0.2826240062713623,1.324031949043274,0.03939199820160866,1.7132479548454285,0.07420799881219864,1.787455953657627
gpu_eager,441,30,198,0.0344959981739521,0.10649599879980087,0.2855679988861084,1.2195839881896973,0.0387520007789135,1.6116479858756065,0.0732479989528656,1.6848959848284721
gpu_eager,442,55,374,0.03235200047492981,0.10444799810647964,0.28252801299095154,1.2052479982376099,0.039103999733924866,1.592224009335041,0.07145600020885468,1.6636800095438957
gpu_eager,443,28,150,0.031968001276254654,0.10444799810647964,0.2905600070953369,1.2095040082931519,0.038975998759269714,1.6045120134949684,0.07094400003552437,1.6754560135304928
gpu_eager,444,25,148,0.03497600182890892,0.10438399761915207,0.29388800263404846,1.2083200216293335,0.04012800008058548,1.606592021882534,0.0751040019094944,1.6816960237920284
gpu_eager,445,43,284,0.031936001032590866,0.10547199845314026,0.2847039997577667,1.210368037223816,0.03932800143957138,1.600544035434723,0.07126400247216225,1.6718080379068851
gpu_eager,446,34,192,0.03500799834728241,0.10649599879980087,0.2836480140686035,1.2063360214233398,0.0398080013692379,1.5964800342917442,0.07481599971652031,1.6712960340082645
gpu_eager,447,37,200,0.03161599859595299,0.10572800040245056,0.283488005399704,1.2085119485855103,0.04604800045490265,1.5977279543876648,0.07766399905085564,1.6753919534385204
gpu_eager,448,40,286,0.03286400064826012,0.10751999914646149,0.2826240062713623,1.2083200216293335,0.03862399980425835,1.5984640270471573,0.07148800045251846,1.6699520274996758
gpu_eager,449,27,56,0.03455999866127968,0.11059200018644333,0.2868480086326599,1.210368037223816,0.03846399858593941,1.6078080460429192,0.07302399724721909,1.6808320432901382
gpu_eager,450,26,110,0.03062400035560131,0.10444799810647964,0.2847360074520111,1.2053120136260986,0.039455998688936234,1.5944960191845894,0.07007999904453754,1.664576018229127
gpu_eager,451,49,370,0.030912000685930252,0.10649599879980087,0.29388800263404846,1.2021759748458862,0.0390079990029335,1.6025599762797356,0.06991999968886375,1.6724799759685993
gpu_eager,452,72,876,0.0326399989426136,0.10444799810647964,0.2887359857559204,1.235967993736267,0.04025600105524063,1.6291519775986671,0.07289599999785423,1.7020479775965214
gpu_eager,453,50,538,0.030751999467611313,0.10463999956846237,0.2836480140686035,1.210368037223816,0.03888000175356865,1.5986560508608818,0.06963200122117996,1.6682880520820618
gpu_eager,454,35,192,0.03136000037193298,0.10342399775981903,0.28467199206352234,1.2165119647979736,0.039103999733924866,1.604607954621315,0.07046400010585785,1.6750719547271729
gpu_eager,455,27,202,0.031328000128269196,0.10547199845314026,0.2836480140686035,1.2236160039901733,0.04556800052523613,1.6127360165119171,0.07689600065350533,1.6896320171654224
gpu_eager,456,36,214,0.03686400130391121,0.10547199845314026,0.28569599986076355,1.2072960138320923,0.03830400109291077,1.598464012145996,0.07516800239682198,1.673632014542818
gpu_eager,457,32,154,0.0318400003015995,0.1125119999051094,0.2868480086326599,1.2105599641799927,0.03811199963092804,1.609919972717762,0.06995199993252754,1.6798719726502895
gpu_eager,458,59,568,0.03142400085926056,0.10547199845314026,0.2848320007324219,1.2288000583648682,0.03932800143957138,1.6191040575504303,0.07075200229883194,1.6898560598492622
gpu_eager,459,16,34,0.03302399814128876,0.10547199845314026,0.2836480140686035,1.2331199645996094,0.03872000053524971,1.6222399771213531,0.07174399867653847,1.6939839757978916
gpu_eager,460,44,194,0.03510399907827377,0.10553599894046783,0.29311999678611755,1.2083200216293335,0.039903998374938965,1.6069760173559189,0.07500799745321274,1.6819840148091316
gpu_eager,461,27,142,0.030912000685930252,0.10444799810647964,0.2826240062713623,1.2122880220413208,0.038975998759269714,1.5993600264191628,0.06988799944519997,1.6692480258643627
gpu_eager,462,41,492,0.03126399964094162,0.10444799810647964,0.28467199206352234,1.2156800031661987,0.03830400109291077,1.6047999933362007,0.06956800073385239,1.674367994070053
gpu_eager,463,82,966,0.03452799841761589,0.10550399869680405,0.2836480140686035,1.334272027015686,0.04131200164556503,1.7234240397810936,0.07584000006318092,1.7992640398442745
gpu_eager,464,31,188,0.033984001725912094,0.10751999914646149,0.2877439856529236,1.2462079524993896,0.04012800008058548,1.6414719372987747,0.07411200180649757,1.7155839391052723
gpu_eager,465,50,352,0.03167999908328056,0.10729599744081497,0.28678399324417114,1.2154879570007324,0.03830400109291077,1.6095679476857185,0.06998400017619133,1.6795519478619099
gpu_eager,466,41,248,0.0350399985909462,0.10652799904346466,0.2836480140686035,1.223680019378662,0.0387520007789135,1.6138560324907303,0.0737919993698597,1.68764803186059
gpu_eager,467,25,68,0.03379200026392937,0.11264000087976456,0.28566399216651917,1.213312029838562,0.039712000638246536,1.6116160228848457,0.0735040009021759,1.6851200237870216
gpu_eager,468,40,180,0.03392000123858452,0.10547199845314026,0.2847999930381775,1.2060480117797852,0.039135999977588654,1.596320003271103,0.07305600121617317,1.669376004487276
gpu_eager,469,40,168,0.0342399999499321,0.10447999835014343,0.2968960106372833,1.2317440509796143,0.039455998688936234,1.633120059967041,0.07369599863886833,1.7068160586059093
gpu_eager,470,28,106,0.031072000041604042,0.10342399775981903,0.2919999957084656,1.2083200216293335,0.03862399980425835,1.603744015097618,0.06969599984586239,1.6734400149434805
gpu_eager,471,50,296,0.03359999880194664,0.10649599879980087,0.28569599986076355,1.231935977935791,0.039712000638246536,1.6241279765963554,0.07331199944019318,1.6974399760365486
gpu_eager,472,21,50,0.03110400028526783,0.10444799810647964,0.2866879999637604,1.2124160528182983,0.03929600119590759,1.6035520508885384,0.07040000148117542,1.6739520523697138
gpu_eager,473,42,296,0.03014400042593479,0.10425599664449692,0.2826240062713623,1.21343994140625,0.04524800181388855,1.6003199443221092,0.07539200223982334,1.6757119465619326
gpu_eager,474,29,166,0.038656000047922134,0.10547199845314026,0.2815999984741211,1.2083200216293335,0.03920000046491623,1.5953920185565948,0.07785600051283836,1.6732480190694332
gpu_eager,475,56,476,0.032607998698949814,0.10566399991512299,0.28467199206352234,1.222656011581421,0.03923200070858002,1.6129920035600662,0.07183999940752983,1.684832002967596
gpu_eager,476,44,246,0.031072000041604042,0.11059200018644333,0.28460800647735596,1.201151967048645,0.03907199949026108,1.5963519737124443,0.07014399953186512,1.6664959732443094
gpu_eager,477,32,156,0.03465599939227104,0.1053759977221489,0.2941119968891144,1.2022080421447754,0.03891199827194214,1.6016960367560387,0.07356799766421318,1.6752640344202518
gpu_eager,478,48,344,0.0323840007185936,0.10355199873447418,0.29183998703956604,1.2052479982376099,0.039103999733924866,1.60063998401165,0.07148800045251846,1.6721279844641685
gpu_eager,479,26,122,0.030527999624609947,0.10444799810647964,0.2836480140686035,1.2124160528182983,0.039744000881910324,1.6005120649933815,0.07027200050652027,1.6707840654999018
gpu_eager,480,26,170,0.0306560005992651,0.10444799810647964,0.289792001247406,1.2124160528182983,0.0395519994199276,1.606656052172184,0.0702080000191927,1.6768640521913767
gpu_eager,481,20,66,0.0326399989426136,0.10547199845314026,0.2836480140686035,1.2072960138320923,0.04707200080156326,1.596416026353836,0.07971199974417686,1.676128026098013
gpu_eager,482,48,290,0.03753599897027016,0.10547199845314026,0.2818560004234314,1.2031999826431274,0.03891199827194214,1.590527981519699,0.0764479972422123,1.6669759787619114
gpu_eager,483,28,196,0.031968001276254654,0.11264000087976456,0.28467199206352234,1.2052479982376099,0.03888000175356865,1.6025599911808968,0.0708480030298233,1.67340799421072
gpu_eager,484,23,72,0.03129599988460541,0.10444799810647964,0.2877439856529236,1.2042239904403687,0.03884800150990486,1.5964159741997719,0.07014400139451027,1.6665599755942822
gpu_eager,485,60,434,0.03161599859595299,0.1066880002617836,0.2908160090446472,1.2247040271759033,0.03843199834227562,1.6222080364823341,0.07004799693822861,1.6922560334205627
gpu_eager,486,41,188,0.030592000111937523,0.10444799810647964,0.29388800263404846,1.2042239904403687,0.039583999663591385,1.6025599911808968,0.07017599977552891,1.6727359909564257
gpu_eager,487,40,254,0.03417599946260452,0.10444799810647964,0.28569599986076355,1.2093440294265747,0.039903998374938965,1.599488027393818,0.07407999783754349,1.6735680252313614
gpu_eager,488,44,338,0.03455999866127968,0.10569600015878677,0.28467199206352234,1.2123199701309204,0.03936000168323517,1.6026879623532295,0.07392000034451485,1.6766079626977444
gpu_eager,489,30,120,0.03017600066959858,0.1042879968881607,0.28176000714302063,1.2072960138320923,0.0390079990029335,1.5933440178632736,0.06918399967253208,1.6625280175358057
gpu_eager,490,40,252,0.031808000057935715,0.10547199845314026,0.28249600529670715,1.2229119539260864,0.039712000638246536,1.6108799576759338,0.07152000069618225,1.682399958372116
gpu_eager,491,76,790,0.035071998834609985,0.11059200018644333,0.28563201427459717,1.2072960138320923,0.03929600119590759,1.6035200282931328,0.07436800003051758,1.6778880283236504
gpu_eager,492,31,110,0.031199999153614044,0.10444799810647964,0.2898240089416504,1.2054400444030762,0.03836800158023834,1.5997120514512062,0.06956800073385239,1.6692800521850586
gpu_eager,493,68,502,0.03129599988460541,0.10444799810647964,0.2908160090446472,1.2237759828567505,0.03964800015091896,1.6190399900078773,0.07094400003552437,1.6899839900434017
gpu_eager,494,62,620,0.03152000159025192,0.10444799810647964,0.2889600098133087,1.2257920503616333,0.03999999910593033,1.6192000582814217,0.07152000069618225,1.690720058977604
gpu_eager,495,19,88,0.031808000057935715,0.10556799918413162,0.28569599986076355,1.2224639654159546,0.03932800143957138,1.6137279644608498,0.0711360014975071,1.6848639659583569
gpu_eager,496,45,318,0.03619199991226196,0.10444799810647964,0.28252801299095154,1.2053760290145874,0.03923200070858002,1.5923520401120186,0.07542400062084198,1.6677760407328606
gpu_eager,497,59,644,0.0342399999499321,0.10444799810647964,0.28467199206352234,1.2195839881896973,0.04374400153756142,1.6087039783596992,0.07798400148749352,1.6866879798471928
gpu_eager,498,47,302,0.03385600075125694,0.10438399761915207,0.28060799837112427,1.2052479982376099,0.03984000161290169,1.5902399942278862,0.07369600236415863,1.6639359965920448
gpu_eager,499,47,168,0.030688000842928886,0.11075200140476227,0.28361600637435913,1.206272006034851,0.039264000952243805,1.6006400138139725,0.06995200179517269,1.6705920156091452
gpu_eager,500,22,78,0.035392001271247864,0.10547199845314026,0.29388800263404846,1.2114559412002563,0.038943998515605927,1.610815942287445,0.07433599978685379,1.6851519420742989
gpu_eager,501,49,244,0.036320000886917114,0.10467199981212616,0.2908160090446472,1.218559980392456,0.038784001022577286,1.6140479892492294,0.0751040019094944,1.6891519911587238
gpu_eager,502,38,186,0.03155200183391571,0.1042879968881607,0.29286399483680725,1.201151967048645,0.038943998515605927,1.598303958773613,0.07049600034952164,1.6687999591231346
gpu_eager,503,55,448,0.03392000123858452,0.10524799674749374,0.2815999984741211,1.210368037223816,0.038816001266241074,1.5972160324454308,0.07273600250482559,1.6699520349502563
gpu_eager,504,37,262,0.031039999797940254,0.10444799810647964,0.281823992729187,1.2154879570007324,0.0432640016078949,1.601759947836399,0.07430400140583515,1.6760639492422342
gpu_eager,505,31,146,0.03488000109791756,0.10739199817180634,0.28569599986076355,1.206272006034851,0.038975998759269714,1.599360004067421,0.07385599985718727,1.6732160039246082
gpu_eager,506,15,62,0.03097599931061268,0.10649599879980087,0.2754560112953186,1.2083200216293335,0.040063999593257904,1.590272031724453,0.07103999890387058,1.6613120306283236
gpu_eager,507,40,176,0.033504001796245575,0.1125119999051094,0.28467199206352234,1.2144639492034912,0.03855999931693077,1.611647941172123,0.07206400111317635,1.6837119422852993
gpu_eager,508,37,388,0.03824000060558319,0.10444799810647964,0.2887679934501648,1.2050880193710327,0.03968000039458275,1.5983040109276772,0.07792000100016594,1.676224011927843
gpu_eager,509,46,184,0.030912000685930252,0.10444799810647964,0.29260799288749695,1.206272006034851,0.039583999663591385,1.6033279970288277,0.07049600034952164,1.6738239973783493
gpu_eager,510,15,34,0.030880000442266464,0.10547199845314026,0.2711679935455322,1.2041599750518799,0.03961599990725517,1.5807999670505524,0.07049600034952164,1.651295967400074
gpu_eager,511,40,260,0.03379200026392937,0.1064319983124733,0.28271999955177307,1.2121599912643433,0.038975998759269714,1.6013119891285896,0.07276799902319908,1.6740799881517887
gpu_eager,512,12,24,0.03062400035560131,0.1043199971318245,0.27033600211143494,1.1991039514541626,0.039264000952243805,1.573759950697422,0.06988800130784512,1.6436479520052671
gpu_eager,513,30,146,0.0350399985909462,0.10649599879980087,0.2826240062713623,1.2003519535064697,0.03920000046491623,1.589471958577633,0.07423999905586243,1.6637119576334953
gpu_eager,514,19,50,0.03452799841761589,0.10636799782514572,0.2845120131969452,1.2132799625396729,0.03855999931693077,1.6041599735617638,0.07308799773454666,1.6772479712963104
gpu_eager,515,32,252,0.03270399942994118,0.10556799918413162,0.28569599986076355,1.2042239904403687,0.038656000047922134,1.5954879894852638,0.07135999947786331,1.6668479889631271
gpu_eager,516,37,246,0.031488001346588135,0.10444799810647964,0.2877439856529236,1.2042239904403687,0.03872000053524971,1.5964159741997719,0.07020800188183784,1.6666239760816097
gpu_eager,517,8,10,0.0342399999499321,0.10547199845314026,0.2805759906768799,1.2974079847335815,0.039135999977588654,1.6834559738636017,0.07337599992752075,1.7568319737911224
gpu_eager,518,22,60,0.03519999980926514,0.10649599879980087,0.28441599011421204,1.2246400117874146,0.0398080013692379,1.6155520007014275,0.07500800117850304,1.6905600018799305
gpu_eager,519,38,190,0.033952001482248306,0.10451199859380722,0.2815999984741211,1.2093440294265747,0.0387520007789135,1.595456026494503,0.0727040022611618,1.6681600287556648
gpu_eager,520,28,58,0.034304000437259674,0.1064319983124733,0.2836480140686035,1.2187520265579224,0.03964800015091896,1.6088320389389992,0.07395200058817863,1.6827840395271778
gpu_eager,521,38,310,0.03129599988460541,0.10547199845314026,0.28361600637435913,1.2074559926986694,0.03929600119590759,1.5965439975261688,0.070592001080513,1.6671359986066818
gpu_eager,522,29,114,0.04131200164556503,0.10751999914646149,0.2836480140686035,1.2024320363998413,0.03830400109291077,1.5936000496149063,0.0796160027384758,1.673216052353382
gpu_eager,523,36,212,0.03404799848794937,0.11148799955844879,0.2826240062713623,1.201151967048645,0.03855999931693077,1.5952639728784561,0.07260799780488014,1.6678719706833363
gpu_eager,524,35,198,0.03392000123858452,0.10540799796581268,0.2887679934501648,1.2021759748458862,0.03779200091958046,1.5963519662618637,0.07171200215816498,1.6680639684200287
gpu_eager,525,82,1224,0.034591998904943466,0.10649599879980087,0.29286399483680725,1.321984052658081,0.03920000046491623,1.7213440462946892,0.0737919993698597,1.7951360456645489
gpu_eager,526,33,148,0.035360001027584076,0.10547199845314026,0.289792001247406,1.2031999826431274,0.038816001266241074,1.5984639823436737,0.07417600229382515,1.6726399846374989
gpu_eager,527,13,36,0.03097599931061268,0.10547199845314026,0.2744320034980774,1.3035520315170288,0.040031999349594116,1.6834560334682465,0.0710079986602068,1.7544640321284533
gpu_eager,528,32,148,0.0350399985909462,0.10527999699115753,0.2836480140686035,1.2142720222473145,0.03984000161290169,1.6032000333070755,0.07488000020384789,1.6780800335109234
gpu_eager,529,32,162,0.03359999880194664,0.10547199845314026,0.2836480140686035,1.2040319442749023,0.03868800029158592,1.5931519567966461,0.07228799909353256,1.6654399558901787
gpu_eager,530,43,246,0.033824000507593155,0.10444799810647964,0.28563201427459717,1.207360029220581,0.038336001336574554,1.5974400416016579,0.07216000184416771,1.6696000434458256
gpu_eager,531,22,68,0.035360001027584076,0.10547199845314026,0.2815999984741211,1.2052479982376099,0.03868800029158592,1.5923199951648712,0.07404800131917,1.6663679964840412
gpu_eager,532,28,90,0.031647998839616776,0.11161600053310394,0.2847999930381775,1.2063039541244507,0.03964800015091896,1.6027199476957321,0.07129599899053574,1.6740159466862679
gpu_eager,533,38,228,0.03129599988460541,0.10342399775981903,0.2887679934501648,1.2052479982376099,0.03827200084924698,1.5974399894475937,0.06956800073385239,1.667007990181446
gpu_eager,534,44,330,0.03200000151991844,0.10524799674749374,0.29286399483680725,1.2154879570007324,0.038975998759269714,1.6135999485850334,0.07097600027918816,1.6845759488642216
gpu_eager,535,34,184,0.032287999987602234,0.10547199845314026,0.3000960052013397,1.2124160528182983,0.03827200084924698,1.6179840564727783,0.07056000083684921,1.6885440573096275
gpu_eager,536,36,222,0.03155200183391571,0.10435199737548828,0.2844800055027008,1.2288000583648682,0.038975998759269714,1.6176320612430573,0.07052800059318542,1.6881600618362427
gpu_eager,537,51,354,0.03209599852561951,0.10543999820947647,0.2845759987831116,1.2380160093307495,0.03836800158023834,1.6280320063233376,0.07046400010585785,1.6984960064291954
gpu_eager,538,34,144,0.03126399964094162,0.10444799810647964,0.28380799293518066,1.2052479982376099,0.03827200084924698,1.5935039892792702,0.0695360004901886,1.6630399897694588
gpu_eager,539,51,294,0.03248000144958496,0.10630399733781815,0.28361600637435913,1.206272006034851,0.038784001022577286,1.5961920097470284,0.07126400247216225,1.6674560122191906
gpu_eager,540,59,800,0.03167999908328056,0.11161600053310394,0.28384000062942505,1.22489595413208,0.03868800029158592,1.620351955294609,0.07036799937486649,1.6907199546694756
gpu_eager,541,35,150,0.031488001346588135,0.10444799810647964,0.28649601340293884,1.2042239904403687,0.03855999931693077,1.5951680019497871,0.0700480006635189,1.665216002613306
gpu_eager,542,48,346,0.0350399985909462,0.1085439994931221,0.29286399483680725,1.2175359725952148,0.038816001266241074,1.6189439669251442,0.07385599985718727,1.6927999667823315
gpu_eager,543,25,152,0.03142400085926056,0.10444799810647964,0.2908160090446472,1.2083200216293335,0.040063999593257904,1.6035840287804604,0.07148800045251846,1.6750720292329788
gpu_eager,544,10,16,0.03420799970626831,0.1056319996714592,0.2734079957008362,1.2235840559005737,0.038656000047922134,1.602624051272869,0.07286399975419044,1.6754880510270596
gpu_eager,545,38,148,0.03167999908328056,0.10547199845314026,0.28169599175453186,1.2093759775161743,0.039744000881910324,1.5965439677238464,0.07142399996519089,1.6679679676890373
gpu_eager,546,57,474,0.032287999987602234,0.10444799810647964,0.285535991191864,1.2052799463272095,0.038816001266241074,1.5952639356255531,0.07110400125384331,1.6663679368793964
gpu_eager,547,77,1096,0.031968001276254654,0.10547199845314026,0.28281599283218384,1.316864013671875,0.0498879998922348,1.705152004957199,0.08185600116848946,1.7870080061256886
gpu_eager,548,55,512,0.035360001027584076,0.10543999820947647,0.28358399868011475,1.2238719463348389,0.03884800150990486,1.61289594322443,0.07420800253748894,1.687103945761919
gpu_eager,549,15,20,0.033984001725912094,0.11241599917411804,0.2734079957008362,1.1991039514541626,0.03862399980425835,1.5849279463291168,0.07260800153017044,1.6575359478592873
gpu_eager,550,40,218,0.031808000057935715,0.10547199845314026,0.28863999247550964,1.2031999826431274,0.040352001786231995,1.5973119735717773,0.07216000184416771,1.669471975415945
gpu_eager,551,45,418,0.031007999554276466,0.10444799810647964,0.289792001247406,1.2070399522781372,0.038816001266241074,1.6012799516320229,0.06982400082051754,1.6711039524525404
gpu_eager,552,47,378,0.031168000772595406,0.10543999820947647,0.2834559977054596,1.2074240446090698,0.03964800015091896,1.596320040524006,0.07081600092351437,1.6671360414475203
gpu_eager,553,41,306,0.030400000512599945,0.10444799810647964,0.2836480140686035,1.21343994140625,0.03884800150990486,1.6015359535813332,0.0692480020225048,1.670783955603838
gpu_eager,554,35,172,0.03296000137925148,0.10547199845314026,0.28569599986076355,1.2033599615097046,0.03939199820160866,1.5945279598236084,0.07235199958086014,1.6668799594044685
gpu_eager,555,58,488,0.03283200040459633,0.10547199845314026,0.28572800755500793,1.2266559600830078,0.0390079990029335,1.617855966091156,0.07183999940752983,1.6896959654986858
gpu_eager,556,44,210,0.03686400130391121,0.10463999956846237,0.28467199206352234,1.2175359725952148,0.03907199949026108,1.6068479642271996,0.07593600079417229,1.6827839650213718
gpu_eager,557,37,146,0.03417599946260452,0.11241599917411804,0.28271999955177307,1.2113920450210571,0.03964800015091896,1.6065280437469482,0.07382399961352348,1.6803520433604717
gpu_eager,558,22,56,0.03136000037193298,0.10547199845314026,0.29183998703956604,1.206272006034851,0.03936000168323517,1.6035839915275574,0.07072000205516815,1.6743039935827255
gpu_eager,559,29,108,0.031328000128269196,0.10364799946546555,0.2908160090446472,1.2052479982376099,0.03923200070858002,1.5997120067477226,0.07056000083684921,1.6702720075845718
gpu_eager,560,28,102,0.03167999908328056,0.10524799674749374,0.2833920121192932,1.2042239904403687,0.03948799893260002,1.5928639993071556,0.07116799801588058,1.6640319973230362
gpu_eager,561,19,80,0.031199999153614044,0.10540799796581268,0.28358399868011475,1.222656011581421,0.03964800015091896,1.6116480082273483,0.070847999304533,1.6824960075318813
gpu_eager,562,22,94,0.0307839997112751,0.10444799810647964,0.28569599986076355,1.2072960138320923,0.03932800143957138,1.5974400117993355,0.07011200115084648,1.667552012950182
gpu_eager,563,19,114,0.0344959981739521,0.10649599879980087,0.2828800082206726,1.210368037223816,0.03968000039458275,1.5997440442442894,0.07417599856853485,1.6739200428128242
gpu_eager,564,35,152,0.036768000572919846,0.1056319996714592,0.2826560139656067,1.2053120136260986,0.03999999910593033,1.5936000272631645,0.07676799967885017,1.6703680269420147
gpu_eager,565,33,118,0.03248000144958496,0.11059200018644333,0.28777599334716797,1.2092479467391968,0.039455998688936234,1.607615940272808,0.0719360001385212,1.6795519404113293
gpu_eager,566,62,884,0.0323840007185936,0.10547199845314026,0.28992000222206116,1.2298239469528198,0.03903999924659729,1.6252159476280212,0.07142399996519089,1.6966399475932121
gpu_eager,567,27,104,0.03235200047492981,0.10527999699115753,0.294048011302948,1.2082879543304443,0.03862399980425835,1.6076159626245499,0.07097600027918816,1.678591962903738
gpu_eager,568,34,132,0.035232000052928925,0.10547199845314026,0.28467199206352234,1.2113920450210571,0.03868800029158592,1.6015360355377197,0.07392000034451485,1.6754560358822346
gpu_eager,569,50,526,0.03177599981427193,0.10559999942779541,0.28380799293518066,1.223680019378662,0.03868800029158592,1.6130880117416382,0.07046400010585785,1.683552011847496
gpu_eager,570,41,322,0.03097599931061268,0.10444799810647964,0.28467199206352234,1.2031999826431274,0.039583999663591385,1.5923199728131294,0.07055999897420406,1.6628799717873335
gpu_eager,571,18,80,0.031007999554276466,0.10444799810647964,0.28460800647735596,1.2165119647979736,0.03932800143957138,1.6055679693818092,0.07033600099384785,1.675903970375657
gpu_eager,572,38,346,0.03951999917626381,0.10633599758148193,0.2815999984741211,1.2081600427627563,0.039903998374938965,1.5960960388183594,0.07942399755120277,1.6755200363695621
gpu_eager,573,74,1292,0.03356799855828285,0.11161600053310394,0.2847679853439331,1.4008320569992065,0.03977600112557411,1.7972160428762436,0.07334399968385696,1.8705600425601006
gpu_eager,574,22,74,0.03187200054526329,0.11343999952077866,0.28467199206352234,1.1991039514541626,0.03843199834227562,1.5972159430384636,0.07030399888753891,1.6675199419260025
gpu_eager,575,88,888,0.03488000109791756,0.10547199845314026,0.29078400135040283,1.3056000471115112,0.039872001856565475,1.7018560469150543,0.07475200295448303,1.7766080498695374
gpu_eager,576,32,196,0.03497600182890892,0.10547199845314026,0.29388800263404846,1.2072960138320923,0.038336001336574554,1.606656014919281,0.07331200316548347,1.6799680180847645
gpu_eager,577,35,146,0.031647998839616776,0.10547199845314026,0.2908160090446472,1.201151967048645,0.03859199956059456,1.5974399745464325,0.07023999840021133,1.6676799729466438
gpu_eager,578,24,52,0.03190400078892708,0.10659199953079224,0.2919040024280548,1.2103359699249268,0.0387520007789135,1.6088319718837738,0.07065600156784058,1.6794879734516144
gpu_eager,579,42,300,0.03488000109791756,0.10553599894046783,0.28467199206352234,1.2124160528182983,0.03996799886226654,1.6026240438222885,0.0748479999601841,1.6774720437824726
gpu_eager,580,42,248,0.03251200169324875,0.10444799810647964,0.2836480140686035,1.1991039514541626,0.03996799886226654,1.5871999636292458,0.07248000055551529,1.659679964184761
gpu_eager,581,52,466,0.031328000128269196,0.10444799810647964,0.2828800082206726,1.2165119647979736,0.03903999924659729,1.6038399711251259,0.07036799937486649,1.6742079704999924
gpu_eager,582,63,340,0.04169600084424019,0.10649599879980087,0.28460800647735596,1.206272006034851,0.039583999663591385,1.597376011312008,0.08128000050783157,1.6786560118198395
gpu_eager,583,36,408,0.03222399950027466,0.11062400043010712,0.2908160090446472,1.206272006034851,0.03932800143957138,1.6077120155096054,0.07155200093984604,1.6792640164494514
gpu_eager,584,44,202,0.03359999880194664,0.10547199845314026,0.29094401001930237,1.210368037223816,0.038656000047922134,1.6067840456962585,0.07225599884986877,1.6790400445461273
gpu_eager,585,34,224,0.03276799991726875,0.10547199845314026,0.289792001247406,1.2267520427703857,0.03855999931693077,1.622016042470932,0.07132799923419952,1.6933440417051315
gpu_eager,586,71,676,0.03705599904060364,0.10751999914646149,0.29468798637390137,1.3402559757232666,0.042080000042915344,1.7424639612436295,0.07913599908351898,1.8215999603271484
gpu_eager,587,34,160,0.032287999987602234,0.10665600001811981,0.29712000489234924,1.2391999959945679,0.03977600112557411,1.642976000905037,0.07206400111317635,1.7150400020182133
gpu_eager,588,31,140,0.032896000891923904,0.10649599879980087,0.289792001247406,1.2492799758911133,0.040383998304605484,1.6455679759383202,0.07327999919652939,1.7188479751348495
gpu_eager,589,42,368,0.033055998384952545,0.10649599879980087,0.2887679934501648,1.248255968093872,0.03977600112557411,1.6435199603438377,0.07283199951052666,1.7163519598543644
gpu_eager,590,26,172,0.03251200169324875,0.10569600015878677,0.2877439856529236,1.248255968093872,0.03993599861860275,1.6416959539055824,0.0724480003118515,1.714143954217434
gpu_eager,591,19,28,0.0350399985909462,0.10547199845314026,0.2826240062713623,1.2278720140457153,0.03929600119590759,1.615968018770218,0.07433599978685379,1.6903040185570717
gpu_eager,592,27,142,0.03446400165557861,0.10751999914646149,0.28246399760246277,1.2071360349655151,0.03868800029158592,1.5971200317144394,0.07315200194716454,1.670272033661604
gpu_eager,593,33,184,0.03872000053524971,0.10569600015878677,0.28467199206352234,1.2102080583572388,0.03811199963092804,1.6005760505795479,0.07683200016617775,1.6774080507457256
gpu_eager,594,44,444,0.032127998769283295,0.11264000087976456,0.2836480140686035,1.222656011581421,0.0398080013692379,1.618944026529789,0.0719360001385212,1.6908800266683102
gpu_eager,595,38,222,0.0315839983522892,0.10550399869680405,0.2919040024280548,1.2113920450210571,0.038975998759269714,1.608800046145916,0.07055999711155891,1.679360043257475
gpu_eager,596,40,160,0.03734400123357773,0.10751999914646149,0.2908160090446472,1.2022080421447754,0.03884800150990486,1.600544050335884,0.07619200274348259,1.6767360530793667
gpu_eager,597,27,164,0.03200000151991844,0.10444799810647964,0.2927039861679077,1.2021759748458862,0.03836800158023834,1.5993279591202736,0.07036800310015678,1.6696959622204304
gpu_eager,598,53,558,0.034272000193595886,0.10342399775981903,0.2805759906768799,1.2288000583648682,0.03843199834227562,1.612800046801567,0.0727039985358715,1.6855040453374386
gpu_eager,599,31,212,0.03046399913728237,0.10447999835014343,0.2815999984741211,1.206272006034851,0.04041599854826927,1.5923520028591156,0.07087999768555164,1.6632320005446672
gpu_eager,600,45,316,0.03468799963593483,0.10460799932479858,0.2826240062713623,1.2050559520721436,0.03814399987459183,1.5922879576683044,0.07283199951052666,1.665119957178831
gpu_eager,601,39,314,0.038015998899936676,0.10547199845314026,0.2836480140686035,1.2042239904403687,0.03993599861860275,1.5933440029621124,0.07795199751853943,1.6712960004806519
gpu_eager,602,45,392,0.03215999901294708,0.11161600053310394,0.2865920066833496,1.229599952697754,0.03936000168323517,1.6278079599142075,0.07152000069618225,1.6993279606103897
gpu_eager,603,30,160,0.03388800099492073,0.10751999914646149,0.3020800054073334,1.2072960138320923,0.03840000182390213,1.6168960183858871,0.07228800281882286,1.68918402120471
gpu_eager,604,39,212,0.032255999743938446,0.10444799810647964,0.289792001247406,1.2051520347595215,0.03939199820160866,1.5993920341134071,0.0716479979455471,1.6710400320589542
gpu_eager,605,91,1818,0.03542400151491165,0.10649599879980087,0.289792001247406,1.4018559455871582,0.04054399952292442,1.798143945634365,0.07596800103783607,1.8741119466722012
gpu_eager,606,31,92,0.03388800099492073,0.10470400005578995,0.2991040050983429,1.2195839881896973,0.03859199956059456,1.62339199334383,0.07248000055551529,1.6958719938993454
gpu_eager,607,48,270,0.03235200047492981,0.10956799983978271,0.2858240008354187,1.240928053855896,0.03936000168323517,1.6363200545310974,0.07171200215816498,1.7080320566892624
gpu_eager,608,23,64,0.03471999987959862,0.10540799796581268,0.28467199206352234,1.2167359590530396,0.038495998829603195,1.6068159490823746,0.07321599870920181,1.6800319477915764
gpu_eager,609,37,276,0.033344000577926636,0.10547199845314026,0.28467199206352234,1.222656011581421,0.039103999733924866,1.6128000020980835,0.0724480003118515,1.685248002409935
gpu_eager,610,27,186,0.03548799827694893,0.10623999685049057,0.286655992269516,1.2042239904403687,0.040192000567913055,1.5971199795603752,0.07567999884486198,1.6727999784052372
gpu_eager,611,56,828,0.035711999982595444,0.10649599879980087,0.28566399216651917,1.2318719625473022,0.03852799907326698,1.6240319535136223,0.07423999905586243,1.6982719525694847
gpu_eager,612,35,106,0.031136000528931618,0.11366400122642517,0.2826240062713623,1.2083200216293335,0.039103999733924866,1.604608029127121,0.07024000026285648,1.6748480293899775
gpu_eager,613,33,260,0.03376000002026558,0.10444799810647964,0.3041279911994934,1.207360029220581,0.03855999931693077,1.615936018526554,0.07231999933719635,1.6882560178637505
gpu_eager,614,67,728,0.03622400015592575,0.10633599758148193,0.2949120104312897,1.2318719625473022,0.03920000046491623,1.6331199705600739,0.07542400062084198,1.7085439711809158
gpu_eager,615,26,160,0.03152000159025192,0.10547199845314026,0.2906239926815033,1.2002880573272705,0.03872000053524971,1.596384048461914,0.07024000212550163,1.6666240505874157
gpu_eager,616,39,182,0.03152000159025192,0.10342399775981903,0.2826240062713623,1.210271954536438,0.03920000046491623,1.5963199585676193,0.07072000205516815,1.6670399606227875
gpu_eager,617,26,94,0.03481600061058998,0.10547199845314026,0.2815999984741211,1.217568039894104,0.03888000175356865,1.6046400368213654,0.07369600236415863,1.678336039185524
gpu_eager,618,32,170,0.03222399950027466,0.10444799810647964,0.2858879864215851,1.206272006034851,0.04396799951791763,1.5966079905629158,0.07619199901819229,1.672799989581108
gpu_eager,619,29,138,0.03385600075125694,0.10444799810647964,0.28467199206352234,1.206272006034851,0.044863998889923096,1.595391996204853,0.07871999964118004,1.674111995846033
gpu_eager,620,21,78,0.031968001276254654,0.11158400028944016,0.2826240062713623,1.2093440294265747,0.03862399980425835,1.6035520359873772,0.070592001080513,1.6741440370678902
gpu_eager,621,44,302,0.03356799855828285,0.10649599879980087,0.28672000765800476,1.206272006034851,0.0395519994199276,1.5994880124926567,0.07311999797821045,1.6726080104708672
gpu_eager,622,77,870,0.03519999980926514,0.10547199845314026,0.2969599962234497,1.2306239604949951,0.039264000952243805,1.633055955171585,0.07446400076150894,1.707519955933094
gpu_eager,623,35,132,0.03436800092458725,0.10547199845314026,0.2919040024280548,1.206015944480896,0.03948799893260002,1.603391945362091,0.07385599985718727,1.6772479452192783
gpu_eager,624,21,54,0.031039999797940254,0.1056319996714592,0.2837119996547699,1.2165119647979736,0.039135999977588654,1.6058559641242027,0.07017599977552891,1.6760319638997316
gpu_eager,625,42,240,0.033952001482248306,0.10751999914646149,0.28464001417160034,1.210368037223816,0.03903999924659729,1.6025280505418777,0.0729920007288456,1.6755200512707233
gpu_eager,626,58,550,0.030880000442266464,0.10342399775981903,0.2836480140686035,1.2206079959869385,0.04639999940991402,1.607680007815361,0.07727999985218048,1.6849600076675415
gpu_eager,627,64,600,0.031808000057935715,0.10649599879980087,0.2836480140686035,1.2124160528182983,0.03836800158023834,1.6025600656867027,0.07017600163817406,1.6727360673248768
gpu_eager,628,36,176,0.031168000772595406,0.10726399719715118,0.2824319899082184,1.2043839693069458,0.038047999143600464,1.5940799564123154,0.06921599991619587,1.6632959563285112
gpu_eager,629,24,54,0.031168000772595406,0.10531199723482132,0.28569599986076355,1.2092479467391968,0.03891199827194214,1.6002559438347816,0.07007999904453754,1.6703359428793192
gpu_eager,630,44,370,0.03468799963593483,0.10444799810647964,0.2889600098133087,1.208351969718933,0.038975998759269714,1.6017599776387215,0.07366399839520454,1.675423976033926
gpu_eager,631,19,46,0.030527999624609947,0.10547199845314026,0.28780800104141235,1.2195839881896973,0.038495998829603195,1.6128639876842499,0.06902399845421314,1.681887986138463
gpu_eager,632,34,188,0.03110400028526783,0.10444799810647964,0.2808319926261902,1.2093440294265747,0.03923200070858002,1.5946240201592445,0.07033600099384785,1.6649600211530924
gpu_eager,633,46,346,0.03161599859595299,0.10444799810647964,0.28467199206352234,1.2157119512557983,0.039135999977588654,1.6048319414258003,0.07075199857354164,1.675583939999342
gpu_eager,634,36,136,0.03267199918627739,0.10547199845314026,0.28355199098587036,1.2093440294265747,0.03920000046491623,1.5983680188655853,0.07187199965119362,1.670240018516779
gpu_eager,635,34,228,0.031968001276254654,0.10649599879980087,0.28467199206352234,1.2052479982376099,0.03923200070858002,1.596415989100933,0.07120000198483467,1.6676159910857677
gpu_eager,636,40,336,0.033824000507593155,0.11161600053310394,0.2836480140686035,1.206272006034851,0.03814399987459183,1.6015360206365585,0.07196800038218498,1.6735040210187435
gpu_eager,637,52,400,0.030592000111937523,0.10342399775981903,0.2916480004787445,1.235967993736267,0.039744000881910324,1.6310399919748306,0.07033600099384785,1.7013759929686785
gpu_eager,638,38,182,0.0342399999499321,0.10454399883747101,0.2949120104312897,1.2113920450210571,0.038495998829603195,1.6108480542898178,0.0727359987795353,1.683584053069353
gpu_eager,639,40,438,0.031168000772595406,0.10444799810647964,0.2908160090446472,1.2203840017318726,0.03939199820160866,1.6156480088829994,0.07055999897420406,1.6862080078572035
gpu_eager,640,20,74,0.030912000685930252,0.10540799796581268,0.2826240062713623,1.21343994140625,0.038784001022577286,1.601471945643425,0.06969600170850754,1.6711679473519325
gpu_eager,641,78,722,0.03167999908328056,0.10444799810647964,0.28566399216651917,1.3056000471115112,0.039712000638246536,1.69571203738451,0.0713919997215271,1.7671040371060371
gpu_eager,642,22,56,0.03907199949026108,0.10534399747848511,0.28467199206352234,1.2124799489974976,0.039455998688936234,1.602495938539505,0.07852799817919731,1.6810239367187023
gpu_eager,643,40,222,0.030592000111937523,0.10444799810647964,0.2826240062713623,1.2031999826431274,0.03836800158023834,1.5902719870209694,0.06896000169217587,1.6592319887131453
gpu_eager,644,41,262,0.03500799834728241,0.10444799810647964,0.2816320061683655,1.2113280296325684,0.03920000046491623,1.5974080339074135,0.07420799881219864,1.6716160327196121
gpu_eager,645,39,204,0.03161599859595299,0.11462400108575821,0.2836480140686035,1.2113920450210571,0.03891199827194214,1.6096640601754189,0.07052799686789513,1.680192057043314
gpu_eager,646,50,316,0.03152000159025192,0.10444799810647964,0.289792001247406,1.2050559520721436,0.03859199956059456,1.5992959514260292,0.07011200115084648,1.6694079525768757
gpu_eager,647,15,26,0.031328000128269196,0.10444799810647964,0.2805759906768799,1.206272006034851,0.03964800015091896,1.5912959948182106,0.07097600027918816,1.6622719950973988
gpu_eager,648,46,592,0.03177599981427193,0.10444799810647964,0.2826240062713623,1.220639944076538,0.03939199820160866,1.60771194845438,0.07116799801588058,1.6788799464702606
gpu_eager,649,29,100,0.0318400003015995,0.10543999820947647,0.28467199206352234,1.2074240446090698,0.039103999733924866,1.5975360348820686,0.07094400003552437,1.668480034917593
gpu_eager,650,24,206,0.033440001308918,0.10569600015878677,0.28467199206352234,1.2063360214233398,0.03951999917626381,1.596704013645649,0.07296000048518181,1.6696640141308308
gpu_eager,651,94,894,0.03500799834728241,0.10547199845314026,0.28464001417160034,1.3015040159225464,0.047040000557899475,1.691616028547287,0.08204799890518188,1.7736640274524689
gpu_eager,652,33,136,0.03372799977660179,0.10649599879980087,0.2826240062713623,1.2021759748458862,0.03840000182390213,1.5912959799170494,0.07212800160050392,1.6634239815175533
gpu_eager,653,62,654,0.031168000772595406,0.11161600053310394,0.28672000765800476,1.2257280349731445,0.03932800143957138,1.6240640431642532,0.07049600221216679,1.69456004537642
gpu_eager,654,31,120,0.032255999743938446,0.10444799810647964,0.28569599986076355,1.2093440294265747,0.039583999663591385,1.599488027393818,0.07183999940752983,1.6713280268013477
gpu_eager,655,36,172,0.03232000023126602,0.10636799782514572,0.2908160090446472,1.206272006034851,0.038784001022577286,1.603456012904644,0.07110400125384331,1.6745600141584873
gpu_eager,656,36,150,0.031168000772595406,0.10633599758148193,0.2919999957084656,1.2054719924926758,0.038015998899936676,1.6038079857826233,0.06918399967253208,1.6729919854551554
gpu_eager,657,35,236,0.031039999797940254,0.10441599786281586,0.2826240062713623,1.2003519535064697,0.03840000182390213,1.5873919576406479,0.06944000162184238,1.6568319592624903
gpu_eager,658,35,250,0.03468799963593483,0.10438399761915207,0.2826560139656067,1.2033920288085938,0.03907199949026108,1.5904320403933525,0.07375999912619591,1.6641920395195484
gpu_eager,659,32,278,0.030880000442266464,0.10444799810647964,0.28355199098587036,1.2042239904403687,0.03872000053524971,1.5922239795327187,0.06960000097751617,1.6618239805102348
gpu_eager,660,24,68,0.03590400144457817,0.10444799810647964,0.28467199206352234,1.2042239904403687,0.03827200084924698,1.5933439806103706,0.07417600229382515,1.6675199829041958
gpu_eager,661,29,176,0.033376000821590424,0.1117440015077591,0.28460800647735596,1.2009919881820679,0.03961599990725517,1.597343996167183,0.0729920007288456,1.6703359968960285
gpu_eager,662,25,140,0.03420799970626831,0.10358399897813797,0.28992000222206116,1.2175040245056152,0.039103999733924866,1.6110080257058144,0.07331199944019318,1.6843200251460075
gpu_eager,663,30,86,0.031488001346588135,0.1034879982471466,0.2868480086326599,1.201151967048645,0.03846399858593941,1.5914879739284515,0.06995199993252754,1.661439973860979
gpu_eager,664,27,136,0.035392001271247864,0.10345599800348282,0.28352001309394836,1.212448000907898,0.039264000952243805,1.5994240120053291,0.07465600222349167,1.6740800142288208
gpu_eager,665,28,96,0.03209599852561951,0.10649599879980087,0.2826240062713623,1.2083200216293335,0.03920000046491623,1.5974400267004967,0.07129599899053574,1.6687360256910324
gpu_eager,666,31,140,0.03187200054526329,0.10527999699115753,0.28380799293518066,1.203104019165039,0.04630399867892265,1.5921920090913773,0.07817599922418594,1.6703680083155632
gpu_eager,667,47,314,0.031936001032590866,0.1043199971318245,0.2836480140686035,1.2113920450210571,0.0387520007789135,1.5993600562214851,0.07068800181150436,1.6700480580329895
gpu_eager,668,27,82,0.033824000507593155,0.10649599879980087,0.2836480140686035,1.2093440294265747,0.03923200070858002,1.599488042294979,0.07305600121617317,1.6725440435111523
gpu_eager,669,31,154,0.031488001346588135,0.10547199845314026,0.28672000765800476,1.2021759748458862,0.03903999924659729,1.5943679809570312,0.07052800059318542,1.6648959815502167
gpu_eager,670,72,862,0.032607998698949814,0.10454399883747101,0.2889919877052307,1.2247040271759033,0.038975998759269714,1.618240013718605,0.07158399745821953,1.6898240111768246
gpu_eager,671,24,52,0.0315839983522892,0.10342399775981903,0.2908160090446472,1.2084159851074219,0.038784001022577286,1.6026559919118881,0.07036799937486649,1.6730239912867546
gpu_eager,672,26,104,0.031168000772595406,0.10547199845314026,0.2836480140686035,1.2156480550765991,0.03827200084924698,1.604768067598343,0.06944000162184238,1.6742080692201853
gpu_eager,673,32,108,0.0352960005402565,0.10547199845314026,0.2826240062713623,1.2052479982376099,0.0390079990029335,1.5933440029621124,0.07430399954319,1.6676480025053024
gpu_eager,674,24,90,0.031072000041604042,0.10342399775981903,0.2826240062713623,1.204416036605835,0.03907199949026108,1.5904640406370163,0.07014399953186512,1.6606080401688814
gpu_eager,675,83,1306,0.03446400165557861,0.10732799768447876,0.2824000120162964,1.3957439661026,0.04009599983692169,1.7854719758033752,0.0745600014925003,1.8600319772958755
gpu_eager,676,52,352,0.031488001346588135,0.10751999914646149,0.28464001417160034,1.2072960138320923,0.039264000952243805,1.5994560271501541,0.07075200229883194,1.670208029448986
gpu_eager,677,23,80,0.03852799907326698,0.10444799810647964,0.2826240062713623,1.2103999853134155,0.038975998759269714,1.5974719896912575,0.0775039978325367,1.6749759875237942
gpu_eager,678,31,184,0.033824000507593155,0.11247999966144562,0.2826240062713623,1.2030080556869507,0.03855999931693077,1.5981120616197586,0.07238399982452393,1.6704960614442825
gpu_eager,679,28,98,0.03014400042593479,0.1043199971318245,0.289792001247406,1.1991039514541626,0.038943998515605927,1.593215949833393,0.06908799894154072,1.6623039487749338
gpu_eager,680,29,122,0.031136000528931618,0.10547199845314026,0.28883200883865356,1.2001279592514038,0.03846399858593941,1.5944319665431976,0.06959999911487103,1.6640319656580687
gpu_eager,681,27,196,0.03136000037193298,0.10444799810647964,0.2836480140686035,1.21014404296875,0.03891199827194214,1.5982400551438332,0.07027199864387512,1.6685120537877083
gpu_eager,682,23,58,0.03593600168824196,0.10649599879980087,0.2826240062713623,1.210368037223816,0.03916800022125244,1.599488042294979,0.0751040019094944,1.6745920442044735
gpu_eager,683,45,234,0.032575998455286026,0.10444799810647964,0.28672000765800476,1.2071679830551147,0.046431999653577805,1.5983359888195992,0.07900799810886383,1.677343986928463
gpu_eager,684,21,64,0.03200000151991844,0.10444799810647964,0.2815999984741211,1.2064000368118286,0.03814399987459183,1.5924480333924294,0.07014400139451027,1.6625920347869396
gpu_eager,685,69,1330,0.03200000151991844,0.11055999994277954,0.2836480140686035,1.307647943496704,0.04947200044989586,1.7018559575080872,0.0814720019698143,1.7833279594779015
gpu_eager,686,53,646,0.03452799841761589,0.11276800185441971,0.2836480140686035,1.2235840559005737,0.039583999663591385,1.620000071823597,0.07411199808120728,1.6941120699048042
gpu_eager,687,55,358,0.03097599931061268,0.10444799810647964,0.2937279939651489,1.2267520427703857,0.03888000175356865,1.6249280348420143,0.06985600106418133,1.6947840359061956
gpu_eager,688,52,300,0.0344959981739521,0.10454399883747101,0.2917119860649109,1.202239990234375,0.038784001022577286,1.598495975136757,0.07327999919652939,1.6717759743332863
gpu_eager,689,31,112,0.03222399950027466,0.10649599879980087,0.2959040105342865,1.2001279592514038,0.03984000161290169,1.6025279685854912,0.07206400111317635,1.6745919696986675
gpu_eager,690,15,40,0.030848000198602676,0.1034879982471466,0.2734079957008362,1.2257280349731445,0.039423998445272446,1.6026240289211273,0.07027199864387512,1.6728960275650024
gpu_eager,691,47,376,0.03478400036692619,0.10444799810647964,0.2826240062713623,1.2206079959869385,0.03964800015091896,1.6076800003647804,0.07443200051784515,1.6821120008826256
gpu_eager,692,17,46,0.03129599988460541,0.10454399883747101,0.2834239900112152,1.2154879570007324,0.03939199820160866,1.6034559458494186,0.07068799808621407,1.6741439439356327
gpu_eager,693,13,36,0.031072000041604042,0.10547199845314026,0.27238398790359497,1.1992000341415405,0.03907199949026108,1.5770560204982758,0.07014399953186512,1.6472000200301409
gpu_eager,694,62,598,0.031808000057935715,0.11382400244474411,0.28246399760246277,1.223520040512085,0.038816001266241074,1.6198080405592918,0.07062400132417679,1.6904320418834686
gpu_eager,695,50,1028,0.034272000193595886,0.10627199709415436,0.28892800211906433,1.2984000444412231,0.04992000013589859,1.6936000436544418,0.08419200032949448,1.7777920439839363
gpu_eager,696,49,204,0.03161599859595299,0.10444799810647964,0.289792001247406,1.204192042350769,0.03872000053524971,1.5984320417046547,0.0703359991312027,1.6687680408358574
gpu_eager,697,22,46,0.03542400151491165,0.10547199845314026,0.29183998703956604,1.2052479982376099,0.038943998515605927,1.6025599837303162,0.07436800003051758,1.6769279837608337
gpu_eager,698,28,124,0.031328000128269196,0.10355199873447418,0.2836480140686035,1.2042239904403687,0.03916800022125244,1.5914240032434464,0.07049600034952164,1.661920003592968
gpu_eager,699,31,110,0.03030399978160858,0.10444799810647964,0.2836480140686035,1.3404159545898438,0.03884800150990486,1.728511966764927,0.06915200129151344,1.7976639680564404
gpu_eager,700,33,156,0.030880000442266464,0.10444799810647964,0.28569599986076355,1.2144639492034912,0.04012800008058548,1.6046079471707344,0.07100800052285194,1.6756159476935863
gpu_eager,701,20,68,0.030208000913262367,0.10447999835014343,0.28380799293518066,1.2031999826431274,0.04639999940991402,1.5914879739284515,0.07660800032317638,1.668095974251628
gpu_eager,702,31,118,0.03235200047492981,0.10444799810647964,0.28278398513793945,1.206272006034851,0.039583999663591385,1.5935039892792702,0.0719360001385212,1.6654399894177914
gpu_eager,703,34,168,0.033344000577926636,0.10639999806880951,0.2826879918575287,1.2052160501480103,0.03903999924659729,1.5943040400743484,0.07238399982452393,1.6666880398988724
gpu_eager,704,83,926,0.035071998834609985,0.10447999835014343,0.28467199206352234,1.227776050567627,0.03836800158023834,1.6169280409812927,0.07344000041484833,1.690368041396141
gpu_eager,705,48,304,0.03452799841761589,0.10547199845314026,0.2908160090446472,1.2093440294265747,0.03916800022125244,1.6056320369243622,0.07369599863886833,1.6793280355632305
gpu_eager,706,16,40,0.032255999743938446,0.10547199845314026,0.27856001257896423,1.1970560550689697,0.03916800022125244,1.5810880661010742,0.07142399996519089,1.652512066066265
gpu_eager,707,33,254,0.03734400123357773,0.10649599879980087,0.28678399324417114,1.2052479982376099,0.0390079990029335,1.5985279902815819,0.07635200023651123,1.674879990518093
gpu_eager,708,67,1094,0.031072000041604042,0.10547199845314026,0.28569599986076355,1.3158400058746338,0.03916800022125244,1.7070080041885376,0.07024000026285648,1.777248004451394
gpu_eager,709,42,142,0.03094400092959404,0.10623999685049057,0.2824319899082184,1.2113920450210571,0.03932800143957138,1.600064031779766,0.07027200236916542,1.6703360341489315
gpu_eager,710,27,122,0.03513599932193756,0.10559999942779541,0.28563201427459717,1.2042239904403687,0.03852799907326698,1.5954560041427612,0.07366399839520454,1.6691200025379658
gpu_eager,711,102,1618,0.03561599925160408,0.10659199953079224,0.2826240062713623,1.3884479999542236,0.040383998304605484,1.7776640057563782,0.07599999755620956,1.8536640033125877
gpu_eager,712,27,76,0.032255999743938446,0.10547199845314026,0.2836480140686035,1.2060480117797852,0.038816001266241074,1.595168024301529,0.07107200101017952,1.6662400253117085
gpu_eager,713,24,72,0.0387520007789135,0.10751999914646149,0.2815999984741211,1.2022080421447754,0.038495998829603195,1.591328039765358,0.0772479996085167,1.6685760393738747
gpu_eager,714,56,342,0.031488001346588135,0.10867200046777725,0.28467199206352234,1.2040959596633911,0.03884800150990486,1.5974399521946907,0.070336002856493,1.6677759550511837
gpu_eager,715,24,64,0.031936001032590866,0.10550399869680405,2.044800043106079,1.294335961341858,0.03968000039458275,3.444640003144741,0.07161600142717361,3.5162560045719147
gpu_eager,716,29,76,0.033984001725912094,0.10649599879980087,0.28569599986076355,1.2267520427703857,0.039583999663591385,1.6189440414309502,0.07356800138950348,1.6925120428204536
gpu_eager,717,21,104,0.03161599859595299,0.10547199845314026,0.2869440019130707,1.2184319496154785,0.03961599990725517,1.6108479499816895,0.07123199850320816,1.6820799484848976
gpu_eager,718,23,118,0.03139200061559677,0.10547199845314026,0.28672000765800476,1.2052479982376099,0.043776001781225204,1.5974400043487549,0.07516800239682198,1.6726080067455769
gpu_eager,719,56,376,0.034752000123262405,0.10649599879980087,0.2836480140686035,1.2142399549484253,0.03936000168323517,1.6043839678168297,0.07411200180649757,1.6784959696233273
gpu_eager,720,31,98,0.030751999467611313,0.10751999914646149,0.2826240062713623,1.206272006034851,0.0395519994199276,1.5964160114526749,0.07030399888753891,1.6667200103402138
gpu_eager,721,44,242,0.034752000123262405,0.11270400136709213,0.2887679934501648,1.2113920450210571,0.03855999931693077,1.612864039838314,0.07331199944019318,1.6861760392785072
gpu_eager,722,19,162,0.031072000041604042,0.10547199845314026,0.29183998703956604,1.2195199728012085,0.03907199949026108,1.6168319582939148,0.07014399953186512,1.68697595782578
gpu_eager,723,45,356,0.031039999797940254,0.10649599879980087,0.29183998703956604,1.202015995979309,0.0398080013692379,1.600351981818676,0.07084800116717815,1.6711999829858541
gpu_eager,724,36,342,0.032287999987602234,0.10623999685049057,0.285504013299942,1.2106239795684814,0.03855999931693077,1.602367989718914,0.070847999304533,1.673215989023447
gpu_eager,725,36,150,0.03200000151991844,0.10553599894046783,0.28489598631858826,1.2103999853134155,0.03951999917626381,1.6008319705724716,0.07152000069618225,1.6723519712686539
gpu_eager,726,41,280,0.034432001411914825,0.10524799674749374,0.2826240062713623,1.2072960138320923,0.04054399952292442,1.5951680168509483,0.07497600093483925,1.6701440177857876
gpu_eager,727,33,160,0.032127998769283295,0.10547199845314026,0.2815999984741211,1.207360029220581,0.03824000060558319,1.5944320261478424,0.07036799937486649,1.664800025522709
gpu_eager,728,34,154,0.031328000128269196,0.10547199845314026,0.28384000062942505,1.209280014038086,0.03977600112557411,1.5985920131206512,0.07110400125384331,1.6696960143744946
gpu_eager,729,52,540,0.031647998839616776,0.1085439994931221,0.28569599986076355,1.2247040271759033,0.038975998759269714,1.618944026529789,0.07062399759888649,1.6895680241286755
gpu_eager,730,26,74,0.03215999901294708,0.10646399855613708,0.2895680069923401,1.2075519561767578,0.03984000161290169,1.603583961725235,0.07200000062584877,1.6755839623510838
gpu_eager,731,23,64,0.031231999397277832,0.10444799810647964,0.29071998596191406,1.2072960138320923,0.03884800150990486,1.602463997900486,0.0700800009071827,1.6725439988076687
gpu_eager,732,60,622,0.031072000041604042,0.10547199845314026,0.28275200724601746,1.210528016090393,0.040832001715898514,1.5987520217895508,0.07190400175750256,1.6706560235470533
gpu_eager,733,39,336,0.03481600061058998,0.10547199845314026,0.2826240062713623,1.2113920450210571,0.0395519994199276,1.5994880497455597,0.07436800003051758,1.6738560497760773
gpu_eager,734,42,304,0.03484800085425377,0.10447999835014343,0.2836480140686035,1.2020479440689087,0.044576000422239304,1.5901759564876556,0.07942400127649307,1.6695999577641487
gpu_eager,735,47,274,0.03302399814128876,0.1053759977221489,0.28672000765800476,1.2052479982376099,0.039264000952243805,1.5973440036177635,0.07228799909353256,1.669632002711296
gpu_eager,736,34,104,0.03200000151991844,0.10547199845314026,0.28460800647735596,1.2042880058288574,0.03923200070858002,1.5943680107593536,0.07123200222849846,1.665600012987852
gpu_eager,737,48,334,0.03126399964094162,0.10444799810647964,0.2847999930381775,1.2125760316848755,0.038943998515605927,1.6018240228295326,0.07020799815654755,1.6720320209860802
gpu_eager,738,26,80,0.03187200054526329,0.10447999835014343,0.289792001247406,1.2072960138320923,0.03843199834227562,1.6015680134296417,0.07030399888753891,1.6718720123171806
gpu_eager,739,38,262,0.031136000528931618,0.1045759990811348,0.2908160090446472,1.2112319469451904,0.0395519994199276,1.6066239550709724,0.07068799994885921,1.6773119550198317
gpu_eager,740,20,104,0.03497600182890892,0.10649599879980087,0.28387200832366943,1.2072960138320923,0.039744000881910324,1.5976640209555626,0.07472000271081924,1.6723840236663818
gpu_eager,741,38,208,0.03094400092959404,0.10444799810647964,0.2815360128879547,1.2091200351715088,0.03964800015091896,1.5951040461659431,0.070592001080513,1.6656960472464561
gpu_eager,742,22,114,0.034912001341581345,0.10547199845314026,0.28467199206352234,1.2052479982376099,0.03923200070858002,1.5953919887542725,0.07414400205016136,1.6695359908044338
gpu_eager,743,32,194,0.0323840007185936,0.10454399883747101,0.28441599011421204,1.2072960138320923,0.03939199820160866,1.5962560027837753,0.07177599892020226,1.6680320017039776
gpu_eager,744,34,164,0.03155200183391571,0.11264000087976456,0.2826240062713623,1.205024003982544,0.03903999924659729,1.6002880111336708,0.070592001080513,1.6708800122141838
gpu_eager,745,31,132,0.03356799855828285,0.10547199845314026,0.29471999406814575,1.2031999826431274,0.039135999977588654,1.6033919751644135,0.0727039985358715,1.676095973700285
gpu_eager,746,22,84,0.03152000159025192,0.10444799810647964,0.29183998703956604,1.2072960138320923,0.039103999733924866,1.603583998978138,0.07062400132417679,1.6742080003023148
gpu_eager,747,32,202,0.03440000116825104,0.10470400005578995,0.2836480140686035,1.2083200216293335,0.038816001266241074,1.596672035753727,0.07321600243449211,1.669888038188219
gpu_eager,748,45,336,0.031136000528931618,0.10547199845314026,0.28672000765800476,1.214303970336914,0.03903999924659729,1.606495976448059,0.07017599977552891,1.676671976223588
gpu_eager,749,50,330,0.035392001271247864,0.10649599879980087,0.2826240062713623,1.2043839693069458,0.040352001786231995,1.593503974378109,0.07574400305747986,1.6692479774355888
gpu_eager,750,46,230,0.03097599931061268,0.10422399640083313,0.31254398822784424,1.210368037223816,0.038975998759269714,1.6271360218524933,0.06995199806988239,1.6970880199223757
gpu_eager,751,37,162,0.03855999931693077,0.10547199845314026,0.28467199206352234,1.2113920450210571,0.03923200070858002,1.6015360355377197,0.07779200002551079,1.6793280355632305
gpu_eager,752,35,138,0.035071998834609985,0.10956799983978271,0.2826560139656067,1.2040959596633911,0.03779200091958046,1.5963199734687805,0.07286399975419044,1.669183973222971
gpu_eager,753,39,186,0.030751999467611313,0.10543999820947647,0.2908160090446472,1.210368037223816,0.03951999917626381,1.6066240444779396,0.07027199864387512,1.6768960431218147
gpu_eager,754,30,98,0.03187200054526329,0.10444799810647964,0.29094401001930237,1.201151967048645,0.03916800022125244,1.596543975174427,0.07104000076651573,1.6675839759409428
gpu_eager,755,18,40,0.03206399828195572,0.10543999820947647,0.2836480140686035,1.22160005569458,0.03846399858593941,1.61068806797266,0.07052799686789513,1.6812160648405552
gpu_eager,756,31,196,0.03190400078892708,0.10547199845314026,0.28281599283218384,1.2123199701309204,0.03968000039458275,1.6006079614162445,0.07158400118350983,1.6721919625997543
gpu_eager,757,47,384,0.031168000772595406,0.10649599879980087,0.28569599986076355,1.235967993736267,0.039135999977588654,1.6281599923968315,0.07030400075018406,1.6984639931470156
gpu_eager,758,35,286,0.03206399828195572,0.1045759990811348,0.2813439965248108,1.2042239904403687,0.03840000182390213,1.5901439860463142,0.07046400010585785,1.660607986152172
gpu_eager,759,30,118,0.0379519984126091,0.10751999914646149,0.28467199206352234,1.199072003364563,0.0390079990029335,1.5912639945745468,0.0769599974155426,1.6682239919900894
gpu_eager,760,31,126,0.02969600073993206,0.11148799955844879,0.2836480140686035,1.1992640495300293,0.039872001856565475,1.5944000631570816,0.06956800259649754,1.6639680657535791
gpu_eager,761,23,88,0.031231999397277832,0.10441599786281586,0.2919360101222992,1.2101759910583496,0.039712000638246536,1.6065279990434647,0.07094400003552437,1.677471999078989
gpu_eager,762,52,428,0.03152000159025192,0.10463999956846237,0.29183998703956604,1.2247040271759033,0.0390079990029335,1.6211840137839317,0.07052800059318542,1.6917120143771172
gpu_eager,763,14,34,0.03136000037193298,0.10438399761915207,0.2734079957008362,1.2165119647979736,0.03907199949026108,1.5943039581179619,0.07043199986219406,1.664735957980156
gpu_eager,764,34,200,0.031936001032590866,0.10540799796581268,0.28380799293518066,1.2165119647979736,0.038784001022577286,1.605727955698967,0.07072000205516815,1.6764479577541351
gpu_eager,765,43,266,0.03219199925661087,0.10444799810647964,0.28384000062942505,1.2114559412002563,0.0506879985332489,1.599743939936161,0.08287999778985977,1.6826239377260208
gpu_eager,766,14,22,0.031647998839616776,0.10649599879980087,0.27136000990867615,1.2163519859313965,0.038943998515605927,1.5942079946398735,0.0705919973552227,1.6647999919950962
gpu_eager,767,24,100,0.0306560005992651,0.10627199709415436,0.2826240062713623,1.201248049736023,0.03830400109291077,1.5901440531015396,0.06896000169217587,1.6591040547937155
gpu_eager,768,22,100,0.03388800099492073,0.10467199981212616,0.2836480140686035,1.206272006034851,0.0390079990029335,1.5945920199155807,0.07289599999785423,1.667488019913435
gpu_eager,769,41,242,0.032416000962257385,0.10649599879980087,0.29183998703956604,1.202239990234375,0.04022400081157684,1.600575976073742,0.07264000177383423,1.6732159778475761
gpu_eager,770,23,88,0.031136000528931618,0.10547199845314026,0.2910720109939575,1.2124160528182983,0.03984000161290169,1.6089600622653961,0.0709760021418333,1.6799360644072294
gpu_eager,771,29,122,0.031231999397277832,0.10524799674749374,0.285535991191864,1.2052479982376099,0.039264000952243805,1.5960319861769676,0.07049600034952164,1.6665279865264893
gpu_eager,772,21,52,0.030527999624609947,0.10527999699115753,0.2836480140686035,1.2021759748458862,0.03884800150990486,1.5911039859056473,0.06937600113451481,1.660479987040162
gpu_eager,773,55,380,0.03152000159025192,0.10361599922180176,0.2837440073490143,1.2238399982452393,0.03929600119590759,1.6112000048160553,0.07081600278615952,1.6820160076022148
gpu_eager,774,37,202,0.03564799949526787,0.10447999835014343,0.28467199206352234,1.2083200216293335,0.03948799893260002,1.5974720120429993,0.07513599842786789,1.6726080104708672
gpu_eager,775,22,50,0.032607998698949814,0.11267200112342834,0.28255999088287354,1.2050559520721436,0.039583999663591385,1.6002879440784454,0.0721919983625412,1.6724799424409866
gpu_eager,776,38,150,0.03126399964094162,0.10444799810647964,0.2908160090446472,1.206272006034851,0.039872001856565475,1.601536013185978,0.0711360014975071,1.672672014683485
gpu_eager,777,28,116,0.030880000442266464,0.10444799810647964,0.2919999957084656,1.2031999826431274,0.03840000182390213,1.5996479764580727,0.0692800022661686,1.6689279787242413
gpu_eager,778,49,322,0.03516799956560135,0.10649599879980087,0.28467199206352234,1.2083200216293335,0.03903999924659729,1.5994880124926567,0.07420799881219864,1.6736960113048553
gpu_eager,779,28,138,0.03187200054526329,0.10444799810647964,0.2898559868335724,1.211359977722168,0.038975998759269714,1.60566396266222,0.070847999304533,1.676511961966753
gpu_eager,780,30,148,0.03446400165557861,0.10547199845314026,0.2845120131969452,1.2042560577392578,0.03920000046491623,1.5942400693893433,0.07366400212049484,1.667904071509838
gpu_eager,781,49,340,0.03404799848794937,0.10547199845314026,0.2879680097103119,1.210368037223816,0.03936000168323517,1.603808045387268,0.07340800017118454,1.6772160455584526
gpu_eager,782,34,114,0.03548799827694893,0.1064319983124733,0.28361600637435913,1.2029759883880615,0.038816001266241074,1.593023993074894,0.07430399954319,1.667327992618084
gpu_eager,783,43,342,0.03136000037193298,0.11059200018644333,0.2826240062713623,1.2001279592514038,0.038495998829603195,1.5933439657092094,0.06985599920153618,1.6631999649107456
gpu_eager,784,42,166,0.03129599988460541,0.10425599664449692,0.2876479923725128,1.2040640115737915,0.038015998899936676,1.5959680005908012,0.06931199878454208,1.6652799993753433
gpu_eager,785,29,160,0.03145600110292435,0.10633599758148193,0.2887679934501648,1.2154879570007324,0.038816001266241074,1.6105919480323792,0.07027200236916542,1.6808639504015446
gpu_eager,786,59,476,0.03315199911594391,0.10547199845314026,0.28569599986076355,1.2093440294265747,0.039744000881910324,1.6005120277404785,0.07289599999785423,1.6734080277383327
gpu_eager,787,31,134,0.03081599995493889,0.10467199981212616,0.28563201427459717,1.2113920450210571,0.03872000053524971,1.6016960591077805,0.0695360004901886,1.671232059597969
gpu_eager,788,34,148,0.03587200120091438,0.10547199845314026,0.2815999984741211,1.2014080286026,0.04896000027656555,1.5884800255298615,0.08483200147747993,1.6733120270073414
gpu_eager,789,37,240,0.03200000151991844,0.10540799796581268,0.28358399868011475,1.2064000368118286,0.03951999917626381,1.595392033457756,0.07152000069618225,1.6669120341539383
gpu_eager,790,23,78,0.0315839983522892,0.10649599879980087,0.2887679934501648,1.2044479846954346,0.03811199963092804,1.5997119769454002,0.06969599798321724,1.6694079749286175
gpu_eager,791,33,138,0.03363199904561043,0.10547199845314026,0.28672000765800476,1.1991039514541626,0.039264000952243805,1.5912959575653076,0.07289599999785423,1.6641919575631618
gpu_eager,792,62,572,0.031808000057935715,0.10444799810647964,0.29100799560546875,1.2206079959869385,0.03948799893260002,1.6160639896988869,0.07129599899053574,1.6873599886894226
gpu_eager,793,36,184,0.033663999289274216,0.10444799810647964,0.29286399483680725,1.2083200216293335,0.03936000168323517,1.6056320145726204,0.07302400097250938,1.6786560155451298
gpu_eager,794,45,284,0.031136000528931618,0.10364799946546555,0.28569599986076355,1.2113920450210571,0.039712000638246536,1.6007360443472862,0.07084800116717815,1.6715840455144644
gpu_eager,795,66,832,0.03561599925160408,0.10547199845314026,0.28467199206352234,1.222656011581421,0.03961599990725517,1.6128000020980835,0.07523199915885925,1.6880320012569427
gpu_eager,796,61,378,0.031007999554276466,0.10463999956846237,0.2833920121192932,1.206272006034851,0.044415999203920364,1.5943040177226067,0.07542399875819683,1.6697280164808035
gpu_eager,797,60,374,0.03577600046992302,0.10547199845314026,0.28361600637435913,1.2083200216293335,0.03855999931693077,1.5974080264568329,0.07433599978685379,1.6717440262436867
gpu_eager,798,16,52,0.0307839997112751,0.11264000087976456,0.2735680043697357,1.2093440294265747,0.038656000047922134,1.595552034676075,0.06943999975919724,1.6649920344352722
gpu_eager,799,54,426,0.0315839983522892,0.10444799810647964,0.2900159955024719,1.2065279483795166,0.03961599990725517,1.6009919419884682,0.07119999825954437,1.6721919402480125
gpu_eager,800,31,100,0.03510399907827377,0.10342399775981903,0.29289600253105164,1.1991039514541626,0.03884800150990486,1.5954239517450333,0.07395200058817863,1.669375952333212
gpu_eager,801,44,366,0.035232000052928925,0.10649599879980087,0.2869119942188263,1.2052799463272095,0.038816001266241074,1.5986879393458366,0.07404800131917,1.6727359406650066
gpu_eager,802,38,132,0.03097599931061268,0.10342399775981903,0.28569599986076355,1.2195520401000977,0.03827200084924698,1.6086720377206802,0.06924800015985966,1.67792003788054
gpu_eager,803,66,568,0.03251200169324875,0.10441599786281586,0.28489598631858826,1.210368037223816,0.038975998759269714,1.59968002140522,0.07148800045251846,1.6711680218577385
gpu_eager,804,39,288,0.0360959991812706,0.10630399733781815,0.2847360074520111,1.2052479982376099,0.03907199949026108,1.5962880030274391,0.07516799867153168,1.6714560016989708
gpu_eager,805,61,608,0.032735999673604965,0.1056319996714592,0.28467199206352234,1.2021759748458862,0.03929600119590759,1.5924799665808678,0.07203200086951256,1.6645119674503803
gpu_eager,806,50,378,0.0344959981739521,0.11135999858379364,0.2865920066833496,1.1992000341415405,0.038943998515605927,1.5971520394086838,0.07343999668955803,1.6705920360982418
gpu_eager,807,34,200,0.03494400158524513,0.10547199845314026,0.29286399483680725,1.2043520212173462,0.039135999977588654,1.6026880145072937,0.07408000156283379,1.6767680160701275
gpu_eager,808,24,66,0.031136000528931618,0.10547199845314026,0.28892800211906433,1.2042239904403687,0.03939199820160866,1.5986239910125732,0.07052799873054028,1.6691519897431135
gpu_eager,809,37,240,0.03363199904561043,0.10444799810647964,0.2836480140686035,1.201151967048645,0.03891199827194214,1.5892479792237282,0.07254399731755257,1.6617919765412807
gpu_eager,810,25,72,0.03126399964094162,0.10364799946546555,0.2876160144805908,1.218559980392456,0.039872001856565475,1.6098239943385124,0.0711360014975071,1.6809599958360195
gpu_eager,811,23,92,0.0315839983522892,0.10470400005578995,0.2826240062713623,1.2072960138320923,0.04022400081157684,1.5946240201592445,0.07180799916386604,1.6664320193231106
gpu_eager,812,63,734,0.0344959981739521,0.10547199845314026,0.28467199206352234,1.2308800220489502,0.039264000952243805,1.6210240125656128,0.07375999912619591,1.6947840116918087
gpu_eager,813,29,100,0.03699199855327606,0.10649599879980087,0.2836480140686035,1.2023040056228638,0.0390079990029335,1.5924480184912682,0.07599999755620956,1.6684480160474777
gpu_eager,814,37,204,0.034591998904943466,0.11055999994277954,0.28464001417160034,1.2001279592514038,0.03951999917626381,1.5953279733657837,0.07411199808120728,1.669439971446991
gpu_eager,815,32,268,0.03311999887228012,0.10559999942779541,0.2926720082759857,1.20307195186615,0.038784001022577286,1.601343959569931,0.0719039998948574,1.6732479594647884
gpu_eager,816,57,518,0.03497600182890892,0.10553599894046783,0.2898559868335724,1.2298879623413086,0.039583999663591385,1.6252799481153488,0.0745600014925003,1.6998399496078491
gpu_eager,817,32,178,0.033695999532938004,0.10524799674749374,0.2836480140686035,1.2153600454330444,0.038784001022577286,1.6042560562491417,0.07248000055551529,1.676736056804657
gpu_eager,818,50,408,0.03161599859595299,0.10543999820947647,0.2877439856529236,1.2093440294265747,0.038336001336574554,1.6025280132889748,0.06995199993252754,1.6724800132215023
gpu_eager,819,23,102,0.030751999467611313,0.10444799810647964,0.2826560139656067,1.217471957206726,0.04118400067090988,1.6045759692788124,0.0719360001385212,1.6765119694173336
gpu_eager,820,28,160,0.0318400003015995,0.10751999914646149,0.2898559868335724,1.2410880327224731,0.04028800129890442,1.638464018702507,0.07212800160050392,1.710592020303011
gpu_eager,821,28,162,0.0363520011305809,0.10751999914646149,0.2879039943218231,1.210368037223816,0.0395519994199276,1.6057920306921005,0.0759040005505085,1.681696031242609
gpu_eager,822,23,74,0.03155200183391571,0.10649599879980087,0.28672000765800476,1.206272006034851,0.03984000161290169,1.5994880124926567,0.0713920034468174,1.670880015939474
gpu_eager,823,18,50,0.031168000772595406,0.10649599879980087,0.28678399324417114,1.2206079959869385,0.03884800150990486,1.6138879880309105,0.07001600228250027,1.6839039903134108
gpu_eager,824,14,46,0.031072000041604042,0.10649599879980087,0.2826240062713623,1.1991039514541626,0.03891199827194214,1.5882239565253258,0.06998399831354618,1.658207954838872
gpu_eager,825,55,646,0.03270399942994118,0.10547199845314026,0.29286399483680725,1.2154879570007324,0.03929600119590759,1.61382395029068,0.07200000062584877,1.6858239509165287
gpu_eager,826,42,398,0.032255999743938446,0.10534399747848511,0.2815999984741211,1.2124160528182983,0.03872000053524971,1.5993600487709045,0.07097600027918816,1.6703360490500927
gpu_eager,827,19,90,0.035679999738931656,0.10531199723482132,0.2845759987831116,1.218559980392456,0.04044799879193306,1.608447976410389,0.07612799853086472,1.6845759749412537
gpu_eager,828,44,188,0.03488000109791756,0.10649599879980087,0.2847039997577667,1.206272006034851,0.04524800181388855,1.5974720045924187,0.0801280029118061,1.6776000075042248
gpu_eager,829,28,58,0.031039999797940254,0.10444799810647964,0.2836480140686035,1.2083200216293335,0.03948799893260002,1.5964160338044167,0.07052799873054028,1.666944032534957
gpu_eager,830,61,574,0.03145600110292435,0.10524799674749374,0.28361600637435913,1.2152960300445557,0.040031999349594116,1.6041600331664085,0.07148800045251846,1.675648033618927
gpu_eager,831,64,564,0.03174399957060814,0.1045759990811348,0.28672000765800476,1.2013119459152222,0.03920000046491623,1.5926079526543617,0.07094400003552437,1.663551952689886
gpu_eager,832,22,132,0.034912001341581345,0.10527999699115753,0.29286399483680725,1.2042239904403687,0.03862399980425835,1.6023679822683334,0.07353600114583969,1.6759039834141731
gpu_eager,833,34,314,0.029920000582933426,0.10547199845314026,0.29183998703956604,1.2083200216293335,0.038656000047922134,1.6056320071220398,0.06857600063085556,1.6742080077528954
gpu_eager,834,75,774,0.03574400022625923,0.10675200074911118,0.28467199206352234,1.311743974685669,0.03936000168323517,1.7031679674983025,0.0751040019094944,1.7782719694077969
gpu_eager,835,32,150,0.03302399814128876,0.10649599879980087,0.2836480140686035,1.2113920450210571,0.03872000053524971,1.6015360578894615,0.07174399867653847,1.673280056566
gpu_eager,836,41,210,0.030880000442266464,0.10451199859380722,0.2815999984741211,1.2083200216293335,0.039583999663591385,1.5944320186972618,0.07046400010585785,1.6648960188031197
gpu_eager,837,46,438,0.03244800120592117,0.10547199845314026,0.2836480140686035,1.2061439752578735,0.038656000047922134,1.5952639877796173,0.07110400125384331,1.6663679890334606
gpu_eager,838,21,132,0.03302399814128876,0.10566399991512299,0.2836480140686035,1.2074240446090698,0.038943998515605927,1.5967360585927963,0.07196799665689468,1.668704055249691
gpu_eager,839,32,128,0.0331839993596077,0.11273600161075592,0.2836480140686035,1.2030080556869507,0.039103999733924866,1.5993920713663101,0.07228799909353256,1.6716800704598427
gpu_eager,840,36,154,0.03167999908328056,0.1045759990811348,0.2908160090446472,1.2031999826431274,0.03932800143957138,1.5985919907689095,0.07100800052285194,1.6695999912917614
gpu_eager,841,31,144,0.030688000842928886,0.10751999914646149,0.29075199365615845,1.2032639980316162,0.038943998515605927,1.6015359908342361,0.06963199935853481,1.671167990192771
gpu_eager,842,37,296,0.030559999868273735,0.10444799810647964,0.28569599986076355,1.2031999826431274,0.039423998445272446,1.5933439806103706,0.06998399831354618,1.6633279789239168
gpu_eager,843,57,802,0.034591998904943466,0.10547199845314026,0.2836480140686035,1.2306560277938843,0.04028800129890442,1.619776040315628,0.07488000020384789,1.694656040519476
gpu_eager,844,54,560,0.030751999467611313,0.1042879968881607,0.2826240062713623,1.22051203250885,0.03920000046491623,1.607424035668373,0.06995199993252754,1.6773760356009007
gpu_eager,845,33,150,0.03248000144958496,0.10627199709415436,0.28569599986076355,1.2031999826431274,0.038784001022577286,1.5951679795980453,0.07126400247216225,1.6664319820702076
gpu_eager,846,51,310,0.04089599847793579,0.10646399855613708,0.2836480140686035,1.1991039514541626,0.03843199834227562,1.5892159640789032,0.07932799682021141,1.6685439608991146
gpu_eager,847,67,462,0.0315839983522892,0.11059200018644333,0.2815999984741211,1.223680019378662,0.039712000638246536,1.6158720180392265,0.07129599899053574,1.6871680170297623
gpu_eager,848,48,372,0.03152000159025192,0.10454399883747101,0.2887679934501648,1.2083200216293335,0.03903999924659729,1.6016320139169693,0.07056000083684921,1.6721920147538185
gpu_eager,849,36,148,0.033663999289274216,0.10547199845314026,0.2908160090446472,1.2052479982376099,0.039583999663591385,1.6015360057353973,0.0732479989528656,1.674784004688263
gpu_eager,850,34,146,0.033504001796245575,0.10566399991512299,0.2857919931411743,1.206112027168274,0.03836800158023834,1.5975680202245712,0.07187200337648392,1.6694400236010551
gpu_eager,851,18,40,0.030527999624609947,0.10444799810647964,0.2845120131969452,1.2368639707565308,0.0390079990029335,1.6258239820599556,0.06953599862754345,1.695359980687499
gpu_eager,852,26,194,0.03177599981427193,0.10444799810647964,0.28166401386260986,1.2021759748458862,0.039455998688936234,1.5882879868149757,0.07123199850320816,1.659519985318184
gpu_eager,853,34,218,0.033376000821590424,0.10649599879980087,0.2826240062713623,1.2001279592514038,0.039583999663591385,1.589247964322567,0.07296000048518181,1.6622079648077488
gpu_eager,854,25,128,0.03702399879693985,0.10547199845314026,0.28467199206352234,1.2113920450210571,0.038784001022577286,1.6015360355377197,0.07580799981951714,1.6773440353572369
gpu_eager,855,21,40,0.03235200047492981,0.11059200018644333,0.28384000062942505,1.2074559926986694,0.03920000046491623,1.6018879935145378,0.07155200093984604,1.6734399944543839
gpu_eager,856,31,142,0.03436800092458725,0.10649599879980087,0.29183998703956604,1.2029759883880615,0.0390079990029335,1.6013119742274284,0.07337599992752075,1.6746879741549492
gpu_eager,857,29,116,0.031808000057935715,0.10262399911880493,0.2908160090446472,1.201151967048645,0.039455998688936234,1.5945919752120972,0.07126399874687195,1.6658559739589691
gpu_eager,858,46,246,0.031136000528931618,0.10444799810647964,0.28467199206352234,1.2216320037841797,0.03948799893260002,1.6107519939541817,0.07062399946153164,1.6813759934157133
gpu_eager,859,38,226,0.03171199932694435,0.10559999942779541,0.28563201427459717,1.2113920450210571,0.03868800029158592,1.6026240587234497,0.07039999961853027,1.67302405834198
gpu_eager,860,39,180,0.03190400078892708,0.10467199981212616,0.28169599175453186,1.2083200216293335,0.046271998435258865,1.5946880131959915,0.07817599922418594,1.6728640124201775
gpu_eager,861,21,28,0.032127998769283295,0.10534399747848511,0.2836480140686035,1.2083200216293335,0.0390079990029335,1.5973120331764221,0.0711359977722168,1.668448030948639
gpu_eager,862,37,260,0.034623999148607254,0.10444799810647964,0.28271999955177307,1.2001279592514038,0.0395519994199276,1.5872959569096565,0.07417599856853485,1.6614719554781914
gpu_eager,863,34,86,0.03372799977660179,0.10751999914646149,0.28467199206352234,1.2083200216293335,0.03932800143957138,1.6005120128393173,0.07305600121617317,1.6735680140554905
gpu_eager,864,24,138,0.03190400078892708,0.10444799810647964,0.29183998703956604,1.2001279592514038,0.0390079990029335,1.5964159443974495,0.07091199979186058,1.66732794418931
gpu_eager,865,55,482,0.032255999743938446,0.10547199845314026,0.2908160090446472,1.2023359537124634,0.038943998515605927,1.5986239612102509,0.07119999825954437,1.6698239594697952
gpu_eager,866,9,30,0.03139200061559677,0.10556799918413162,0.2744320034980774,1.3025280237197876,0.03891199827194214,1.6825280264019966,0.07030399888753891,1.7528320252895355
gpu_eager,867,31,84,0.03200000151991844,0.10467199981212616,0.2805759906768799,1.21343994140625,0.03891199827194214,1.598687931895256,0.07091199979186058,1.6695999316871166
gpu_eager,868,63,476,0.03420799970626831,0.10444799810647964,0.28569599986076355,1.2144639492034912,0.0387520007789135,1.6046079471707344,0.07296000048518181,1.6775679476559162
gpu_eager,869,28,136,0.034752000123262405,0.10547199845314026,0.28563201427459717,1.1970560550689697,0.03855999931693077,1.5881600677967072,0.07331199944019318,1.6614720672369003
gpu_eager,870,25,84,0.03097599931061268,0.10649599879980087,0.28467199206352234,1.2009919881820679,0.03932800143957138,1.592159979045391,0.07030400075018406,1.6624639797955751
gpu_eager,871,24,186,0.03110400028526783,0.10547199845314026,0.28467199206352234,1.2031999826431274,0.040672000497579575,1.59334397315979,0.0717760007828474,1.6651199739426374
gpu_eager,872,44,362,0.0318400003015995,0.10531199723482132,0.29180800914764404,1.2156800031661987,0.03824000060558319,1.612800009548664,0.0700800009071827,1.6828800104558468
gpu_eager,873,14,38,0.030559999868273735,0.10547199845314026,0.2813439965248108,1.200063943862915,0.03996799886226654,1.586879938840866,0.07052799873054028,1.6574079375714064
gpu_eager,874,69,620,0.03452799841761589,0.10342399775981903,0.28569599986076355,1.2113920450210571,0.04044799879193306,1.6005120426416397,0.07497599720954895,1.6754880398511887
gpu_eager,875,21,116,0.032416000962257385,0.10547199845314026,0.2836480140686035,1.206496000289917,0.038943998515605927,1.5956160128116608,0.07135999947786331,1.666976012289524
gpu_eager,876,52,452,0.031808000057935715,0.10367999970912933,0.28467199206352234,1.217695951461792,0.045343998819589615,1.6060479432344437,0.07715199887752533,1.683199942111969
gpu_eager,877,20,70,0.031199999153614044,0.10649599879980087,0.2826240062713623,1.2157440185546875,0.039423998445272446,1.6048640236258507,0.07062399759888649,1.6754880212247372
gpu_eager,878,50,396,0.0318400003015995,0.11187200248241425,0.2848320007324219,1.2195839881896973,0.038784001022577286,1.6162879914045334,0.07062400132417679,1.6869119927287102
gpu_eager,879,26,144,0.03174399957060814,0.10367999970912933,0.2845120131969452,1.2063360214233398,0.03907199949026108,1.5945280343294144,0.07081599906086922,1.6653440333902836
gpu_eager,880,30,158,0.032127998769283295,0.10547199845314026,0.289792001247406,1.2052160501480103,0.03884800150990486,1.6004800498485565,0.07097600027918816,1.6714560501277447
gpu_eager,881,27,68,0.034143999218940735,0.10652799904346466,0.2906239926815033,1.2093440294265747,0.038495998829603195,1.6064960211515427,0.07263999804854393,1.6791360192000866
gpu_eager,882,39,322,0.03548799827694893,0.10547199845314026,0.28569599986076355,1.210368037223816,0.03888000175356865,1.6015360355377197,0.07436800003051758,1.6759040355682373
gpu_eager,883,36,236,0.0323840007185936,0.10444799810647964,0.28672000765800476,1.2195839881896973,0.03936000168323517,1.6107519939541817,0.07174400240182877,1.6824959963560104
gpu_eager,884,47,346,0.03187200054526329,0.10444799810647964,0.28352001309394836,1.206272006034851,0.04556800052523613,1.594240017235279,0.07744000107049942,1.6716800183057785
gpu_eager,885,35,256,0.03311999887228012,0.10547199845314026,0.283488005399704,1.2091840505599976,0.038975998759269714,1.5981440544128418,0.07209599763154984,1.6702400520443916
gpu_eager,886,76,624,0.034591998904943466,0.11350400000810623,0.2836480140686035,1.2267520427703857,0.03999999910593033,1.6239040568470955,0.0745919980108738,1.6984960548579693
gpu_eager,887,32,124,0.03542400151491165,0.10534399747848511,0.2887679934501648,1.2052479982376099,0.03929600119590759,1.5993599891662598,0.07472000271081924,1.674079991877079
gpu_eager,888,25,98,0.03388800099492073,0.10543999820947647,0.2900480031967163,1.2042239904403687,0.03936000168323517,1.5997119918465614,0.0732480026781559,1.6729599945247173
gpu_eager,889,48,342,0.03516799956560135,0.10521599650382996,0.29183998703956604,1.21343994140625,0.038975998759269714,1.610495924949646,0.07414399832487106,1.684639923274517
gpu_eager,890,30,192,0.031936001032590866,0.10527999699115753,0.28569599986076355,1.2113920450210571,0.03916800022125244,1.6023680418729782,0.07110400125384331,1.6734720431268215
gpu_eager,891,43,276,0.03513599932193756,0.1064319983124733,0.2836480140686035,1.2206079959869385,0.03939199820160866,1.6106880083680153,0.07452799752354622,1.6852160058915615
gpu_eager,892,29,94,0.03519999980926514,0.10652799904346466,0.28271999955177307,1.2083840370178223,0.044895999133586884,1.59763203561306,0.08009599894285202,1.677728034555912
gpu_eager,893,50,448,0.03481600061058998,0.10662399977445602,0.28384000062942505,1.2123199701309204,0.040383998304605484,1.6027839705348015,0.07519999891519547,1.677983969449997
gpu_eager,894,29,142,0.03324799984693527,0.10649599879980087,0.2836480140686035,1.2051520347595215,0.039712000638246536,1.5952960476279259,0.07296000048518181,1.6682560481131077
gpu_eager,895,40,200,0.0326399989426136,0.10639999806880951,0.285535991191864,1.2082879543304443,0.03846399858593941,1.6002239435911179,0.07110399752855301,1.6713279411196709
gpu_eager,896,29,116,0.03094400092959404,0.10547199845314026,0.2898559868335724,1.2071679830551147,0.03920000046491623,1.6024959683418274,0.07014400139451027,1.6726399697363377
gpu_eager,897,17,20,0.031328000128269196,0.10342399775981903,0.2908160090446472,1.227776050567627,0.03907199949026108,1.6220160573720932,0.07039999961853027,1.6924160569906235
gpu_eager,898,19,72,0.0315839983522892,0.1045759990811348,0.31436800956726074,1.2249280214309692,0.03936000168323517,1.6438720300793648,0.07094400003552437,1.7148160301148891
gpu_eager,899,36,150,0.03510399907827377,0.10630399733781815,0.28672000765800476,1.2152639627456665,0.03903999924659729,1.6082879677414894,0.07414399832487106,1.6824319660663605
gpu_eager,900,21,60,0.032416000962257385,0.10547199845314026,0.28489598631858826,1.2072319984436035,0.039872001856565475,1.597599983215332,0.07228800281882286,1.669887986034155
gpu_eager,901,38,178,0.031168000772595406,0.10649599879980087,0.2847679853439331,1.206272006034851,0.039264000952243805,1.597535990178585,0.07043200172483921,1.6679679919034243
gpu_eager,902,50,464,0.03932800143957138,0.10547199845314026,0.28569599986076355,1.2093440294265747,0.039264000952243805,1.6005120277404785,0.07859200239181519,1.6791040301322937
gpu_eager,903,31,128,0.03126399964094162,0.11059200018644333,0.28672000765800476,1.2052479982376099,0.03961599990725517,1.602560006082058,0.07087999954819679,1.6734400056302547
gpu_eager,904,35,212,0.03139200061559677,0.10444799810647964,0.2908160090446472,1.2093440294265747,0.03862399980425835,1.6046080365777016,0.07001600041985512,1.6746240369975567
gpu_eager,905,30,162,0.03440000116825104,0.10547199845314026,0.2879360020160675,1.2113920450210571,0.038495998829603195,1.604800045490265,0.07289599999785423,1.6776960454881191
gpu_eager,906,36,108,0.03471999987959862,0.10751999914646149,0.2877439856529236,1.2165119647979736,0.03984000161290169,1.6117759495973587,0.0745600014925003,1.686335951089859
gpu_eager,907,14,24,0.030880000442266464,0.10559999942779541,0.2754879891872406,1.2287360429763794,0.03999999910593033,1.6098240315914154,0.07087999954819679,1.6807040311396122
gpu_eager,908,50,326,0.03311999887228012,0.10547199845314026,0.2845759987831116,1.2104640007019043,0.04064000025391579,1.6005119979381561,0.07375999912619591,1.674271997064352
gpu_eager,909,30,156,0.03187200054526329,0.10623999685049057,0.2826240062713623,1.2124160528182983,0.04012800008058548,1.6012800559401512,0.07200000062584877,1.673280056566
gpu_eager,910,90,920,0.04243199899792671,0.10649599879980087,0.283488005399704,1.3209600448608398,0.038495998829603195,1.7109440490603447,0.08092799782752991,1.7918720468878746
gpu_eager,911,56,400,0.04064000025391579,0.10649599879980087,0.29286399483680725,1.2154879570007324,0.04009599983692169,1.6148479506373405,0.08073600009083748,1.695583950728178
gpu_eager,912,30,108,0.031199999153614044,0.11264000087976456,0.28467199206352234,1.2042239904403687,0.03843199834227562,1.6015359833836555,0.06963199749588966,1.6711679808795452
gpu_eager,913,50,698,0.04092799872159958,0.10630399733781815,0.3104639947414398,1.2216320037841797,0.03923200070858002,1.6383999958634377,0.0801599994301796,1.7185599952936172
gpu_eager,914,37,182,0.03488000109791756,0.10547199845314026,0.2887679934501648,1.2052479982376099,0.03888000175356865,1.599487990140915,0.0737600028514862,1.6732479929924011
gpu_eager,915,30,132,0.03203200176358223,0.10547199845314026,0.290912002325058,1.2042239904403687,0.039135999977588654,1.600607991218567,0.07116800174117088,1.6717759929597378
gpu_eager,916,63,398,0.03190400078892708,0.10444799810647964,0.2855679988861084,1.2175359725952148,0.040832001715898514,1.6075519695878029,0.07273600250482559,1.6802879720926285
gpu_eager,917,36,156,0.031488001346588135,0.10444799810647964,0.28543999791145325,1.2083840370178223,0.038943998515605927,1.5982720330357552,0.07043199986219406,1.6687040328979492
gpu_eager,918,30,264,0.03436800092458725,0.10547199845314026,0.2836480140686035,1.2247999906539917,0.0459199994802475,1.6139200031757355,0.08028800040483475,1.6942080035805702
gpu_eager,919,73,1408,0.03519999980926514,0.10649599879980087,0.28387200832366943,1.329408049583435,0.046751998364925385,1.7197760567069054,0.08195199817419052,1.8017280548810959
gpu_eager,920,23,154,0.03446400165557861,0.10569600015878677,0.2826240062713623,1.206272006034851,0.038176000118255615,1.5945920124650002,0.07264000177383423,1.6672320142388344
gpu_eager,921,35,162,0.03340800106525421,0.1106560006737709,0.2845759987831116,1.2072960138320923,0.03964800015091896,1.6025280132889748,0.07305600121617317,1.675584014505148
gpu_eager,922,47,214,0.03139200061559677,0.10444799810647964,0.31756800413131714,1.2154560089111328,0.039423998445272446,1.6374720111489296,0.07081599906086922,1.7082880102097988
gpu_eager,923,32,142,0.034591998904943466,0.10547199845314026,0.30003198981285095,1.2052479982376099,0.03868800029158592,1.610751986503601,0.07327999919652939,1.6840319857001305
gpu_eager,924,81,872,0.03561599925160408,0.10649599879980087,0.2908160090446472,1.2944320440292358,0.040031999349594116,1.691744051873684,0.0756479986011982,1.7673920504748821
gpu_eager,925,42,354,0.03244800120592117,0.10547199845314026,0.289792001247406,1.2095040082931519,0.03932800143957138,1.6047680079936981,0.07177600264549255,1.6765440106391907
gpu_eager,926,39,216,0.03129599988460541,0.10444799810647964,0.2834559977054596,1.2113920450210571,0.039712000638246536,1.5992960408329964,0.07100800052285194,1.6703040413558483
gpu_eager,927,46,388,0.031808000057935715,0.10364799946546555,0.2836480140686035,1.210368037223816,0.04012800008058548,1.597664050757885,0.0719360001385212,1.6696000508964062
gpu_eager,928,56,330,0.03232000023126602,0.10543999820947647,0.28467199206352234,1.2072960138320923,0.03929600119590759,1.597408004105091,0.07161600142717361,1.6690240055322647
gpu_eager,929,38,170,0.03206399828195572,0.10543999820947647,0.2826240062713623,1.218559980392456,0.039103999733924866,1.6066239848732948,0.07116799801588058,1.6777919828891754
gpu_eager,930,42,274,0.031808000057935715,0.11260800063610077,0.28569599986076355,1.2083200216293335,0.03936000168323517,1.6066240221261978,0.07116800174117088,1.6777920238673687
gpu_eager,931,58,428,0.030848000198602676,0.10547199845314026,0.29286399483680725,1.212448000907898,0.03903999924659729,1.6107839941978455,0.06988799944519997,1.6806719936430454
gpu_eager,932,45,332,0.0344959981739521,0.10550399869680405,0.29283198714256287,1.2298239469528198,0.039264000952243805,1.6281599327921867,0.07375999912619591,1.7019199319183826
gpu_eager,933,28,148,0.03097599931061268,0.10540799796581268,0.29286399483680725,1.210528016090393,0.0390079990029335,1.608800008893013,0.06998399831354618,1.6787840072065592
gpu_eager,934,41,218,0.031647998839616776,0.10547199845314026,0.2845759987831116,1.21343994140625,0.039135999977588654,1.6034879386425018,0.07078399881720543,1.6742719374597073
gpu_eager,935,36,240,0.031647998839616776,0.10524799674749374,0.2815999984741211,1.210368037223816,0.0387520007789135,1.5972160324454308,0.07039999961853027,1.667616032063961
gpu_eager,936,18,86,0.030912000685930252,0.10524799674749374,0.28467199206352234,1.2196799516677856,0.04473600164055824,1.6095999404788017,0.0756480023264885,1.6852479428052902
gpu_eager,937,30,194,0.03206399828195572,0.10547199845314026,0.28467199206352234,1.2042239904403687,0.03936000168323517,1.5943679809570312,0.07142399996519089,1.6657919809222221
gpu_eager,938,35,142,0.035071998834609985,0.11161600053310394,0.2856000065803528,1.2031999826431274,0.03884800150990486,1.6004159897565842,0.07392000034451485,1.674335990101099
gpu_eager,939,28,174,0.03126399964094162,0.10342399775981903,0.29286399483680725,1.206272006034851,0.040672000497579575,1.6025599986314774,0.0719360001385212,1.6744959987699986
gpu_eager,940,105,1866,0.03625600039958954,0.10547199845314026,0.2927359938621521,1.4008320569992065,0.04041599854826927,1.799040049314499,0.07667199894785881,1.8757120482623577
gpu_eager,941,40,192,0.030912000685930252,0.10444799810647964,0.289792001247406,1.206272006034851,0.03836800158023834,1.6005120053887367,0.0692800022661686,1.6697920076549053
gpu_eager,942,42,160,0.03167999908328056,0.10345599800348282,0.289792001247406,1.2021759748458862,0.03951999917626381,1.595423974096775,0.07119999825954437,1.6666239723563194
gpu_eager,943,59,410,0.03174399957060814,0.10438399761915207,0.2836480140686035,1.2164160013198853,0.038975998759269714,1.6044480130076408,0.07071999832987785,1.6751680113375187
gpu_eager,944,24,68,0.03155200183391571,0.10444799810647964,0.3070079982280731,1.2144639492034912,0.039455998688936234,1.625919945538044,0.07100800052285194,1.696927946060896
gpu_eager,945,30,146,0.03200000151991844,0.10547199845314026,0.28569599986076355,1.2083200216293335,0.03951999917626381,1.5994880199432373,0.07152000069618225,1.6710080206394196
gpu_eager,946,69,1248,0.031968001276254654,0.10547199845314026,0.28569599986076355,1.3148159980773926,0.04025600105524063,1.7059839963912964,0.07222400233149529,1.7782079987227917
gpu_eager,947,17,54,0.03174399957060814,0.10547199845314026,0.2845439910888672,1.2166399955749512,0.03923200070858002,1.6066559851169586,0.07097600027918816,1.6776319853961468
gpu_eager,948,31,128,0.036448001861572266,0.10649599879980087,0.28569599986076355,1.2042239904403687,0.03811199963092804,1.596415989100933,0.0745600014925003,1.6709759905934334
gpu_eager,949,41,278,0.031168000772595406,0.11161600053310394,0.286624014377594,1.2042239904403687,0.03999999910593033,1.6024640053510666,0.07116799987852573,1.6736320052295923
gpu_eager,950,61,400,0.03500799834728241,0.10547199845314026,0.2908160090446472,1.2094080448150635,0.038336001336574554,1.605696052312851,0.07334399968385696,1.679040051996708
gpu_eager,951,54,384,0.03232000023126602,0.10547199845314026,0.28886398673057556,1.206272006034851,0.0395519994199276,1.600607991218567,0.07187199965119362,1.6724799908697605
gpu_eager,952,34,166,0.03379200026392937,0.10547199845314026,0.2824319899082184,1.2216960191726685,0.04057599976658821,1.609600007534027,0.07436800003051758,1.6839680075645447
gpu_eager,953,75,1054,0.03174399957060814,0.1056319996714592,0.28547200560569763,1.332095980644226,0.03964800015091896,1.723199985921383,0.0713919997215271,1.79459198564291
gpu_eager,954,34,132,0.03452799841761589,0.10547199845314026,0.2826240062713623,1.2155840396881104,0.03916800022125244,1.603680044412613,0.07369599863886833,1.6773760430514812
gpu_eager,955,37,426,0.031936001032590866,0.10444799810647964,0.28755199909210205,1.21343994140625,0.03920000046491623,1.6054399386048317,0.0711360014975071,1.6765759401023388
gpu_eager,956,25,100,0.031647998839616776,0.10649599879980087,0.2847999930381775,1.210368037223816,0.039872001856565475,1.6016640290617943,0.07152000069618225,1.6731840297579765
gpu_eager,957,69,912,0.04163200035691261,0.10764800012111664,0.2847999930381775,1.2391999959945679,0.039744000881910324,1.631647989153862,0.08137600123882294,1.713023990392685
gpu_eager,958,61,638,0.03392000123858452,0.11366400122642517,0.28569599986076355,1.2278720140457153,0.03868800029158592,1.627232015132904,0.07260800153017044,1.6998400166630745
gpu_eager,959,31,136,0.03174399957060814,0.10438399761915207,0.29183998703956604,1.2165119647979736,0.03907199949026108,1.6127359494566917,0.07081599906086922,1.683551948517561
gpu_eager,960,41,212,0.03209599852561951,0.10639999806880951,0.28889599442481995,1.2053120136260986,0.03932800143957138,1.600608006119728,0.07142399996519089,1.672032006084919
gpu_eager,961,32,254,0.031007999554276466,0.1042879968881607,0.2887679934501648,1.2124160528182983,0.0390079990029335,1.6054720431566238,0.07001599855720997,1.6754880417138338
gpu_eager,962,31,98,0.031007999554276466,0.1085439994931221,0.2826240062713623,1.2102400064468384,0.03903999924659729,1.6014080122113228,0.07004799880087376,1.6714560110121965
gpu_eager,963,51,314,0.03171199932694435,0.10444799810647964,0.28467199206352234,1.210368037223816,0.039903998374938965,1.599488027393818,0.07161599770188332,1.6711040250957012
gpu_eager,964,35,264,0.03046399913728237,0.10627199709415436,0.2836480140686035,1.21343994140625,0.039103999733924866,1.6033599525690079,0.06956799887120724,1.672927951440215
gpu_eager,965,33,138,0.03219199925661087,0.10649599879980087,0.28755199909210205,1.2215039730072021,0.0387520007789135,1.615551970899105,0.07094400003552437,1.6864959709346294
gpu_eager,966,28,174,0.03215999901294708,0.11161600053310394,0.28355199098587036,1.208351969718933,0.038015998899936676,1.6035199612379074,0.07017599791288376,1.6736959591507912
gpu_eager,967,56,370,0.03481600061058998,0.10444799810647964,0.2896000146865845,1.2163519859313965,0.03903999924659729,1.6103999987244606,0.07385599985718727,1.6842559985816479
gpu_eager,968,32,192,0.03145600110292435,0.10547199845314026,0.2905920147895813,1.2085440158843994,0.03843199834227562,1.604608029127121,0.06988799944519997,1.674496028572321
gpu_eager,969,21,120,0.031039999797940254,0.1042879968881607,0.2836480140686035,1.2031999826431274,0.03993599861860275,1.5911359935998917,0.070975998416543,1.6621119920164347
gpu_eager,970,39,220,0.03625600039958954,0.10547199845314026,0.2836480140686035,1.217311978340149,0.03923200070858002,1.6064319908618927,0.07548800110816956,1.6819199919700623
gpu_eager,971,25,92,0.031231999397277832,0.10550399869680405,0.28569599986076355,1.218559980392456,0.03923200070858002,1.6097599789500237,0.07046400010585785,1.6802239790558815
gpu_eager,972,71,1010,0.03440000116825104,0.10556799918413162,0.2858240008354187,1.2503039836883545,0.04444799944758415,1.6416959837079048,0.07884800061583519,1.72054398432374
gpu_eager,973,35,152,0.03215999901294708,0.10639999806880951,0.28569599986076355,1.2052479982376099,0.03859199956059456,1.597343996167183,0.07075199857354164,1.6680959947407246
gpu_eager,974,15,34,0.030848000198602676,0.1157120019197464,0.2744320034980774,1.2144639492034912,0.03862399980425835,1.604607954621315,0.06947200000286102,1.674079954624176
gpu_eager,975,35,132,0.03606399893760681,0.10851199924945831,0.28467199206352234,1.2093440294265747,0.04012800008058548,1.6025280207395554,0.07619199901819229,1.6787200197577477
gpu_eager,976,21,66,0.03129599988460541,0.10444799810647964,0.2915840148925781,1.2122880220413208,0.038656000047922134,1.6083200350403786,0.06995199993252754,1.6782720349729061
gpu_eager,977,36,172,0.03152000159025192,0.10547199845314026,0.2908160090446472,1.2146559953689575,0.03907199949026108,1.610944002866745,0.070592001080513,1.681536003947258
gpu_eager,978,48,302,0.03136000037193298,0.10444799810647964,0.28460800647735596,1.2144639492034912,0.03964800015091896,1.6035199537873268,0.07100800052285194,1.6745279543101788
gpu_eager,979,69,664,0.0315839983522892,0.10444799810647964,0.28569599986076355,1.2492799758911133,0.04022400081157684,1.6394239738583565,0.07180799916386604,1.7112319730222225
gpu_eager,980,41,258,0.03372799977660179,0.10444799810647964,0.28649601340293884,1.2030080556869507,0.043935999274253845,1.5939520671963692,0.07766399905085564,1.6716160662472248
gpu_eager,981,36,150,0.03593600168824196,0.10524799674749374,0.28563201427459717,1.2031999826431274,0.03852799907326698,1.5940799936652184,0.07446400076150894,1.6685439944267273
gpu_eager,982,50,398,0.0323840007185936,0.1106560006737709,0.2815999984741211,1.2154560089111328,0.03859199956059456,1.6077120080590248,0.07097600027918816,1.678688008338213
gpu_eager,983,43,342,0.031039999797940254,0.10367999970912933,0.28678399324417114,1.2072960138320923,0.038784001022577286,1.5977600067853928,0.06982400082051754,1.6675840076059103
gpu_eager,984,35,156,0.03372799977660179,0.10547199845314026,0.29183998703956604,1.2154560089111328,0.03830400109291077,1.6127679944038391,0.07203200086951256,1.6847999952733517
gpu_eager,985,32,168,0.03251200169324875,0.10649599879980087,0.29286399483680725,1.2103359699249268,0.03968000039458275,1.6096959635615349,0.0721920020878315,1.6818879656493664
gpu_eager,986,23,94,0.031007999554276466,0.10460799932479858,0.28467199206352234,1.21343994140625,0.039103999733924866,1.602719932794571,0.07011199928820133,1.6728319320827723
gpu_eager,987,40,248,0.03392000123858452,0.10444799810647964,0.28467199206352234,1.2206079959869385,0.039903998374938965,1.6097279861569405,0.07382399961352348,1.683551985770464
gpu_eager,988,25,116,0.03203200176358223,0.10342399775981903,0.28271999955177307,1.2072960138320923,0.03827200084924698,1.5934400111436844,0.07030400261282921,1.6637440137565136
gpu_eager,989,30,90,0.03392000123858452,0.10739199817180634,0.2887359857559204,1.223520040512085,0.038943998515605927,1.6196480244398117,0.07286399975419044,1.6925120241940022
gpu_eager,990,30,90,0.04211200028657913,0.10550399869680405,0.28972798585891724,1.211359977722168,0.039903998374938965,1.6065919622778893,0.0820159986615181,1.6886079609394073
gpu_eager,991,32,208,0.031199999153614044,0.11155200004577637,0.28569599986076355,1.206272006034851,0.039423998445272446,1.603520005941391,0.07062399759888649,1.6741440035402775
gpu_eager,992,33,180,0.03407999873161316,0.10534399747848511,0.28575998544692993,1.201151967048645,0.04009599983692169,1.59225594997406,0.07417599856853485,1.666431948542595
gpu_eager,993,45,226,0.03516799956560135,0.10543999820947647,0.29286399483680725,1.2052479982376099,0.039135999977588654,1.6035519912838936,0.07430399954319,1.6778559908270836
gpu_eager,994,44,228,0.03110400028526783,0.10447999835014343,0.28358399868011475,1.210271954536438,0.039903998374938965,1.5983359515666962,0.0710079986602068,1.669343950226903
gpu_eager,995,31,198,0.032127998769283295,0.10540799796581268,0.2836480140686035,1.2214080095291138,0.040352001786231995,1.61046402156353,0.07248000055551529,1.6829440221190453
gpu_eager,996,60,370,0.03110400028526783,0.10547199845314026,0.28467199206352234,1.2083200216293335,0.03968000039458275,1.598464012145996,0.07078400067985058,1.6692480128258467
gpu_eager,997,82,834,0.03478400036692619,0.10547199845314026,0.2815999984741211,1.2421120405197144,0.03948799893260002,1.6291840374469757,0.07427199929952621,1.703456036746502
gpu_eager,998,15,36,0.03187200054526329,0.10444799810647964,0.2734079957008362,1.2124160528182983,0.039103999733924866,1.5902720466256142,0.07097600027918816,1.6612480469048023
gpu_eager,999,36,142,0.032127998769283295,0.11161600053310394,0.28467199206352234,1.2072960138320923,0.038784001022577286,1.6035840064287186,0.07091199979186058,1.6744960062205791
gpu_eager,1000,21,88,0.03174399957060814,0.10649599879980087,0.28992000222206116,1.2092159986495972,0.03996799886226654,1.6056319996714592,0.07171199843287468,1.6773439981043339
gpu_eager,1001,27,84,0.0307839997112751,0.10460799932479858,0.2949120104312897,1.2154879570007324,0.03891199827194214,1.6150079667568207,0.06969599798321724,1.684703964740038
gpu_eager,1002,28,120,0.03471999987959862,0.10463999956846237,0.28467199206352234,1.2042239904403687,0.03884800150990486,1.5935359820723534,0.07356800138950348,1.6671039834618568
gpu_eager,1003,51,312,0.033215999603271484,0.10636799782514572,0.2857919931411743,1.2216320037841797,0.03996799886226654,1.6137919947504997,0.07318399846553802,1.6869759932160378
gpu_eager,1004,65,1078,0.03532800078392029,0.10547199845314026,0.2847999930381775,1.3312000036239624,0.03984000161290169,1.7214719951152802,0.07516800239682198,1.7966399975121021
gpu_eager,1005,31,218,0.03177599981427193,0.10543999820947647,0.28460800647735596,1.2163840532302856,0.038784001022577286,1.606432057917118,0.07056000083684921,1.6769920587539673
gpu_eager,1006,55,632,0.03190400078892708,0.10463999956846237,0.28486400842666626,1.223680019378662,0.039423998445272446,1.6131840273737907,0.07132799923419952,1.6845120266079903
gpu_eager,1007,41,186,0.031936001032590866,0.10547199845314026,0.28467199206352234,1.206272006034851,0.04016000032424927,1.5964159965515137,0.07209600135684013,1.6685119979083538
gpu_eager,1008,43,340,0.03551999852061272,0.11264000087976456,0.28467199206352234,1.2093440294265747,0.03903999924659729,1.6066560223698616,0.07455999776721,1.6812160201370716
gpu_eager,1009,39,482,0.03407999873161316,0.10444799810647964,0.29183998703956604,1.2062400579452515,0.03948799893260002,1.6025280430912971,0.07356799766421318,1.6760960407555103
gpu_eager,1010,18,62,0.030271999537944794,0.10540799796581268,0.29468798637390137,1.222656011581421,0.03932800143957138,1.622751995921135,0.06960000097751617,1.6923519968986511
gpu_eager,1011,33,138,0.031328000128269196,0.10470400005578995,0.289792001247406,1.2001279592514038,0.038975998759269714,1.5946239605545998,0.07030399888753891,1.6649279594421387
gpu_eager,1012,24,122,0.03244800120592117,0.10444799810647964,0.2826240062713623,1.2175359725952148,0.03936000168323517,1.6046079769730568,0.07180800288915634,1.6764159798622131
gpu_eager,1013,22,64,0.034272000193595886,0.10639999806880951,0.28467199206352234,1.2083200216293335,0.040031999349594116,1.5993920117616653,0.07430399954319,1.6736960113048553
gpu_eager,1014,46,346,0.033504001796245575,0.10531199723482132,0.2826240062713623,1.2075200080871582,0.039423998445272446,1.5954560115933418,0.07292800024151802,1.6683840118348598
gpu_eager,1015,53,532,0.03651199862360954,0.10547199845314026,0.28467199206352234,1.2267520427703857,0.03884800150990486,1.6168960332870483,0.0753600001335144,1.6922560334205627
gpu_eager,1016,76,596,0.0350399985909462,0.11264000087976456,0.28860801458358765,1.2298239469528198,0.039712000638246536,1.631071962416172,0.07475199922919273,1.7058239616453648
gpu_eager,1017,40,196,0.031168000772595406,0.10342399775981903,0.29104000329971313,1.2095999717712402,0.039583999663591385,1.6040639728307724,0.07075200043618679,1.6748159732669592
gpu_eager,1018,28,124,0.031936001032590866,0.10543999820947647,0.2930240035057068,1.2031999826431274,0.0390079990029335,1.6016639843583107,0.07094400003552437,1.672607984393835
gpu_eager,1019,47,210,0.03513599932193756,0.10649599879980087,0.2908160090446472,1.2042239904403687,0.03862399980425835,1.6015359982848167,0.07375999912619591,1.6752959974110126
gpu_eager,1020,39,200,0.03215999901294708,0.10547199845314026,0.2847039997577667,1.2165119647979736,0.03929600119590759,1.6066879630088806,0.07145600020885468,1.6781439632177353
gpu_eager,1021,39,194,0.030751999467611313,0.10540799796581268,0.285504013299942,1.2083200216293335,0.03891199827194214,1.5992320328950882,0.06966399773955345,1.6688960306346416
gpu_eager,1022,50,408,0.03155200183391571,0.10444799810647964,0.28467199206352234,1.2093440294265747,0.038495998829603195,1.5984640195965767,0.0700480006635189,1.6685120202600956
gpu_eager,1023,12,32,0.03824000060558319,0.10444799810647964,0.2744320034980774,1.2113920450210571,0.0382080003619194,1.5902720466256142,0.0764480009675026,1.6667200475931168
gpu_eager,1024,59,438,0.034752000123262405,0.11059200018644333,0.28467199206352234,1.2083200216293335,0.03852799907326698,1.6035840138792992,0.07327999919652939,1.6768640130758286
gpu_eager,1025,43,222,0.035232000052928925,0.10726399719715118,0.2908160090446472,1.2154879570007324,0.03907199949026108,1.6135679632425308,0.07430399954319,1.6878719627857208
gpu_eager,1026,23,96,0.03161599859595299,0.10547199845314026,0.2888000011444092,1.210368037223816,0.03916800022125244,1.6046400368213654,0.07078399881720543,1.6754240356385708
gpu_eager,1027,28,120,0.03081599995493889,0.10547199845314026,0.28255999088287354,1.2114559412002563,0.03814399987459183,1.5994879305362701,0.06895999982953072,1.6684479303658009
gpu_eager,1028,34,162,0.03510399907827377,0.10547199845314026,0.28678399324417114,1.210368037223816,0.03891199827194214,1.6026240289211273,0.07401599735021591,1.6766400262713432
gpu_eager,1029,38,226,0.03110400028526783,0.10444799810647964,0.28467199206352234,1.2093440294265747,0.03888000175356865,1.5984640195965767,0.06998400203883648,1.6684480216354132
gpu_eager,1030,31,214,0.03356799855828285,0.1056319996714592,0.2826240062713623,1.2003840208053589,0.03993599861860275,1.5886400267481804,0.0735039971768856,1.662144023925066
gpu_eager,1031,61,826,0.037087999284267426,0.10547199845314026,0.2834559977054596,1.2350080013275146,0.03920000046491623,1.6239359974861145,0.07628799974918365,1.7002239972352982
gpu_eager,1032,25,66,0.03500799834728241,0.11264000087976456,0.2836480140686035,1.206272006034851,0.03939199820160866,1.6025600209832191,0.07439999654889107,1.6769600175321102
gpu_eager,1033,30,84,0.03129599988460541,0.10444799810647964,0.2887679934501648,1.213312029838562,0.03852799907326698,1.6065280213952065,0.06982399895787239,1.6763520203530788
gpu_eager,1034,36,232,0.03033600002527237,0.10649599879980087,0.29183998703956604,1.2042239904403687,0.040063999593257904,1.6025599762797356,0.07039999961853027,1.6729599758982658
gpu_eager,1035,73,954,0.032287999987602234,0.10444799810647964,0.28569599986076355,1.2339199781417847,0.039103999733924866,1.6240639761090279,0.0713919997215271,1.695455975830555
gpu_eager,1036,61,458,0.03251200169324875,0.10527999699115753,0.2836480140686035,1.2441600561141968,0.03827200084924698,1.6330880671739578,0.07078400254249573,1.7038720697164536
gpu_eager,1037,85,806,0.03206399828195572,0.10639999806880951,0.28467199206352234,1.2144639492034912,0.03968000039458275,1.605535939335823,0.07174399867653847,1.6772799380123615
gpu_eager,1038,47,334,0.031168000772595406,0.10444799810647964,0.28467199206352234,1.2132480144500732,0.038656000047922134,1.6023680046200752,0.06982400082051754,1.6721920054405928
gpu_eager,1039,55,404,0.03219199925661087,0.10547199845314026,0.28467199206352234,1.2092479467391968,0.03916800022125244,1.5993919372558594,0.07135999947786331,1.6707519367337227
gpu_eager,1040,39,286,0.035071998834609985,0.11187200248241425,0.28572800755500793,1.2144639492034912,0.039264000952243805,1.6120639592409134,0.07433599978685379,1.6863999590277672
gpu_eager,1041,40,176,0.03136000037193298,0.10342399775981903,0.2919040024280548,1.2030400037765503,0.03891199827194214,1.5983680039644241,0.07027199864387512,1.6686400026082993
gpu_eager,1042,36,236,0.03094400092959404,0.10627199709415436,0.2908160090446472,1.2053439617156982,0.03920000046491623,1.6024319678544998,0.07014400139451027,1.67257596924901
gpu_eager,1043,55,346,0.03129599988460541,0.10444799810647964,0.28467199206352234,1.2186880111694336,0.03920000046491623,1.6078080013394356,0.07049600034952164,1.6783040016889572
gpu_eager,1044,26,102,0.034752000123262405,0.10649599879980087,0.28566399216651917,1.2412480115890503,0.038495998829603195,1.6334080025553703,0.0732479989528656,1.706656001508236
gpu_eager,1045,25,108,0.031168000772595406,0.10547199845314026,0.28672000765800476,1.2257280349731445,0.038784001022577286,1.6179200410842896,0.06995200179517269,1.6878720428794622
gpu_eager,1046,24,56,0.03177599981427193,0.10419200360774994,0.2847039997577667,1.2084159851074219,0.043807998299598694,1.5973119884729385,0.07558399811387062,1.6728959865868092
gpu_eager,1047,23,68,0.034015998244285583,0.10649599879980087,0.2877439856529236,1.210368037223816,0.03948799893260002,1.6046080216765404,0.0735039971768856,1.678112018853426
gpu_eager,1048,27,144,0.0318400003015995,0.11353600025177002,0.28460800647735596,1.2072960138320923,0.03961599990725517,1.6054400205612183,0.07145600020885468,1.676896020770073
gpu_eager,1049,25,66,0.03433600068092346,0.10649599879980087,0.28672000765800476,1.2013440132141113,0.03968000039458275,1.594560019671917,0.07401600107550621,1.6685760207474232
gpu_eager,1050,35,134,0.034752000123262405,0.10547199845314026,0.29183998703956604,1.2892800569534302,0.0395519994199276,1.6865920424461365,0.07430399954319,1.7608960419893265
gpu_eager,1051,44,312,0.030880000442266464,0.10547199845314026,0.2949120104312897,1.2155200242996216,0.03993599861860275,1.6159040331840515,0.07081599906086922,1.6867200322449207
gpu_eager,1052,62,456,0.0315839983522892,0.10534399747848511,0.2917119860649109,1.2298239469528198,0.039583999663591385,1.6268799304962158,0.07116799801588058,1.6980479285120964
gpu_eager,1053,20,68,0.03097599931061268,0.10547199845314026,0.2826240062713623,1.2113920450210571,0.03916800022125244,1.5994880497455597,0.07014399953186512,1.6696320492774248
gpu_eager,1054,38,142,0.03129599988460541,0.10547199845314026,0.28460800647735596,1.2144639492034912,0.04009599983692169,1.6045439541339874,0.0713919997215271,1.6759359538555145
gpu_eager,1055,27,130,0.032287999987602234,0.10649599879980087,0.2815999984741211,1.2083200216293335,0.03961599990725517,1.5964160189032555,0.0719039998948574,1.6683200187981129
gpu_eager,1056,23,78,0.03302399814128876,0.10547199845314026,0.28467199206352234,1.2032639980316162,0.03984000161290169,1.5934079885482788,0.07286399975419044,1.6662719883024693
gpu_eager,1057,23,92,0.031808000057935715,0.1157120019197464,0.29286399483680725,1.2092159986495972,0.038943998515605927,1.6177919954061508,0.07075199857354164,1.6885439939796925
gpu_eager,1058,34,232,0.03590400144457817,0.10547199845314026,0.29286399483680725,1.2124160528182983,0.03824000060558319,1.6107520461082458,0.07414400205016136,1.6848960481584072
gpu_eager,1059,56,664,0.03129599988460541,0.10527999699115753,0.2887359857559204,1.2042239904403687,0.0398080013692379,1.5982399731874466,0.07110400125384331,1.66934397444129
gpu_eager,1060,47,468,0.03420799970626831,0.10649599879980087,0.29183998703956604,1.2267520427703857,0.03936000168323517,1.6250880286097527,0.07356800138950348,1.6986560299992561
gpu_eager,1061,32,142,0.031007999554276466,0.10649599879980087,0.285504013299942,1.2346880435943604,0.03827200084924698,1.6266880556941032,0.06928000040352345,1.6959680560976267
gpu_eager,1062,56,324,0.03564799949526787,0.10444799810647964,0.2836480140686035,1.2116479873657227,0.03977600112557411,1.5997439995408058,0.07542400062084198,1.6751680001616478
gpu_eager,1063,35,234,0.0315839983522892,0.10444799810647964,0.28467199206352234,1.201024055480957,0.03903999924659729,1.590144045650959,0.07062399759888649,1.6607680432498455
gpu_eager,1064,29,184,0.03161599859595299,0.10444799810647964,0.28672000765800476,1.2042239904403687,0.03932800143957138,1.595391996204853,0.07094400003552437,1.6663359962403774
gpu_eager,1065,42,204,0.03388800099492073,0.11347199976444244,0.28467199206352234,1.2040959596633911,0.038816001266241074,1.602239951491356,0.0727040022611618,1.6749439537525177
gpu_eager,1066,20,78,0.031936001032590866,0.10444799810647964,0.2937279939651489,1.2052479982376099,0.038784001022577286,1.6034239903092384,0.07072000205516815,1.6741439923644066
gpu_eager,1067,54,384,0.03161599859595299,0.10444799810647964,0.29183998703956604,1.2052479982376099,0.03903999924659729,1.6015359833836555,0.07065599784255028,1.6721919812262058
gpu_eager,1068,36,200,0.031808000057935715,0.10441599786281586,0.289792001247406,1.2052479982376099,0.03859199956059456,1.5994559973478317,0.07039999961853027,1.669855996966362
gpu_eager,1069,27,110,0.03161599859595299,0.10454399883747101,0.2836480140686035,1.2126400470733643,0.03862399980425835,1.6008320599794388,0.07023999840021133,1.6710720583796501
gpu_eager,1070,59,588,0.03276799991726875,0.10553599894046783,0.2836480140686035,1.210528016090393,0.04028800129890442,1.5997120290994644,0.07305600121617317,1.6727680303156376
gpu_eager,1071,58,402,0.03292800113558769,0.10547199845314026,0.28467199206352234,1.2248640060424805,0.03903999924659729,1.615007996559143,0.07196800038218498,1.686975996941328
gpu_eager,1072,37,154,0.03593600168824196,0.10547199845314026,0.2825919985771179,1.206272006034851,0.03951999917626381,1.5943360030651093,0.07545600086450577,1.669792003929615
gpu_eager,1073,26,182,0.031136000528931618,0.11161600053310394,0.28275200724601746,1.2062400579452515,0.03859199956059456,1.6006080657243729,0.06972800008952618,1.670336065813899
gpu_eager,1074,37,226,0.03129599988460541,0.10444799810647964,0.29183998703956604,1.2052479982376099,0.04009599983692169,1.6015359833836555,0.0713919997215271,1.6729279831051826
gpu_eager,1075,45,234,0.03177599981427193,0.10547199845314026,0.2908160090446472,1.2042239904403687,0.0395519994199276,1.6005119979381561,0.07132799923419952,1.6718399971723557
gpu_eager,1076,65,576,0.036320000886917114,0.10864000022411346,0.2908160090446472,1.252351999282837,0.040991999208927155,1.6518080085515976,0.07731200009584427,1.7291200086474419
gpu_eager,1077,59,612,0.033440001308918,0.1074879989027977,0.2908160090446472,1.2667839527130127,0.040991999208927155,1.6650879606604576,0.07443200051784515,1.7395199611783028
gpu_eager,1078,45,222,0.03587200120091438,0.10649599879980087,0.2877439856529236,1.2175359725952148,0.03929600119590759,1.6117759570479393,0.07516800239682198,1.6869439594447613
gpu_eager,1079,34,194,0.03097599931061268,0.10547199845314026,0.28569599986076355,1.2054719924926758,0.039872001856565475,1.5966399908065796,0.07084800116717815,1.6674879919737577
gpu_eager,1080,53,330,0.03142400085926056,0.10547199845314026,0.28467199206352234,1.2042239904403687,0.039423998445272446,1.5943679809570312,0.070847999304533,1.6652159802615643
gpu_eager,1081,46,244,0.03984000161290169,0.10649599879980087,0.2877439856529236,1.206272006034851,0.03903999924659729,1.6005119904875755,0.07888000085949898,1.6793919913470745
gpu_eager,1082,59,256,0.03372799977660179,0.11264000087976456,0.2877439856529236,1.2053120136260986,0.039744000881910324,1.6056960001587868,0.07347200065851212,1.679168000817299
gpu_eager,1083,43,146,0.03404799848794937,0.10649599879980087,0.2897599935531616,1.206272006034851,0.03884800150990486,1.6025279983878136,0.07289599999785423,1.6754239983856678
gpu_eager,1084,74,1248,0.034752000123262405,0.10566399991512299,0.2908160090446472,1.212448000907898,0.03903999924659729,1.6089280098676682,0.0737919993698597,1.6827200092375278
gpu_eager,1085,71,902,0.03203200176358223,0.10547199845314026,0.2836480140686035,1.2339199781417847,0.03840000182390213,1.6230399906635284,0.07043200358748436,1.6934719942510128
gpu_eager,1086,63,826,0.034272000193595886,0.10451199859380722,0.2815999984741211,1.210368037223816,0.039583999663591385,1.5964800342917442,0.07385599985718727,1.6703360341489315
gpu_eager,1087,50,334,0.0350399985909462,0.10547199845314026,0.2826240062713623,1.2102080583572388,0.03891199827194214,1.5983040630817413,0.07395199686288834,1.6722560599446297
gpu_eager,1088,80,518,0.033984001725912094,0.10550399869680405,0.28569599986076355,1.2861440181732178,0.04447999969124794,1.6773440167307854,0.07846400141716003,1.7558080181479454
gpu_eager,1089,63,462,0.03200000151991844,0.10547199845314026,0.2876160144805908,1.2113920450210571,0.03977600112557411,1.6044800579547882,0.07177600264549255,1.6762560606002808
gpu_eager,1090,29,86,0.03145600110292435,0.10547199845314026,0.28646400570869446,1.210368037223816,0.038975998759269714,1.6023040413856506,0.07043199986219406,1.6727360412478447
gpu_eager,1091,21,94,0.030719999223947525,0.10444799810647964,0.2836480140686035,1.2072960138320923,0.04016000032424927,1.5953920260071754,0.07087999954819679,1.6662720255553722
gpu_eager,1092,91,1980,0.03145600110292435,0.10527999699115753,0.29183998703956604,1.323807954788208,0.03951999917626381,1.7209279388189316,0.07097600027918816,1.7919039390981197
gpu_eager,1093,19,70,0.030527999624609947,0.10524799674749374,0.2930240035057068,1.224735975265503,0.03872000053524971,1.6230079755187035,0.06924800015985966,1.6922559756785631
gpu_eager,1094,30,124,0.031328000128269196,0.10524799674749374,0.29100799560546875,1.2021759748458862,0.03916800022125244,1.5984319671988487,0.07049600034952164,1.6689279675483704
gpu_eager,1095,30,126,0.03145600110292435,0.10547199845314026,0.28467199206352234,1.2093759775161743,0.0387520007789135,1.599519968032837,0.07020800188183784,1.6697279699146748
gpu_eager,1096,44,304,0.03155200183391571,0.10342399775981903,0.28467199206352234,1.21343994140625,0.03996799886226654,1.6015359312295914,0.07152000069618225,1.6730559319257736
gpu_eager,1097,29,236,0.0306560005992651,0.10444799810647964,0.28672000765800476,1.2111999988555908,0.04572800174355507,1.6023680046200752,0.07638400234282017,1.6787520069628954
gpu_eager,1098,29,120,0.033535998314619064,0.10649599879980087,0.2836480140686035,1.2113920450210571,0.039103999733924866,1.6015360578894615,0.07263999804854393,1.6741760559380054
gpu_eager,1099,33,206,0.03465599939227104,0.10444799810647964,0.28649601340293884,1.2072960138320923,0.03951999917626381,1.5982400253415108,0.07417599856853485,1.6724160239100456
gpu_eager,1100,25,40,0.03222399950027466,0.10425599664449692,0.28547200560569763,1.2052479982376099,0.03814399987459183,1.5949760004878044,0.07036799937486649,1.665343999862671
gpu_eager,1101,80,622,0.033344000577926636,0.10751999914646149,0.29398399591445923,1.210368037223816,0.03932800143957138,1.6118720322847366,0.07267200201749802,1.6845440343022346
gpu_eager,1102,25,134,0.03376000002026558,0.10531199723482132,0.29183998703956604,1.2072960138320923,0.038943998515605927,1.6044479981064796,0.0727039985358715,1.6771519966423512
gpu_eager,1103,33,210,0.03433600068092346,0.10547199845314026,0.2833920121192932,1.206112027168274,0.03824000060558319,1.5949760377407074,0.07257600128650665,1.667552039027214
gpu_eager,1104,28,110,0.03232000023126602,0.10547199845314026,0.28569599986076355,1.2165119647979736,0.03903999924659729,1.6076799631118774,0.07135999947786331,1.6790399625897408
gpu_eager,1105,71,692,0.03206399828195572,0.10649599879980087,0.2836480140686035,1.2318719625473022,0.03993599861860275,1.6220159754157066,0.07199999690055847,1.694015972316265
gpu_eager,1106,20,32,0.03155200183391571,0.10547199845314026,0.2877439856529236,1.2165119647979736,0.039583999663591385,1.6097279489040375,0.0711360014975071,1.6808639504015446
gpu_eager,1107,51,582,0.035999998450279236,0.10751999914646149,0.2836480140686035,1.227776050567627,0.03859199956059456,1.618944063782692,0.0745919980108738,1.6935360617935658
gpu_eager,1108,20,58,0.031199999153614044,0.10956799983978271,0.2844479978084564,1.2090879678726196,0.039423998445272446,1.6031039655208588,0.07062399759888649,1.6737279631197453
gpu_eager,1109,68,552,0.036288000643253326,0.10758399963378906,0.2949120104312897,1.2113920450210571,0.03984000161290169,1.6138880550861359,0.07612800225615501,1.6900160573422909
gpu_eager,1110,26,132,0.03094400092959404,0.10444799810647964,0.2919360101222992,1.2083200216293335,0.039423998445272446,1.6047040298581123,0.07036799937486649,1.6750720292329788
gpu_eager,1111,53,380,0.03126399964094162,0.10547199845314026,0.28569599986076355,1.2093440294265747,0.039712000638246536,1.6005120277404785,0.07097600027918816,1.6714880280196667
gpu_eager,1112,39,262,0.03126399964094162,0.10649599879980087,0.28352001309394836,1.2134720087051392,0.03852799907326698,1.6034880205988884,0.0697919987142086,1.673280019313097
gpu_eager,1113,52,566,0.03392000123858452,0.10454399883747101,0.2837119996547699,1.2328959703445435,0.038784001022577286,1.6211519688367844,0.0727040022611618,1.6938559710979462
gpu_eager,1114,76,792,0.03641600161790848,0.10649599879980087,0.28652799129486084,1.231071949005127,0.03836800158023834,1.6240959390997887,0.07478400319814682,1.6988799422979355
gpu_eager,1115,28,106,0.03174399957060814,0.10543999820947647,0.2869119942188263,1.21343994140625,0.038047999143600464,1.6057919338345528,0.0697919987142086,1.6755839325487614
gpu_eager,1116,47,408,0.03417599946260452,0.11158400028944016,0.2866879999637604,1.2062400579452515,0.03891199827194214,1.604512058198452,0.07308799773454666,1.6776000559329987
gpu_eager,1117,69,392,0.03481600061058998,0.1053759977221489,0.29286399483680725,1.2083200216293335,0.03939199820160866,1.6065600141882896,0.07420799881219864,1.6807680130004883
gpu_eager,1118,13,44,0.030112000182271004,0.10547199845314026,0.27852800488471985,1.2001919746398926,0.03872000053524971,1.5841919779777527,0.06883200071752071,1.6530239786952734
gpu_eager,1119,27,106,0.033824000507593155,0.10521599650382996,0.28387200832366943,1.210368037223816,0.03932800143957138,1.5994560420513153,0.07315200194716454,1.6726080439984798
gpu_eager,1120,21,34,0.03411199897527695,0.10444799810647964,0.2836480140686035,1.2094719409942627,0.03948799893260002,1.5975679531693459,0.07359999790787697,1.6711679510772228
gpu_eager,1121,32,136,0.03129599988460541,0.10547199845314026,0.2837440073490143,1.2072960138320923,0.03951999917626381,1.5965120196342468,0.07081599906086922,1.667328018695116
gpu_eager,1122,27,92,0.03171199932694435,0.10649599879980087,0.28358399868011475,1.204192042350769,0.03859199956059456,1.5942720398306847,0.07030399888753891,1.6645760387182236
gpu_eager,1123,23,78,0.03798399865627289,0.10444799810647964,0.28467199206352234,1.2114880084991455,0.0390079990029335,1.6006079986691475,0.07699199765920639,1.6775999963283539
gpu_eager,1124,32,250,0.03203200176358223,0.1157120019197464,0.2836480140686035,1.2044479846954346,0.03830400109291077,1.6038080006837845,0.070336002856493,1.6741440035402775
gpu_eager,1125,21,44,0.03379200026392937,0.10751999914646149,0.289792001247406,1.201151967048645,0.0387520007789135,1.5984639674425125,0.07254400104284286,1.6710079684853554
gpu_eager,1126,32,128,0.03142400085926056,0.10547199845314026,0.2887679934501648,1.2000000476837158,0.03814399987459183,1.5942400395870209,0.06956800073385239,1.6638080403208733
gpu_eager,1127,25,70,0.03356799855828285,0.10547199845314026,0.2826240062713623,1.218559980392456,0.038975998759269714,1.6066559851169586,0.07254399731755257,1.6791999824345112
gpu_eager,1128,74,868,0.03155200183391571,0.10547199845314026,0.2826240062713623,1.2390400171279907,0.039423998445272446,1.6271360218524933,0.07097600027918816,1.6981120221316814
gpu_eager,1129,34,172,0.03455999866127968,0.1064319983124733,0.2836480140686035,1.2103359699249268,0.03968000039458275,1.6004159823060036,0.07423999905586243,1.674655981361866
gpu_eager,1130,43,258,0.03174399957060814,0.10444799810647964,0.28566399216651917,1.2052479982376099,0.03907199949026108,1.5953599885106087,0.07081599906086922,1.666175987571478
gpu_eager,1131,33,124,0.0315839983522892,0.10444799810647964,0.28140801191329956,1.2083200216293335,0.03907199949026108,1.5941760316491127,0.07065599784255028,1.664832029491663
gpu_eager,1132,39,240,0.03481600061058998,0.10463999956846237,0.28672000765800476,1.2083200216293335,0.041120000183582306,1.5996800288558006,0.07593600079417229,1.675616029649973
gpu_eager,1133,39,340,0.031199999153614044,0.10547199845314026,0.29183998703956604,1.2072960138320923,0.038943998515605927,1.6046079993247986,0.07014399766921997,1.6747519969940186
gpu_eager,1134,37,222,0.03244800120592117,0.10547199845314026,0.289792001247406,1.206272006034851,0.039872001856565475,1.6015360057353973,0.07232000306248665,1.673856008797884
gpu_eager,1135,101,1082,0.03299200162291527,0.10646399855613708,0.28672000765800476,1.294368028640747,0.038656000047922134,1.687552034854889,0.0716480016708374,1.7592000365257263
gpu_eager,1136,15,36,0.03152000159025192,0.10531199723482132,0.272352010011673,1.210368037223816,0.039872001856565475,1.5880320444703102,0.0713920034468174,1.6594240479171276
gpu_eager,1137,19,72,0.030912000685930252,0.10255999863147736,0.2836480140686035,1.2216320037841797,0.039872001856565475,1.6078400164842606,0.07078400254249573,1.6786240190267563
gpu_eager,1138,27,114,0.033663999289274216,0.10566399991512299,0.2824319899082184,1.1993279457092285,0.039455998688936234,1.5874239355325699,0.07311999797821045,1.6605439335107803
gpu_eager,1139,24,68,0.03308799862861633,0.10547199845314026,0.2826240062713623,1.206112027168274,0.03884800150990486,1.5942080318927765,0.0719360001385212,1.6661440320312977
gpu_eager,1140,31,136,0.03302399814128876,0.11055999994277954,0.28387200832366943,1.2052479982376099,0.03951999917626381,1.5996800065040588,0.07254399731755257,1.6722240038216114
gpu_eager,1141,45,374,0.03606399893760681,0.10463999956846237,0.29286399483680725,1.3179199695587158,0.03929600119590759,1.7154239639639854,0.0753600001335144,1.7907839640974998
gpu_eager,1142,54,468,0.03139200061559677,0.10739199817180634,0.29414400458335876,1.2061760425567627,0.03939199820160866,1.6077120453119278,0.07078399881720543,1.6784960441291332
gpu_eager,1143,41,190,0.03484800085425377,0.10547199845314026,0.2937600016593933,1.2084800004959106,0.039872001856565475,1.6077120006084442,0.07472000271081924,1.6824320033192635
gpu_eager,1144,31,98,0.031231999397277832,0.10444799810647964,0.2847360074520111,1.2093440294265747,0.03932800143957138,1.5985280349850655,0.07056000083684921,1.6690880358219147
gpu_eager,1145,35,156,0.031647998839616776,0.10630399733781815,0.2837119996547699,1.212607979774475,0.03961599990725517,1.6026239767670631,0.07126399874687195,1.673887975513935
gpu_eager,1146,22,62,0.030848000198602676,0.10444799810647964,0.2826240062713623,1.2042239904403687,0.039903998374938965,1.5912959948182106,0.07075199857354164,1.6620479933917522
gpu_eager,1147,49,410,0.03510399907827377,0.10649599879980087,0.28275200724601746,1.2042239904403687,0.039455998688936234,1.593471996486187,0.07455999776721,1.668031994253397
gpu_eager,1148,43,252,0.03484800085425377,0.10556799918413162,0.2847360074520111,1.2061760425567627,0.039712000638246536,1.5964800491929054,0.0745600014925003,1.6710400506854057
gpu_eager,1149,41,116,0.031072000041604042,0.10444799810647964,0.2877439856529236,1.2042239904403687,0.039423998445272446,1.5964159741997719,0.07049599848687649,1.6669119726866484
gpu_eager,1150,23,116,0.03126399964094162,0.10540799796581268,0.29286399483680725,1.2093440294265747,0.03920000046491623,1.6076160222291946,0.07046400010585785,1.6780800223350525
gpu_eager,1151,27,112,0.03167999908328056,0.10547199845314026,0.29366400837898254,1.2064000368118286,0.038784001022577286,1.6055360436439514,0.07046400010585785,1.6760000437498093
gpu_compile,128,30,184,0.04668800160288811,0.14425599575042725,0.3635199964046478,0.7227200269699097,0.05251200124621391,1.2304960191249847,0.09920000284910202,1.3296960219740868
gpu_compile,129,36,158,0.043168000876903534,0.1382399946451187,0.369951993227005,0.7221119999885559,0.04956800118088722,1.2303039878606796,0.09273600205779076,1.3230399899184704
gpu_compile,130,31,182,0.04464000090956688,0.13926400244235992,0.35839998722076416,0.731007993221283,0.04841599985957146,1.228671982884407,0.09305600076913834,1.3217279836535454
gpu_compile,131,50,538,0.04297599941492081,0.14256000518798828,0.3585920035839081,0.7219200134277344,0.04854400083422661,1.2230720221996307,0.09152000024914742,1.3145920224487782
gpu_compile,132,33,166,0.04323200136423111,0.13926400244235992,0.35839998722076416,0.7178879976272583,0.04950400069355965,1.2155519872903824,0.09273600205779076,1.3082879893481731
gpu_compile,133,57,302,0.04249599948525429,0.14556799829006195,0.3607040047645569,0.718559980392456,0.04879999905824661,1.224831983447075,0.0912959985435009,1.3161279819905758
gpu_compile,134,22,80,0.04028800129890442,0.13635200262069702,0.3696640133857727,0.7139520049095154,0.048608001321554184,1.219968020915985,0.0888960026204586,1.3088640235364437
gpu_compile,135,29,106,0.04639999940991402,0.1372160017490387,0.3563840091228485,0.7056319713592529,0.049247998744249344,1.1992319822311401,0.09564799815416336,1.2948799803853035
gpu_compile,136,25,78,0.042399998754262924,0.13603200018405914,0.36556801199913025,0.7124800086021423,0.05548800155520439,1.2140800207853317,0.09788800030946732,1.311968021094799
gpu_compile,137,23,56,0.04169600084424019,0.14028799533843994,0.35715198516845703,0.7127040028572083,0.0490880012512207,1.2101439833641052,0.09078400209546089,1.3009279854595661
gpu_compile,138,43,262,0.04307200014591217,0.14028799533843994,0.3676159977912903,0.7014399766921997,0.05040000006556511,1.20934396982193,0.09347200021147728,1.3028159700334072
gpu_compile,139,32,98,0.04121600091457367,0.13734400272369385,0.3572480082511902,0.715936005115509,0.049984000623226166,1.210528016090393,0.09120000153779984,1.301728017628193
gpu_compile,140,22,118,0.04371200129389763,0.1364160031080246,0.3665919899940491,0.712448000907898,0.050175998359918594,1.2154559940099716,0.09388799965381622,1.3093439936637878
gpu_compile,141,40,218,0.0387520007789135,0.13699199259281158,0.36032000184059143,0.7127040028572083,0.04940799996256828,1.2100159972906113,0.08816000074148178,1.298175998032093
gpu_compile,142,32,104,0.044224001467227936,0.1364160031080246,0.3635199964046478,0.7176960110664368,0.04838399961590767,1.2176320105791092,0.0926080010831356,1.3102400116622448
gpu_compile,143,36,230,0.043935999274253845,0.1372160017490387,0.35942399501800537,0.719871997833252,0.0496320016682148,1.216511994600296,0.09356800094246864,1.3100799955427647
gpu_compile,144,38,268,0.043487999588251114,0.14351999759674072,0.35839998722076416,0.7096319794654846,0.04934399947524071,1.2115519642829895,0.09283199906349182,1.3043839633464813
gpu_compile,145,22,80,0.03734400123357773,0.1372160017490387,0.3553279936313629,0.6973440051078796,0.048895999789237976,1.1898880004882812,0.0862400010228157,1.276128001511097
gpu_compile,146,32,162,0.04358400031924248,0.14336000382900238,0.35942399501800537,0.7178239822387695,0.04886399954557419,1.2206079810857773,0.09244799986481667,1.313055980950594
gpu_compile,147,34,130,0.04255999997258186,0.1372160017490387,0.3625600039958954,0.7024319767951965,0.048608001321554184,1.2022079825401306,0.09116800129413605,1.2933759838342667
gpu_compile,148,36,152,0.04102399945259094,0.1443839967250824,0.3572160005569458,1.5729279518127441,0.06304000318050385,2.0745279490947723,0.10406400263309479,2.178591951727867
gpu_compile,149,45,272,0.040672000497579575,0.1597760021686554,0.38707199692726135,0.7288320064544678,0.04979199916124344,1.2756800055503845,0.09046399965882301,1.3661440052092075
gpu_compile,150,45,208,0.04335999861359596,0.13923199474811554,0.3614720106124878,0.7301120162010193,0.05020799860358238,1.2308160215616226,0.09356799721717834,1.324384018778801
gpu_compile,151,51,454,0.0427200011909008,0.1372160017490387,0.3676159977912903,0.711679995059967,0.048576001077890396,1.216511994600296,0.0912960022687912,1.3078079968690872
gpu_compile,152,45,268,0.043007999658584595,0.1382399946451187,0.35740798711776733,0.7127040028572083,0.04966399818658829,1.2083519846200943,0.09267199784517288,1.3010239824652672
gpu_compile,153,54,284,0.04364800080657005,0.1361279934644699,0.36662399768829346,0.7731199860572815,0.049695998430252075,1.2758719772100449,0.09334399923682213,1.369215976446867
gpu_compile,154,34,106,0.04137599840760231,0.1372160017490387,0.35846400260925293,0.7086079716682434,0.04982399940490723,1.204287976026535,0.09119999781250954,1.2954879738390446
gpu_compile,155,50,446,0.04211200028657913,0.13619199395179749,0.36454400420188904,0.7065600156784058,0.04947200044989586,1.2072960138320923,0.09158400073647499,1.2988800145685673
gpu_compile,156,70,1080,0.04265600070357323,0.1372160017490387,0.36022400856018066,0.7731199860572815,0.04979199916124344,1.2705599963665009,0.09244799986481667,1.3630079962313175
gpu_compile,157,32,246,0.04102399945259094,0.14233599603176117,0.36054399609565735,0.7004160284996033,0.04927999898791313,1.2032960206270218,0.09030399844050407,1.2936000190675259
gpu_compile,158,33,146,0.04358400031924248,0.1372160017490387,0.3614720106124878,0.7055680155754089,0.04927999898791313,1.2042560279369354,0.09286399930715561,1.297120027244091
gpu_compile,159,38,180,0.039903998374938965,0.14528000354766846,0.3563840091228485,0.7127040028572083,0.04966399818658829,1.2143680155277252,0.08956799656152725,1.3039360120892525
gpu_compile,160,15,30,0.041760001331567764,0.13702400028705597,0.3481599986553192,0.7006400227546692,0.04854400083422661,1.1858240216970444,0.09030400216579437,1.2761280238628387
gpu_compile,161,20,86,0.04182400181889534,0.14233599603176117,0.35942399501800537,0.7086079716682434,0.048895999789237976,1.21036796271801,0.09072000160813332,1.3010879643261433
gpu_compile,162,18,54,0.04179200157523155,0.14207999408245087,0.3696640133857727,0.7649279832839966,0.04879999905824661,1.2766719907522202,0.09059200063347816,1.3672639913856983
gpu_compile,163,17,80,0.04262400045990944,0.1353919953107834,0.35737600922584534,0.7097920179367065,0.048928000032901764,1.2025600224733353,0.0915520004928112,1.2941120229661465
gpu_compile,164,27,146,0.0427200011909008,0.13702400028705597,0.36665600538253784,0.6889920234680176,0.060127999633550644,1.1926720291376114,0.10284800082445145,1.2955200299620628
gpu_compile,165,27,136,0.042688000947237015,0.13619199395179749,0.35839998722076416,0.6973440051078796,0.04809600114822388,1.1919359862804413,0.09078400209546089,1.2827199883759022
gpu_compile,166,22,170,0.041439998894929886,0.1371839940547943,0.3787519931793213,0.694271981716156,0.05020799860358238,1.2102079689502716,0.09164799749851227,1.3018559664487839
gpu_compile,167,43,564,0.038176000118255615,0.13628800213336945,0.35839998722076416,0.714847981929779,0.050175998359918594,1.2095359712839127,0.08835199847817421,1.2978879697620869
gpu_compile,168,28,90,0.04156799986958504,0.13619199395179749,0.3665919899940491,0.703711986541748,0.04972799867391586,1.2064959704875946,0.0912959985435009,1.2977919690310955
gpu_compile,169,34,176,0.039744000881910324,0.13619199395179749,0.3574720025062561,0.7031999826431274,0.04944000020623207,1.196863979101181,0.0891840010881424,1.2860479801893234
gpu_compile,170,30,120,0.04124800115823746,0.13619199395179749,0.36748799681663513,0.7157760262489319,0.04944000020623207,1.2194560170173645,0.09068800136446953,1.310144018381834
gpu_compile,171,42,192,0.040800001472234726,0.1372160017490387,0.3614720106124878,0.7137280106544495,0.0498879998922348,1.212416023015976,0.09068800136446953,1.3031040243804455
gpu_compile,172,15,50,0.03721600025892258,0.13619199395179749,0.3481599986553192,0.7066239714622498,0.04902400076389313,1.1909759640693665,0.0862400010228157,1.2772159650921822
gpu_compile,173,37,220,0.04438399896025658,0.1372160017490387,0.3604480028152466,0.7188479900360107,0.04960000142455101,1.216511994600296,0.09398400038480759,1.3104959949851036
gpu_compile,174,42,240,0.042047999799251556,0.14233599603176117,0.35942399501800537,0.7086079716682434,0.048895999789237976,1.21036796271801,0.09094399958848953,1.3013119623064995
gpu_compile,175,55,388,0.04118400067090988,0.1372160017490387,0.35971200466156006,0.7057279944419861,0.0496320016682148,1.2026560008525848,0.09081600233912468,1.2934720031917095
gpu_compile,176,27,62,0.043776001781225204,0.14528000354766846,0.35839998722076416,0.7063040137290955,0.048928000032901764,1.209984004497528,0.09270400181412697,1.302688006311655
gpu_compile,177,23,112,0.041439998894929886,0.13711999356746674,0.36073601245880127,0.7088000178337097,0.04867200180888176,1.2066560238599777,0.09011200070381165,1.2967680245637894
gpu_compile,178,34,226,0.03798399865627289,0.1443839967250824,0.3614720106124878,0.7167680263519287,0.049247998744249344,1.222624033689499,0.08723199740052223,1.3098560310900211
gpu_compile,179,44,258,0.0398080013692379,0.13699199259281158,0.36745598912239075,0.704479992389679,0.05023999884724617,1.2089279741048813,0.09004800021648407,1.2989759743213654
gpu_compile,180,52,410,0.04975999891757965,0.13708800077438354,0.35839998722076416,0.7014399766921997,0.04950400069355965,1.1969279646873474,0.0992639996111393,1.2961919642984867
gpu_compile,181,29,114,0.04150399938225746,0.1382399946451187,0.3696640133857727,0.694208025932312,0.049375999718904495,1.2021120339632034,0.09087999910116196,1.2929920330643654
gpu_compile,182,35,172,0.04255999997258186,0.13619199395179749,0.35839998722076416,0.6983680129051208,0.049536000937223434,1.1929599940776825,0.0920960009098053,1.2850559949874878
gpu_compile,183,44,250,0.042080000042915344,0.1369280070066452,0.36556801199913025,0.694271981716156,0.05516799911856651,1.1967680007219315,0.09724799916148186,1.2940159998834133
gpu_compile,184,34,204,0.04355200007557869,0.1372160017490387,0.35839998722076416,0.7014080286026001,0.048895999789237976,1.197024017572403,0.09244799986481667,1.2894720174372196
gpu_compile,185,66,660,0.04364800080657005,0.13619199395179749,0.3676159977912903,0.7647039890289307,0.049215998500585556,1.2685119807720184,0.09286399930715561,1.361375980079174
gpu_compile,186,31,154,0.04217600077390671,0.13820800185203552,0.359360009431839,0.7066559791564941,0.04867200180888176,1.2042239904403687,0.09084800258278847,1.2950719930231571
gpu_compile,187,38,404,0.04163200035691261,0.13609600067138672,0.3635199964046478,0.7057600021362305,0.048448000103235245,1.205375999212265,0.09008000046014786,1.2954559996724129
gpu_compile,188,22,74,0.04201599955558777,0.13619199395179749,0.3604480028152466,0.710752010345459,0.04854400083422661,1.207392007112503,0.09056000038981438,1.2979520075023174
gpu_compile,189,73,812,0.043296001851558685,0.1382399946451187,0.3614720106124878,0.7086079716682434,0.05008000135421753,1.20831997692585,0.09337600320577621,1.3016959801316261
gpu_compile,190,56,848,0.041152000427246094,0.13702400028705597,0.3606080114841461,0.7057600021362305,0.049247998744249344,1.2033920139074326,0.09039999917149544,1.293792013078928
gpu_compile,191,44,196,0.04262400045990944,0.14521600306034088,0.3607040047645569,0.7054399847984314,0.048928000032901764,1.2113599926233292,0.0915520004928112,1.3029119931161404
gpu_compile,192,73,600,0.04307200014591217,0.1364160031080246,0.359391987323761,0.6993920207023621,0.05011200159788132,1.1952000111341476,0.09318400174379349,1.2883840128779411
gpu_compile,193,27,90,0.041439998894929886,0.14451199769973755,0.36265599727630615,0.7220799922943115,0.04822399839758873,1.2292479872703552,0.08966399729251862,1.3189119845628738
gpu_compile,194,39,242,0.04182400181889534,0.1372160017490387,0.3686400055885315,0.7086079716682434,0.04902400076389313,1.2144639790058136,0.09084800258278847,1.305311981588602
gpu_compile,195,50,312,0.04569600149989128,0.1372160017490387,0.3575040102005005,0.7117760181427002,0.04927999898791313,1.2064960300922394,0.09497600048780441,1.3014720305800438
gpu_compile,196,17,30,0.04095999896526337,0.1382399946451187,0.3696640133857727,0.7137280106544495,0.04851200059056282,1.2216320186853409,0.08947199955582619,1.311104018241167
gpu_compile,197,29,98,0.04163200035691261,0.1364160031080246,0.35737600922584534,0.7087039947509766,0.049695998430252075,1.2024960070848465,0.09132799878716469,1.2938240058720112
gpu_compile,198,62,466,0.04505600035190582,0.1382399946451187,0.3675839900970459,0.7167999744415283,0.05632000043988228,1.222623959183693,0.1013760007917881,1.323999959975481
gpu_compile,199,28,142,0.04073600098490715,0.13619199395179749,0.359391987323761,0.7219200134277344,0.049247998744249344,1.2175039947032928,0.0899839997291565,1.3074879944324493
gpu_compile,200,42,492,0.044576000422239304,0.1372160017490387,0.3676159977912903,0.7055360078811646,0.049215998500585556,1.2103680074214935,0.09379199892282486,1.3041600063443184
gpu_compile,201,34,142,0.04214400053024292,0.1372160017490387,0.35839998722076416,0.7055360078811646,0.04793599992990494,1.2011519968509674,0.09008000046014786,1.2912319973111153
gpu_compile,202,24,78,0.04307200014591217,0.13619199395179749,0.3665919899940491,0.7086079716682434,0.047968000173568726,1.21139195561409,0.0910400003194809,1.3024319559335709
gpu_compile,203,21,32,0.04320000112056732,0.13715200126171112,0.3561919927597046,0.7086079716682434,0.0496320016682148,1.2019519656896591,0.09283200278878212,1.2947839684784412
gpu_compile,204,22,90,0.03654399886727333,0.13619199395179749,0.36454400420188904,0.7065600156784058,0.0498879998922348,1.2072960138320923,0.08643199875950813,1.2937280125916004
gpu_compile,205,18,64,0.041728001087903976,0.13715200126171112,0.35942399501800537,0.7137280106544495,0.049536000937223434,1.210304006934166,0.09126400202512741,1.3015680089592934
gpu_compile,206,24,50,0.04185599833726883,0.14745600521564484,0.35839998722076416,0.707584023475647,0.04896000027656555,1.213440015912056,0.09081599861383438,1.3042560145258904
gpu_compile,207,26,102,0.041280001401901245,0.1371839940547943,0.35737600922584534,0.711679995059967,0.049215998500585556,1.2062399983406067,0.0904959999024868,1.2967359982430935
gpu_compile,208,63,580,0.04531199857592583,0.14361600577831268,0.35942399501800537,0.7086079716682434,0.04851200059056282,1.2116479724645615,0.09382399916648865,1.30547197163105
gpu_compile,209,31,94,0.04281599819660187,0.1372160017490387,0.3635199964046478,0.6994240283966064,0.050944000482559204,1.200160026550293,0.09375999867916107,1.293920025229454
gpu_compile,210,25,108,0.04707200080156326,0.13926400244235992,0.3614720106124878,0.7270399928092957,0.05023999884724617,1.2277760058641434,0.09731199964880943,1.3250880055129528
gpu_compile,211,25,62,0.04620800167322159,0.13926400244235992,0.37171199917793274,0.7032960057258606,0.05503999814391136,1.2142720073461533,0.10124799981713295,1.3155200071632862
gpu_compile,212,27,146,0.04383999854326248,0.13820800185203552,0.3596160113811493,0.7137280106544495,0.049855999648571014,1.2115520238876343,0.0936959981918335,1.3052480220794678
gpu_compile,213,25,56,0.04124800115823746,0.13711999356746674,0.366784006357193,0.6952959895133972,0.04975999891757965,1.199199989438057,0.09100800007581711,1.290207989513874
gpu_compile,214,41,336,0.04131200164556503,0.13619199395179749,0.35839998722076416,0.707647979259491,0.048895999789237976,1.2022399604320526,0.09020800143480301,1.2924479618668556
gpu_compile,215,40,230,0.043296001851558685,0.13702400028705597,0.3688960075378418,0.7106559872627258,0.04864000156521797,1.2165759950876236,0.09193600341677666,1.3085119985044003
gpu_compile,216,53,450,0.04227200150489807,0.13705599308013916,0.3624959886074066,0.7044159770011902,0.0496320016682148,1.203967958688736,0.09190400317311287,1.2958719618618488
gpu_compile,217,46,236,0.04131200164556503,0.13619199395179749,0.3664320111274719,0.711679995059967,0.0490880012512207,1.2143040001392365,0.09040000289678574,1.3047040030360222
gpu_compile,218,45,276,0.042080000042915344,0.1364160031080246,0.3624959886074066,0.7036799788475037,0.0490880012512207,1.2025919705629349,0.09116800129413605,1.293759971857071
gpu_compile,219,18,36,0.04095999896526337,0.1372160017490387,0.3574720025062561,0.7178239822387695,0.04848000034689903,1.2125119864940643,0.0894399993121624,1.3019519858062267
gpu_compile,220,20,74,0.041728001087903976,0.1372160017490387,0.3564800024032593,0.707584023475647,0.048128001391887665,1.201280027627945,0.08985600247979164,1.2911360301077366
gpu_compile,221,58,622,0.04320000112056732,0.1430719941854477,0.36131200194358826,0.7096319794654846,0.04947200044989586,1.2140159755945206,0.09267200157046318,1.3066879771649837
gpu_compile,222,50,324,0.04201599955558777,0.1372160017490387,0.3563520014286041,0.6973440051078796,0.04873599857091904,1.1909120082855225,0.0907519981265068,1.2816640064120293
gpu_compile,223,58,474,0.04217600077390671,0.14159999787807465,0.35839998722076416,0.7045120000839233,0.04947200044989586,1.2045119851827621,0.09164800122380257,1.2961599864065647
gpu_compile,224,32,208,0.039712000638246536,0.13516800105571747,0.3624959886074066,0.7065600156784058,0.04979199916124344,1.2042240053415298,0.08950399979948997,1.2937280051410198
gpu_compile,225,35,230,0.04303999990224838,0.1443839967250824,0.3601599931716919,0.7084800004959106,0.04793599992990494,1.213023990392685,0.09097599983215332,1.3039999902248383
gpu_compile,226,51,386,0.03907199949026108,0.13516800105571747,0.36531201004981995,0.7055360078811646,0.04822399839758873,1.206016018986702,0.08729599788784981,1.2933120168745518
gpu_compile,227,39,302,0.04713600128889084,0.13625599443912506,0.3595519959926605,0.7065920233726501,0.04867200180888176,1.2024000138044357,0.0958080030977726,1.2982080169022083
gpu_compile,228,26,92,0.03807999938726425,0.13516800105571747,0.36556801199913025,0.7004160284996033,0.048608001321554184,1.201152041554451,0.08668800070881844,1.2878400422632694
gpu_compile,229,49,318,0.044064000248909,0.1372160017490387,0.3612479865550995,0.7076159715652466,0.04927999898791313,1.2060799598693848,0.09334399923682213,1.299423959106207
gpu_compile,230,44,314,0.0424639992415905,0.14006400108337402,0.3676159977912903,0.7005760073661804,0.05689600110054016,1.2082560062408447,0.09936000034213066,1.3076160065829754
gpu_compile,231,47,450,0.03862399980425835,0.13737599551677704,0.35862401127815247,0.7065600156784058,0.048608001321554184,1.2025600224733353,0.08723200112581253,1.2897920235991478
gpu_compile,232,22,78,0.04224000126123428,0.13619199395179749,0.3696640133857727,0.7002879977226257,0.049247998744249344,1.206144005060196,0.09148800000548363,1.2976320050656796
gpu_compile,233,40,160,0.04105599969625473,0.13734400272369385,0.36025598645210266,0.7178239822387695,0.04755200073122978,1.215423971414566,0.08860800042748451,1.3040319718420506
gpu_compile,234,17,52,0.0416640006005764,0.13619199395179749,0.36451199650764465,0.7207679748535156,0.0496320016682148,1.2214719653129578,0.0912960022687912,1.312767967581749
gpu_compile,235,22,58,0.04265600070357323,0.1372160017490387,0.35839998722076416,0.7157760262489319,0.048448000103235245,1.2113920152187347,0.09110400080680847,1.3024960160255432
gpu_compile,236,25,174,0.0387520007789135,0.13702400028705597,0.3686400055885315,0.7106559872627258,0.04899200052022934,1.2163199931383133,0.08774400129914284,1.3040639944374561
gpu_compile,237,48,322,0.03814399987459183,0.13542400300502777,0.35942399501800537,0.7096319794654846,0.0488319993019104,1.2044799774885178,0.08697599917650223,1.29145597666502
gpu_compile,238,27,138,0.04211200028657913,0.1414719969034195,0.35971200466156006,0.7086079716682434,0.04841599985957146,1.209791973233223,0.09052800014615059,1.3003199733793736
gpu_compile,239,38,160,0.042080000042915344,0.1382399946451187,0.3604159951210022,0.7167999744415283,0.0496320016682148,1.2154559642076492,0.09171200171113014,1.3071679659187794
gpu_compile,240,21,114,0.0416640006005764,0.1443839967250824,0.35843199491500854,0.7034879922866821,0.04806400090456009,1.206303983926773,0.08972800150513649,1.2960319854319096
gpu_compile,241,26,88,0.040608000010252,0.1372160017490387,0.35846400260925293,0.7148159742355347,0.04879999905824661,1.2104959785938263,0.08940799906849861,1.299903977662325
gpu_compile,242,29,154,0.04201599955558777,0.14336000382900238,0.3585920035839081,0.7219200134277344,0.04867200180888176,1.2238720208406448,0.09068800136446953,1.3145600222051144
gpu_compile,243,54,908,0.037567999213933945,0.13711999356746674,0.3665919899940491,0.6993920207023621,0.04972799867391586,1.2031040042638779,0.08729599788784981,1.2904000021517277
gpu_compile,244,43,226,0.04479999840259552,0.13814400136470795,0.3575040102005005,0.7137280106544495,0.048895999789237976,1.209376022219658,0.0936959981918335,1.3030720204114914
gpu_compile,245,28,136,0.0414079986512661,0.1372160017490387,0.3665919899940491,0.7013760209083557,0.04854400083422661,1.2051840126514435,0.0899519994854927,1.2951360121369362
gpu_compile,246,30,100,0.042847998440265656,0.1372160017490387,0.3614720106124878,0.7137280106544495,0.04848000034689903,1.212416023015976,0.09132799878716469,1.3037440218031406
gpu_compile,247,39,208,0.03782400116324425,0.1372160017490387,0.371616005897522,0.7086079716682434,0.054048001766204834,1.217439979314804,0.09187200292944908,1.3093119822442532
gpu_compile,248,31,190,0.042527999728918076,0.13820800185203552,0.3604480028152466,0.7127040028572083,0.048767998814582825,1.2113600075244904,0.0912959985435009,1.3026560060679913
gpu_compile,249,45,212,0.04134399816393852,0.1372160017490387,0.3686400055885315,0.7157760262489319,0.04956800118088722,1.221632033586502,0.09091199934482574,1.3125440329313278
gpu_compile,250,40,238,0.040608000010252,0.13631999492645264,0.35920000076293945,0.707423985004425,0.04902400076389313,1.2029439806938171,0.08963200077414513,1.2925759814679623
gpu_compile,251,29,162,0.03840000182390213,0.13635200262069702,0.37145599722862244,0.7084479928016663,0.04956800118088722,1.2162559926509857,0.08796800300478935,1.304223995655775
gpu_compile,252,32,160,0.04460800066590309,0.13926400244235992,0.3606080114841461,0.7178239822387695,0.048128001391887665,1.2176959961652756,0.09273600205779076,1.3104319982230663
gpu_compile,253,32,122,0.04137599840760231,0.13619199395179749,0.35942399501800537,0.7157760262489319,0.04940799996256828,1.2113920152187347,0.0907839983701706,1.3021760135889053
gpu_compile,254,47,394,0.03827200084924698,0.13625599443912506,0.3593280017375946,0.7330880165100098,0.04896000027656555,1.2286720126867294,0.08723200112581253,1.315904013812542
gpu_compile,255,42,276,0.04124800115823746,0.1443839967250824,0.3604480028152466,0.7055360078811646,0.04879999905824661,1.2103680074214935,0.09004800021648407,1.3004160076379776
gpu_compile,256,50,608,0.038816001266241074,0.13619199395179749,0.35737600922584534,0.6963199973106384,0.04886399954557419,1.1898880004882812,0.08768000081181526,1.2775680013000965
gpu_compile,257,69,832,0.03827200084924698,0.1443839967250824,0.35948801040649414,0.766975998878479,0.04966399818658829,1.2708480060100555,0.08793599903583527,1.3587840050458908
gpu_compile,258,48,306,0.04211200028657913,0.1363839954137802,0.3675839900970459,0.7034879922866821,0.04831999912858009,1.2074559777975082,0.09043199941515923,1.2978879772126675
gpu_compile,259,38,204,0.043807998299598694,0.1372479945421219,0.36268800497055054,0.707360029220581,0.049247998744249344,1.2072960287332535,0.09305599704384804,1.3003520257771015
gpu_compile,260,23,64,0.03961599990725517,0.13619199395179749,0.36476799845695496,0.7025600075721741,0.05379199981689453,1.2035199999809265,0.0934079997241497,1.2969279997050762
gpu_compile,261,34,212,0.040063999593257904,0.13622400164604187,0.35839998722076416,0.7106559872627258,0.047839999198913574,1.2052799761295319,0.08790399879217148,1.2931839749217033
gpu_compile,262,56,398,0.043136000633239746,0.1382399946451187,0.36742401123046875,0.7024639844894409,0.04915200173854828,1.2081279903650284,0.09228800237178802,1.3004159927368164
gpu_compile,263,44,228,0.04118400067090988,0.13619199395179749,0.3624959886074066,0.7270399928092957,0.04940799996256828,1.2257279753684998,0.09059200063347816,1.316319976001978
gpu_compile,264,47,256,0.043776001781225204,0.138047993183136,0.36556801199913025,0.711679995059967,0.0490880012512207,1.2152960002422333,0.09286400303244591,1.3081600032746792
gpu_compile,265,38,214,0.03776000067591667,0.13619199395179749,0.36236798763275146,0.7189760208129883,0.048895999789237976,1.2175360023975372,0.08665600046515465,1.3041920028626919
gpu_compile,266,50,392,0.044319998472929,0.13926400244235992,0.37049600481987,0.7157760262489319,0.048128001391887665,1.2255360335111618,0.09244799986481667,1.3179840333759785
gpu_compile,267,63,548,0.03830400109291077,0.1382399946451187,0.3625600039958954,0.7272319793701172,0.04992000013589859,1.2280319780111313,0.08822400122880936,1.3162559792399406
gpu_compile,268,26,76,0.04435199871659279,0.14351999759674072,0.35951998829841614,0.7160320281982422,0.050335999578237534,1.219072014093399,0.09468799829483032,1.3137600123882294
gpu_compile,269,26,170,0.04022400081157684,0.13708800077438354,0.3614400029182434,0.7014399766921997,0.04915200173854828,1.1999679803848267,0.08937600255012512,1.2893439829349518
gpu_compile,270,31,118,0.03929600119590759,0.14336000382900238,0.35862401127815247,0.7167999744415283,0.048767998814582825,1.2187839895486832,0.08806400001049042,1.3068479895591736
gpu_compile,271,39,218,0.04198399931192398,0.13606399297714233,0.36982399225234985,0.7024639844894409,0.04902400076389313,1.208351969718933,0.09100800007581711,1.2993599697947502
gpu_compile,272,32,126,0.037856001406908035,0.13635200262069702,0.35942399501800537,0.7046719789505005,0.04816000163555145,1.2004479765892029,0.08601600304245949,1.2864639796316624
gpu_compile,273,21,56,0.04134399816393852,0.13715200126171112,0.3686400055885315,0.6983680129051208,0.04934399947524071,1.2041600197553635,0.09068799763917923,1.2948480173945427
gpu_compile,274,20,76,0.041600000113248825,0.13631999492645264,0.3614720106124878,0.7086079716682434,0.04899200052022934,1.2063999772071838,0.09059200063347816,1.296991977840662
gpu_compile,275,28,190,0.04307200014591217,0.1364479959011078,0.3665919899940491,0.7034559845924377,0.053888000547885895,1.2064959704875946,0.09696000069379807,1.3034559711813927
gpu_compile,276,50,290,0.04255999997258186,0.13705599308013916,0.36054399609565735,0.707584023475647,0.04940799996256828,1.2051840126514435,0.09196799993515015,1.2971520125865936
gpu_compile,277,51,404,0.041152000427246094,0.1369599997997284,0.3687039911746979,0.6983680129051208,0.04902400076389313,1.2040320038795471,0.09017600119113922,1.2942080050706863
gpu_compile,278,52,312,0.039455998688936234,0.13708800077438354,0.3612479865550995,0.7138559818267822,0.05008000135421753,1.2121919691562653,0.08953600004315376,1.301727969199419
gpu_compile,279,32,182,0.04064000025391579,0.1372160017490387,0.3694399893283844,0.7096319794654846,0.05052800104022026,1.2162879705429077,0.09116800129413605,1.3074559718370438
gpu_compile,280,19,132,0.04179200157523155,0.1372160017490387,0.35971200466156006,0.7167999744415283,0.049247998744249344,1.213727980852127,0.0910400003194809,1.304767981171608
gpu_compile,281,49,236,0.03699199855327606,0.13619199395179749,0.3696640133857727,0.7106559872627258,0.04886399954557419,1.216511994600296,0.08585599809885025,1.3023679926991463
gpu_compile,282,38,188,0.04233599826693535,0.13916799426078796,0.3624959886074066,0.7180799841880798,0.04873599857091904,1.2197439670562744,0.09107199683785439,1.3108159638941288
gpu_compile,283,26,92,0.04095999896526337,0.14531199634075165,0.36556801199913025,0.711679995059967,0.049536000937223434,1.222560003399849,0.0904959999024868,1.3130560033023357
gpu_compile,284,33,130,0.04217600077390671,0.13926400244235992,0.3646079897880554,0.7157760262489319,0.048767998814582825,1.2196480184793472,0.09094399958848953,1.3105920180678368
gpu_compile,285,52,302,0.037728000432252884,0.1451520025730133,0.3604480028152466,0.7168959975242615,0.04848000034689903,1.2224960029125214,0.08620800077915192,1.3087040036916733
gpu_compile,286,26,80,0.0424639992415905,0.1372160017490387,0.3686400055885315,0.7157760262489319,0.04841599985957146,1.221632033586502,0.09087999910116196,1.312512032687664
gpu_compile,287,36,234,0.045951999723911285,0.14028799533843994,0.3623040020465851,0.707584023475647,0.048608001321554184,1.210176020860672,0.09456000104546547,1.3047360219061375
gpu_compile,288,41,370,0.04163200035691261,0.1382399946451187,0.3696640133857727,0.7065600156784058,0.049247998744249344,1.2144640237092972,0.09087999910116196,1.3053440228104591
gpu_compile,289,64,914,0.04435199871659279,0.13926400244235992,0.3635840117931366,0.7720959782600403,0.0488319993019104,1.2749439924955368,0.09318399801850319,1.36812799051404
gpu_compile,290,34,148,0.04403200000524521,0.13808000087738037,0.36739200353622437,0.7053120136260986,0.04979199916124344,1.2107840180397034,0.09382399916648865,1.304608017206192
gpu_compile,291,15,30,0.04185599833726883,0.1372479945421219,0.35123199224472046,0.711679995059967,0.04831999912858009,1.2001599818468094,0.09017599746584892,1.2903359793126583
gpu_compile,292,25,72,0.0382080003619194,0.13619199395179749,0.36556801199913025,0.7076799869537354,0.04934399947524071,1.209439992904663,0.08755199983716011,1.2969919927418232
gpu_compile,293,39,192,0.03929600119590759,0.1383039951324463,0.3604480028152466,0.7157760262489319,0.04816000163555145,1.2145280241966248,0.08745600283145905,1.3019840270280838
gpu_compile,294,24,124,0.041728001087903976,0.1382399946451187,0.3635199964046478,0.7098879814147949,0.04831999912858009,1.2116479724645615,0.09004800021648407,1.3016959726810455
gpu_compile,295,19,64,0.041120000183582306,0.13625599443912506,0.35839998722076416,0.7188479900360107,0.048576001077890396,1.2135039716959,0.0896960012614727,1.3031999729573727
gpu_compile,296,43,388,0.043168000876903534,0.14643199741840363,0.3627200126647949,0.7086399793624878,0.050175998359918594,1.2177919894456863,0.09334399923682213,1.3111359886825085
gpu_compile,297,41,154,0.03766399994492531,0.1372160017490387,0.3555839955806732,0.6983039975166321,0.04800000041723251,1.191103994846344,0.08566400036215782,1.2767679952085018
gpu_compile,298,33,126,0.04150399938225746,0.1454080045223236,0.35942399501800537,0.7146880030632019,0.0490880012512207,1.2195200026035309,0.09059200063347816,1.310112003237009
gpu_compile,299,15,52,0.04195199906826019,0.1382399946451187,0.35737600922584534,0.6922240257263184,0.048448000103235245,1.1878400295972824,0.09039999917149544,1.2782400287687778
gpu_compile,300,38,298,0.0424639992415905,0.14336000382900238,0.3604480028152466,0.707584023475647,0.04947200044989586,1.211392030119896,0.09193599969148636,1.3033280298113823
gpu_compile,301,29,64,0.04243199899792671,0.1372160017490387,0.3665919899940491,0.6932479739189148,0.048928000032901764,1.1970559656620026,0.09135999903082848,1.288415964692831
gpu_compile,302,31,150,0.04665600135922432,0.1382399946451187,0.3654080033302307,0.7045120000839233,0.0480320006608963,1.2081599980592728,0.09468800202012062,1.3028480000793934
gpu_compile,303,60,470,0.04156799986958504,0.1372160017490387,0.3665919899940491,0.7045120000839233,0.04879999905824661,1.208319991827011,0.09036799892783165,1.2986879907548428
gpu_compile,304,17,44,0.039872001856565475,0.1372160017490387,0.3592959940433502,0.7219200134277344,0.04835199937224388,1.2184320092201233,0.08822400122880936,1.3066560104489326
gpu_compile,305,37,134,0.04076800122857094,0.13715200126171112,0.36454400420188904,0.699455976486206,0.049056001007556915,1.2011519819498062,0.08982400223612785,1.290975984185934
gpu_compile,306,28,186,0.04211200028657913,0.13702400028705597,0.35836800932884216,0.7094079852104187,0.04915200173854828,1.2047999948263168,0.09126400202512741,1.2960639968514442
gpu_compile,307,42,226,0.04041599854826927,0.13529600203037262,0.3684479892253876,0.7083839774131775,0.050016000866889954,1.2121279686689377,0.09043199941515923,1.302559968084097
gpu_compile,308,16,12,0.04233599826693535,0.13635200262069702,0.34828799962997437,0.7078080177307129,0.04761600121855736,1.1924480199813843,0.0899519994854927,1.282400019466877
gpu_compile,309,21,86,0.038656000047922134,0.1371839940547943,0.3635199964046478,0.7024639844894409,0.04915200173854828,1.203167974948883,0.08780800178647041,1.2909759767353535
gpu_compile,310,34,338,0.042080000042915344,0.1372160017490387,0.35862401127815247,0.7055360078811646,0.04870399832725525,1.2013760209083557,0.0907839983701706,1.2921600192785263
gpu_compile,311,31,100,0.04198399931192398,0.13619199395179749,0.36556801199913025,0.7024639844894409,0.04758400097489357,1.2042239904403687,0.08956800028681755,1.2937919907271862
gpu_compile,312,34,194,0.040192000567913055,0.1382399946451187,0.3606080114841461,0.7045120000839233,0.04816000163555145,1.2033600062131882,0.08835200220346451,1.2917120084166527
gpu_compile,313,59,482,0.041280001401901245,0.1372160017490387,0.3614720106124878,0.766975998878479,0.05020799860358238,1.2656640112400055,0.09148800000548363,1.3571520112454891
gpu_compile,314,46,344,0.042080000042915344,0.13628800213336945,0.35839998722076416,0.7034879922866821,0.04825599864125252,1.1981759816408157,0.09033599868416786,1.2885119803249836
gpu_compile,315,34,190,0.038015998899936676,0.14627200365066528,0.3606719970703125,0.704479992389679,0.04816000163555145,1.2114239931106567,0.08617600053548813,1.2975999936461449
gpu_compile,316,77,1344,0.04182400181889534,0.13596799969673157,0.36563199758529663,0.7698559761047363,0.04972799867391586,1.2714559733867645,0.0915520004928112,1.3630079738795757
gpu_compile,317,31,164,0.04710400104522705,0.1372160017490387,0.359360009431839,0.7157120108604431,0.0488319993019104,1.2122880220413208,0.09593600034713745,1.3082240223884583
gpu_compile,318,27,120,0.043935999274253845,0.1372160017490387,0.3665919899940491,0.6983360052108765,0.05612799897789955,1.2021439969539642,0.1000639982521534,1.3022079952061176
gpu_compile,319,54,584,0.04416000097990036,0.1364479959011078,0.35942399501800537,0.7147520184516907,0.04915200173854828,1.2106240093708038,0.09331200271844864,1.3039360120892525
gpu_compile,320,28,116,0.03721600025892258,0.13619199395179749,0.3676159977912903,0.7024639844894409,0.049215998500585556,1.2062719762325287,0.08643199875950813,1.2927039749920368
gpu_compile,321,35,110,0.04243199899792671,0.1382399946451187,0.36032000184059143,0.7055360078811646,0.048767998814582825,1.2040960043668747,0.09119999781250954,1.2952960021793842
gpu_compile,322,26,124,0.04150399938225746,0.13808000087738037,0.36556801199913025,0.7127040028572083,0.05020799860358238,1.2163520157337189,0.09171199798583984,1.3080640137195587
gpu_compile,323,25,132,0.04416000097990036,0.13820800185203552,0.35839998722076416,0.707584023475647,0.04831999912858009,1.2041920125484467,0.09248000010848045,1.296672012656927
gpu_compile,324,57,288,0.041919998824596405,0.1372160017490387,0.36768001317977905,0.7096319794654846,0.04793599992990494,1.2145279943943024,0.08985599875450134,1.3043839931488037
gpu_compile,325,54,298,0.04025600105524063,0.1372160017490387,0.35760000348091125,0.703328013420105,0.04927999898791313,1.198144018650055,0.08953600004315376,1.2876800186932087
gpu_compile,326,51,276,0.04294399917125702,0.13737599551677704,0.35942399501800537,0.7065280079841614,0.04800000041723251,1.2033279985189438,0.09094399958848953,1.2942719981074333
gpu_compile,327,38,298,0.0379519984126091,0.13619199395179749,0.3585599958896637,0.7024639844894409,0.04995200037956238,1.197215974330902,0.08790399879217148,1.2851199731230736
gpu_compile,328,55,364,0.039264000952243805,0.1494400054216385,0.3614720106124878,0.7147200107574463,0.04927999898791313,1.2256320267915726,0.08854399994015694,1.3141760267317295
gpu_compile,329,52,508,0.04416000097990036,0.13737599551677704,0.3614720106124878,0.7055360078811646,0.04899200052022934,1.2043840140104294,0.0931520015001297,1.297536015510559
gpu_compile,330,55,390,0.042688000947237015,0.14348800480365753,0.35839998722076416,0.714464008808136,0.048576001077890396,1.2163520008325577,0.09126400202512741,1.307616002857685
gpu_compile,331,12,20,0.0382080003619194,0.1353919953107834,0.356224000453949,0.7557119727134705,0.04851200059056282,1.2473279684782028,0.08672000095248222,1.334047969430685
gpu_compile,332,40,214,0.04543999955058098,0.1372160017490387,0.35839998722076416,0.7055360078811646,0.04912000149488449,1.2011519968509674,0.09456000104546547,1.2957119978964329
gpu_compile,333,31,118,0.041760001331567764,0.13702400028705597,0.3645760118961334,0.7004160284996033,0.048767998814582825,1.2020160406827927,0.09052800014615059,1.2925440408289433
gpu_compile,334,43,356,0.03843199834227562,0.13702400028705597,0.35942399501800537,0.7096319794654846,0.04950400069355965,1.206079974770546,0.08793599903583527,1.2940159738063812
gpu_compile,335,49,316,0.038015998899936676,0.13619199395179749,0.36556801199913025,0.7074880003929138,0.05452800169587135,1.2092480063438416,0.09254400059580803,1.3017920069396496
gpu_compile,336,34,226,0.039903998374938965,0.13622400164604187,0.3614720106124878,0.700160026550293,0.04927999898791313,1.1978560388088226,0.0891839973628521,1.2870400361716747
gpu_compile,337,18,84,0.037728000432252884,0.1372160017490387,0.36764800548553467,0.7127040028572083,0.04918399825692177,1.2175680100917816,0.08691199868917465,1.3044800087809563
gpu_compile,338,41,316,0.038975998759269714,0.13699199259281158,0.35839998722076416,0.7137280106544495,0.04918399825692177,1.2091199904680252,0.08815999701619148,1.2972799874842167
gpu_compile,339,31,164,0.03872000053524971,0.1372479945421219,0.3665919899940491,0.7056639790534973,0.049855999648571014,1.2095039635896683,0.08857600018382072,1.298079963773489
gpu_compile,340,63,790,0.04131200164556503,0.13814400136470795,0.359391987323761,0.7096319794654846,0.04940799996256828,1.2071679681539536,0.09072000160813332,1.2978879697620869
gpu_compile,341,35,126,0.0382080003619194,0.13734400272369385,0.36556801199913025,0.7126079797744751,0.049375999718904495,1.2155199944972992,0.0875840000808239,1.303103994578123
gpu_compile,342,45,608,0.03868800029158592,0.1372160017490387,0.3625600039958954,0.711679995059967,0.04915200173854828,1.2114560008049011,0.0878400020301342,1.2992960028350353
gpu_compile,343,37,122,0.03814399987459183,0.13715200126171112,0.3612479865550995,0.7104960083961487,0.04825599864125252,1.2088959962129593,0.08639999851584435,1.2952959947288036
gpu_compile,344,35,306,0.03824000060558319,0.13631999492645264,0.35942399501800537,0.7096319794654846,0.04864000156521797,1.2053759694099426,0.08688000217080116,1.2922559715807438
gpu_compile,345,43,216,0.04089599847793579,0.14336000382900238,0.3616639971733093,0.7086079716682434,0.048576001077890396,1.2136319726705551,0.08947199955582619,1.3031039722263813
gpu_compile,346,18,82,0.04249599948525429,0.1382399946451187,0.35942399501800537,0.7168959975242615,0.048895999789237976,1.2145599871873856,0.09139199927449226,1.3059519864618778
gpu_compile,347,23,72,0.038176000118255615,0.14745600521564484,0.3593280017375946,0.7097280025482178,0.048128001391887665,1.2165120095014572,0.08630400151014328,1.3028160110116005
gpu_compile,348,37,426,0.03872000053524971,0.1342719942331314,0.36563199758529663,0.7217919826507568,0.04899200052022934,1.2216959744691849,0.08771200105547905,1.309407975524664
gpu_compile,349,29,114,0.04662400111556053,0.13900800049304962,0.3583039939403534,0.7117440104484558,0.04918399825692177,1.2090560048818588,0.0958079993724823,1.3048640042543411
gpu_compile,350,34,382,0.03814399987459183,0.13516800105571747,0.45903998613357544,0.7545279860496521,0.05075199902057648,1.348735973238945,0.0888959988951683,1.4376319721341133
gpu_compile,351,35,182,0.03884800150990486,0.1380160003900528,0.3604480028152466,0.711679995059967,0.04912000149488449,1.2101439982652664,0.08796800300478935,1.2981120012700558
gpu_compile,352,51,562,0.038336001336574554,0.13529600203037262,0.3696640133857727,0.7248960137367249,0.048895999789237976,1.2298560291528702,0.08723200112581253,1.3170880302786827
gpu_compile,353,32,122,0.03779200091958046,0.1372160017490387,0.35839998722076416,0.719871997833252,0.04918399825692177,1.2154879868030548,0.08697599917650223,1.302463985979557
gpu_compile,354,45,334,0.038176000118255615,0.1454080045223236,0.3624959886074066,0.7106559872627258,0.0488319993019104,1.218559980392456,0.08700799942016602,1.305567979812622
gpu_compile,355,42,282,0.043807998299598694,0.1372160017490387,0.358271986246109,0.7178239822387695,0.048767998814582825,1.2133119702339172,0.09257599711418152,1.3058879673480988
gpu_compile,356,22,96,0.04364800080657005,0.14950400590896606,0.3614720106124878,0.7147520184516907,0.04742399975657463,1.2257280349731445,0.09107200056314468,1.3168000355362892
gpu_compile,357,35,148,0.043487999588251114,0.1390720009803772,0.3696640133857727,0.7033920288085938,0.04854400083422661,1.2121280431747437,0.09203200042247772,1.3041600435972214
gpu_compile,358,26,112,0.03807999938726425,0.1382399946451187,0.3563840091228485,0.7137920260429382,0.0488319993019104,1.2084160298109055,0.08691199868917465,1.29532802850008
gpu_compile,359,34,204,0.038943998515605927,0.1382720023393631,0.37171199917793274,0.7219200134277344,0.04870399832725525,1.2319040149450302,0.08764799684286118,1.3195520117878914
gpu_compile,360,58,720,0.03961599990725517,0.1372160017490387,0.3614720106124878,0.7277759909629822,0.04992000013589859,1.2264640033245087,0.08953600004315376,1.3160000033676624
gpu_compile,361,37,238,0.03961599990725517,0.1382399946451187,0.37379199266433716,0.7002879977226257,0.0488319993019104,1.2123199850320816,0.08844799920916557,1.3007679842412472
gpu_compile,362,48,288,0.03855999931693077,0.1372160017490387,0.3604480028152466,0.7270399928092957,0.048928000032901764,1.224703997373581,0.08748799934983253,1.3121919967234135
gpu_compile,363,59,498,0.03907199949026108,0.1382399946451187,0.3696640133857727,0.7095040082931519,0.049536000937223434,1.2174080163240433,0.08860800042748451,1.3060160167515278
gpu_compile,364,49,310,0.04412800073623657,0.1382399946451187,0.3614720106124878,0.711679995059967,0.04825599864125252,1.2113920003175735,0.09238399937748909,1.3037759996950626
gpu_compile,365,34,102,0.03891199827194214,0.1364160031080246,0.3676159977912903,0.7046080231666565,0.048608001321554184,1.2086400240659714,0.08751999959349632,1.2961600236594677
gpu_compile,366,44,236,0.04153599962592125,0.13711999356746674,0.35942399501800537,0.7167999744415283,0.04902400076389313,1.2133439630270004,0.09056000038981438,1.3039039634168148
gpu_compile,367,39,208,0.03855999931693077,0.1372160017490387,0.3595840036869049,0.7146880030632019,0.04902400076389313,1.2114880084991455,0.0875840000808239,1.2990720085799694
gpu_compile,368,57,448,0.04188799858093262,0.13814400136470795,0.35839998722076416,0.7096319794654846,0.05004800111055374,1.2061759680509567,0.09193599969148636,1.298111967742443
gpu_compile,369,41,226,0.03903999924659729,0.14336000382900238,0.35942399501800537,0.7167999744415283,0.048287998884916306,1.219583973288536,0.0873279981315136,1.3069119714200497
gpu_compile,370,47,280,0.0424639992415905,0.13734400272369385,0.35942399501800537,0.706496000289917,0.04918399825692177,1.2032639980316162,0.09164799749851227,1.2949119955301285
gpu_compile,371,26,80,0.03807999938726425,0.1443839967250824,0.3574399948120117,0.7137280106544495,0.04835199937224388,1.2155520021915436,0.08643199875950813,1.3019840009510517
gpu_compile,372,25,76,0.03753599897027016,0.1372160017490387,0.37273600697517395,0.707584023475647,0.04956800118088722,1.2175360321998596,0.08710400015115738,1.304640032351017
gpu_compile,373,44,284,0.042847998440265656,0.13708800077438354,0.3604480028152466,0.7147520184516907,0.04873599857091904,1.2122880220413208,0.09158399701118469,1.3038720190525055
gpu_compile,374,63,542,0.04249599948525429,0.14028799533843994,0.3676159977912903,0.6983680129051208,0.048608001321554184,1.206272006034851,0.09110400080680847,1.2973760068416595
gpu_compile,375,86,1082,0.03916800022125244,0.13702400028705597,0.3665919899940491,1.4387199878692627,0.07180800288915634,1.9423359781503677,0.11097600311040878,2.0533119812607765
gpu_compile,376,35,194,0.04633599892258644,0.19753600656986237,0.4618239998817444,0.8107519745826721,0.05177599936723709,1.4701119810342789,0.09811199828982353,1.5682239793241024
gpu_compile,377,63,986,0.0416640006005764,0.1382399946451187,0.35951998829841614,0.7270399928092957,0.04800000041723251,1.2247999757528305,0.08966400101780891,1.3144639767706394
gpu_compile,378,26,84,0.04294399917125702,0.13926400244235992,0.38707199692726135,0.7260159850120544,0.049215998500585556,1.2523519843816757,0.09215999767184258,1.3445119820535183
gpu_compile,379,28,144,0.04275200143456459,0.1382399946451187,0.3654719889163971,0.7188479900360107,0.050303999334573746,1.2225599735975266,0.09305600076913834,1.3156159743666649
gpu_compile,380,45,228,0.04214400053024292,0.1454080045223236,0.35971200466156006,0.7237439751625061,0.04927999898791313,1.2288639843463898,0.09142399951815605,1.3202879838645458
gpu_compile,381,26,134,0.043007999658584595,0.13619199395179749,0.35839998722076416,0.711679995059967,0.04982399940490723,1.2062719762325287,0.09283199906349182,1.2991039752960205
gpu_compile,382,84,1134,0.04371200129389763,0.14233599603176117,0.35839998722076416,0.8191999793052673,0.04960000142455101,1.3199359625577927,0.09331200271844864,1.4132479652762413
gpu_compile,383,57,304,0.044415999203920364,0.14035199582576752,0.3665919899940491,0.7065600156784058,0.05484800040721893,1.2135040014982224,0.0992639996111393,1.3127680011093616
gpu_compile,384,23,82,0.042080000042915344,0.13711999356746674,0.3604480028152466,0.7086079716682434,0.04934399947524071,1.2061759680509567,0.09142399951815605,1.2975999675691128
gpu_compile,385,48,304,0.04108799993991852,0.13648000359535217,0.3644160032272339,0.719871997833252,0.04966399818658829,1.220768004655838,0.0907519981265068,1.3115200027823448
gpu_compile,386,34,126,0.04179200157523155,0.1361600011587143,0.35839998722076416,0.7229440212249756,0.048767998814582825,1.217504009604454,0.09056000038981438,1.3080640099942684
gpu_compile,387,27,76,0.04121600091457367,0.13926400244235992,0.3675200045108795,0.7127040028572083,0.049215998500585556,1.2194880098104477,0.09043199941515923,1.309920009225607
gpu_compile,388,22,102,0.040352001786231995,0.13619199395179749,0.36051198840141296,0.707584023475647,0.049375999718904495,1.2042880058288574,0.08972800150513649,1.294016007333994
gpu_compile,389,29,86,0.0435199998319149,0.14140799641609192,0.3614720106124878,0.7108799815177917,0.04870399832725525,1.2137599885463715,0.09222399815917015,1.3059839867055416
gpu_compile,390,36,184,0.04057599976658821,0.1371839940547943,0.3604480028152466,0.7219200134277344,0.049536000937223434,1.2195520102977753,0.09011200070381165,1.309664011001587
gpu_compile,391,45,378,0.03791999816894531,0.14348800480365753,0.35865598917007446,0.7147520184516907,0.04879999905824661,1.2168960124254227,0.08671999722719193,1.3036160096526146
gpu_compile,392,43,324,0.04335999861359596,0.138047993183136,0.3633919954299927,0.7106559872627258,0.04867200180888176,1.2120959758758545,0.09203200042247772,1.3041279762983322
gpu_compile,393,54,372,0.042399998754262924,0.1443839967250824,0.36454400420188904,0.7136960029602051,0.04822399839758873,1.2226240038871765,0.09062399715185165,1.3132480010390282
gpu_compile,394,22,62,0.040672000497579575,0.1382399946451187,0.3665919899940491,0.6984000205993652,0.048928000032901764,1.203232005238533,0.08960000053048134,1.2928320057690144
gpu_compile,395,34,128,0.04630399867892265,0.14131200313568115,0.3604480028152466,0.7024639844894409,0.048576001077890396,1.2042239904403687,0.09487999975681305,1.2991039901971817
gpu_compile,396,46,408,0.04262400045990944,0.13619199395179749,0.36556801199913025,0.712768018245697,0.049375999718904495,1.2145280241966248,0.09200000017881393,1.3065280243754387
gpu_compile,397,39,226,0.04009599983692169,0.13900800049304962,0.35942399501800537,0.7158719897270203,0.04848000034689903,1.2143039852380753,0.08857600018382072,1.302879985421896
gpu_compile,398,85,1386,0.04355200007557869,0.13811199367046356,0.36556801199913025,0.8058879971504211,0.04934399947524071,1.309568002820015,0.0928959995508194,1.4024640023708344
gpu_compile,399,72,1058,0.04303999990224838,0.13833600282669067,0.3624959886074066,0.8048639893531799,0.04927999898791313,1.3056959807872772,0.09231999889016151,1.3980159796774387
gpu_compile,400,48,352,0.042367998510599136,0.1443839967250824,0.3604480028152466,0.7126719951629639,0.04899200052022934,1.2175039947032928,0.09135999903082848,1.3088639937341213
gpu_compile,401,41,340,0.041471999138593674,0.1372160017490387,0.36528000235557556,0.6973440051078796,0.04819199815392494,1.199840009212494,0.08966399729251862,1.2895040065050125
gpu_compile,402,21,50,0.043487999588251114,0.1454080045223236,0.35942399501800537,0.7239680290222168,0.048608001321554184,1.2288000285625458,0.0920960009098053,1.320896029472351
gpu_compile,403,44,300,0.04255999997258186,0.137472003698349,0.3635840117931366,0.7024639844894409,0.049215998500585556,1.2035199999809265,0.09177599847316742,1.295295998454094
gpu_compile,404,37,148,0.043455999344587326,0.1382399946451187,0.35942399501800537,0.7065600156784058,0.04975999891757965,1.2042240053415298,0.09321599826216698,1.2974400036036968
gpu_compile,405,39,258,0.04278400167822838,0.1353279948234558,0.3676159977912903,0.7055360078811646,0.048608001321554184,1.2084800004959106,0.09139200299978256,1.2998720034956932
gpu_compile,406,47,268,0.04255999997258186,0.1372160017490387,0.35839998722076416,0.7056319713592529,0.049056001007556915,1.2012479603290558,0.09161600098013878,1.2928639613091946
gpu_compile,407,28,86,0.040063999593257904,0.13926400244235992,0.3667199909687042,0.6983680129051208,0.055135998874902725,1.204352006316185,0.09519999846816063,1.2995520047843456
gpu_compile,408,57,938,0.04243199899792671,0.1372160017490387,0.35839998722076416,0.7063360214233398,0.04912000149488449,1.2019520103931427,0.0915520004928112,1.293504010885954
gpu_compile,409,35,206,0.04009599983692169,0.1382399946451187,0.3686400055885315,0.6973440051078796,0.049536000937223434,1.2042240053415298,0.08963200077414513,1.293856006115675
gpu_compile,410,31,136,0.04047999903559685,0.13916799426078796,0.3604480028152466,0.7127040028572083,0.048767998814582825,1.2123199999332428,0.08924799785017967,1.3015679977834225
gpu_compile,411,23,80,0.04211200028657913,0.1372160017490387,0.3635199964046478,0.7108799815177917,0.04956800118088722,1.2116159796714783,0.09168000146746635,1.3032959811389446
gpu_compile,412,42,230,0.04089599847793579,0.1382399946451187,0.36131200194358826,0.7147520184516907,0.04982399940490723,1.2143040150403976,0.09071999788284302,1.3050240129232407
gpu_compile,413,36,80,0.042399998754262924,0.138047993183136,0.36735999584198,0.7166399955749512,0.04915200173854828,1.2220479846000671,0.0915520004928112,1.3135999850928783
gpu_compile,414,61,542,0.043296001851558685,0.13734400272369385,0.3604480028152466,0.7098240256309509,0.048928000032901764,1.2076160311698914,0.09222400188446045,1.2998400330543518
gpu_compile,415,60,576,0.04108799993991852,0.14336000382900238,0.3614720106124878,0.7137280106544495,0.04790399968624115,1.2185600250959396,0.08899199962615967,1.3075520247220993
gpu_compile,416,10,26,0.04451199993491173,0.1369599997997284,0.35206401348114014,0.7834240198135376,0.04918399825692177,1.2724480330944061,0.0936959981918335,1.3661440312862396
gpu_compile,417,65,650,0.04198399931192398,0.1382399946451187,0.35839998722076416,0.7861760258674622,0.049375999718904495,1.282816007733345,0.09135999903082848,1.3741760067641735
gpu_compile,418,17,56,0.04169600084424019,0.1372160017490387,0.36454400420188904,0.7301120162010193,0.04956800118088722,1.231872022151947,0.09126400202512741,1.3231360241770744
gpu_compile,419,48,436,0.04118400067090988,0.138047993183136,0.3596160113811493,0.7137280106544495,0.04886399954557419,1.2113920152187347,0.09004800021648407,1.3014400154352188
gpu_compile,420,41,330,0.04156799986958504,0.1372160017490387,0.36640000343322754,0.7045120000839233,0.0490880012512207,1.2081280052661896,0.09065600112080574,1.2987840063869953
gpu_compile,421,43,200,0.043935999274253845,0.13622400164604187,0.3596160113811493,0.7106559872627258,0.04947200044989586,1.206496000289917,0.0934079997241497,1.2999040000140667
gpu_compile,422,33,178,0.03718400001525879,0.1364160031080246,0.3635199964046478,0.7105280160903931,0.04896000027656555,1.2104640156030655,0.08614400029182434,1.2966080158948898
gpu_compile,423,23,82,0.03811199963092804,0.1372160017490387,0.3571839928627014,0.7086079716682434,0.04886399954557419,1.2030079662799835,0.08697599917650223,1.2899839654564857
gpu_compile,424,32,158,0.04089599847793579,0.1372160017490387,0.36454400420188904,0.7137280106544495,0.04944000020623207,1.2154880166053772,0.09033599868416786,1.305824015289545
gpu_compile,425,22,100,0.038047999143600464,0.1372160017490387,0.35846400260925293,0.7137280106544495,0.04915200173854828,1.209408015012741,0.08720000088214874,1.2966080158948898
gpu_compile,426,22,96,0.041280001401901245,0.1443839967250824,0.3624959886074066,0.7055360078811646,0.04944000020623207,1.2124159932136536,0.09072000160813332,1.3031359948217869
gpu_compile,427,35,170,0.03836800158023834,0.13820800185203552,0.35737600922584534,0.7166720032691956,0.049247998744249344,1.2122560143470764,0.08761600032448769,1.299872014671564
gpu_compile,428,52,304,0.04224000126123428,0.1443839967250824,0.35942399501800537,0.7176960110664368,0.04918399825692177,1.2215040028095245,0.09142399951815605,1.3129280023276806
gpu_compile,429,58,588,0.04540799930691719,0.13743999600410461,0.36956799030303955,0.7014399766921997,0.04912000149488449,1.2084479629993439,0.09452800080180168,1.3029759638011456
gpu_compile,430,29,98,0.04224000126123428,0.13811199367046356,0.36236798763275146,0.7046080231666565,0.04956800118088722,1.2050880044698715,0.0918080024421215,1.296896006911993
gpu_compile,431,72,594,0.03830400109291077,0.1372160017490387,0.36985599994659424,0.694271981716156,0.04854400083422661,1.201343983411789,0.08684800192713737,1.2881919853389263
gpu_compile,432,34,114,0.04265600070357323,0.13619199395179749,0.359391987323761,0.704479992389679,0.04934399947524071,1.2000639736652374,0.09200000017881393,1.2920639738440514
gpu_compile,433,125,2118,0.043807998299598694,0.137472003698349,0.3707199990749359,0.7630720138549805,0.05644800141453743,1.2712640166282654,0.10025599971413612,1.3715200163424015
gpu_compile,434,44,300,0.03807999938726425,0.1382399946451187,0.3699199855327606,0.7157760262489319,0.04822399839758873,1.2239360064268112,0.08630399778485298,1.3102400042116642
gpu_compile,435,53,432,0.041439998894929886,0.13619199395179749,0.3696640133857727,0.707584023475647,0.05023999884724617,1.2134400308132172,0.09167999774217606,1.3051200285553932
gpu_compile,436,25,138,0.04368000105023384,0.14035199582576752,0.35942399501800537,0.7014399766921997,0.04899200052022934,1.2012159675359726,0.09267200157046318,1.2938879691064358
gpu_compile,437,54,374,0.041600000113248825,0.138047993183136,0.37193599343299866,0.7115200161933899,0.0490880012512207,1.2215040028095245,0.09068800136446953,1.312192004173994
gpu_compile,438,19,66,0.041728001087903976,0.1372160017490387,0.35942399501800537,0.7270399928092957,0.048448000103235245,1.2236799895763397,0.09017600119113922,1.313855990767479
gpu_compile,439,28,190,0.04198399931192398,0.14441600441932678,0.3604480028152466,0.7127040028572083,0.04835199937224388,1.2175680100917816,0.09033599868416786,1.3079040087759495
gpu_compile,440,67,1278,0.04156799986958504,0.13916799426078796,0.3604480028152466,0.7106559872627258,0.04867200180888176,1.2102719843387604,0.0902400016784668,1.3005119860172272
gpu_compile,441,30,198,0.04294399917125702,0.1443839967250824,0.3614720106124878,0.7096319794654846,0.048287998884916306,1.2154879868030548,0.09123199805617332,1.3067199848592281
gpu_compile,442,55,374,0.03884800150990486,0.13516800105571747,0.3635199964046478,0.6981120109558105,0.048928000032901764,1.1968000084161758,0.08777600154280663,1.2845760099589825
gpu_compile,443,28,150,0.03811199963092804,0.1443839967250824,0.35737600922584534,0.7098559737205505,0.04947200044989586,1.2116159796714783,0.0875840000808239,1.2991999797523022
gpu_compile,444,25,148,0.04278400167822838,0.13619199395179749,0.3664959967136383,0.6981760263442993,0.048608001321554184,1.200864017009735,0.09139200299978256,1.2922560200095177
gpu_compile,445,43,284,0.03830400109291077,0.13728000223636627,0.35839998722076416,0.7105600237846375,0.047488000243902206,1.2062400132417679,0.08579200133681297,1.2920320145785809
gpu_compile,446,34,192,0.04057599976658821,0.13619199395179749,0.3696640133857727,0.7045120000839233,0.04816000163555145,1.2103680074214935,0.08873600140213966,1.2991040088236332
gpu_compile,447,37,200,0.03932800143957138,0.1361279934644699,0.35942399501800537,0.7085440158843994,0.049056001007556915,1.2040960043668747,0.0883840024471283,1.292480006814003
gpu_compile,448,40,286,0.04227200150489807,0.14032000303268433,0.3696640133857727,0.707584023475647,0.05337600037455559,1.217568039894104,0.09564800187945366,1.3132160417735577
gpu_compile,449,27,56,0.04150399938225746,0.1382399946451187,0.3614720106124878,0.7054719924926758,0.04896000027656555,1.2051839977502823,0.09046399965882301,1.2956479974091053
gpu_compile,450,26,110,0.04230400174856186,0.13622400164604187,0.37040001153945923,0.7024639844894409,0.0496320016682148,1.209087997674942,0.09193600341677666,1.3010240010917187
gpu_compile,451,49,370,0.03868800029158592,0.1372160017490387,0.35846400260925293,0.7188479900360107,0.05036799982190132,1.2145279943943024,0.08905600011348724,1.3035839945077896
gpu_compile,452,72,876,0.03916800022125244,0.1382399946451187,0.374783992767334,0.7147520184516907,0.048767998814582825,1.2277760058641434,0.08793599903583527,1.3157120048999786
gpu_compile,453,50,538,0.03836800158023834,0.13600000739097595,0.35951998829841614,0.726144015789032,0.04831999912858009,1.221664011478424,0.08668800070881844,1.3083520121872425
gpu_compile,454,35,192,0.03811199963092804,0.13619199395179749,0.36127999424934387,0.707584023475647,0.04835199937224388,1.2050560116767883,0.08646399900317192,1.2915200106799603
gpu_compile,455,27,202,0.041728001087903976,0.1372160017490387,0.35740798711776733,0.7063360214233398,0.04886399954557419,1.2009600102901459,0.09059200063347816,1.291552010923624
gpu_compile,456,36,214,0.04230400174856186,0.1454080045223236,0.359391987323761,0.7065600156784058,0.049984000623226166,1.2113600075244904,0.09228800237178802,1.3036480098962784
gpu_compile,457,32,154,0.041152000427246094,0.13619199395179749,0.3595519959926605,0.6963199973106384,0.04896000027656555,1.1920639872550964,0.09011200070381165,1.282175987958908
gpu_compile,458,59,568,0.04137599840760231,0.14233599603176117,0.3593280017375946,0.7106559872627258,0.04864000156521797,1.2123199850320816,0.09001599997282028,1.3023359850049019
gpu_compile,459,16,34,0.042208001017570496,0.1382399946451187,0.3491840064525604,0.7014399766921997,0.04831999912858009,1.1888639777898788,0.09052800014615059,1.2793919779360294
gpu_compile,460,44,194,0.04118400067090988,0.1441279947757721,0.3612160086631775,0.719871997833252,0.049215998500585556,1.2252160012722015,0.09039999917149544,1.315616000443697
gpu_compile,461,27,142,0.039455998688936234,0.13619199395179749,0.3624959886074066,0.6965439915657043,0.04822399839758873,1.1952319741249084,0.08767999708652496,1.2829119712114334
gpu_compile,462,41,492,0.0387520007789135,0.1380160003900528,0.36054399609565735,0.7086079716682434,0.04944000020623207,1.2071679681539536,0.08819200098514557,1.2953599691390991
gpu_compile,463,82,966,0.041919998824596405,0.13711999356746674,0.36582401394844055,0.792576014995575,0.05603199824690819,1.2955200225114822,0.09795199707150459,1.3934720195829868
gpu_compile,464,31,188,0.03827200084924698,0.1382399946451187,0.3614720106124878,0.7229440212249756,0.04950400069355965,1.222656026482582,0.08777600154280663,1.3104320280253887
gpu_compile,465,50,352,0.03807999938726425,0.13619199395179749,0.3683840036392212,0.7106239795684814,0.0490880012512207,1.2151999771595001,0.08716800063848495,1.302367977797985
gpu_compile,466,41,248,0.04121600091457367,0.1372160017490387,0.36556801199913025,0.7065600156784058,0.04870399832725525,1.2093440294265747,0.08991999924182892,1.2992640286684036
gpu_compile,467,25,68,0.04201599955558777,0.1379839926958084,0.3696640133857727,0.7270399928092957,0.0498879998922348,1.2346879988908768,0.09190399944782257,1.3265919983386993
gpu_compile,468,40,180,0.04255999997258186,0.1372479945421219,0.36048001050949097,0.7127040028572083,0.04841599985957146,1.210432007908821,0.09097599983215332,1.3014080077409744
gpu_compile,469,40,168,0.04044799879193306,0.1382399946451187,0.36137598752975464,0.7045120000839233,0.04927999898791313,1.2041279822587967,0.08972799777984619,1.2938559800386429
gpu_compile,470,28,106,0.03903999924659729,0.13619199395179749,0.35942399501800537,0.7034879922866821,0.049247998744249344,1.199103981256485,0.08828799799084663,1.2873919792473316
gpu_compile,471,50,296,0.04134399816393852,0.14422400295734406,0.35948801040649414,0.707584023475647,0.048608001321554184,1.2112960368394852,0.0899519994854927,1.3012480363249779
gpu_compile,472,21,50,0.03836800158023834,0.13619199395179749,0.3604480028152466,0.7065600156784058,0.04870399832725525,1.2032000124454498,0.08707199990749359,1.2902720123529434
gpu_compile,473,42,296,0.038495998829603195,0.14239999651908875,0.3614400029182434,0.7219200134277344,0.0488319993019104,1.2257600128650665,0.0873279981315136,1.3130880109965801
gpu_compile,474,29,166,0.04118400067090988,0.1372160017490387,0.37887999415397644,0.6963199973106384,0.04822399839758873,1.2124159932136536,0.08940799906849861,1.3018239922821522
gpu_compile,475,56,476,0.037728000432252884,0.1364160031080246,0.35862401127815247,0.7117440104484558,0.04835199937224388,1.2067840248346329,0.08607999980449677,1.2928640246391296
gpu_compile,476,44,246,0.037696000188589096,0.13619199395179749,0.3665919899940491,0.7006080150604248,0.04886399954557419,1.2033919990062714,0.08655999973416328,1.2899519987404346
gpu_compile,477,32,156,0.05142400041222572,0.1382399946451187,0.3595519959926605,0.7055680155754089,0.0480320006608963,1.2033600062131882,0.09945600107312202,1.3028160072863102
gpu_compile,478,48,344,0.04169600084424019,0.13619199395179749,0.36956799030303955,0.7036799788475037,0.05536000058054924,1.2094399631023407,0.09705600142478943,1.3064959645271301
gpu_compile,479,26,122,0.03891199827194214,0.1372160017490387,0.35942399501800537,0.7157760262489319,0.05056000128388405,1.212416023015976,0.08947199955582619,1.3018880225718021
gpu_compile,480,26,170,0.038975998759269714,0.1371839940547943,0.3686400055885315,0.7011839747428894,0.048928000032901764,1.2070079743862152,0.08790399879217148,1.2949119731783867
gpu_compile,481,20,66,0.04054399952292442,0.13731199502944946,0.3603839874267578,0.7106559872627258,0.04774399846792221,1.208351969718933,0.08828799799084663,1.2966399677097797
gpu_compile,482,48,290,0.04416000097990036,0.1382399946451187,0.3676159977912903,0.707584023475647,0.04838399961590767,1.213440015912056,0.09254400059580803,1.305984016507864
gpu_compile,483,28,196,0.04025600105524063,0.1372160017490387,0.3595840036869049,0.7024959921836853,0.047968000173568726,1.199295997619629,0.08822400122880936,1.2875199988484383
gpu_compile,484,23,72,0.037567999213933945,0.1382399946451187,0.37171199917793274,0.7188479900360107,0.05008000135421753,1.2287999838590622,0.08764800056815147,1.3164479844272137
gpu_compile,485,60,434,0.03872000053524971,0.1382399946451187,0.35942399501800537,0.7077119946479797,0.04902400076389313,1.2053759843111038,0.08774400129914284,1.2931199856102467
gpu_compile,486,41,188,0.03830400109291077,0.13622400164604187,0.3614720106124878,0.7127040028572083,0.04822399839758873,1.210400015115738,0.0865279994904995,1.2969280146062374
gpu_compile,487,40,254,0.042080000042915344,0.13523200154304504,0.35839998722076416,0.7169280052185059,0.048576001077890396,1.210559993982315,0.09065600112080574,1.3012159951031208
gpu_compile,488,44,338,0.04217600077390671,0.1454080045223236,0.3623040020465851,0.7146239876747131,0.0490880012512207,1.2223359942436218,0.09126400202512741,1.3135999962687492
gpu_compile,489,30,120,0.03846399858593941,0.1372160017490387,0.36454400420188904,0.6963199973106384,0.047775998711586,1.1980800032615662,0.0862399972975254,1.2843200005590916
gpu_compile,490,40,252,0.03734400123357773,0.14336000382900238,0.35942399501800537,0.705407977104187,0.04816000163555145,1.2081919759511948,0.08550400286912918,1.293695978820324
gpu_compile,491,76,790,0.042527999728918076,0.13820800185203552,0.3635520040988922,0.7032319903373718,0.05097600072622299,1.2049919962882996,0.09350400045514107,1.2984959967434406
gpu_compile,492,31,110,0.03753599897027016,0.1372160017490387,0.35737600922584534,0.7198399901390076,0.049984000623226166,1.2144320011138916,0.08751999959349632,1.301952000707388
gpu_compile,493,68,502,0.0416640006005764,0.1353919953107834,0.3635199964046478,0.7032639980316162,0.04879999905824661,1.2021759897470474,0.09046399965882301,1.2926399894058704
gpu_compile,494,62,620,0.03888000175356865,0.13619199395179749,0.3606719970703125,0.7208960056304932,0.0490880012512207,1.2177599966526031,0.08796800300478935,1.3057279996573925
gpu_compile,495,19,88,0.03711999952793121,0.1372160017490387,0.3668160140514374,0.7096319794654846,0.05462399870157242,1.2136639952659607,0.09174399822950363,1.3054079934954643
gpu_compile,496,45,318,0.04287999868392944,0.13923199474811554,0.35839998722076416,0.7087039947509766,0.047807998955249786,1.2063359767198563,0.09068799763917923,1.2970239743590355
gpu_compile,497,59,644,0.04179200157523155,0.13619199395179749,0.3654080033302307,0.6993920207023621,0.04841599985957146,1.2009920179843903,0.09020800143480301,1.2912000194191933
gpu_compile,498,47,302,0.04025600105524063,0.13820800185203552,0.3564159870147705,0.7055360078811646,0.047839999198913574,1.2001599967479706,0.0880960002541542,1.2882559970021248
gpu_compile,499,47,168,0.03916800022125244,0.1372160017490387,0.3686400055885315,0.7003840208053589,0.04947200044989586,1.206240028142929,0.0886400006711483,1.2948800288140774
gpu_compile,500,22,78,0.042367998510599136,0.13628800213336945,0.36028799414634705,0.7167999744415283,0.05036799982190132,1.2133759707212448,0.09273599833250046,1.3061119690537453
gpu_compile,501,49,244,0.04201599955558777,0.13708800077438354,0.36745598912239075,0.7127040028572083,0.04774399846792221,1.2172479927539825,0.08975999802350998,1.3070079907774925
gpu_compile,502,38,186,0.04064000025391579,0.13631999492645264,0.3603520095348358,0.7065600156784058,0.04902400076389313,1.2032320201396942,0.08966400101780891,1.2928960211575031
gpu_compile,503,55,448,0.04278400167822838,0.13728000223636627,0.361407995223999,0.7114880084991455,0.049056001007556915,1.2101760059595108,0.0918400026857853,1.302016008645296
gpu_compile,504,37,262,0.03852799907326698,0.1363839954137802,0.3574399948120117,0.7046080231666565,0.04899200052022934,1.1984320133924484,0.08751999959349632,1.2859520129859447
gpu_compile,505,31,146,0.04089599847793579,0.14326399564743042,0.35839998722076416,0.7057920098304749,0.04896000027656555,1.2074559926986694,0.08985599875450134,1.2973119914531708
gpu_compile,506,15,62,0.040832001715898514,0.13619199395179749,0.3493439853191376,0.7063680291175842,0.050016000866889954,1.1919040083885193,0.09084800258278847,1.2827520109713078
gpu_compile,507,40,176,0.04224000126123428,0.14643199741840363,0.3614720106124878,0.7088959813117981,0.049247998744249344,1.2167999893426895,0.09148800000548363,1.3082879893481731
gpu_compile,508,37,388,0.04243199899792671,0.1382399946451187,0.3666880130767822,0.7055360078811646,0.05023999884724617,1.2104640156030655,0.09267199784517288,1.3031360134482384
gpu_compile,509,46,184,0.03846399858593941,0.13843199610710144,0.35839998722076416,0.7147520184516907,0.04931199923157692,1.2115840017795563,0.08777599781751633,1.2993599995970726
gpu_compile,510,15,34,0.03843199834227562,0.13519999384880066,0.35225600004196167,0.6952959895133972,0.0480320006608963,1.1827519834041595,0.08646399900317192,1.2692159824073315
gpu_compile,511,40,260,0.04739199951291084,0.13740800321102142,0.3601920008659363,0.7024639844894409,0.048928000032901764,1.2000639885663986,0.0963199995458126,1.2963839881122112
gpu_compile,512,12,24,0.03734400123357773,0.13619199395179749,0.35225600004196167,0.6985599994659424,0.049247998744249344,1.1870079934597015,0.08659199997782707,1.2735999934375286
gpu_compile,513,30,146,0.04604800045490265,0.1372160017490387,0.36025598645210266,0.7065600156784058,0.04800000041723251,1.2040320038795471,0.09404800087213516,1.2980800047516823
gpu_compile,514,19,50,0.04156799986958504,0.13622400164604187,0.3665919899940491,0.7086079716682434,0.04831999912858009,1.2114239633083344,0.08988799899816513,1.3013119623064995
gpu_compile,515,32,252,0.03862399980425835,0.13734400272369385,0.35839998722076416,0.7024639844894409,0.04886399954557419,1.198207974433899,0.08748799934983253,1.2856959737837315
gpu_compile,516,37,246,0.041152000427246094,0.1363839954137802,0.3657599985599518,0.6923199892044067,0.055456001311540604,1.1944639831781387,0.0966080017387867,1.2910719849169254
gpu_compile,517,8,10,0.04009599983692169,0.137472003698349,0.34729599952697754,0.7937279939651489,0.04927999898791313,1.2784959971904755,0.08937599882483482,1.3678719960153103
gpu_compile,518,22,60,0.04054399952292442,0.1382399946451187,0.36480000615119934,0.719871997833252,0.04848000034689903,1.22291199862957,0.08902399986982346,1.3119359984993935
gpu_compile,519,38,190,0.040383998304605484,0.13926400244235992,0.3604480028152466,0.7138559818267822,0.04870399832725525,1.2135679870843887,0.08908799663186073,1.3026559837162495
gpu_compile,520,28,58,0.040192000567913055,0.13728000223636627,0.3607040047645569,0.7055360078811646,0.04886399954557419,1.2035200148820877,0.08905600011348724,1.292576014995575
gpu_compile,521,38,310,0.036959998309612274,0.14131200313568115,0.3606080114841461,0.7026879787445068,0.04867200180888176,1.204607993364334,0.08563200011849403,1.2902399934828281
gpu_compile,522,29,114,0.03840000182390213,0.14233599603176117,0.3604480028152466,0.7118080258369446,0.048128001391887665,1.2145920246839523,0.0865280032157898,1.3011200278997421
gpu_compile,523,36,212,0.04089599847793579,0.13820800185203552,0.3604480028152466,0.7045120000839233,0.04934399947524071,1.2031680047512054,0.0902399979531765,1.293408002704382
gpu_compile,524,35,198,0.04102399945259094,0.14336000382900238,0.3665919899940491,0.7106559872627258,0.04838399961590767,1.2206079810857773,0.08940799906849861,1.310015980154276
gpu_compile,525,82,1224,0.04275200143456459,0.13737599551677704,0.36454400420188904,0.7015680074691772,0.05023999884724617,1.2034880071878433,0.09299200028181076,1.296480007469654
gpu_compile,526,33,148,0.04137599840760231,0.1382399946451187,0.3614720106124878,0.7134720087051392,0.04947200044989586,1.2131840139627457,0.09084799885749817,1.3040320128202438
gpu_compile,527,13,36,0.03699199855327606,0.1372479945421219,0.35516801476478577,0.7770879864692688,0.048767998814582825,1.2695039957761765,0.08575999736785889,1.3552639931440353
gpu_compile,528,32,148,0.04281599819660187,0.1382399946451187,0.35737600922584534,0.7126079797744751,0.0488319993019104,1.2082239836454391,0.09164799749851227,1.2998719811439514
gpu_compile,529,32,162,0.03968000039458275,0.1380160003900528,0.36454400420188904,0.6963199973106384,0.048895999789237976,1.1988800019025803,0.08857600018382072,1.287456002086401
gpu_compile,530,43,246,0.04265600070357323,0.1372160017490387,0.35839998722076416,0.7105919718742371,0.04870399832725525,1.20620796084404,0.09135999903082848,1.2975679598748684
gpu_compile,531,22,68,0.040800001472234726,0.1372160017490387,0.3696640133857727,0.7096319794654846,0.048448000103235245,1.216511994600296,0.08924800157546997,1.305759996175766
gpu_compile,532,28,90,0.038495998829603195,0.1361600011587143,0.35843199491500854,0.7024639844894409,0.049375999718904495,1.1970559805631638,0.08787199854850769,1.2849279791116714
gpu_compile,533,38,228,0.037151999771595,0.13619199395179749,0.3665919899940491,0.7065600156784058,0.0496320016682148,1.2093439996242523,0.0867840014398098,1.2961280010640621
gpu_compile,534,44,330,0.041439998894929886,0.13619199395179749,0.35942399501800537,0.711679995059967,0.048767998814582825,1.20729598402977,0.09020799770951271,1.2975039817392826
gpu_compile,535,34,184,0.043007999658584595,0.13814400136470795,0.36127999424934387,0.7086079716682434,0.04902400076389313,1.2080319672822952,0.09203200042247772,1.300063967704773
gpu_compile,536,36,222,0.03811199963092804,0.1523520052433014,0.35942399501800537,0.7217919826507568,0.04927999898791313,1.2335679829120636,0.08739199861884117,1.3209599815309048
gpu_compile,537,51,354,0.03798399865627289,0.14256000518798828,0.35942399501800537,0.7052800059318542,0.04918399825692177,1.207264006137848,0.08716799691319466,1.2944320030510426
gpu_compile,538,34,144,0.04163200035691261,0.13820800185203552,0.3627519905567169,0.6993920207023621,0.04835199937224388,1.2003520131111145,0.0899839997291565,1.290336012840271
gpu_compile,539,51,294,0.0387520007789135,0.14448000490665436,0.36556801199913025,0.7095999717712402,0.04899200052022934,1.2196479886770248,0.08774400129914284,1.3073919899761677
gpu_compile,540,59,800,0.03859199956059456,0.13619199395179749,0.36454400420188904,0.696287989616394,0.04972799867391586,1.1970239877700806,0.08831999823451042,1.285343986004591
gpu_compile,541,35,150,0.04105599969625473,0.13808000087738037,0.35942399501800537,0.7087039947509766,0.04854400083422661,1.2062079906463623,0.08960000053048134,1.2958079911768436
gpu_compile,542,48,346,0.0424639992415905,0.1371839940547943,0.3665919899940491,0.7004160284996033,0.048767998814582825,1.2041920125484467,0.09123199805617332,1.29542401060462
gpu_compile,543,25,152,0.045504000037908554,0.1372160017490387,0.3604480028152466,0.7086079716682434,0.04761600121855736,1.2062719762325287,0.09312000125646591,1.2993919774889946
gpu_compile,544,10,16,0.04156799986958504,0.1382399946451187,0.35651201009750366,0.6932479739189148,0.04934399947524071,1.1879999786615372,0.09091199934482574,1.278911978006363
gpu_compile,545,38,148,0.039744000881910324,0.1372160017490387,0.36057600378990173,0.7055360078811646,0.048576001077890396,1.203328013420105,0.08832000195980072,1.2916480153799057
gpu_compile,546,57,474,0.03852799907326698,0.1372160017490387,0.3665919899940491,0.7004160284996033,0.054336000233888626,1.204224020242691,0.09286399930715561,1.2970880195498466
gpu_compile,547,77,1096,0.042527999728918076,0.138047993183136,0.35971200466156006,0.7075200080871582,0.049695998430252075,1.2052800059318542,0.09222399815917015,1.2975040040910244
gpu_compile,548,55,512,0.04089599847793579,0.1372160017490387,0.3696640133857727,0.7136960029602051,0.04918399825692177,1.2205760180950165,0.09007999673485756,1.310656014829874
gpu_compile,549,15,20,0.0398080013692379,0.1372160017490387,0.347135990858078,0.7127040028572083,0.048895999789237976,1.197055995464325,0.08870400115847588,1.2857599966228008
gpu_compile,550,40,218,0.03846399858593941,0.13619199395179749,0.3665919899940491,0.7086079716682434,0.049695998430252075,1.21139195561409,0.08815999701619148,1.2995519526302814
gpu_compile,551,45,418,0.03807999938726425,0.1379839926958084,0.3593280017375946,0.7046719789505005,0.04879999905824661,1.2019839733839035,0.08687999844551086,1.2888639718294144
gpu_compile,552,47,378,0.03888000175356865,0.13542400300502777,0.36556801199913025,0.7034879922866821,0.0488319993019104,1.2044800072908401,0.08771200105547905,1.2921920083463192
gpu_compile,553,41,306,0.03750399872660637,0.13619199395179749,0.35712000727653503,0.7024639844894409,0.04870399832725525,1.1957759857177734,0.08620799705386162,1.281983982771635
gpu_compile,554,35,172,0.037856001406908035,0.13619199395179749,0.365664005279541,0.7086079716682434,0.049375999718904495,1.210463970899582,0.08723200112581253,1.2976959720253944
gpu_compile,555,58,488,0.03763199970126152,0.13619199395179749,0.3603520095348358,0.7066879868507385,0.04854400083422661,1.2032319903373718,0.08617600053548813,1.28940799087286
gpu_compile,556,44,210,0.0432640016078949,0.14521600306034088,0.3676159977912903,0.7093759775161743,0.04992000013589859,1.2222079783678055,0.09318400174379349,1.315391980111599
gpu_compile,557,37,146,0.04095999896526337,0.1372160017490387,0.359360009431839,0.7137280106544495,0.04915200173854828,1.2103040218353271,0.09011200070381165,1.3004160225391388
gpu_compile,558,22,56,0.04227200150489807,0.14336000382900238,0.3954559862613678,0.711679995059967,0.04870399832725525,1.2504959851503372,0.09097599983215332,1.3414719849824905
gpu_compile,559,29,108,0.04108799993991852,0.1380160003900528,0.36636799573898315,0.7004479765892029,0.0490880012512207,1.2048319727182388,0.09017600119113922,1.295007973909378
gpu_compile,560,28,102,0.03711999952793121,0.13737599551677704,0.3616960048675537,0.7065600156784058,0.048128001391887665,1.2056320160627365,0.08524800091981888,1.2908800169825554
gpu_compile,561,19,80,0.03747199848294258,0.1382399946451187,0.3676159977912903,0.7239999771118164,0.04835199937224388,1.2298559695482254,0.08582399785518646,1.3156799674034119
gpu_compile,562,22,94,0.041760001331567764,0.1372160017490387,0.35942399501800537,0.7034879922866821,0.048928000032901764,1.2001279890537262,0.09068800136446953,1.2908159904181957
gpu_compile,563,19,114,0.04153599962592125,0.1372160017490387,0.3665919899940491,0.711903989315033,0.05443200096487999,1.2157119810581207,0.09596800059080124,1.311679981648922
gpu_compile,564,35,152,0.038495998829603195,0.1382399946451187,0.35920000076293945,0.7023040056228638,0.049056001007556915,1.199744001030922,0.08755199983716011,1.287296000868082
gpu_compile,565,33,118,0.03814399987459183,0.13619199395179749,0.3665919899940491,0.6973440051078796,0.04915200173854828,1.2001279890537262,0.0872960016131401,1.2874239906668663
gpu_compile,566,62,884,0.03907199949026108,0.13702400028705597,0.35916799306869507,0.7084159851074219,0.04915200173854828,1.204607978463173,0.08822400122880936,1.2928319796919823
gpu_compile,567,27,104,0.037376001477241516,0.13619199395179749,0.3665280044078827,0.7015359997749329,0.04927999898791313,1.204255998134613,0.08665600046515465,1.2909119985997677
gpu_compile,568,34,132,0.04195199906826019,0.1372160017490387,0.35942399501800537,0.703711986541748,0.04864000156521797,1.2003519833087921,0.09059200063347816,1.2909439839422703
gpu_compile,569,50,526,0.04012800008058548,0.13619199395179749,0.36556801199913025,0.704800009727478,0.04851200059056282,1.2065600156784058,0.0886400006711483,1.295200016349554
gpu_compile,570,41,322,0.04124800115823746,0.1372160017490387,0.3604480028152466,0.704255998134613,0.04819199815392494,1.2019200026988983,0.0894399993121624,1.2913600020110607
gpu_compile,571,18,80,0.038495998829603195,0.13702400028705597,0.36476799845695496,0.7208960056304932,0.04745600000023842,1.222688004374504,0.08595199882984161,1.3086400032043457
gpu_compile,572,38,346,0.041120000183582306,0.13619199395179749,0.35868799686431885,0.7157120108604431,0.048576001077890396,1.2105920016765594,0.0896960012614727,1.3002880029380322
gpu_compile,573,74,1292,0.041919998824596405,0.1443839967250824,0.36028799414634705,0.792576014995575,0.050016000866889954,1.2972480058670044,0.09193599969148636,1.3891840055584908
gpu_compile,574,22,74,0.038015998899936676,0.1364479959011078,0.36556801199913025,0.712448000907898,0.048895999789237976,1.214464008808136,0.08691199868917465,1.3013760074973106
gpu_compile,575,88,888,0.04291199892759323,0.13840000331401825,0.36243200302124023,0.7616959810256958,0.049984000623226166,1.2625279873609543,0.0928959995508194,1.3554239869117737
gpu_compile,576,32,196,0.04124800115823746,0.1382399946451187,0.3686400055885315,0.7066239714622498,0.05369599908590317,1.2135039716959,0.09494400024414062,1.3084479719400406
gpu_compile,577,35,146,0.03843199834227562,0.13715200126171112,0.35923200845718384,0.7077440023422241,0.04902400076389313,1.204128012061119,0.08745599910616875,1.2915840111672878
gpu_compile,578,24,52,0.03932800143957138,0.13526399433612823,0.36633598804473877,0.6983680129051208,0.04918399825692177,1.1999679952859879,0.08851199969649315,1.288479994982481
gpu_compile,579,42,300,0.04137599840760231,0.13715200126171112,0.3635199964046478,0.7167999744415283,0.049247998744249344,1.2174719721078873,0.09062399715185165,1.308095969259739
gpu_compile,580,42,248,0.03929600119590759,0.13945600390434265,0.3683840036392212,0.7077760100364685,0.04950400069355965,1.2156160175800323,0.08880000188946724,1.3044160194694996
gpu_compile,581,52,466,0.04230400174856186,0.13843199610710144,0.359391987323761,0.7076799869537354,0.04886399954557419,1.2055039703845978,0.09116800129413605,1.2966719716787338
gpu_compile,582,63,340,0.0416640006005764,0.13711999356746674,0.36662399768829346,0.7055360078811646,0.04927999898791313,1.2092799991369247,0.09094399958848953,1.3002239987254143
gpu_compile,583,36,408,0.03824000060558319,0.13619199395179749,0.35942399501800537,0.7045760154724121,0.0490880012512207,1.200192004442215,0.0873280018568039,1.2875200062990189
gpu_compile,584,44,202,0.041120000183582306,0.13619199395179749,0.3614720106124878,0.707584023475647,0.049695998430252075,1.2052480280399323,0.09081599861383438,1.2960640266537666
gpu_compile,585,34,224,0.0387520007789135,0.13619199395179749,0.3604480028152466,0.7096319794654846,0.04822399839758873,1.2062719762325287,0.08697599917650223,1.293247975409031
gpu_compile,586,71,676,0.04131200164556503,0.1432960033416748,0.3635199964046478,0.7752959728240967,0.05097600072622299,1.2821119725704193,0.09228800237178802,1.3743999749422073
gpu_compile,587,34,160,0.038336001336574554,0.13619199395179749,0.36454400420188904,0.6972799897193909,0.04870399832725525,1.1980159878730774,0.0870399996638298,1.2850559875369072
gpu_compile,588,31,140,0.041152000427246094,0.1372160017490387,0.35740798711776733,0.7134720087051392,0.049375999718904495,1.2080959975719452,0.09052800014615059,1.2986239977180958
gpu_compile,589,42,368,0.03903999924659729,0.1371839940547943,0.36556801199913025,0.7002559900283813,0.04816000163555145,1.203007996082306,0.08720000088214874,1.2902079969644547
gpu_compile,590,26,172,0.038784001022577286,0.1372160017490387,0.3614720106124878,0.714847981929779,0.04831999912858009,1.2135359942913055,0.08710400015115738,1.300639994442463
gpu_compile,591,19,28,0.04131200164556503,0.13619199395179749,0.36768001317977905,0.7126079797744751,0.05603199824690819,1.2164799869060516,0.09734399989247322,1.3138239867985249
gpu_compile,592,27,142,0.04102399945259094,0.13619199395179749,0.35737600922584534,0.7055680155754089,0.048576001077890396,1.1991360187530518,0.08960000053048134,1.288736019283533
gpu_compile,593,33,184,0.0379519984126091,0.1369280070066452,0.36531201004981995,0.7024639844894409,0.04896000027656555,1.204704001545906,0.08691199868917465,1.2916160002350807
gpu_compile,594,44,444,0.03782400116324425,0.1372160017490387,0.35942399501800537,0.7045760154724121,0.048928000032901764,1.2012160122394562,0.08675200119614601,1.2879680134356022
gpu_compile,595,38,222,0.03929600119590759,0.13731199502944946,0.3665919899940491,0.7087039947509766,0.04934399947524071,1.212607979774475,0.0886400006711483,1.3012479804456234
gpu_compile,596,40,160,0.04310400038957596,0.1383039951324463,0.36163198947906494,0.7055360078811646,0.049247998744249344,1.2054719924926758,0.0923519991338253,1.297823991626501
gpu_compile,597,27,164,0.03747199848294258,0.13523200154304504,0.36556801199913025,0.7022079825401306,0.048287998884916306,1.203007996082306,0.08575999736785889,1.2887679934501648
gpu_compile,598,53,558,0.04243199899792671,0.1372160017490387,0.35942399501800537,0.7046399712562561,0.04854400083422661,1.2012799680233002,0.09097599983215332,1.2922559678554535
gpu_compile,599,31,212,0.038015998899936676,0.13619199395179749,0.36847999691963196,0.7063040137290955,0.04966399818658829,1.210976004600525,0.08767999708652496,1.2986560016870499
gpu_compile,600,45,316,0.0435199998319149,0.1372160017490387,0.35839998722076416,0.7106559872627258,0.04870399832725525,1.2062719762325287,0.09222399815917015,1.2984959743916988
gpu_compile,601,39,314,0.04012800008058548,0.14233599603176117,0.3604480028152466,0.7055360078811646,0.04886399954557419,1.2083200067281723,0.08899199962615967,1.297312006354332
gpu_compile,602,45,392,0.03798399865627289,0.13622400164604187,0.35839998722076416,0.7024639844894409,0.049536000937223434,1.197087973356247,0.08751999959349632,1.2846079729497433
gpu_compile,603,30,160,0.04131200164556503,0.5304639935493469,0.3901439905166626,0.9983999729156494,0.054016001522541046,1.919007956981659,0.09532800316810608,2.014335960149765
gpu_compile,604,39,212,0.038943998515605927,0.14233599603176117,0.36137598752975464,0.719871997833252,0.04873599857091904,1.2235839813947678,0.08767999708652496,1.3112639784812927
gpu_compile,605,91,1818,0.04259200021624565,0.137472003698349,0.3676159977912903,0.7895039916038513,0.04979199916124344,1.2945919930934906,0.09238399937748909,1.3869759924709797
gpu_compile,606,31,92,0.03964800015091896,0.1382399946451187,0.3553279936313629,0.7095680236816406,0.04870399832725525,1.2031360119581223,0.08835199847817421,1.2914880104362965
gpu_compile,607,48,270,0.03824000060558319,0.14022399485111237,0.3614720106124878,0.7147520184516907,0.05132799968123436,1.2164480239152908,0.08956800028681755,1.3060160242021084
gpu_compile,608,23,64,0.03968000039458275,0.14131200313568115,0.36556801199913025,0.7096319794654846,0.04864000156521797,1.216511994600296,0.08832000195980072,1.3048319965600967
gpu_compile,609,37,276,0.041120000183582306,0.14326399564743042,0.35839998722076416,0.7175679802894592,0.04787199944257736,1.2192319631576538,0.08899199962615967,1.3082239627838135
gpu_compile,610,27,186,0.040991999208927155,0.13734400272369385,0.36454400420188904,0.7033600211143494,0.048287998884916306,1.2052480280399323,0.08927999809384346,1.2945280261337757
gpu_compile,611,56,828,0.04121600091457367,0.14428800344467163,0.35737600922584534,0.719871997833252,0.04947200044989586,1.221536010503769,0.09068800136446953,1.3122240118682384
gpu_compile,612,35,106,0.038336001336574554,0.13625599443912506,0.3688639998435974,0.6965439915657043,0.04822399839758873,1.2016639858484268,0.08655999973416328,1.28822398558259
gpu_compile,613,33,260,0.04739199951291084,0.13743999600410461,0.35942399501800537,0.7086079716682434,0.049056001007556915,1.2054719626903534,0.09644800052046776,1.3019199632108212
gpu_compile,614,67,728,0.042080000042915344,0.13631999492645264,0.3676159977912903,0.6983680129051208,0.04899200052022934,1.2023040056228638,0.09107200056314468,1.2933760061860085
gpu_compile,615,26,160,0.04163200035691261,0.1372160017490387,0.35839998722076416,0.7045440077781677,0.04956800118088722,1.2001599967479706,0.09120000153779984,1.2913599982857704
gpu_compile,616,39,182,0.037376001477241516,0.1372160017490387,0.3696640133857727,0.7055360078811646,0.054048001766204834,1.212416023015976,0.09142400324344635,1.3038400262594223
gpu_compile,617,26,94,0.04281599819660187,0.13808000087738037,0.35942399501800537,0.7208319902420044,0.049215998500585556,1.2183359861373901,0.09203199669718742,1.3103679828345776
gpu_compile,618,32,170,0.03779200091958046,0.13625599443912506,0.3644160032272339,0.7024639844894409,0.04899200052022934,1.2031359821557999,0.0867840014398098,1.2899199835956097
gpu_compile,619,29,138,0.04102399945259094,0.1369599997997284,0.35839998722076416,0.7178239822387695,0.04979199916124344,1.213183969259262,0.09081599861383438,1.3039999678730965
gpu_compile,620,21,78,0.038047999143600464,0.13737599551677704,0.3624959886074066,0.7086079716682434,0.05011200159788132,1.208479955792427,0.08816000074148178,1.2966399565339088
gpu_compile,621,44,302,0.040608000010252,0.1372160017490387,0.35737600922584534,0.7054719924926758,0.04896000027656555,1.2000640034675598,0.08956800028681755,1.2896320037543774
gpu_compile,622,77,870,0.04217600077390671,0.1372160017490387,0.3665919899940491,0.7167680263519287,0.04995200037956238,1.2205760180950165,0.09212800115346909,1.3127040192484856
gpu_compile,623,35,132,0.04137599840760231,0.13708800077438354,0.3604480028152466,0.7065600156784058,0.04848000034689903,1.2040960192680359,0.08985599875450134,1.2939520180225372
gpu_compile,624,21,54,0.037696000188589096,0.1372160017490387,0.35916799306869507,0.7013760209083557,0.04851200059056282,1.1977600157260895,0.08620800077915192,1.2839680165052414
gpu_compile,625,42,240,0.04198399931192398,0.1372160017490387,0.359360009431839,0.7157760262489319,0.04912000149488449,1.2123520374298096,0.09110400080680847,1.303456038236618
gpu_compile,626,58,550,0.03903999924659729,0.14233599603176117,0.35839998722076416,0.7127040028572083,0.048767998814582825,1.2134399861097336,0.08780799806118011,1.3012479841709137
gpu_compile,627,64,600,0.041280001401901245,0.13619199395179749,0.35942399501800537,0.7034879922866821,0.04966399818658829,1.199103981256485,0.09094399958848953,1.2900479808449745
gpu_compile,628,36,176,0.03814399987459183,0.1443839967250824,0.35839998722076416,0.7189440131187439,0.05004800111055374,1.2217279970645905,0.08819200098514557,1.309919998049736
gpu_compile,629,24,54,0.039264000952243805,0.138047993183136,0.36374399065971375,0.7023040056228638,0.04864000156521797,1.2040959894657135,0.08790400251746178,1.2919999919831753
gpu_compile,630,44,370,0.03993599861860275,0.1372160017490387,0.3617280125617981,0.7216960191726685,0.05020799860358238,1.2206400334835052,0.09014399722218513,1.3107840307056904
gpu_compile,631,19,46,0.03868800029158592,0.1372160017490387,0.3656960129737854,0.7189760208129883,0.0496320016682148,1.2218880355358124,0.08832000195980072,1.310208037495613
gpu_compile,632,34,188,0.03984000161290169,0.1382399946451187,0.3612479865550995,0.7128959894180298,0.048287998884916306,1.212383970618248,0.088128000497818,1.300511971116066
gpu_compile,633,46,346,0.037696000188589096,0.1372479945421219,0.3665919899940491,0.6983680129051208,0.053888000547885895,1.2022079974412918,0.09158400073647499,1.2937919981777668
gpu_compile,634,36,136,0.03923200070858002,0.1372160017490387,0.36239999532699585,0.711679995059967,0.04899200052022934,1.2112959921360016,0.08822400122880936,1.299519993364811
gpu_compile,635,34,228,0.03840000182390213,0.1382399946451187,0.36880001425743103,0.7116479873657227,0.04975999891757965,1.2186879962682724,0.08816000074148178,1.3068479970097542
gpu_compile,636,40,336,0.040608000010252,0.1372160017490387,0.3606399893760681,0.7055360078811646,0.04947200044989586,1.2033919990062714,0.09008000046014786,1.2934719994664192
gpu_compile,637,52,400,0.04057599976658821,0.1382399946451187,0.3656960129737854,0.7034879922866821,0.049056001007556915,1.2074239999055862,0.08963200077414513,1.2970560006797314
gpu_compile,638,38,182,0.03824000060558319,0.1371839940547943,0.35737600922584534,0.7056639790534973,0.049695998430252075,1.200223982334137,0.08793599903583527,1.2881599813699722
gpu_compile,639,40,438,0.039455998688936234,0.13728000223636627,0.36556801199913025,0.7024639844894409,0.04912000149488449,1.2053119987249374,0.08857600018382072,1.2938879989087582
gpu_compile,640,20,74,0.03929600119590759,0.1361600011587143,0.35737600922584534,0.7044159770011902,0.047968000173568726,1.1979519873857498,0.08726400136947632,1.2852159887552261
gpu_compile,641,78,722,0.03916800022125244,0.13625599443912506,0.3624959886074066,0.7729920148849487,0.049536000937223434,1.2717439979314804,0.08870400115847588,1.3604479990899563
gpu_compile,642,22,56,0.04108799993991852,0.1372160017490387,0.35839998722076416,0.7137280106544495,0.04864000156521797,1.2093439996242523,0.08972800150513649,1.2990720011293888
gpu_compile,643,40,222,0.03798399865627289,0.14336000382900238,0.35942399501800537,0.7134720087051392,0.048576001077890396,1.216256007552147,0.08655999973416328,1.3028160072863102
gpu_compile,644,41,262,0.03996799886226654,0.1363839954137802,0.36454400420188904,0.7078400254249573,0.052671998739242554,1.2087680250406265,0.0926399976015091,1.3014080226421356
gpu_compile,645,39,204,0.0432640016078949,0.1372160017490387,0.35839998722076416,0.7096319794654846,0.04992000013589859,1.2052479684352875,0.09318400174379349,1.298431970179081
gpu_compile,646,50,316,0.0390079990029335,0.13820800185203552,0.3646399974822998,0.707584023475647,0.04831999912858009,1.2104320228099823,0.0873279981315136,1.297760020941496
gpu_compile,647,15,26,0.03868800029158592,0.1372160017490387,0.34726399183273315,0.7128639817237854,0.04838399961590767,1.1973439753055573,0.08707199990749359,1.2844159752130508
gpu_compile,648,46,592,0.041760001331567764,0.1372160017490387,0.3644160032272339,0.6993920207023621,0.05532800033688545,1.2010240256786346,0.09708800166845322,1.2981120273470879
gpu_compile,649,29,100,0.039903998374938965,0.141184002161026,0.35737600922584534,0.7065600156784058,0.04873599857091904,1.205120027065277,0.088639996945858,1.293760024011135
gpu_compile,650,24,206,0.043935999274253845,0.1372160017490387,0.3676159977912903,0.6993920207023621,0.04902400076389313,1.204224020242691,0.09296000003814697,1.297184020280838
gpu_compile,651,94,894,0.04057599976658821,0.1382399946451187,0.3604480028152466,0.7659519910812378,0.04912000149488449,1.264639988541603,0.0896960012614727,1.3543359898030758
gpu_compile,652,33,136,0.039135999977588654,0.13619199395179749,0.36556801199913025,0.7024639844894409,0.04915200173854828,1.2042239904403687,0.08828800171613693,1.2925119921565056
gpu_compile,653,62,654,0.039264000952243805,0.14131200313568115,0.3614720106124878,0.7114560008049011,0.04918399825692177,1.21424001455307,0.08844799920916557,1.3026880137622356
gpu_compile,654,31,120,0.03750399872660637,0.13619199395179749,0.3606719970703125,0.7104960083961487,0.0496320016682148,1.2073599994182587,0.08713600039482117,1.2944959998130798
gpu_compile,655,36,172,0.03814399987459183,0.13619199395179749,0.35916799306869507,0.7044159770011902,0.04912000149488449,1.1997759640216827,0.08726400136947632,1.287039965391159
gpu_compile,656,36,150,0.03807999938726425,0.14259199798107147,0.3614720106124878,0.7095040082931519,0.04975999891757965,1.2135680168867111,0.0878399983048439,1.301408015191555
gpu_compile,657,35,236,0.038784001022577286,0.1372160017490387,0.3603520095348358,0.700543999671936,0.04940799996256828,1.1981120109558105,0.08819200098514557,1.2863040119409561
gpu_compile,658,35,250,0.04230400174856186,0.14336000382900238,0.35839998722076416,0.7147520184516907,0.04809600114822388,1.2165120095014572,0.09040000289678574,1.306912012398243
gpu_compile,659,32,278,0.03907199949026108,0.1372160017490387,0.36531201004981995,0.7004160284996033,0.04879999905824661,1.202944040298462,0.08787199854850769,1.2908160388469696
gpu_compile,660,24,68,0.040383998304605484,0.1382399946451187,0.3563520014286041,0.7096319794654846,0.04864000156521797,1.2042239755392075,0.08902399986982346,1.293247975409031
gpu_compile,661,29,176,0.03951999917626381,0.1372160017490387,0.36662399768829346,0.6985599994659424,0.04966399818658829,1.2023999989032745,0.0891839973628521,1.2915839962661266
gpu_compile,662,25,140,0.04476799815893173,0.1382399946451187,0.3574720025062561,0.7057920098304749,0.04873599857091904,1.2015040069818497,0.09350399672985077,1.2950080037117004
gpu_compile,663,30,86,0.037376001477241516,0.13516800105571747,0.36556801199913025,0.6972479820251465,0.04886399954557419,1.1979839950799942,0.0862400010228157,1.28422399610281
gpu_compile,664,27,136,0.040832001715898514,0.1372160017490387,0.3572799861431122,0.6981120109558105,0.0490880012512207,1.1926079988479614,0.08992000296711922,1.2825280018150806
gpu_compile,665,28,96,0.03763199970126152,0.1372160017490387,0.36556801199913025,0.7004160284996033,0.04851200059056282,1.2032000422477722,0.08614400029182434,1.2893440425395966
gpu_compile,666,31,140,0.0390079990029335,0.13699199259281158,0.35651201009750366,0.7034879922866821,0.04870399832725525,1.1969919949769974,0.08771199733018875,1.2847039923071861
gpu_compile,667,47,314,0.03776000067591667,0.1372160017490387,0.36531201004981995,0.7034879922866821,0.049215998500585556,1.2060160040855408,0.08697599917650223,1.292992003262043
gpu_compile,668,27,82,0.03852799907326698,0.13811199367046356,0.3604480028152466,0.7106559872627258,0.04944000020623207,1.209215983748436,0.08796799927949905,1.297183983027935
gpu_compile,669,31,154,0.03996799886226654,0.13795199990272522,0.36582401394844055,0.6995199918746948,0.04873599857091904,1.2032960057258606,0.08870399743318558,1.2920000031590462
gpu_compile,670,72,862,0.03846399858593941,0.1372160017490387,0.3624959886074066,0.7043520212173462,0.04940799996256828,1.2040640115737915,0.08787199854850769,1.2919360101222992
gpu_compile,671,24,52,0.037728000432252884,0.1372160017490387,0.3663040101528168,0.710752010345459,0.04918399825692177,1.2142720222473145,0.08691199868917465,1.301184020936489
gpu_compile,672,26,104,0.03728000074625015,0.13619199395179749,0.35548800230026245,0.7024639844894409,0.04864000156521797,1.1941439807415009,0.08592000231146812,1.280063983052969
gpu_compile,673,32,108,0.04057599976658821,0.1372160017490387,0.3667519986629486,0.7055680155754089,0.04864000156521797,1.2095360159873962,0.08921600133180618,1.2987520173192024
gpu_compile,674,24,90,0.03753599897027016,0.13699199259281158,0.35740798711776733,0.7045120000839233,0.04793599992990494,1.1989119797945023,0.0854719989001751,1.2843839786946774
gpu_compile,675,83,1306,0.0424639992415905,0.1372160017490387,0.3604480028152466,0.7833600044250488,0.048608001321554184,1.281024008989334,0.09107200056314468,1.3720960095524788
gpu_compile,676,52,352,0.03827200084924698,0.1372479945421219,0.35942399501800537,0.7013760209083557,0.04800000041723251,1.198048010468483,0.08627200126647949,1.2843200117349625
gpu_compile,677,23,80,0.03843199834227562,0.14416000247001648,0.35737600922584534,0.7047680020332336,0.048448000103235245,1.2063040137290955,0.08687999844551086,1.2931840121746063
gpu_compile,678,31,184,0.042080000042915344,0.1372160017490387,0.36454400420188904,0.7033920288085938,0.04848000034689903,1.2051520347595215,0.09056000038981438,1.2957120351493359
gpu_compile,679,28,98,0.03920000046491623,0.1382399946451187,0.3572799861431122,0.7024639844894409,0.049215998500585556,1.1979839652776718,0.08841599896550179,1.2863999642431736
gpu_compile,680,29,122,0.037856001406908035,0.13619199395179749,0.3683840036392212,0.6993920207023621,0.04819199815392494,1.2039680182933807,0.08604799956083298,1.2900160178542137
gpu_compile,681,27,196,0.04227200150489807,0.1382399946451187,0.35839998722076416,0.7026879787445068,0.048608001321554184,1.1993279606103897,0.09088000282645226,1.290207963436842
gpu_compile,682,23,58,0.04201599955558777,0.13705599308013916,0.36556801199913025,0.7004160284996033,0.048287998884916306,1.2030400335788727,0.09030399844050407,1.2933440320193768
gpu_compile,683,45,234,0.03939199820160866,0.13926400244235992,0.3603839874267578,0.7033920288085938,0.04864000156521797,1.2030400186777115,0.08803199976682663,1.2910720184445381
gpu_compile,684,21,64,0.03779200091958046,0.13619199395179749,0.3676159977912903,0.7045120000839233,0.0530879981815815,1.208319991827011,0.09087999910116196,1.299199990928173
gpu_compile,685,69,1330,0.03961599990725517,0.14230400323867798,0.3563520014286041,0.7208960056304932,0.04931199923157692,1.2195520102977753,0.08892799913883209,1.3084800094366074
gpu_compile,686,53,646,0.04499199986457825,0.1382399946451187,0.37068799138069153,0.7094399929046631,0.049375999718904495,1.2183679789304733,0.09436799958348274,1.312735978513956
gpu_compile,687,55,358,0.03868800029158592,0.13715200126171112,0.3614720106124878,0.7106559872627258,0.04966399818658829,1.2092799991369247,0.08835199847817421,1.297631997615099
gpu_compile,688,52,300,0.043487999588251114,0.1382399946451187,0.36640000343322754,0.7067840099334717,0.0490880012512207,1.211424008011818,0.09257600083947182,1.3040000088512897
gpu_compile,689,31,112,0.03907199949026108,0.1380160003900528,0.35760000348091125,0.7065600156784058,0.04854400083422661,1.2021760195493698,0.08761600032448769,1.2897920198738575
gpu_compile,690,15,40,0.037087999284267426,0.1372160017490387,0.3564800024032593,0.7096319794654846,0.048767998814582825,1.2033279836177826,0.08585599809885025,1.2891839817166328
gpu_compile,691,47,376,0.0416640006005764,0.1372160017490387,0.35942399501800537,0.704479992389679,0.0490880012512207,1.201119989156723,0.0907520018517971,1.2918719910085201
gpu_compile,692,17,46,0.04102399945259094,0.13708800077438354,0.36032000184059143,0.7220479846000671,0.04838399961590767,1.2194559872150421,0.08940799906849861,1.3088639862835407
gpu_compile,693,13,36,0.03798399865627289,0.13619199395179749,0.34508800506591797,0.7197440266609192,0.04960000142455101,1.2010240256786346,0.0875840000808239,1.2886080257594585
gpu_compile,694,62,598,0.03936000168323517,0.14243200421333313,0.35814398527145386,0.7055360078811646,0.04873599857091904,1.2061119973659515,0.0880960002541542,1.2942079976201057
gpu_compile,695,50,1028,0.04355200007557869,0.13708800077438354,0.35942399501800537,0.6991360187530518,0.04848000034689903,1.1956480145454407,0.09203200042247772,1.2876800149679184
gpu_compile,696,49,204,0.03814399987459183,0.14323200285434723,0.3604480028152466,0.7055360078811646,0.04879999905824661,1.2092160135507584,0.08694399893283844,1.2961600124835968
gpu_compile,697,22,46,0.040383998304605484,0.1391039937734604,0.3643519878387451,0.6983039975166321,0.04854400083422661,1.2017599791288376,0.08892799913883209,1.2906879782676697
gpu_compile,698,28,124,0.038495998829603195,0.14723199605941772,0.35948801040649414,0.707584023475647,0.04809600114822388,1.2143040299415588,0.08659199997782707,1.300896029919386
gpu_compile,699,31,110,0.03984000161290169,0.1382399946451187,0.36447998881340027,0.7024639844894409,0.0490880012512207,1.20518396794796,0.08892800286412239,1.2941119708120823
gpu_compile,700,33,156,0.045791998505592346,0.1372160017490387,0.35942399501800537,0.704479992389679,0.04902400076389313,1.201119989156723,0.09481599926948547,1.2959359884262085
gpu_compile,701,20,68,0.03718400001525879,0.13619199395179749,0.3665919899940491,0.6935039758682251,0.04835199937224388,1.1962879598140717,0.08553599938750267,1.2818239592015743
gpu_compile,702,31,118,0.03939199820160866,0.1372160017490387,0.3624959886074066,0.7076159715652466,0.04822399839758873,1.207327961921692,0.08761599659919739,1.2949439585208893
gpu_compile,703,34,168,0.03776000067591667,0.1372160017490387,0.37068799138069153,0.6935039758682251,0.04831999912858009,1.2014079689979553,0.08607999980449677,1.287487968802452
gpu_compile,704,83,926,0.04224000126123428,0.1382399946451187,0.35945600271224976,0.7065600156784058,0.048448000103235245,1.2042560130357742,0.09068800136446953,1.2949440144002438
gpu_compile,705,48,304,0.04291199892759323,0.13728000223636627,0.3696640133857727,0.6970880031585693,0.04947200044989586,1.2040320187807083,0.09238399937748909,1.2964160181581974
gpu_compile,706,16,40,0.038015998899936676,0.13619199395179749,0.34835198521614075,0.7045440077781677,0.048608001321554184,1.189087986946106,0.08662400022149086,1.2757119871675968
gpu_compile,707,33,254,0.04230400174856186,0.1372160017490387,0.3676159977912903,0.6992319822311401,0.050464000552892685,1.2040639817714691,0.09276800230145454,1.2968319840729237
gpu_compile,708,67,1094,0.03807999938726425,0.1382399946451187,0.3614720106124878,0.7046719789505005,0.04886399954557419,1.204383984208107,0.08694399893283844,1.2913279831409454
gpu_compile,709,42,142,0.03948799893260002,0.1372160017490387,0.36553600430488586,0.7067840099334717,0.04867200180888176,1.2095360159873962,0.08816000074148178,1.297696016728878
gpu_compile,710,27,122,0.04131200164556503,0.13619199395179749,0.35865598917007446,0.7045120000839233,0.04825599864125252,1.1993599832057953,0.08956800028681755,1.2889279834926128
gpu_compile,711,102,1618,0.042208001017570496,0.13619199395179749,0.3635199964046478,0.766975998878479,0.0488319993019104,1.2666879892349243,0.0910400003194809,1.3577279895544052
gpu_compile,712,27,76,0.038495998829603195,0.13619199395179749,0.35737600922584534,0.7045120000839233,0.04912000149488449,1.1980800032615662,0.08761600032448769,1.2856960035860538
gpu_compile,713,24,72,0.044544000178575516,0.1443839967250824,0.35839998722076416,0.7178239822387695,0.04899200052022934,1.220607966184616,0.09353600069880486,1.314143966883421
gpu_compile,714,56,342,0.03891199827194214,0.1372160017490387,0.3614720106124878,0.7046399712562561,0.0488319993019104,1.2033279836177826,0.08774399757385254,1.2910719811916351
gpu_compile,715,24,64,0.03718400001525879,0.1425279974937439,0.35737600922584534,0.7127040028572083,0.0480320006608963,1.2126080095767975,0.08521600067615509,1.2978240102529526
gpu_compile,716,29,76,0.04095999896526337,0.1353919953107834,0.3664959967136383,0.7063040137290955,0.04918399825692177,1.2081920057535172,0.09014399722218513,1.2983360029757023
gpu_compile,717,21,104,0.03763199970126152,0.13731199502944946,0.358271986246109,0.707584023475647,0.04864000156521797,1.2031680047512054,0.08627200126647949,1.289440006017685
gpu_compile,718,23,118,0.037728000432252884,0.13609600067138672,0.3665280044078827,0.6993920207023621,0.049536000937223434,1.2020160257816315,0.08726400136947632,1.2892800271511078
gpu_compile,719,56,376,0.04419200122356415,0.1385280042886734,0.35942399501800537,0.7055360078811646,0.04934399947524071,1.2034880071878433,0.09353600069880486,1.2970240078866482
gpu_compile,720,31,98,0.03747199848294258,0.13702400028705597,0.3665919899940491,0.7014399766921997,0.048128001391887665,1.2050559669733047,0.08559999987483025,1.290655966848135
gpu_compile,721,44,242,0.04287999868392944,0.13619199395179749,0.3624959886074066,0.7088639736175537,0.04854400083422661,1.2075519561767578,0.09142399951815605,1.2989759556949139
gpu_compile,722,19,162,0.03763199970126152,0.13619199395179749,0.3665919899940491,0.7096319794654846,0.05363199859857559,1.2124159634113312,0.09126399829983711,1.3036799617111683
gpu_compile,723,45,356,0.039583999663591385,0.1372479945421219,0.3585599958896637,0.707584023475647,0.04851200059056282,1.2033920139074326,0.0880960002541542,1.2914880141615868
gpu_compile,724,36,342,0.03824000060558319,0.1372160017490387,0.36768001317977905,0.6993920207023621,0.0498879998922348,1.2042880356311798,0.088128000497818,1.2924160361289978
gpu_compile,725,36,150,0.03791999816894531,0.13516800105571747,0.3624640107154846,0.7066239714622498,0.0490880012512207,1.2042559832334518,0.08700799942016602,1.2912639826536179
gpu_compile,726,41,280,0.04022400081157684,0.13619199395179749,0.3676159977912903,0.7098559737205505,0.04940799996256828,1.2136639654636383,0.08963200077414513,1.3032959662377834
gpu_compile,727,33,160,0.03753599897027016,0.13731199502944946,0.35839998722076416,0.7047039866447449,0.04806400090456009,1.2004159688949585,0.08559999987483025,1.2860159687697887
gpu_compile,728,34,154,0.0387520007789135,0.13743999600410461,0.36556801199913025,0.7024639844894409,0.0480320006608963,1.2054719924926758,0.0867840014398098,1.2922559939324856
gpu_compile,729,52,540,0.04076800122857094,0.13711999356746674,0.35628798604011536,0.702239990234375,0.048895999789237976,1.195647969841957,0.08966400101780891,1.285311970859766
gpu_compile,730,26,74,0.038176000118255615,0.13619199395179749,0.36556801199913025,0.7014399766921997,0.04838399961590767,1.2031999826431274,0.08655999973416328,1.2897599823772907
gpu_compile,731,23,64,0.04041599854826927,0.13737599551677704,0.35846400260925293,0.7036799788475037,0.04940799996256828,1.1995199769735336,0.08982399851083755,1.2893439754843712
gpu_compile,732,60,622,0.03798399865627289,0.13737599551677704,0.3624959886074066,0.707584023475647,0.04873599857091904,1.2074560075998306,0.08671999722719193,1.2941760048270226
gpu_compile,733,39,336,0.0414079986512661,0.1372160017490387,0.35942399501800537,0.7055360078811646,0.04979199916124344,1.2021760046482086,0.09119999781250954,1.2933760024607182
gpu_compile,734,42,304,0.04022400081157684,0.14528000354766846,0.3614720106124878,0.7127040028572083,0.049247998744249344,1.2194560170173645,0.08947199955582619,1.3089280165731907
gpu_compile,735,47,274,0.03830400109291077,0.13619199395179749,0.35926398634910583,0.6963199973106384,0.04960000142455101,1.1917759776115417,0.08790400251746178,1.2796799801290035
gpu_compile,736,34,104,0.03782400116324425,0.14233599603176117,0.35942399501800537,0.7034879922866821,0.04854400083422661,1.2052479833364487,0.08636800199747086,1.2916159853339195
gpu_compile,737,48,334,0.039264000952243805,0.1372160017490387,0.36556801199913025,0.6984000205993652,0.05510399863123894,1.2011840343475342,0.09436799958348274,1.295552033931017
gpu_compile,738,26,80,0.04217600077390671,0.13926400244235992,0.36265599727630615,0.7115520238876343,0.04825599864125252,1.2134720236063004,0.09043199941515923,1.3039040230214596
gpu_compile,739,38,262,0.039135999977588654,0.13820800185203552,0.37244799733161926,0.7096959948539734,0.04956800118088722,1.2203519940376282,0.08870400115847588,1.309055995196104
gpu_compile,740,20,104,0.04230400174856186,0.1372160017490387,0.3604480028152466,0.7034879922866821,0.04822399839758873,1.2011519968509674,0.09052800014615059,1.291679996997118
gpu_compile,741,38,208,0.03843199834227562,0.1372160017490387,0.36774399876594543,0.6984639763832092,0.054016001522541046,1.2034239768981934,0.09244799986481667,1.29587197676301
gpu_compile,742,22,114,0.04118400067090988,0.1382399946451187,0.35839998722076416,0.7084479928016663,0.0496320016682148,1.2050879746675491,0.09081600233912468,1.2959039770066738
gpu_compile,743,32,194,0.038176000118255615,0.13708800077438354,0.3696640133857727,0.6965439915657043,0.049215998500585556,1.2032960057258606,0.08739199861884117,1.2906880043447018
gpu_compile,744,34,164,0.03734400123357773,0.13705599308013916,0.35814398527145386,0.7147520184516907,0.04950400069355965,1.2099519968032837,0.08684800192713737,1.296799998730421
gpu_compile,745,31,132,0.04303999990224838,0.13619199395179749,0.36160001158714294,0.700543999671936,0.049536000937223434,1.1983360052108765,0.09257600083947182,1.2909120060503483
gpu_compile,746,22,84,0.04028800129890442,0.1372160017490387,0.3561280071735382,0.7045120000839233,0.04793599992990494,1.1978560090065002,0.08822400122880936,1.2860800102353096
gpu_compile,747,32,202,0.04095999896526337,0.13622400164604187,0.36556801199913025,0.7045120000839233,0.04831999912858009,1.2063040137290955,0.08927999809384346,1.295584011822939
gpu_compile,748,45,336,0.038336001336574554,0.13622400164604187,0.35839998722076416,0.7096319794654846,0.048608001321554184,1.2042559683322906,0.08694400265812874,1.2911999709904194
gpu_compile,749,50,330,0.042080000042915344,0.1363839954137802,0.365664005279541,0.711679995059967,0.04915200173854828,1.2137279957532883,0.09123200178146362,1.304959997534752
gpu_compile,750,46,230,0.03814399987459183,0.13628800213336945,0.3563520014286041,0.7055360078811646,0.04960000142455101,1.1981760114431381,0.08774400129914284,1.285920012742281
gpu_compile,751,37,162,0.039455998688936234,0.1372160017490387,0.35942399501800537,0.7066879868507385,0.04831999912858009,1.2033279836177826,0.08777599781751633,1.291103981435299
gpu_compile,752,35,138,0.04201599955558777,0.1372160017490387,0.3585599958896637,0.7047039866447449,0.04825599864125252,1.2004799842834473,0.09027199819684029,1.2907519824802876
gpu_compile,753,39,186,0.037728000432252884,0.14233599603176117,0.3604480028152466,0.7045120000839233,0.047839999198913574,1.207295998930931,0.08556799963116646,1.2928639985620975
gpu_compile,754,30,98,0.03782400116324425,0.13743999600410461,0.3596799969673157,0.707360029220581,0.048895999789237976,1.2044800221920013,0.08672000095248222,1.2912000231444836
gpu_compile,755,18,40,0.04150399938225746,0.1443839967250824,0.35737600922584534,0.7209920287132263,0.04940799996256828,1.222752034664154,0.09091199934482574,1.3136640340089798
gpu_compile,756,31,196,0.037376001477241516,0.1372160017490387,0.36534398794174194,0.7073919773101807,0.04848000034689903,1.2099519670009613,0.08585600182414055,1.2958079688251019
gpu_compile,757,47,384,0.03920000046491623,0.13731199502944946,0.35926398634910583,0.711679995059967,0.05011200159788132,1.2082559764385223,0.08931200206279755,1.2975679785013199
gpu_compile,758,35,286,0.03884800150990486,0.1372160017490387,0.3665919899940491,0.7097920179367065,0.04841599985957146,1.2136000096797943,0.08726400136947632,1.3008640110492706
gpu_compile,759,30,118,0.045024000108242035,0.1382399946451187,0.3596160113811493,0.7065600156784058,0.048608001321554184,1.2044160217046738,0.09363200142979622,1.29804802313447
gpu_compile,760,31,126,0.03807999938726425,0.13619199395179749,0.3657599985599518,0.6952959895133972,0.04806400090456009,1.1972479820251465,0.08614400029182434,1.2833919823169708
gpu_compile,761,23,88,0.03932800143957138,0.13619199395179749,0.3585599958896637,0.7025279998779297,0.04966399818658829,1.1972799897193909,0.08899199962615967,1.2862719893455505
gpu_compile,762,52,428,0.037376001477241516,0.1393599957227707,0.36556801199913025,0.706496000289917,0.05510399863123894,1.211424008011818,0.09248000010848045,1.3039040081202984
gpu_compile,763,14,34,0.04211200028657913,0.13926400244235992,0.3460800051689148,0.7055360078811646,0.049375999718904495,1.1908800154924393,0.09148800000548363,1.282368015497923
gpu_compile,764,34,200,0.038047999143600464,0.1382399946451187,0.3686720132827759,0.7014399766921997,0.04940799996256828,1.2083519846200943,0.08745599910616875,1.295807983726263
gpu_compile,765,43,266,0.0387520007789135,0.1372160017490387,0.35839998722076416,0.719648003578186,0.04982399940490723,1.215263992547989,0.08857600018382072,1.3038399927318096
gpu_compile,766,14,22,0.03763199970126152,0.13635200262069702,0.3531840145587921,0.7034879922866821,0.04841599985957146,1.1930240094661713,0.08604799956083298,1.2790720090270042
gpu_compile,767,24,100,0.040832001715898514,0.13740800321102142,0.35945600271224976,0.7157760262489319,0.04848000034689903,1.212640032172203,0.08931200206279755,1.3019520342350006
gpu_compile,768,22,100,0.04335999861359596,0.1382399946451187,0.36473599076271057,0.7042880058288574,0.04934399947524071,1.2072639912366867,0.09270399808883667,1.2999679893255234
gpu_compile,769,41,242,0.0390079990029335,0.1372160017490387,0.35839998722076416,0.7036479711532593,0.04899200052022934,1.1992639601230621,0.08799999952316284,1.287263959646225
gpu_compile,770,23,88,0.039712000638246536,0.13619199395179749,0.35942399501800537,0.7055360078811646,0.0488319993019104,1.2011519968509674,0.08854399994015694,1.2896959967911243
gpu_compile,771,29,122,0.037408001720905304,0.13600000739097595,0.3591359853744507,0.7086079716682434,0.049695998430252075,1.20374396443367,0.08710400015115738,1.2908479645848274
gpu_compile,772,21,52,0.0382080003619194,0.13519999384880066,0.35737600922584534,0.7147520184516907,0.04896000027656555,1.2073280215263367,0.08716800063848495,1.2944960221648216
gpu_compile,773,55,380,0.038495998829603195,0.13516800105571747,0.3563520014286041,0.7093759775161743,0.047839999198913574,1.200895980000496,0.08633599802851677,1.2872319780290127
gpu_compile,774,37,202,0.040672000497579575,0.1424960047006607,0.35839998722076416,0.711679995059967,0.0488319993019104,1.212575986981392,0.08950399979948997,1.3020799867808819
gpu_compile,775,22,50,0.03859199956059456,0.1372160017490387,0.3553279936313629,0.7025600075721741,0.04896000027656555,1.1951040029525757,0.08755199983716011,1.2826560027897358
gpu_compile,776,38,150,0.037376001477241516,0.14761599898338318,0.36163198947906494,0.7055360078811646,0.04944000020623207,1.2147839963436127,0.08681600168347359,1.3015999980270863
gpu_compile,777,28,116,0.03776000067591667,0.13516800105571747,0.3623040020465851,0.6970880031585693,0.04761600121855736,1.1945600062608719,0.08537600189447403,1.279936008155346
gpu_compile,778,49,322,0.04243199899792671,0.14528000354766846,0.3614720106124878,0.7188479900360107,0.04912000149488449,1.225600004196167,0.0915520004928112,1.3171520046889782
gpu_compile,779,28,138,0.038047999143600464,0.13619199395179749,0.36556801199913025,0.6932479739189148,0.047200001776218414,1.1950079798698425,0.08524800091981888,1.2802559807896614
gpu_compile,780,30,148,0.04758400097489357,0.1382399946451187,0.35839998722076416,0.7096319794654846,0.04886399954557419,1.2062719613313675,0.09644800052046776,1.3027199618518353
gpu_compile,781,49,340,0.042047999799251556,0.1372160017490387,0.3627519905567169,0.7065600156784058,0.047807998955249786,1.2065280079841614,0.08985599875450134,1.2963840067386627
gpu_compile,782,34,114,0.03862399980425835,0.1369599997997284,0.3604480028152466,0.7086079716682434,0.048767998814582825,1.2060159742832184,0.08739199861884117,1.2934079729020596
gpu_compile,783,43,342,0.03711999952793121,0.1369599997997284,0.36774399876594543,0.6972799897193909,0.054368000477552414,1.2019839882850647,0.09148800000548363,1.2934719882905483
gpu_compile,784,42,166,0.040031999349594116,0.13619199395179749,0.3624959886074066,0.707584023475647,0.04912000149488449,1.206272006034851,0.08915200084447861,1.2954240068793297
gpu_compile,785,29,160,0.03907199949026108,0.13708800077438354,0.3686400055885315,0.6945279836654663,0.049695998430252075,1.2002559900283813,0.08876799792051315,1.2890239879488945
gpu_compile,786,59,476,0.03763199970126152,0.13817599415779114,0.35942399501800537,0.7147520184516907,0.04825599864125252,1.2123520076274872,0.08588799834251404,1.2982400059700012
gpu_compile,787,31,134,0.03759999945759773,0.13625599443912506,0.3665919899940491,0.7016639709472656,0.05049600079655647,1.2045119553804398,0.0880960002541542,1.292607955634594
gpu_compile,788,34,148,0.041120000183582306,0.1382399946451187,0.3564159870147705,0.7014399766921997,0.04809600114822388,1.196095958352089,0.08921600133180618,1.2853119596838951
gpu_compile,789,37,240,0.03948799893260002,0.1372160017490387,0.36454400420188904,0.707584023475647,0.04838399961590767,1.2093440294265747,0.08787199854850769,1.2972160279750824
gpu_compile,790,23,78,0.038816001266241074,0.13619199395179749,0.3563520014286041,0.7035840153694153,0.048928000032901764,1.196128010749817,0.08774400129914284,1.2838720120489597
gpu_compile,791,33,138,0.04131200164556503,0.1372160017490387,0.36425599455833435,0.7096959948539734,0.04902400076389313,1.2111679911613464,0.09033600240945816,1.3015039935708046
gpu_compile,792,62,572,0.03891199827194214,0.1372160017490387,0.35839998722076416,0.7083520293235779,0.049695998430252075,1.2039680182933807,0.08860799670219421,1.292576014995575
gpu_compile,793,36,184,0.041760001331567764,0.13619199395179749,0.3633280098438263,0.7064639925956726,0.048767998814582825,1.2059839963912964,0.09052800014615059,1.296511996537447
gpu_compile,794,45,284,0.03811199963092804,0.1372160017490387,0.36239999532699585,0.7024639844894409,0.04867200180888176,1.2020799815654755,0.0867840014398098,1.2888639830052853
gpu_compile,795,66,832,0.04262400045990944,0.14316800236701965,0.3614720106124878,0.7106559872627258,0.04982399940490723,1.2152960002422333,0.09244799986481667,1.30774400010705
gpu_compile,796,61,378,0.03920000046491623,0.1372160017490387,0.36163198947906494,0.6983680129051208,0.049536000937223434,1.1972160041332245,0.08873600140213966,1.2859520055353642
gpu_compile,797,60,374,0.040608000010252,0.1443839967250824,0.35942399501800537,0.7156479954719543,0.048576001077890396,1.2194559872150421,0.0891840010881424,1.3086399883031845
gpu_compile,798,16,52,0.03766399994492531,0.13542400300502777,0.35225600004196167,0.7017279863357544,0.04854400083422661,1.1894079893827438,0.08620800077915192,1.2756159901618958
gpu_compile,799,54,426,0.03884800150990486,0.14323200285434723,0.3614720106124878,0.7095680236816406,0.04960000142455101,1.2142720371484756,0.08844800293445587,1.3027200400829315
gpu_compile,800,31,100,0.04182400181889534,0.13734400272369385,0.37171199917793274,0.6952959895133972,0.04912000149488449,1.2043519914150238,0.09094400331377983,1.2952959947288036
gpu_compile,801,44,366,0.046879999339580536,0.1372160017490387,0.35923200845718384,0.7076799869537354,0.04825599864125252,1.2041279971599579,0.09513599798083305,1.299263995140791
gpu_compile,802,38,132,0.037728000432252884,0.13516800105571747,0.363647997379303,0.6952959895133972,0.04982399940490723,1.1941119879484177,0.08755199983716011,1.2816639877855778
gpu_compile,803,66,568,0.043455999344587326,0.13619199395179749,0.3614720106124878,0.7065600156784058,0.04995200037956238,1.204224020242691,0.0934079997241497,1.2976320199668407
gpu_compile,804,39,288,0.040672000497579575,0.1364479959011078,0.36953601241111755,0.6941760182380676,0.056063998490571976,1.200160026550293,0.09673599898815155,1.2968960255384445
gpu_compile,805,61,608,0.038943998515605927,0.13619199395179749,0.35839998722076416,0.7109119892120361,0.04899200052022934,1.2055039703845978,0.08793599903583527,1.293439969420433
gpu_compile,806,50,378,0.04070400074124336,0.14003199338912964,0.36454400420188904,0.6984959840774536,0.053119998425245285,1.2030719816684723,0.09382399916648865,1.296895980834961
gpu_compile,807,34,200,0.04137599840760231,0.13820800185203552,0.35839998722076416,0.7046719789505005,0.04774399846792221,1.2012799680233002,0.08911999687552452,1.2903999648988247
gpu_compile,808,24,66,0.037376001477241516,0.1372160017490387,0.3635199964046478,0.707584023475647,0.04975999891757965,1.2083200216293335,0.08713600039482117,1.2954560220241547
gpu_compile,809,37,240,0.04102399945259094,0.13811199367046356,0.35839998722076416,0.7045120000839233,0.04950400069355965,1.201023980975151,0.09052800014615059,1.2915519811213017
gpu_compile,810,25,72,0.03939199820160866,0.13711999356746674,0.3676159977912903,0.7045440077781677,0.05087999999523163,1.2092799991369247,0.09027199819684029,1.299551997333765
gpu_compile,811,23,92,0.03788800165057182,0.13619199395179749,0.35839998722076416,0.7022079825401306,0.048608001321554184,1.1967999637126923,0.08649600297212601,1.2832959666848183
gpu_compile,812,63,734,0.04201599955558777,0.1372160017490387,0.3686400055885315,0.7127040028572083,0.049536000937223434,1.2185600101947784,0.0915520004928112,1.3101120106875896
gpu_compile,813,29,100,0.0382080003619194,0.13619199395179749,0.35839998722076416,0.7015359997749329,0.04851200059056282,1.1961279809474945,0.08672000095248222,1.2828479818999767
gpu_compile,814,37,204,0.04134399816393852,0.1372160017490387,0.36131200194358826,0.7033600211143494,0.049215998500585556,1.2018880248069763,0.09055999666452408,1.2924480214715004
gpu_compile,815,32,268,0.041728001087903976,0.1379839926958084,0.35948801040649414,0.707584023475647,0.05452800169587135,1.2050560265779495,0.09625600278377533,1.3013120293617249
gpu_compile,816,57,518,0.041600000113248825,0.14342400431632996,0.35839998722076416,0.7065600156784058,0.0488319993019104,1.2083840072154999,0.09043199941515923,1.298816006630659
gpu_compile,817,32,178,0.040832001715898514,0.13820800185203552,0.3564479947090149,0.6974080204963684,0.04819199815392494,1.1920640170574188,0.08902399986982346,1.2810880169272423
gpu_compile,818,50,408,0.037408001720905304,0.14259199798107147,0.3582080006599426,0.707584023475647,0.047359999269247055,1.208384022116661,0.08476800099015236,1.2931520231068134
gpu_compile,819,23,102,0.03929600119590759,0.1372160017490387,0.36057600378990173,0.6975679993629456,0.04966399818658829,1.195360004901886,0.08895999938249588,1.2843200042843819
gpu_compile,820,28,160,0.03641600161790848,0.14336000382900238,0.35737600922584534,0.7004160284996033,0.049855999648571014,1.201152041554451,0.08627200126647949,1.2874240428209305
gpu_compile,821,28,162,0.040863998234272,0.1353919953107834,0.36454400420188904,0.6981120109558105,0.04831999912858009,1.198048010468483,0.0891839973628521,1.287232007831335
gpu_compile,822,23,74,0.03759999945759773,0.13619199395179749,0.35708799958229065,0.716543972492218,0.04879999905824661,1.2098239660263062,0.08639999851584435,1.2962239645421505
gpu_compile,823,18,50,0.03827200084924698,0.13516800105571747,0.3655039966106415,0.7096319794654846,0.04825599864125252,1.2103039771318436,0.0865279994904995,1.296831976622343
gpu_compile,824,14,46,0.04387199878692627,0.13699199259281158,0.34508800506591797,0.7055360078811646,0.04800000041723251,1.187616005539894,0.09187199920415878,1.2794880047440529
gpu_compile,825,55,646,0.0379519984126091,0.13516800105571747,0.365664005279541,0.69651198387146,0.04912000149488449,1.1973439902067184,0.08707199990749359,1.284415990114212
gpu_compile,826,42,398,0.03916800022125244,0.1372160017490387,0.35737600922584534,0.7084800004959106,0.04879999905824661,1.2030720114707947,0.08796799927949905,1.2910400107502937
gpu_compile,827,19,90,0.04118400067090988,0.1372160017490387,0.3686400055885315,0.7073919773101807,0.05526399984955788,1.2132479846477509,0.09644800052046776,1.3096959851682186
gpu_compile,828,44,188,0.04076800122857094,0.1372160017490387,0.35942399501800537,0.7026240229606628,0.0496320016682148,1.199264019727707,0.09040000289678574,1.2896640226244926
gpu_compile,829,28,58,0.03824000060558319,0.13619199395179749,0.36454400420188904,0.6964799761772156,0.048287998884916306,1.197215974330902,0.0865279994904995,1.2837439738214016
gpu_compile,830,61,574,0.03903999924659729,0.13811199367046356,0.35737600922584534,0.7065600156784058,0.049247998744249344,1.2020480185747147,0.08828799799084663,1.2903360165655613
gpu_compile,831,64,564,0.03903999924659729,0.13625599443912506,0.36585599184036255,1.3352960348129272,0.05651199817657471,1.8374080210924149,0.095551997423172,1.9329600185155869
gpu_compile,832,22,132,0.04416000097990036,0.16076800227165222,0.40041598677635193,1.1425280570983887,0.049375999718904495,1.7037120461463928,0.09353600069880486,1.7972480468451977
gpu_compile,833,34,314,0.2551040053367615,0.14345599710941315,0.3614720106124878,0.7278720140457153,0.04950400069355965,1.2328000217676163,0.3046080060303211,1.5374080277979374
gpu_compile,834,75,774,0.04265600070357323,0.1372160017490387,0.3696640133857727,0.7874559760093689,0.05071999877691269,1.2943359911441803,0.09337599948048592,1.3877119906246662
gpu_compile,835,32,150,0.038816001266241074,0.13619199395179749,0.35916799306869507,0.706496000289917,0.048767998814582825,1.2018559873104095,0.0875840000808239,1.2894399873912334
gpu_compile,836,41,210,0.03984000161290169,0.14336000382900238,0.35731199383735657,0.7034559845924377,0.048928000032901764,1.2041279822587967,0.08876800164580345,1.2928959839046001
gpu_compile,837,46,438,0.03766399994492531,0.1372160017490387,0.35839998722076416,0.7105919718742371,0.05110400170087814,1.20620796084404,0.08876800164580345,1.2949759624898434
gpu_compile,838,21,132,0.03862399980425835,0.14336000382900238,0.35839998722076416,0.8601599931716919,0.04864000156521797,1.3619199842214584,0.08726400136947632,1.4491839855909348
gpu_compile,839,32,128,0.040063999593257904,0.13619199395179749,0.3635199964046478,0.7075520157814026,0.049215998500585556,1.207264006137848,0.08927999809384346,1.2965440042316914
gpu_compile,840,36,154,0.037567999213933945,0.1372160017490387,0.3596160113811493,0.7087680101394653,0.04972799867391586,1.2056000232696533,0.08729599788784981,1.2928960211575031
gpu_compile,841,31,144,0.038176000118255615,0.13702400028705597,0.36585599184036255,0.7086079716682434,0.05004800111055374,1.211487963795662,0.08822400122880936,1.2997119650244713
gpu_compile,842,37,296,0.038975998759269714,0.1372160017490387,0.36032000184059143,0.7084159851074219,0.05023999884724617,1.205951988697052,0.08921599760651588,1.2951679863035679
gpu_compile,843,57,802,0.04249599948525429,0.1372160017490387,0.36556801199913025,0.7106559872627258,0.05052800104022026,1.2134400010108948,0.09302400052547455,1.3064640015363693
gpu_compile,844,54,560,0.03753599897027016,0.13516800105571747,0.355103999376297,0.7137920260429382,0.048576001077890396,1.2040640264749527,0.08611200004816055,1.2901760265231133
gpu_compile,845,33,150,0.037856001406908035,0.13913600146770477,0.3614400029182434,0.707584023475647,0.04851200059056282,1.2081600278615952,0.08636800199747086,1.294528029859066
gpu_compile,846,51,310,0.04185599833726883,0.14028799533843994,0.35942399501800537,0.7055360078811646,0.050144001841545105,1.2052479982376099,0.09200000017881393,1.2972479984164238
gpu_compile,847,67,462,0.03782400116324425,0.14233599603176117,0.36134400963783264,0.7186880111694336,0.04831999912858009,1.2223680168390274,0.08614400029182434,1.3085120171308517
gpu_compile,848,48,372,0.03903999924659729,0.13715200126171112,0.3604480028152466,0.7177280187606812,0.049536000937223434,1.2153280228376389,0.08857600018382072,1.3039040230214596
gpu_compile,849,36,148,0.039903998374938965,0.1456640064716339,0.35839998722076416,0.7096319794654846,0.04918399825692177,1.2136959731578827,0.08908799663186073,1.3027839697897434
gpu_compile,850,34,146,0.03824000060558319,0.1372160017490387,0.3635199964046478,0.6904640197753906,0.04790399968624115,1.1912000179290771,0.08614400029182434,1.2773440182209015
gpu_compile,851,18,40,0.03776000067591667,0.14963200688362122,0.35737600922584534,0.7208960056304932,0.049375999718904495,1.2279040217399597,0.08713600039482117,1.3150400221347809
gpu_compile,852,26,194,0.0390079990029335,0.13542400300502777,0.36735999584198,0.7055360078811646,0.04873599857091904,1.2083200067281723,0.08774399757385254,1.2960640043020248
gpu_compile,853,34,218,0.045823998749256134,0.1382399946451187,0.35734400153160095,0.707584023475647,0.04896000027656555,1.2031680196523666,0.09478399902582169,1.2979520186781883
gpu_compile,854,25,128,0.04217600077390671,0.13740800321102142,0.36454400420188904,0.6993600130081177,0.048767998814582825,1.2013120204210281,0.09094399958848953,1.2922560200095177
gpu_compile,855,21,40,0.038943998515605927,0.13619199395179749,0.3563520014286041,0.7074880003929138,0.050655998289585114,1.2000319957733154,0.08959999680519104,1.2896319925785065
gpu_compile,856,31,142,0.039455998688936234,0.1382399946451187,0.3676159977912903,0.7045120000839233,0.05500800162553787,1.2103679925203323,0.0944640003144741,1.3048319928348064
gpu_compile,857,29,116,0.039423998445272446,0.13542400300502777,0.3553279936313629,0.7177919745445251,0.04793599992990494,1.2085439711809158,0.08735999837517738,1.2959039695560932
gpu_compile,858,46,246,0.038975998759269714,0.13625599443912506,0.3635199964046478,0.7086399793624878,0.049855999648571014,1.2084159702062607,0.08883199840784073,1.2972479686141014
gpu_compile,859,38,226,0.038943998515605927,0.1372160017490387,0.3574399948120117,0.7166079878807068,0.04944000020623207,1.2112639844417572,0.088383998721838,1.2996479831635952
gpu_compile,860,39,180,0.03824000060558319,0.13596799969673157,0.36262398958206177,0.7004160284996033,0.0496320016682148,1.1990080177783966,0.08787200227379799,1.2868800200521946
gpu_compile,861,21,28,0.03807999938726425,0.1364479959011078,0.3563840091228485,0.7219200134277344,0.05036799982190132,1.2147520184516907,0.08844799920916557,1.3032000176608562
gpu_compile,862,37,260,0.041728001087903976,0.1382399946451187,0.36454400420188904,0.7096319794654846,0.04918399825692177,1.2124159783124924,0.09091199934482574,1.3033279776573181
gpu_compile,863,34,86,0.04073600098490715,0.1363839954137802,0.3563520014286041,0.719871997833252,0.049536000937223434,1.2126079946756363,0.09027200192213058,1.3028799965977669
gpu_compile,864,24,138,0.038975998759269714,0.13619199395179749,0.36022400856018066,0.7127040028572083,0.048608001321554184,1.2091200053691864,0.0875840000808239,1.2967040054500103
gpu_compile,865,55,482,0.03798399865627289,0.13699199259281158,0.35942399501800537,0.7147520184516907,0.04835199937224388,1.2111680060625076,0.08633599802851677,1.2975040040910244
gpu_compile,866,9,30,0.03827200084924698,0.14422400295734406,0.3479999899864197,0.8008639812469482,0.048767998814582825,1.293087974190712,0.0870399996638298,1.3801279738545418
gpu_compile,867,31,84,0.037728000432252884,0.13737599551677704,0.3686400055885315,0.6945279836654663,0.05023999884724617,1.2005439847707748,0.08796799927949905,1.288511984050274
gpu_compile,868,63,476,0.04105599969625473,0.13920000195503235,0.3614720106124878,0.7117440104484558,0.04873599857091904,1.212416023015976,0.08979199826717377,1.3022080212831497
gpu_compile,869,28,136,0.04137599840760231,0.1372160017490387,0.3665919899940491,0.6983680129051208,0.04896000027656555,1.2021760046482086,0.09033599868416786,1.2925120033323765
gpu_compile,870,25,84,0.03932800143957138,0.1382399946451187,0.35942399501800537,0.7024639844894409,0.050016000866889954,1.200127974152565,0.08934400230646133,1.2894719764590263
gpu_compile,871,24,186,0.03728000074625015,0.13734400272369385,0.36735999584198,0.6951040029525757,0.05692800134420395,1.1998080015182495,0.0942080020904541,1.2940160036087036
gpu_compile,872,44,362,0.0395519994199276,0.13619199395179749,0.35839998722076416,0.707647979259491,0.04934399947524071,1.2022399604320526,0.0888959988951683,1.291135959327221
gpu_compile,873,14,38,0.0387520007789135,0.1372160017490387,0.35440000891685486,0.6952959895133972,0.05894400179386139,1.1869120001792908,0.09769600257277489,1.2846080027520657
gpu_compile,874,69,620,0.04243199899792671,0.13926400244235992,0.3563520014286041,0.7004160284996033,0.04912000149488449,1.1960320323705673,0.0915520004928112,1.2875840328633785
gpu_compile,875,21,116,0.03996799886226654,0.137472003698349,0.3624959886074066,0.7178239822387695,0.04950400069355965,1.2177919745445251,0.08947199955582619,1.3072639741003513
gpu_compile,876,52,452,0.03868800029158592,0.1372160017490387,0.3572160005569458,0.7280640006065369,0.048576001077890396,1.2224960029125214,0.08726400136947632,1.3097600042819977
gpu_compile,877,20,70,0.03718400001525879,0.13715200126171112,0.3666880130767822,0.7139840126037598,0.04870399832725525,1.2178240269422531,0.08588799834251404,1.3037120252847672
gpu_compile,878,50,396,0.03961599990725517,0.13593600690364838,0.3604480028152466,0.7057600021362305,0.04800000041723251,1.2021440118551254,0.08761600032448769,1.2897600121796131
gpu_compile,879,26,144,0.03968000039458275,0.13526399433612823,0.36556801199913025,0.7086079716682434,0.04899200052022934,1.209439978003502,0.08867200091481209,1.298111978918314
gpu_compile,880,30,158,0.03759999945759773,0.13622400164604187,0.3561600148677826,0.7106559872627258,0.04879999905824661,1.2030400037765503,0.08639999851584435,1.2894400022923946
gpu_compile,881,27,68,0.041471999138593674,0.14233599603176117,0.36160001158714294,0.7065600156784058,0.04879999905824661,1.2104960232973099,0.09027199819684029,1.3007680214941502
gpu_compile,882,39,322,0.04198399931192398,0.1372160017490387,0.35846400260925293,0.7057920098304749,0.04841599985957146,1.2014720141887665,0.09039999917149544,1.291872013360262
gpu_compile,883,36,236,0.0379519984126091,0.1443520039319992,0.35839998722076416,0.7065600156784058,0.04902400076389313,1.2093120068311691,0.08697599917650223,1.2962880060076714
gpu_compile,884,47,346,0.03814399987459183,0.13516800105571747,0.35737600922584534,0.7045120000839233,0.04931199923157692,1.1970560103654861,0.08745599910616875,1.284512009471655
gpu_compile,885,35,256,0.038176000118255615,0.143327996134758,0.35839998722076416,0.7178239822387695,0.04838399961590767,1.2195519655942917,0.08655999973416328,1.306111965328455
gpu_compile,886,76,624,0.04163200035691261,0.13619199395179749,0.3656960129737854,0.7056000232696533,0.04915200173854828,1.2074880301952362,0.09078400209546089,1.298272032290697
gpu_compile,887,32,124,0.04054399952292442,0.13619199395179749,0.35846400260925293,0.7075520157814026,0.04838399961590767,1.202208012342453,0.08892799913883209,1.291136011481285
gpu_compile,888,25,98,0.0416640006005764,0.1369280070066452,0.36768001317977905,0.6983680129051208,0.048608001321554184,1.202976033091545,0.09027200192213058,1.2932480350136757
gpu_compile,889,48,342,0.04630399867892265,0.1372160017490387,0.3592959940433502,0.7055040001869202,0.04867200180888176,1.202015995979309,0.09497600048780441,1.2969919964671135
gpu_compile,890,30,192,0.03929600119590759,0.13619199395179749,0.3676159977912903,0.7034879922866821,0.04841599985957146,1.20729598402977,0.08771200105547905,1.295007985085249
gpu_compile,891,43,276,0.041600000113248825,0.1390399932861328,0.3592959940433502,0.7034879922866821,0.0488319993019104,1.2018239796161652,0.09043199941515923,1.2922559790313244
gpu_compile,892,29,94,0.043296001851558685,0.1382399946451187,0.36556801199913025,0.7027519941329956,0.05516799911856651,1.2065600007772446,0.0984640009701252,1.3050240017473698
gpu_compile,893,50,448,0.0414079986512661,0.13734400272369385,0.35942399501800537,0.707584023475647,0.04899200052022934,1.2043520212173462,0.09039999917149544,1.2947520203888416
gpu_compile,894,29,142,0.04150399938225746,0.1372160017490387,0.3676159977912903,0.7054399847984314,0.050592001527547836,1.2102719843387604,0.0920960009098053,1.3023679852485657
gpu_compile,895,40,200,0.03840000182390213,0.1372160017490387,0.3563840091228485,0.7045120000839233,0.048576001077890396,1.1981120109558105,0.08697600290179253,1.285088013857603
gpu_compile,896,29,116,0.03824000060558319,0.1363839954137802,0.36556801199913025,0.707584023475647,0.048448000103235245,1.2095360308885574,0.08668800070881844,1.2962240315973759
gpu_compile,897,17,20,0.0387520007789135,0.1372160017490387,0.35737600922584534,0.7157760262489319,0.04838399961590767,1.210368037223816,0.08713600039482117,1.297504037618637
gpu_compile,898,19,72,0.03782400116324425,0.1372160017490387,0.36428800225257874,0.7249919772148132,0.049695998430252075,1.2264959812164307,0.08751999959349632,1.314015980809927
gpu_compile,899,36,150,0.04089599847793579,0.1369280070066452,0.3563520014286041,0.7106879949569702,0.04896000027656555,1.2039680033922195,0.08985599875450134,1.2938240021467209
gpu_compile,900,21,60,0.03852799907326698,0.1371839940547943,0.35737600922584534,0.7077119946479797,0.04854400083422661,1.2022719979286194,0.08707199990749359,1.289343997836113
gpu_compile,901,38,178,0.03862399980425835,0.13545599579811096,0.35839998722076416,0.7098879814147949,0.04800000041723251,1.20374396443367,0.08662400022149086,1.290367964655161
gpu_compile,902,50,464,0.04249599948525429,0.14336000382900238,0.35942399501800537,0.707584023475647,0.05011200159788132,1.2103680223226547,0.0926080010831356,1.3029760234057903
gpu_compile,903,31,128,0.03888000175356865,0.13622400164604187,0.3584960103034973,0.6993920207023621,0.048287998884916306,1.1941120326519012,0.08716800063848495,1.2812800332903862
gpu_compile,904,35,212,0.03827200084924698,0.14246399700641632,0.3614720106124878,0.7189120054244995,0.04831999912858009,1.2228480130434036,0.08659199997782707,1.3094400130212307
gpu_compile,905,30,162,0.04310400038957596,0.1372160017490387,0.3676159977912903,0.6960639953613281,0.049215998500585556,1.200895994901657,0.09231999889016151,1.2932159937918186
gpu_compile,906,36,108,0.04153599962592125,0.1382399946451187,0.35942399501800537,0.7086079716682434,0.04896000027656555,1.2062719613313675,0.0904959999024868,1.2967679612338543
gpu_compile,907,14,24,0.038176000118255615,0.1361600011587143,0.35843199491500854,0.7065600156784058,0.048287998884916306,1.2011520117521286,0.08646399900317192,1.2876160107553005
gpu_compile,908,50,326,0.04342399910092354,0.13711999356746674,0.3563520014286041,0.7096319794654846,0.04960000142455101,1.2031039744615555,0.09302400052547455,1.29612797498703
gpu_compile,909,30,156,0.039455998688936234,0.1372160017490387,0.36556801199913025,0.6993920207023621,0.0488319993019104,1.202176034450531,0.08828799799084663,1.2904640324413776
gpu_compile,910,90,920,0.044064000248909,0.1382399946451187,0.36057600378990173,0.7728319764137268,0.05049600079655647,1.2716479748487473,0.09456000104546547,1.3662079758942127
gpu_compile,911,56,400,0.04214400053024292,0.1363839954137802,0.36556801199913025,0.6983680129051208,0.04918399825692177,1.2003200203180313,0.09132799878716469,1.291648019105196
gpu_compile,912,30,108,0.03824000060558319,0.13619199395179749,0.3563520014286041,0.7115200161933899,0.04873599857091904,1.2040640115737915,0.08697599917650223,1.2910400107502937
gpu_compile,913,50,698,0.04259200021624565,0.13702400028705597,0.36454400420188904,0.7026559710502625,0.04879999905824661,1.2042239755392075,0.09139199927449226,1.2956159748136997
gpu_compile,914,37,182,0.040672000497579575,0.13516800105571747,0.35865598917007446,0.7014399766921997,0.04886399954557419,1.1952639669179916,0.08953600004315376,1.2847999669611454
gpu_compile,915,30,132,0.03814399987459183,0.13631999492645264,0.37068799138069153,0.7063360214233398,0.048576001077890396,1.213344007730484,0.08672000095248222,1.3000640086829662
gpu_compile,916,63,398,0.03836800158023834,0.13619199395179749,0.3564159870147705,0.707584023475647,0.04956800118088722,1.200192004442215,0.08793600276112556,1.2881280072033405
gpu_compile,917,36,156,0.03807999938726425,0.13516800105571747,0.36556801199913025,0.7145280241966248,0.04927999898791313,1.2152640372514725,0.08735999837517738,1.3026240356266499
gpu_compile,918,30,264,0.041728001087903976,0.13619199395179749,0.35839998722076416,0.7024639844894409,0.04848000034689903,1.1970559656620026,0.09020800143480301,1.2872639670968056
gpu_compile,919,73,1408,0.04310400038957596,0.14627200365066528,0.36134400963783264,0.7155839800834656,0.048767998814582825,1.2231999933719635,0.09187199920415878,1.3150719925761223
gpu_compile,920,23,154,0.04070400074124336,0.1382399946451187,0.3596160113811493,0.6963199973106384,0.04816000163555145,1.1941760033369064,0.08886400237679482,1.2830400057137012
gpu_compile,921,35,162,0.040863998234272,0.14419199526309967,0.3624959886074066,0.7098879814147949,0.048448000103235245,1.2165759652853012,0.08931199833750725,1.3058879636228085
gpu_compile,922,47,214,0.039455998688936234,0.13731199502944946,0.36585599184036255,0.6973440051078796,0.050016000866889954,1.2005119919776917,0.08947199955582619,1.2899839915335178
gpu_compile,923,32,142,0.04153599962592125,0.14233599603176117,0.3624959886074066,0.707584023475647,0.04934399947524071,1.2124160081148148,0.09087999910116196,1.3032960072159767
gpu_compile,924,81,872,0.041471999138593674,0.1372160017490387,0.3676159977912903,0.7690560221672058,0.05052800104022026,1.2738880217075348,0.09200000017881393,1.3658880218863487
gpu_compile,925,42,354,0.040031999349594116,0.1382399946451187,0.35942399501800537,0.7014080286026001,0.050303999334573746,1.1990720182657242,0.09033599868416786,1.289408016949892
gpu_compile,926,39,216,0.03872000053524971,0.1372160017490387,0.36556801199913025,0.6963199973106384,0.057472001761198044,1.1991040110588074,0.09619200229644775,1.2952960133552551
gpu_compile,927,46,388,0.03903999924659729,0.13648000359535217,0.36134400963783264,0.7105280160903931,0.04848000034689903,1.2083520293235779,0.08751999959349632,1.2958720289170742
gpu_compile,928,56,330,0.03766399994492531,0.13926400244235992,0.3676159977912903,0.6993920207023621,0.05011200159788132,1.2062720209360123,0.08777600154280663,1.294048022478819
gpu_compile,929,38,170,0.03843199834227562,0.13625599443912506,0.3646399974822998,0.7065600156784058,0.049247998744249344,1.2074560075998306,0.08767999708652496,1.2951360046863556
gpu_compile,930,42,274,0.03907199949026108,0.13622400164604187,0.3676159977912903,0.707584023475647,0.04956800118088722,1.2114240229129791,0.0886400006711483,1.3000640235841274
gpu_compile,931,58,428,0.038943998515605927,0.13622400164604187,0.35942399501800537,0.7147520184516907,0.0498879998922348,1.210400015115738,0.08883199840784073,1.2992320135235786
gpu_compile,932,45,332,0.044319998472929,0.13635200262069702,0.3676159977912903,0.7137280106544495,0.050655998289585114,1.2176960110664368,0.09497599676251411,1.3126720078289509
gpu_compile,933,28,148,0.03743999823927879,0.1361279934644699,0.3563520014286041,0.707584023475647,0.047839999198913574,1.200064018368721,0.08527999743819237,1.2853440158069134
gpu_compile,934,41,218,0.03791999816894531,0.1372160017490387,0.35926398634910583,0.7106559872627258,0.048287998884916306,1.2071359753608704,0.08620799705386162,1.293343972414732
gpu_compile,935,36,240,0.03759999945759773,0.13619199395179749,0.35839998722076416,0.7034879922866821,0.04793599992990494,1.1980799734592438,0.08553599938750267,1.2836159728467464
gpu_compile,936,18,86,0.03779200091958046,0.14233599603176117,0.36447998881340027,0.717024028301239,0.0488319993019104,1.2238400131464005,0.08662400022149086,1.3104640133678913
gpu_compile,937,30,194,0.03731200098991394,0.13619199395179749,0.35839998722076416,0.6993920207023621,0.04835199937224388,1.1939840018749237,0.08566400036215782,1.2796480022370815
gpu_compile,938,35,142,0.04323200136423111,0.14643199741840363,0.3614720106124878,0.7106559872627258,0.047807998955249786,1.2185599952936172,0.0910400003194809,1.3095999956130981
gpu_compile,939,28,174,0.039712000638246536,0.13737599551677704,0.3633919954299927,0.6995840072631836,0.04864000156521797,1.2003519982099533,0.08835200220346451,1.2887040004134178
gpu_compile,940,105,1866,0.04297599941492081,0.1382399946451187,0.3614720106124878,0.7708160281181335,0.048895999789237976,1.27052803337574,0.09187199920415878,1.3624000325798988
gpu_compile,941,40,192,0.038015998899936676,0.1372160017490387,0.36556801199913025,0.6963199973106384,0.05023999884724617,1.1991040110588074,0.08825599774718285,1.2873600088059902
gpu_compile,942,42,160,0.03846399858593941,0.13619199395179749,0.35712000727653503,0.7045120000839233,0.04800000041723251,1.1978240013122559,0.08646399900317192,1.2842880003154278
gpu_compile,943,59,410,0.038176000118255615,0.1372160017490387,0.3635840117931366,0.7074880003929138,0.05619199946522713,1.2082880139350891,0.09436799958348274,1.3026560135185719
gpu_compile,944,24,68,0.03846399858593941,0.13631999492645264,0.3564800024032593,0.7147520184516907,0.04947200044989586,1.2075520157814026,0.08793599903583527,1.2954880148172379
gpu_compile,945,30,146,0.038336001336574554,0.1382399946451187,0.3665919899940491,0.6982399821281433,0.04950400069355965,1.203071966767311,0.0878400020301342,1.2909119687974453
gpu_compile,946,69,1248,0.03907199949026108,0.1372160017490387,0.35737600922584534,0.7086719870567322,0.04956800118088722,1.2032639980316162,0.0886400006711483,1.2919039987027645
gpu_compile,947,17,54,0.03779200091958046,0.1372160017490387,0.36556801199913025,0.7169600129127502,0.0490880012512207,1.2197440266609192,0.08688000217080116,1.3066240288317204
gpu_compile,948,31,128,0.03791999816894531,0.1372160017490387,0.358271986246109,0.711679995059967,0.04927999898791313,1.2071679830551147,0.08719999715685844,1.2943679802119732
gpu_compile,949,41,278,0.04032000154256821,0.138047993183136,0.3665919899940491,0.7055360078811646,0.04886399954557419,1.2101759910583496,0.0891840010881424,1.299359992146492
gpu_compile,950,61,400,0.042208001017570496,0.1382399946451187,0.35942399501800537,0.7065600156784058,0.04800000041723251,1.2042240053415298,0.09020800143480301,1.2944320067763329
gpu_compile,951,54,384,0.03868800029158592,0.13516800105571747,0.35942399501800537,0.7096319794654846,0.048895999789237976,1.2042239755392075,0.0875840000808239,1.2918079756200314
gpu_compile,952,34,166,0.041280001401901245,0.1382399946451187,0.36233600974082947,0.7086079716682434,0.048895999789237976,1.2091839760541916,0.09017600119113922,1.2993599772453308
gpu_compile,953,75,1054,0.03811199963092804,0.1443839967250824,0.36134400963783264,0.7086079716682434,0.0490880012512207,1.2143359780311584,0.08720000088214874,1.3015359789133072
gpu_compile,954,34,132,0.041152000427246094,0.1372160017490387,0.35942399501800537,0.7024639844894409,0.04838399961590767,1.199103981256485,0.08953600004315376,1.2886399812996387
gpu_compile,955,37,426,0.03782400116324425,0.14336000382900238,0.35836800932884216,0.7178879976272583,0.04940799996256828,1.2196160107851028,0.08723200112581253,1.3068480119109154
gpu_compile,956,25,100,0.03807999938726425,0.13619199395179749,0.3665919899940491,0.694271981716156,0.04886399954557419,1.1970559656620026,0.08694399893283844,1.283999964594841
gpu_compile,957,69,912,0.042847998440265656,0.13923199474811554,0.35839998722076416,0.7116159796714783,0.04851200059056282,1.209247961640358,0.09135999903082848,1.3006079606711864
gpu_compile,958,61,638,0.04169600084424019,0.13619199395179749,0.37248000502586365,0.7046719789505005,0.04886399954557419,1.2133439779281616,0.09056000038981438,1.303903978317976
gpu_compile,959,31,136,0.045823998749256134,0.13795199990272522,0.3585279881954193,0.7004160284996033,0.048608001321554184,1.1968960165977478,0.09443200007081032,1.2913280166685581
gpu_compile,960,41,212,0.03747199848294258,0.13628800213336945,0.37068799138069153,0.7004160284996033,0.04931199923157692,1.2073920220136642,0.0867839977145195,1.2941760197281837
gpu_compile,961,32,254,0.038784001022577286,0.13619199395179749,0.3604480028152466,0.7137280106544495,0.05619199946522713,1.2103680074214935,0.09497600048780441,1.305344007909298
gpu_compile,962,31,98,0.03807999938726425,0.13811199367046356,0.36876800656318665,0.6983360052108765,0.05500800162553787,1.2052160054445267,0.09308800101280212,1.2983040064573288
gpu_compile,963,51,314,0.037856001406908035,0.13708800077438354,0.35923200845718384,0.7065600156784058,0.048608001321554184,1.2028800249099731,0.08646400272846222,1.2893440276384354
gpu_compile,964,35,264,0.03807999938726425,0.13731199502944946,0.3676159977912903,0.6954879760742188,0.050144001841545105,1.2004159688949585,0.08822400122880936,1.2886399701237679
gpu_compile,965,33,138,0.03884800150990486,0.13619199395179749,0.35942399501800537,0.7036479711532593,0.048287998884916306,1.1992639601230621,0.08713600039482117,1.2863999605178833
gpu_compile,966,28,174,0.03705599904060364,0.1372160017490387,0.3665600121021271,0.7137280106544495,0.04873599857091904,1.2175040245056152,0.08579199761152267,1.303296022117138
gpu_compile,967,56,370,0.04211200028657913,0.13516800105571747,0.35942399501800537,0.7034879922866821,0.0490880012512207,1.198079988360405,0.09120000153779984,1.2892799898982048
gpu_compile,968,32,192,0.038047999143600464,0.13619199395179749,0.3676159977912903,0.7024639844894409,0.048895999789237976,1.2062719762325287,0.08694399893283844,1.2932159751653671
gpu_compile,969,21,120,0.03939199820160866,0.13619199395179749,0.35763201117515564,0.7075520157814026,0.047648001462221146,1.2013760209083557,0.0870399996638298,1.2884160205721855
gpu_compile,970,39,220,0.04214400053024292,0.13734400272369385,0.3624959886074066,0.7118399739265442,0.04915200173854828,1.2116799652576447,0.0912960022687912,1.3029759675264359
gpu_compile,971,25,92,0.038047999143600464,0.1364160031080246,0.35737600922584534,0.7065920233726501,0.05040000006556511,1.20038403570652,0.08844799920916557,1.2888320349156857
gpu_compile,972,71,1010,0.04150399938225746,0.14233599603176117,0.35846400260925293,0.72079998254776,0.04944000020623207,1.221599981188774,0.09094399958848953,1.3125439807772636
gpu_compile,973,35,152,0.0382080003619194,0.13619199395179749,0.35942399501800537,0.6983039975166321,0.04806400090456009,1.193919986486435,0.08627200126647949,1.2801919877529144
gpu_compile,974,15,34,0.040063999593257904,0.1432960033416748,0.34832000732421875,0.7166079878807068,0.048928000032901764,1.2082239985466003,0.08899199962615967,1.29721599817276
gpu_compile,975,35,132,0.03788800165057182,0.13702400028705597,0.35942399501800537,0.6973440051078796,0.048128001391887665,1.193792000412941,0.08601600304245949,1.2798080034554005
gpu_compile,976,21,66,0.037856001406908035,0.14534400403499603,0.3564479947090149,0.7166399955749512,0.0490880012512207,1.218431994318962,0.08694400265812874,1.3053759969770908
gpu_compile,977,36,172,0.037408001720905304,0.13523200154304504,0.36556801199913025,0.6963199973106384,0.0488319993019104,1.1971200108528137,0.0862400010228157,1.2833600118756294
gpu_compile,978,48,302,0.038784001022577286,0.1382399946451187,0.35839998722076416,0.7127040028572083,0.04918399825692177,1.2093439847230911,0.08796799927949905,1.2973119840025902
gpu_compile,979,69,664,0.040063999593257904,0.13811199367046356,0.3686400055885315,0.6993920207023621,0.04947200044989586,1.2061440199613571,0.08953600004315376,1.2956800200045109
gpu_compile,980,41,258,0.04915200173854828,0.1379839926958084,0.35942399501800537,0.7065600156784058,0.05011200159788132,1.2039680033922195,0.0992640033364296,1.3032320067286491
gpu_compile,981,36,150,0.041152000427246094,0.1372160017490387,0.36662399768829346,0.694271981716156,0.04870399832725525,1.1981119811534882,0.08985599875450134,1.2879679799079895
gpu_compile,982,50,398,0.03951999917626381,0.13820800185203552,0.36032000184059143,0.7034879922866821,0.048928000032901764,1.202015995979309,0.08844799920916557,1.2904639951884747
gpu_compile,983,43,342,0.03907199949026108,0.13619199395179749,0.3666880130767822,0.7178239822387695,0.05036799982190132,1.2207039892673492,0.0894399993121624,1.3101439885795116
gpu_compile,984,35,156,0.04169600084424019,0.1382399946451187,0.3614720106124878,0.7098879814147949,0.04931199923157692,1.2095999866724014,0.09100800007581711,1.3006079867482185
gpu_compile,985,32,168,0.04073600098490715,0.1372160017490387,0.3704319894313812,0.7208960056304932,0.04771199822425842,1.228543996810913,0.08844799920916557,1.3169919960200787
gpu_compile,986,23,94,0.03776000067591667,0.13516800105571747,0.35839998722076416,0.7034879922866821,0.04809600114822388,1.1970559805631638,0.08585600182414055,1.2829119823873043
gpu_compile,987,40,248,0.04153599962592125,0.13619199395179749,0.3665919899940491,0.7147520184516907,0.04899200052022934,1.2175360023975372,0.09052800014615059,1.3080640025436878
gpu_compile,988,25,116,0.03951999917626381,0.1382399946451187,0.35737600922584534,0.707584023475647,0.04972799867391586,1.203200027346611,0.08924799785017967,1.2924480251967907
gpu_compile,989,30,90,0.03884800150990486,0.13619199395179749,0.35942399501800537,0.7168319821357727,0.04854400083422661,1.2124479711055756,0.08739200234413147,1.299839973449707
gpu_compile,990,30,90,0.03859199956059456,0.13631999492645264,0.35737600922584534,0.7055360078811646,0.04899200052022934,1.1992320120334625,0.0875840000808239,1.2868160121142864
gpu_compile,991,32,208,0.03830400109291077,0.1454080045223236,0.35942399501800537,0.7034879922866821,0.04854400083422661,1.208319991827011,0.08684800192713737,1.2951679937541485
gpu_compile,992,33,180,0.04364800080657005,0.1372160017490387,0.3553279936313629,0.6963199973106384,0.04873599857091904,1.18886399269104,0.09238399937748909,1.2812479920685291
gpu_compile,993,45,226,0.041152000427246094,0.1443839967250824,0.36025598645210266,0.7146880030632019,0.049056001007556915,1.219327986240387,0.09020800143480301,1.30953598767519
gpu_compile,994,44,228,0.040672000497579575,0.1382399946451187,0.36476799845695496,0.7024639844894409,0.04979199916124344,1.2054719775915146,0.09046399965882301,1.2959359772503376
gpu_compile,995,31,198,0.03814399987459183,0.13820800185203552,0.3604480028152466,0.7065600156784058,0.048928000032901764,1.2052160203456879,0.08707199990749359,1.2922880202531815
gpu_compile,996,60,370,0.03888000175356865,0.1372160017490387,0.3646399974822998,0.6993920207023621,0.048928000032901764,1.2012480199337006,0.08780800178647041,1.289056021720171
gpu_compile,997,82,834,0.047520000487565994,0.1382399946451187,0.35942399501800537,0.7106559872627258,0.049695998430252075,1.20831997692585,0.09721599891781807,1.305535975843668
gpu_compile,998,15,36,0.040672000497579575,0.1372160017490387,0.3543039858341217,0.6983680129051208,0.04950400069355965,1.1898880004882812,0.09017600119113922,1.2800640016794205
gpu_compile,999,36,142,0.04054399952292442,0.1382399946451187,0.35737600922584534,0.7167999744415283,0.049056001007556915,1.2124159783124924,0.08960000053048134,1.3020159788429737
gpu_compile,1000,21,88,0.038015998899936676,0.13619199395179749,0.3665919899940491,0.7065600156784058,0.05510399863123894,1.2093439996242523,0.09311999753117561,1.302463997155428
gpu_compile,1001,27,84,0.038336001336574554,0.13811199367046356,0.35631999373435974,0.7626879811286926,0.04774399846792221,1.257119968533516,0.08607999980449677,1.3431999683380127
gpu_compile,1002,28,120,0.04371200129389763,0.1379839926958084,0.3819519877433777,0.7137280106544495,0.048767998814582825,1.2336639910936356,0.09248000010848045,1.326143991202116
gpu_compile,1003,51,312,0.03836800158023834,0.1372160017490387,0.35942399501800537,0.7239680290222168,0.049536000937223434,1.2206080257892609,0.08790400251746178,1.3085120283067226
gpu_compile,1004,65,1078,0.0416640006005764,0.1382399946451187,0.3635199964046478,0.7208639979362488,0.04972799867391586,1.2226239889860153,0.09139199927449226,1.3140159882605076
gpu_compile,1005,31,218,0.03903999924659729,0.138047993183136,0.35839998722076416,0.7180479764938354,0.048287998884916306,1.2144959568977356,0.0873279981315136,1.3018239550292492
gpu_compile,1006,55,632,0.03807999938726425,0.14745600521564484,0.3891200125217438,0.796671986579895,0.050303999334573746,1.3332480043172836,0.088383998721838,1.4216320030391216
gpu_compile,1007,41,186,0.038816001266241074,0.13833600282669067,0.37171199917793274,0.7126719951629639,0.04870399832725525,1.2227199971675873,0.08751999959349632,1.3102399967610836
gpu_compile,1008,43,340,0.04179200157523155,0.13926400244235992,0.36137598752975464,0.7147520184516907,0.04947200044989586,1.2153920084238052,0.09126400202512741,1.3066560104489326
gpu_compile,1009,39,482,0.04095999896526337,0.13849599659442902,0.3707199990749359,0.7055360078811646,0.04995200037956238,1.2147520035505295,0.09091199934482574,1.3056640028953552
gpu_compile,1010,18,62,0.03920000046491623,0.13648000359535217,0.3612160086631775,0.7371199727058411,0.049056001007556915,1.2348159849643707,0.08825600147247314,1.3230719864368439
gpu_compile,1011,33,138,0.03903999924659729,0.1372160017490387,0.3665919899940491,0.707584023475647,0.04950400069355965,1.2113920152187347,0.08854399994015694,1.2999360151588917
gpu_compile,1012,24,122,0.03782400116324425,0.1385280042886734,0.359391987323761,0.7210239768028259,0.04864000156521797,1.2189439684152603,0.08646400272846222,1.3054079711437225
gpu_compile,1013,22,64,0.040832001715898514,0.13926400244235992,0.3665919899940491,0.7229440212249756,0.04879999905824661,1.2288000136613846,0.08963200077414513,1.3184320144355297
gpu_compile,1014,46,346,0.0427200011909008,0.13619199395179749,0.3633280098438263,0.7271360158920288,0.04870399832725525,1.2266560196876526,0.09142399951815605,1.3180800192058086
gpu_compile,1015,53,532,0.0390079990029335,0.14745600521564484,0.3635199964046478,0.7210559844970703,0.0498879998922348,1.232031986117363,0.0888959988951683,1.3209279850125313
gpu_compile,1016,76,596,0.044895999133586884,0.1372160017490387,0.3676159977912903,0.7024000287055969,0.04867200180888176,1.207232028245926,0.09356800094246864,1.3008000291883945
gpu_compile,1017,40,196,0.03852799907326698,0.14627200365066528,0.35942399501800537,0.7167360186576843,0.0498879998922348,1.222432017326355,0.08841599896550179,1.3108480162918568
gpu_compile,1018,28,124,0.04102399945259094,0.13737599551677704,0.3687039911746979,0.7045760154724121,0.04822399839758873,1.210656002163887,0.08924799785017967,1.2999040000140667
gpu_compile,1019,47,210,0.04975999891757965,0.13926400244235992,0.3614720106124878,0.707584023475647,0.04838399961590767,1.2083200365304947,0.09814399853348732,1.306464035063982
gpu_compile,1020,39,200,0.03782400116324425,0.1372160017490387,0.3758080005645752,0.7159039974212646,0.05596800148487091,1.2289279997348785,0.09379200264811516,1.3227200023829937
gpu_compile,1021,39,194,0.03907199949026108,0.1372479945421219,0.35846400260925293,0.7136639952659607,0.049247998744249344,1.2093759924173355,0.08831999823451042,1.297695990651846
gpu_compile,1022,50,408,0.03929600119590759,0.1372160017490387,0.37171199917793274,0.7034879922866821,0.04972799867391586,1.2124159932136536,0.08902399986982346,1.301439993083477
gpu_compile,1023,12,32,0.038943998515605927,0.1380160003900528,0.3461120128631592,0.7208960056304932,0.04816000163555145,1.2050240188837051,0.08710400015115738,1.2921280190348625
gpu_compile,1024,59,438,0.04198399931192398,0.13619199395179749,0.3665919899940491,0.7056319713592529,0.049695998430252075,1.2084159553050995,0.09167999774217606,1.3000959530472755
gpu_compile,1025,43,222,0.04275200143456459,0.1372160017490387,0.3604480028152466,0.7096319794654846,0.049855999648571014,1.20729598402977,0.0926080010831356,1.2999039851129055
gpu_compile,1026,23,96,0.04182400181889534,0.13516800105571747,0.36556801199913025,0.7167999744415283,0.04931199923157692,1.217535987496376,0.09113600105047226,1.3086719885468483
gpu_compile,1027,28,120,0.03734400123357773,0.13542400300502777,0.3571839928627014,0.7094720005989075,0.04931199923157692,1.2020799964666367,0.08665600046515465,1.2887359969317913
gpu_compile,1028,34,162,0.043136000633239746,0.1382399946451187,0.3624959886074066,0.7065600156784058,0.04992000013589859,1.207295998930931,0.09305600076913834,1.3003519997000694
gpu_compile,1029,38,226,0.03891199827194214,0.13926400244235992,0.35737600922584534,0.7077440023422241,0.04899200052022934,1.2043840140104294,0.08790399879217148,1.2922880128026009
gpu_compile,1030,31,214,0.04163200035691261,0.14643199741840363,0.3604480028152466,0.7118080258369446,0.04912000149488449,1.2186880260705948,0.0907520018517971,1.309440027922392
gpu_compile,1031,61,826,0.038816001266241074,0.13715200126171112,0.3624959886074066,0.7004479765892029,0.04902400076389313,1.2000959664583206,0.0878400020301342,1.2879359684884548
gpu_compile,1032,25,66,0.04262400045990944,0.14745600521564484,0.35737600922584534,0.7238079905509949,0.04873599857091904,1.228640004992485,0.09135999903082848,1.3200000040233135
gpu_compile,1033,30,84,0.037696000188589096,0.1372160017490387,0.37171199917793274,0.6993920207023621,0.048576001077890396,1.2083200216293335,0.08627200126647949,1.294592022895813
gpu_compile,1034,36,232,0.03843199834227562,0.1382399946451187,0.35948801040649414,0.7137280106544495,0.04822399839758873,1.2114560157060623,0.08665599673986435,1.2981120124459267
gpu_compile,1035,73,954,0.039103999733924866,0.1372160017490387,0.37094399333000183,0.70169597864151,0.04854400083422661,1.2098559737205505,0.08764800056815147,1.297503974288702
gpu_compile,1036,61,458,0.03961599990725517,0.13926400244235992,0.3583039939403534,0.7147520184516907,0.04950400069355965,1.212320014834404,0.08912000060081482,1.3014400154352188
gpu_compile,1037,85,806,0.03951999917626381,0.13619199395179749,0.3696640133857727,0.7034879922866821,0.05644800141453743,1.2093439996242523,0.09596800059080124,1.3053120002150536
gpu_compile,1038,47,334,0.03999999910593033,0.1382399946451187,0.35839998722076416,0.7178879976272583,0.049536000937223434,1.2145279794931412,0.08953600004315376,1.304063979536295
gpu_compile,1039,55,404,0.03891199827194214,0.1363839954137802,0.36950400471687317,0.7119359970092773,0.04864000156521797,1.2178239971399307,0.08755199983716011,1.3053759969770908
gpu_compile,1040,39,286,0.04105599969625473,0.1382399946451187,0.3603839874267578,0.7290880084037781,0.04873599857091904,1.2277119904756546,0.08979199826717377,1.3175039887428284
gpu_compile,1041,40,176,0.03824000060558319,0.1372160017490387,0.37376001477241516,0.7104319930076599,0.04873599857091904,1.2214080095291138,0.08697599917650223,1.308384008705616
gpu_compile,1042,36,236,0.03807999938726425,0.1372160017490387,0.3606080114841461,0.7188479900360107,0.048576001077890396,1.2166720032691956,0.08665600046515465,1.3033280037343502
gpu_compile,1043,55,346,0.03920000046491623,0.1454080045223236,0.3635199964046478,0.7251520156860352,0.048608001321554184,1.2340800166130066,0.08780800178647041,1.321888018399477
gpu_compile,1044,26,102,0.04243199899792671,0.1372160017490387,0.35737600922584534,0.7065600156784058,0.047968000173568726,1.2011520266532898,0.09039999917149544,1.2915520258247852
gpu_compile,1045,25,108,0.04041599854826927,0.14735999703407288,0.3563520014286041,0.7148799896240234,0.04822399839758873,1.2185919880867004,0.088639996945858,1.3072319850325584
gpu_compile,1046,24,56,0.03766399994492531,0.13619199395179749,0.36662399768829346,0.7078400254249573,0.04873599857091904,1.2106560170650482,0.08639999851584435,1.2970560155808926
gpu_compile,1047,23,68,0.04095999896526337,0.13926400244235992,0.35737600922584534,0.715936005115509,0.04915200173854828,1.2125760167837143,0.09011200070381165,1.302688017487526
gpu_compile,1048,27,144,0.03743999823927879,0.13619199395179749,0.36454400420188904,0.6976320147514343,0.049056001007556915,1.1983680129051208,0.08649599924683571,1.2848640121519566
gpu_compile,1049,25,66,0.04233599826693535,0.13728000223636627,0.36051198840141296,0.711679995059967,0.049375999718904495,1.2094719856977463,0.09171199798583984,1.3011839836835861
gpu_compile,1050,35,134,0.04105599969625473,0.13619199395179749,0.3676159977912903,0.6983680129051208,0.0533440001308918,1.2021760046482086,0.09439999982714653,1.2965760044753551
gpu_compile,1051,44,312,0.03862399980425835,0.13737599551677704,0.3563520014286041,0.7138559818267822,0.049215998500585556,1.2075839787721634,0.0878399983048439,1.2954239770770073
gpu_compile,1052,62,456,0.03852799907326698,0.13619199395179749,0.3676159977912903,0.7206400036811829,0.049215998500585556,1.2244479954242706,0.08774399757385254,1.3121919929981232
gpu_compile,1053,20,68,0.03811199963092804,0.14336000382900238,0.36051198840141296,0.7290880084037781,0.04896000027656555,1.2329600006341934,0.08707199990749359,1.320032000541687
gpu_compile,1054,38,142,0.0379519984126091,0.13619199395179749,0.3664959967136383,0.7169920206069946,0.0490880012512207,1.2196800112724304,0.0870399996638298,1.3067200109362602
gpu_compile,1055,27,130,0.037408001720905304,0.13731199502944946,0.3585599958896637,0.7107200026512146,0.04931199923157692,1.2065919935703278,0.08672000095248222,1.29331199452281
gpu_compile,1056,23,78,0.038176000118255615,0.1372160017490387,0.3676159977912903,0.7139840126037598,0.04940799996256828,1.2188160121440887,0.0875840000808239,1.3064000122249126
gpu_compile,1057,23,92,0.03888000175356865,0.13708800077438354,0.36051198840141296,0.7074559926986694,0.04864000156521797,1.205055981874466,0.08752000331878662,1.2925759851932526
gpu_compile,1058,34,232,0.04335999861359596,0.14233599603176117,0.36160001158714294,1.4571839570999146,0.07478400319814682,1.9611199647188187,0.11814400181174278,2.0792639665305614
gpu_compile,1059,56,664,0.04022400081157684,0.1648319959640503,0.38604798913002014,0.744159996509552,0.04899200052022934,1.2950399816036224,0.08921600133180618,1.3842559829354286
gpu_compile,1060,47,468,0.042688000947237015,0.1372160017490387,0.3676159977912903,0.7096319794654846,0.04899200052022934,1.2144639790058136,0.09168000146746635,1.30614398047328
gpu_compile,1061,32,142,0.037696000188589096,0.13609600067138672,0.36028799414634705,0.7034879922866821,0.04886399954557419,1.199871987104416,0.08655999973416328,1.2864319868385792
gpu_compile,1062,56,324,0.04118400067090988,0.14336000382900238,0.3604480028152466,0.7065600156784058,0.04848000034689903,1.2103680223226547,0.08966400101780891,1.3000320233404636
gpu_compile,1063,35,234,0.039103999733924866,0.13516800105571747,0.35926398634910583,0.7106559872627258,0.04835199937224388,1.2050879746675491,0.08745599910616875,1.2925439737737179
gpu_compile,1064,29,184,0.03798399865627289,0.14243200421333313,0.35839998722076416,0.7075520157814026,0.04835199937224388,1.2083840072154999,0.08633599802851677,1.2947200052440166
gpu_compile,1065,42,204,0.041120000183582306,0.1382399946451187,0.35839998722076416,0.7055360078811646,0.049247998744249344,1.2021759897470474,0.09036799892783165,1.292543988674879
gpu_compile,1066,20,78,0.03814399987459183,0.14336000382900238,0.3604480028152466,0.7149119973182678,0.04838399961590767,1.2187200039625168,0.0865279994904995,1.3052480034530163
gpu_compile,1067,54,384,0.038943998515605927,0.13619199395179749,0.37376001477241516,0.7219840288162231,0.04902400076389313,1.2319360375404358,0.08796799927949905,1.3199040368199348
gpu_compile,1068,36,200,0.043776001781225204,0.1372160017490387,0.35942399501800537,0.7137280106544495,0.04956800118088722,1.2103680074214935,0.09334400296211243,1.303712010383606
gpu_compile,1069,27,110,0.038656000047922134,0.1380160003900528,0.36556801199913025,0.7106559872627258,0.0488319993019104,1.2142399996519089,0.08748799934983253,1.3017279990017414
gpu_compile,1070,59,588,0.03964800015091896,0.1372160017490387,0.3616639971733093,0.7128000259399414,0.049215998500585556,1.2116800248622894,0.08886399865150452,1.300544023513794
gpu_compile,1071,58,402,0.039103999733924866,0.13619199395179749,0.3696640133857727,0.7024639844894409,0.05753599852323532,1.208319991827011,0.09663999825716019,1.3049599900841713
gpu_compile,1072,37,154,0.04396799951791763,0.138047993183136,0.36127999424934387,0.7096319794654846,0.04899200052022934,1.2089599668979645,0.09296000003814697,1.3019199669361115
gpu_compile,1073,26,182,0.038047999143600464,0.13516800105571747,0.3665919899940491,0.707584023475647,0.05023999884724617,1.2093440145254135,0.08828799799084663,1.2976320125162601
gpu_compile,1074,37,226,0.03888000175356865,0.13619199395179749,0.35846400260925293,0.707584023475647,0.048576001077890396,1.2022400200366974,0.08745600283145905,1.2896960228681564
gpu_compile,1075,45,234,0.03827200084924698,0.13609600067138672,0.36556801199913025,0.707584023475647,0.04950400069355965,1.209248036146164,0.08777600154280663,1.2970240376889706
gpu_compile,1076,65,576,0.041439998894929886,0.13705599308013916,0.35920000076293945,0.7034879922866821,0.04944000020623207,1.1997439861297607,0.09087999910116196,1.2906239852309227
gpu_compile,1077,59,612,0.0390079990029335,0.13619199395179749,0.3675200045108795,0.7149760127067566,0.04867200180888176,1.2186880111694336,0.08768000081181526,1.3063680119812489
gpu_compile,1078,45,222,0.04169600084424019,0.1372160017490387,0.36028799414634705,0.709663987159729,0.04867200180888176,1.2071679830551147,0.09036800265312195,1.2975359857082367
gpu_compile,1079,34,194,0.039872001856565475,0.1372160017490387,0.3604480028152466,0.7147520184516907,0.04870399832725525,1.212416023015976,0.08857600018382072,1.3009920231997967
gpu_compile,1080,53,330,0.03846399858593941,0.13740800321102142,0.3614720106124878,0.7056959867477417,0.048128001391887665,1.204576000571251,0.08659199997782707,1.291168000549078
gpu_compile,1081,46,244,0.04243199899792671,0.14348800480365753,0.3592959940433502,0.7145280241966248,0.04819199815392494,1.2173120230436325,0.09062399715185165,1.3079360201954842
gpu_compile,1082,59,256,0.041280001401901245,0.1372479945421219,0.35839998722076416,0.7004160284996033,0.04940799996256828,1.1960640102624893,0.09068800136446953,1.2867520116269588
gpu_compile,1083,43,146,0.04076800122857094,0.14950400590896606,0.3665919899940491,0.7115200161933899,0.04800000041723251,1.227616012096405,0.08876800164580345,1.3163840137422085
gpu_compile,1084,74,1248,0.04287999868392944,0.1372160017490387,0.3676159977912903,0.7106559872627258,0.04879999905824661,1.2154879868030548,0.09167999774217606,1.3071679845452309
gpu_compile,1085,71,902,0.03782400116324425,0.13542400300502777,0.35839998722076416,0.7167999744415283,0.04848000034689903,1.2106239646673203,0.08630400151014328,1.2969279661774635
gpu_compile,1086,63,826,0.04153599962592125,0.14028799533843994,0.36556801199913025,0.7065600156784058,0.049375999718904495,1.212416023015976,0.09091199934482574,1.3033280223608017
gpu_compile,1087,50,334,0.041471999138593674,0.13737599551677704,0.35839998722076416,0.7095040082931519,0.049375999718904495,1.205279991030693,0.09084799885749817,1.2961279898881912
gpu_compile,1088,80,518,0.04198399931192398,0.1372160017490387,0.3686400055885315,0.7587519884109497,0.04915200173854828,1.26460799574852,0.09113600105047226,1.3557439967989922
gpu_compile,1089,63,462,0.03923200070858002,0.13849599659442902,0.3614720106124878,0.7116159796714783,0.04915200173854828,1.211583986878395,0.0883840024471283,1.2999679893255234
gpu_compile,1090,29,86,0.03798399865627289,0.13737599551677704,0.3635199964046478,0.7086719870567322,0.04912000149488449,1.209567978978157,0.08710400015115738,1.2966719791293144
gpu_compile,1091,21,94,0.03763199970126152,0.1369599997997284,0.35839998722076416,0.7167999744415283,0.04918399825692177,1.2121599614620209,0.08681599795818329,1.2989759594202042
gpu_compile,1092,91,1980,0.039423998445272446,0.13619199395179749,0.3686400055885315,0.7065600156784058,0.057023998349905014,1.2113920152187347,0.09644799679517746,1.3078400120139122
gpu_compile,1093,19,70,0.03916800022125244,0.13516800105571747,0.35942399501800537,0.7229440212249756,0.0490880012512207,1.2175360172986984,0.08825600147247314,1.3057920187711716
gpu_compile,1094,30,124,0.037728000432252884,0.14246399700641632,0.3622399866580963,0.7277759909629822,0.048608001321554184,1.2324799746274948,0.08633600175380707,1.3188159763813019
gpu_compile,1095,30,126,0.037567999213933945,0.1371839940547943,0.35945600271224976,0.7065600156784058,0.050175998359918594,1.2032000124454498,0.08774399757385254,1.2909440100193024
gpu_compile,1096,44,304,0.039103999733924866,0.14735999703407288,0.3624959886074066,0.7108799815177917,0.0490880012512207,1.2207359671592712,0.08819200098514557,1.3089279681444168
gpu_compile,1097,29,236,0.037856001406908035,0.13516800105571747,0.3614720106124878,0.7014719843864441,0.04867200180888176,1.1981119960546494,0.0865280032157898,1.2846399992704391
gpu_compile,1098,29,120,0.038047999143600464,0.13743999600410461,0.3553279936313629,0.7034879922866821,0.048608001321554184,1.1962559819221497,0.08665600046515465,1.2829119823873043
gpu_compile,1099,33,206,0.041600000113248825,0.1382399946451187,0.37091198563575745,0.7014399766921997,0.049375999718904495,1.2105919569730759,0.09097599983215332,1.3015679568052292
gpu_compile,1100,25,40,0.055615998804569244,0.1382399946451187,0.35862401127815247,0.7127040028572083,0.049536000937223434,1.2095680087804794,0.10515199974179268,1.314720008522272
gpu_compile,1101,80,622,0.040511999279260635,0.1380160003900528,0.3686400055885315,0.7086079716682434,0.05423999950289726,1.2152639776468277,0.0947519987821579,1.3100159764289856
gpu_compile,1102,25,134,0.040511999279260635,0.1382399946451187,0.3604480028152466,0.7108160257339478,0.047807998955249786,1.209504023194313,0.08831999823451042,1.2978240214288235
gpu_compile,1103,33,210,0.04032000154256821,0.13619199395179749,0.36665600538253784,0.7046719789505005,0.04841599985957146,1.2075199782848358,0.08873600140213966,1.2962559796869755
gpu_compile,1104,28,110,0.037376001477241516,0.13705599308013916,0.3614720106124878,0.7137280106544495,0.049855999648571014,1.2122560143470764,0.08723200112581253,1.299488015472889
gpu_compile,1105,71,692,0.03936000168323517,0.1372160017490387,0.3676159977912903,0.7054399847984314,0.04940799996256828,1.2102719843387604,0.08876800164580345,1.2990399859845638
gpu_compile,1106,20,32,0.03807999938726425,0.13715200126171112,0.35942399501800537,0.7115520238876343,0.048576001077890396,1.2081280201673508,0.08665600046515465,1.2947840206325054
gpu_compile,1107,51,582,0.03868800029158592,0.1372160017490387,0.37481600046157837,0.7147520184516907,0.047968000173568726,1.2267840206623077,0.08665600046515465,1.3134400211274624
gpu_compile,1108,20,58,0.03798399865627289,0.1371839940547943,0.3592959940433502,0.7280640006065369,0.04841599985957146,1.2245439887046814,0.08639999851584435,1.3109439872205257
gpu_compile,1109,68,552,0.04364800080657005,0.14345599710941315,0.3592959940433502,0.7229440212249756,0.05008000135421753,1.225696012377739,0.09372800216078758,1.3194240145385265
gpu_compile,1110,26,132,0.037248000502586365,0.1372160017490387,0.35737600922584534,0.7124800086021423,0.04956800118088722,1.2070720195770264,0.08681600168347359,1.2938880212605
gpu_compile,1111,53,380,0.039103999733924866,0.1443839967250824,0.36156800389289856,0.7219200134277344,0.048895999789237976,1.2278720140457153,0.08799999952316284,1.3158720135688782
gpu_compile,1112,39,262,0.03852799907326698,0.13699199259281158,0.3645760118961334,0.7127040028572083,0.048448000103235245,1.2142720073461533,0.08697599917650223,1.3012480065226555
gpu_compile,1113,52,566,0.04355200007557869,0.1372160017490387,0.35814398527145386,0.7147520184516907,0.0480320006608963,1.2101120054721832,0.09158400073647499,1.3016960062086582
gpu_compile,1114,76,792,0.04230400174856186,0.13708800077438354,0.36556801199913025,0.7104319930076599,0.04873599857091904,1.2130880057811737,0.0910400003194809,1.3041280061006546
gpu_compile,1115,28,106,0.0379519984126091,0.13619199395179749,0.35737600922584534,0.7065600156784058,0.04982399940490723,1.2001280188560486,0.08777599781751633,1.287904016673565
gpu_compile,1116,47,408,0.04179200157523155,0.13619199395179749,0.36662399768829346,0.7055360078811646,0.05673599988222122,1.2083519995212555,0.09852800145745277,1.3068800009787083
gpu_compile,1117,69,392,0.0414079986512661,0.13622400164604187,0.3563520014286041,0.7106559872627258,0.04950400069355965,1.2032319903373718,0.09091199934482574,1.2941439896821976
gpu_compile,1118,13,44,0.03686400130391121,0.1382399946451187,0.3532800078392029,0.7157760262489319,0.0498879998922348,1.2072960287332535,0.08675200119614601,1.2940480299293995
gpu_compile,1119,27,106,0.04134399816393852,0.1372160017490387,0.358240008354187,0.7045120000839233,0.0488319993019104,1.199968010187149,0.09017599746584892,1.290144007652998
gpu_compile,1120,21,34,0.04041599854826927,0.13619199395179749,0.37376001477241516,0.7084479928016663,0.05008000135421753,1.218400001525879,0.0904959999024868,1.3088960014283657
gpu_compile,1121,32,136,0.036959998309612274,0.13519999384880066,0.3574399948120117,0.7178239822387695,0.049247998744249344,1.210463970899582,0.08620799705386162,1.2966719679534435
gpu_compile,1122,27,92,0.03840000182390213,0.13516800105571747,0.3697279989719391,0.7086079716682434,0.04966399818658829,1.2135039716959,0.08806400001049042,1.3015679717063904
gpu_compile,1123,23,78,0.03734400123357773,0.1375039964914322,0.35737600922584534,0.707584023475647,0.050335999578237534,1.2024640291929245,0.08768000081181526,1.2901440300047398
gpu_compile,1124,32,250,0.03782400116324425,0.1372160017490387,0.3622080087661743,0.7167360186576843,0.04831999912858009,1.2161600291728973,0.08614400029182434,1.3023040294647217
gpu_compile,1125,21,44,0.04134399816393852,0.138047993183136,0.35839998722076416,0.7167999744415283,0.048448000103235245,1.2132479548454285,0.08979199826717377,1.3030399531126022
gpu_compile,1126,32,128,0.03811199963092804,0.14643199741840363,0.3615359961986542,0.7096319794654846,0.04982399940490723,1.2175999730825424,0.08793599903583527,1.3055359721183777
gpu_compile,1127,25,70,0.041471999138593674,0.13631999492645264,0.359391987323761,0.7035199999809265,0.0488319993019104,1.1992319822311401,0.09030399844050407,1.2895359806716442
gpu_compile,1128,74,868,0.03932800143957138,0.1446399986743927,0.36054399609565735,0.717631995677948,0.0498879998922348,1.222815990447998,0.08921600133180618,1.3120319917798042
gpu_compile,1129,34,172,0.042208001017570496,0.13619199395179749,0.36764800548553467,0.6983680129051208,0.04867200180888176,1.202208012342453,0.09088000282645226,1.2930880151689053
gpu_compile,1130,43,258,0.037408001720905304,0.13631999492645264,0.36057600378990173,0.7146880030632019,0.04944000020623207,1.2115840017795563,0.08684800192713737,1.2984320037066936
gpu_compile,1131,33,124,0.037376001477241516,0.1372160017490387,0.36239999532699585,0.7567359805107117,0.048928000032901764,1.2563519775867462,0.08630400151014328,1.3426559790968895
gpu_compile,1132,39,240,0.04479999840259552,0.14003199338912964,0.36048001050949097,0.7106559872627258,0.04966399818658829,1.2111679911613464,0.09446399658918381,1.3056319877505302
gpu_compile,1133,39,340,0.03862399980425835,0.13619199395179749,0.3686400055885315,0.7014399766921997,0.050016000866889954,1.2062719762325287,0.0886400006711483,1.294911976903677
gpu_compile,1134,37,222,0.03824000060558319,0.1353279948234558,0.35737600922584534,0.7200639843940735,0.0496320016682148,1.2127679884433746,0.08787200227379799,1.3006399907171726
gpu_compile,1135,101,1082,0.03846399858593941,0.1372160017490387,0.37171199917793274,0.7884799838066101,0.049056001007556915,1.2974079847335815,0.08751999959349632,1.3849279843270779
gpu_compile,1136,15,36,0.038047999143600464,0.13619199395179749,0.34726399183273315,0.711679995059967,0.049855999648571014,1.1951359808444977,0.08790399879217148,1.2830399796366692
gpu_compile,1137,19,72,0.03788800165057182,0.13516800105571747,0.36345601081848145,0.7289919853210449,0.04793599992990494,1.2276159971952438,0.08582400158047676,1.3134399987757206
gpu_compile,1138,27,114,0.04047999903559685,0.13619199395179749,0.3593280017375946,0.7157760262489319,0.048448000103235245,1.211296021938324,0.08892799913883209,1.300224021077156
gpu_compile,1139,24,68,0.038975998759269714,0.14745600521564484,0.3601599931716919,0.7178879976272583,0.04896000027656555,1.225503996014595,0.08793599903583527,1.3134399950504303
gpu_compile,1140,31,136,0.03814399987459183,0.1382399946451187,0.3666880130767822,0.7045120000839233,0.04831999912858009,1.2094400078058243,0.08646399900317192,1.2959040068089962
gpu_compile,1141,45,374,0.04179200157523155,0.14953599870204926,0.3676159977912903,0.7166079878807068,0.049536000937223434,1.2337599843740463,0.09132800251245499,1.3250879868865013
gpu_compile,1142,54,468,0.038176000118255615,0.1372160017490387,0.37068799138069153,0.7065600156784058,0.048576001077890396,1.214464008808136,0.08675200119614601,1.301216010004282
gpu_compile,1143,41,190,0.0453759990632534,0.1382399946451187,0.35839998722076416,0.7097280025482178,0.04966399818658829,1.2063679844141006,0.09503999724984169,1.3014079816639423
gpu_compile,1144,31,98,0.03750399872660637,0.1372160017490387,0.36640000343322754,0.6952959895133972,0.055296000093221664,1.1989119946956635,0.09279999881982803,1.2917119935154915
gpu_compile,1145,35,156,0.03936000168323517,0.13619199395179749,0.35942399501800537,0.7064319849014282,0.048576001077890396,1.202047973871231,0.08793600276112556,1.2899839766323566
gpu_compile,1146,22,62,0.03791999816894531,0.13926400244235992,0.3676159977912903,0.7034879922866821,0.05023999884724617,1.2103679925203323,0.08815999701619148,1.2985279895365238
gpu_compile,1147,49,410,0.04102399945259094,0.13625599443912506,0.3604480028152466,0.7157120108604431,0.04915200173854828,1.2124160081148148,0.09017600119113922,1.302592009305954
gpu_compile,1148,43,252,0.041439998894929886,0.1382399946451187,0.3665919899940491,0.705344021320343,0.04966399818658829,1.2101760059595108,0.09110399708151817,1.301280003041029
gpu_compile,1149,41,116,0.038975998759269714,0.1372160017490387,0.35942399501800537,0.7105919718742371,0.0490880012512207,1.2072319686412811,0.08806400001049042,1.2952959686517715
gpu_compile,1150,23,116,0.03766399994492531,0.1372160017490387,0.36556801199913025,0.7011839747428894,0.048576001077890396,1.2039679884910583,0.0862400010228157,1.290207989513874
gpu_compile,1151,27,112,0.03840000182390213,0.1361279934644699,0.35942399501800537,0.7065280079841614,0.050144001841545105,1.2020799964666367,0.08854400366544724,1.290624000132084
