Iteration,Total_Wall_ms,HW_Write_ms,HW_Compute_ms,HW_Read_ms,SW_Overhead_ms
0,0.626781,0.084643,0.212456,0.095386,0.234296
1,0.59942,0.043672,0.291443,0.04702,0.217285
2,0.435307,0.065356,0.181051,0.025312,0.163588
3,0.597784,0.044568,0.274314,0.054033,0.224869
4,0.429524,0.045061,0.198837,0.022037,0.163589
5,0.573057,0.04659,0.286904,0.035104,0.204459
6,0.418468,0.046954,0.209832,0.031464,0.130218
7,0.481863,0.045188,0.233641,0.035472,0.167562
8,0.323152,0.050558,0.161113,0.020902,0.090579
9,0.454263,0.030434,0.260948,0.035702,0.127179
10,0.314676,0.046342,0.170568,0.024185,0.073581
11,0.558827,0.053083,0.255027,0.089914,0.160803
12,0.385759,0.048153,0.152753,0.051528,0.133325
13,0.52769,0.053774,0.261876,0.065316,0.146724
14,0.474966,0.066784,0.184736,0.085283,0.138163
15,0.514999,0.043859,0.279989,0.035177,0.155974
16,0.545111,0.092327,0.20195,0.04464,0.206194
17,0.531191,0.043226,0.256473,0.035569,0.195923
18,0.348914,0.065295,0.172967,0.023079,0.087573
19,0.493491,0.07143,0.234756,0.058117,0.129188
20,0.314709,0.04797,0.166081,0.023756,0.076902
21,0.526571,0.055783,0.248811,0.066754,0.155223
22,0.308855,0.026206,0.166797,0.0236,0.092252
23,0.50097,0.053262,0.257482,0.06104,0.129186
24,0.42923,0.025508,0.15293,0.06701,0.183782
25,0.537573,0.053435,0.261631,0.063538,0.158969
26,0.423053,0.050418,0.168036,0.073867,0.130732
27,0.490529,0.052804,0.237324,0.066214,0.134187
28,0.405055,0.047609,0.157652,0.069037,0.130757
29,0.552386,0.053155,0.254802,0.12944,0.114989
30,0.447992,0.08918,0.171492,0.039358,0.147962
31,0.540197,0.052216,0.245988,0.081947,0.160046
32,0.439222,0.05311,0.20401,0.039234,0.142868
33,0.559448,0.05206,0.250198,0.081387,0.175803
34,0.484954,0.07795,0.177955,0.053667,0.175382
35,0.512375,0.0459,0.275025,0.034527,0.156923
36,0.298371,0.028852,0.15427,0.02651,0.088739
37,0.569714,0.085018,0.288665,0.035878,0.160153
38,0.346314,0.035727,0.18289,0.037171,0.090526
39,0.404903,0.028101,0.229146,0.035852,0.111804
40,0.287997,0.029538,0.150391,0.023614,0.084454
41,0.469565,0.0689,0.248983,0.035906,0.115776
42,0.307877,0.048657,0.170187,0.021155,0.067878
43,0.467686,0.054234,0.237098,0.055223,0.121131
44,0.411678,0.06481,0.16876,0.040246,0.137862
45,0.504194,0.047247,0.257013,0.060992,0.138942
46,0.392257,0.044151,0.165902,0.069123,0.113081
47,0.532758,0.065382,0.24481,0.063492,0.159074
48,0.408722,0.049134,0.15719,0.057583,0.144815
49,0.525917,0.051626,0.257466,0.070998,0.145827
50,0.363402,0.051615,0.175396,0.048168,0.088223
51,0.501395,0.053102,0.236588,0.075031,0.136674
52,0.357379,0.048713,0.152548,0.043658,0.11246
53,0.511235,0.051602,0.256171,0.063407,0.140055
54,0.384099,0.049858,0.169174,0.049808,0.115259
55,0.518238,0.052316,0.236265,0.07731,0.152347
56,0.327965,0.028173,0.150873,0.03765,0.111269
57,0.468857,0.054927,0.253328,0.035496,0.125106
58,0.381914,0.049708,0.16871,0.053233,0.110263
59,0.513629,0.051676,0.232537,0.077403,0.152013
60,0.312267,0.027244,0.151795,0.037688,0.09554
61,0.493292,0.034568,0.242563,0.080669,0.135492
62,0.339251,0.028642,0.165934,0.037796,0.106879
63,0.555719,0.094501,0.254806,0.065943,0.140469
64,0.302918,0.037328,0.152107,0.023782,0.089701
65,0.505375,0.031235,0.254425,0.07518,0.144535
66,0.517924,0.109206,0.194442,0.03929,0.174986
67,0.513561,0.044082,0.231148,0.054749,0.183582
68,0.370191,0.063788,0.199016,0.02549,0.081897
69,0.57069,0.071789,0.30306,0.05512,0.140721
70,0.512199,0.056055,0.213506,0.0405,0.202138
71,0.581318,0.044788,0.282766,0.066996,0.186768
72,0.518207,0.091277,0.201333,0.04774,0.177857
73,0.624858,0.043683,0.293268,0.083857,0.20405
74,0.51685,0.051554,0.216572,0.058153,0.190571
75,0.63799,0.085334,0.235516,0.0795,0.23764
76,0.477403,0.083688,0.161786,0.043978,0.187951
77,0.560579,0.0426,0.2757,0.060712,0.181567
78,0.596497,0.099675,0.221685,0.04022,0.234917
79,0.616283,0.076638,0.278765,0.08088,0.18
80,0.49595,0.046612,0.202978,0.06122,0.18514
81,0.681422,0.092766,0.317167,0.06437,0.207119
82,0.566303,0.075503,0.238783,0.058984,0.193033
83,0.632249,0.078235,0.310748,0.062526,0.18074
84,0.538651,0.07696,0.206158,0.040712,0.214821
85,0.719007,0.07231,0.326085,0.08059,0.240022
86,0.593036,0.088492,0.23068,0.040004,0.23386
87,0.56922,0.0672,0.27884,0.035426,0.187754
88,0.572525,0.10249,0.20397,0.043966,0.222099
89,0.762211,0.080686,0.378503,0.090262,0.21276
90,0.578009,0.058956,0.215167,0.06171,0.242176
91,0.657048,0.083837,0.2824,0.062702,0.228109
92,0.55719,0.07481,0.205582,0.080859,0.195939
93,0.663137,0.03951,0.29597,0.062619,0.265038
94,0.53738,0.043932,0.220144,0.04876,0.224544
95,0.549129,0.046232,0.274859,0.03619,0.191848
96,0.542638,0.044564,0.239192,0.040806,0.218076
97,0.595939,0.04363,0.297081,0.056824,0.198404
98,0.375669,0.046965,0.17401,0.026752,0.127942
99,0.665041,0.095546,0.310082,0.061086,0.198327
100,0.425766,0.08644,0.157516,0.039534,0.142276
101,0.629229,0.050381,0.314618,0.06138,0.20285
102,0.507104,0.093252,0.173467,0.049286,0.191099
103,0.628986,0.043558,0.326379,0.037332,0.221717
104,0.318694,0.04177,0.156468,0.024942,0.095514
105,0.604685,0.080278,0.304152,0.060154,0.160101
106,0.539563,0.048478,0.234052,0.04074,0.216293
107,0.579862,0.04264,0.277377,0.054227,0.205618
108,0.35827,0.046388,0.158046,0.023632,0.130204
109,0.590013,0.045904,0.289465,0.05419,0.200454
110,0.370632,0.046378,0.175468,0.02763,0.121156
111,0.605472,0.044188,0.283045,0.061298,0.216941
112,0.530317,0.107273,0.169226,0.041735,0.212083
113,0.622356,0.075505,0.296217,0.036516,0.214118
114,0.439598,0.057712,0.180482,0.045087,0.156317
115,0.5858,0.04334,0.280592,0.05507,0.206798
116,0.382359,0.065065,0.201098,0.024328,0.091868
117,0.518706,0.045944,0.254108,0.036488,0.182166
118,0.358017,0.042491,0.172052,0.022113,0.121361
119,0.551535,0.046296,0.235553,0.06681,0.202876
120,0.347056,0.04613,0.155834,0.021073,0.124019
121,0.578627,0.04306,0.251276,0.054117,0.230174
122,0.427832,0.052213,0.171886,0.029297,0.174436
123,0.505257,0.038597,0.240295,0.036272,0.190093
124,0.410083,0.04315,0.198734,0.039104,0.129095
125,0.538715,0.04324,0.303525,0.036174,0.155776
126,0.551371,0.044949,0.259738,0.05101,0.195674
127,0.562076,0.042176,0.281516,0.035414,0.20297
128,0.414855,0.04664,0.169553,0.024442,0.17422
129,0.585941,0.043695,0.291874,0.05447,0.195902
130,0.462597,0.08146,0.17374,0.039385,0.168012
131,0.6567,0.117617,0.249048,0.061245,0.22879
132,0.537344,0.075836,0.209662,0.060327,0.191519
133,0.671851,0.118017,0.30143,0.086984,0.16542
134,0.499344,0.079203,0.22648,0.043176,0.150485
135,0.527795,0.025486,0.244907,0.08083,0.176572
136,0.518052,0.08199,0.199288,0.04539,0.191384
137,0.589068,0.045235,0.289106,0.06458,0.190147
138,0.528235,0.059438,0.21896,0.040576,0.209261
139,0.610594,0.0474,0.28392,0.0809,0.198374
140,0.517737,0.114018,0.206334,0.039233,0.158152
141,0.502969,0.031876,0.274171,0.06449,0.132432
142,0.585021,0.088008,0.219793,0.040768,0.236452
143,0.571017,0.043778,0.278013,0.06554,0.183686
144,0.484041,0.068332,0.194022,0.072627,0.14906
145,0.601096,0.045018,0.3035,0.05467,0.197908
146,0.435497,0.048424,0.22267,0.024934,0.139469
147,0.519782,0.02898,0.250631,0.08941,0.150761
148,0.429379,0.05475,0.159633,0.070213,0.144783
149,0.629591,0.076791,0.306288,0.064216,0.182296
150,0.426469,0.049322,0.170001,0.070847,0.136299
151,0.58567,0.05138,0.281322,0.087156,0.165812
152,0.394162,0.04478,0.190422,0.047602,0.111358
153,0.47963,0.04738,0.254186,0.040546,0.137518
154,0.486014,0.050465,0.207878,0.040027,0.187644
155,0.574787,0.059283,0.244088,0.07825,0.193166
156,0.48748,0.064852,0.154827,0.072226,0.195575
157,0.588918,0.058703,0.297773,0.064523,0.167919
158,0.53492,0.073352,0.22275,0.039898,0.19892
159,0.529852,0.087222,0.247708,0.06478,0.130142
160,0.45528,0.056322,0.198398,0.05878,0.14178
161,0.612751,0.045162,0.299009,0.065618,0.202962
162,0.605092,0.086012,0.21343,0.075989,0.229661
163,0.644493,0.068777,0.283296,0.06279,0.22963
164,0.548398,0.098403,0.217095,0.059942,0.172958
165,0.56861,0.034829,0.296963,0.037526,0.199292
166,0.567208,0.044037,0.228473,0.040988,0.25371
167,0.596601,0.081886,0.276072,0.03669,0.201953
168,0.548319,0.046685,0.215569,0.040487,0.245578
169,0.708604,0.109367,0.368839,0.036532,0.193866
170,0.40225,0.044192,0.175064,0.037976,0.145018
171,0.654045,0.042986,0.310477,0.056534,0.244048
172,0.449824,0.090766,0.199692,0.03781,0.121556
173,0.565205,0.052066,0.31309,0.036128,0.163921
174,0.373695,0.046227,0.21487,0.033445,0.079153
175,0.572148,0.052147,0.27624,0.054264,0.189497
176,0.354837,0.048314,0.20498,0.024605,0.076938
177,0.596629,0.043782,0.288432,0.054187,0.210228
178,0.353368,0.066724,0.17734,0.023812,0.085492
179,0.532087,0.048028,0.2757,0.035454,0.172905
180,0.378955,0.06235,0.197105,0.024225,0.095275
181,0.549965,0.069747,0.279892,0.064992,0.135334
182,0.38801,0.046266,0.172678,0.03786,0.131206
183,0.535628,0.031707,0.243072,0.08307,0.177779
184,0.435799,0.04904,0.197942,0.047898,0.140919
185,0.619008,0.049524,0.289012,0.082864,0.197608
186,0.47702,0.07521,0.173973,0.061356,0.166481
187,0.54732,0.05132,0.278807,0.064603,0.15259
188,0.521518,0.044439,0.214015,0.051334,0.21173
189,0.555148,0.04627,0.25417,0.071216,0.183492
190,0.394717,0.046017,0.174153,0.046602,0.127945
191,0.578246,0.051119,0.28401,0.063362,0.179755
192,0.571941,0.109253,0.207579,0.051148,0.203961
193,0.584809,0.046758,0.29122,0.064676,0.182155
194,0.441632,0.06031,0.212214,0.038272,0.130836
195,0.58079,0.042992,0.287177,0.102284,0.148337
196,0.502973,0.08406,0.1976,0.052276,0.169037
197,0.540934,0.045528,0.260512,0.065894,0.169
198,0.394222,0.046482,0.171275,0.044825,0.13164
199,0.547201,0.05498,0.235353,0.063622,0.193246
200,0.387187,0.044054,0.158226,0.037934,0.146973
201,0.487758,0.042336,0.247753,0.03636,0.161309
202,0.30641,0.033587,0.169842,0.024374,0.078607
203,0.535852,0.04391,0.279908,0.036112,0.175922
204,0.36602,0.063212,0.197776,0.023256,0.081776
205,0.472684,0.02795,0.286027,0.036162,0.122545
206,0.296202,0.031328,0.166198,0.021747,0.076929
207,0.492332,0.06278,0.235108,0.054266,0.140178
208,0.300424,0.046352,0.163644,0.022962,0.067466
209,0.46291,0.047724,0.2512,0.037728,0.126258
210,0.376913,0.051131,0.168432,0.041049,0.116301
211,0.499415,0.039487,0.240152,0.063566,0.15621
212,0.364707,0.04768,0.156708,0.05156,0.108759
213,0.535385,0.045903,0.245702,0.088809,0.154971
214,0.410211,0.060283,0.172044,0.044846,0.133038
215,0.531242,0.06256,0.244468,0.082293,0.141921
216,0.4174,0.045778,0.152375,0.068683,0.150564
217,0.596735,0.099,0.259531,0.064264,0.17394
218,0.428487,0.040264,0.172182,0.070827,0.145214
219,0.581404,0.043199,0.281745,0.063724,0.192736
220,0.458966,0.071044,0.167145,0.037858,0.182919
221,0.614334,0.070835,0.299546,0.035775,0.208178
222,0.36006,0.043798,0.175854,0.023648,0.11676
223,0.491949,0.035853,0.231856,0.035794,0.188446
224,0.440896,0.055158,0.203677,0.022674,0.159387
225,0.607702,0.046166,0.28835,0.055483,0.217703
226,0.481935,0.056896,0.237006,0.020684,0.167349
227,0.540929,0.04299,0.27932,0.036342,0.182277
228,0.388566,0.046744,0.197105,0.020887,0.12383
229,0.514988,0.042732,0.250837,0.036175,0.185244
230,0.523174,0.04413,0.235132,0.04305,0.200862
231,0.625628,0.068495,0.284855,0.087104,0.185174
232,0.496875,0.08521,0.178851,0.043773,0.189041
233,0.614826,0.046048,0.30338,0.08146,0.183938
234,0.456932,0.061495,0.174219,0.07938,0.141838
235,0.630314,0.070961,0.255269,0.090593,0.213491
236,0.458317,0.056274,0.157621,0.058787,0.185635
237,0.659118,0.080837,0.26247,0.086139,0.229672
238,0.576169,0.07216,0.214498,0.04083,0.248681
239,0.635923,0.079041,0.293735,0.065015,0.198132
240,0.504338,0.10025,0.208312,0.038376,0.1574
241,0.611239,0.048614,0.290695,0.061837,0.210093
242,0.572193,0.108619,0.227666,0.053962,0.181946
243,0.57831,0.045507,0.275539,0.061506,0.195758
244,0.579295,0.078064,0.205622,0.07344,0.222169
245,0.560379,0.045967,0.260438,0.036612,0.217362
246,0.436751,0.043478,0.191621,0.025647,0.176005
247,0.671156,0.09985,0.281168,0.082582,0.207556
248,0.596312,0.109816,0.223948,0.040519,0.222029
249,0.669232,0.092242,0.295462,0.061636,0.219892
250,0.555381,0.076558,0.212346,0.076936,0.189541
251,0.523307,0.045845,0.273813,0.036255,0.167394
252,0.468546,0.05301,0.212178,0.050515,0.152843
253,0.52763,0.066734,0.293175,0.036225,0.131496
254,0.479541,0.04387,0.213795,0.049048,0.172828
255,0.577306,0.048328,0.279067,0.05389,0.196021
256,0.438231,0.052211,0.202023,0.036425,0.147572
257,0.493898,0.038455,0.26109,0.03613,0.158223
258,0.400826,0.070775,0.181819,0.026196,0.122036
259,0.553225,0.043718,0.234046,0.065478,0.209983
260,0.445018,0.056619,0.15686,0.0681,0.163439
261,0.589153,0.045904,0.267005,0.081846,0.194398
262,0.431961,0.04597,0.170967,0.038032,0.176992
263,0.604762,0.086619,0.234532,0.05606,0.227551
264,0.420737,0.076,0.166119,0.037641,0.140977
265,0.542007,0.028192,0.261308,0.061667,0.19084
266,0.564355,0.101718,0.223145,0.039716,0.199776
267,0.666072,0.045168,0.290423,0.081857,0.248624
268,0.53012,0.045112,0.21092,0.062867,0.211221
269,0.645702,0.074606,0.300031,0.061814,0.209251
270,0.474824,0.085234,0.215048,0.040276,0.134266
271,0.715524,0.096614,0.288915,0.078654,0.251341
272,0.596865,0.090206,0.215945,0.061409,0.229305
273,0.666133,0.081821,0.30496,0.063216,0.216136
274,0.568439,0.096254,0.212202,0.059903,0.20008
275,0.549233,0.043424,0.277379,0.037499,0.190931
276,0.418222,0.053027,0.228793,0.026209,0.110193
277,0.575836,0.056735,0.295026,0.036128,0.187947
278,0.40436,0.04721,0.216616,0.022084,0.11845
279,0.518486,0.070757,0.280018,0.036673,0.131038
280,0.36188,0.04898,0.2013,0.039554,0.072046
281,0.485028,0.05429,0.251921,0.03622,0.142597
282,0.298455,0.027034,0.168114,0.021498,0.081809
283,0.493474,0.033674,0.23046,0.084239,0.145101
284,0.436304,0.074777,0.16384,0.05984,0.137847
285,0.598354,0.072461,0.289324,0.081836,0.154733
286,0.515433,0.065364,0.233235,0.045198,0.171636
287,0.545043,0.068789,0.277606,0.064406,0.134242
288,0.44607,0.048758,0.193656,0.06216,0.141496
289,0.514378,0.039085,0.266165,0.064277,0.144851
290,0.474524,0.047414,0.211302,0.059043,0.156765
291,0.596423,0.069248,0.279602,0.08224,0.165333
292,0.450341,0.048147,0.206648,0.040142,0.155404
293,0.560977,0.05403,0.255362,0.083199,0.168386
294,0.396218,0.047714,0.17845,0.054458,0.115596
295,0.534641,0.052356,0.280892,0.06335,0.138043
296,0.454475,0.07083,0.212563,0.040322,0.13076
297,0.593975,0.052636,0.305466,0.082983,0.15289
298,0.418568,0.050717,0.170086,0.0696,0.128165
299,0.596971,0.068039,0.284443,0.071622,0.172867
300,0.463067,0.0499,0.208719,0.058903,0.145545
301,0.544675,0.085305,0.296698,0.045368,0.117304
302,0.527301,0.115656,0.17905,0.039268,0.193327
303,0.529024,0.052755,0.238152,0.061256,0.176861
304,0.520725,0.070915,0.207594,0.062667,0.179549
305,0.619451,0.076892,0.267198,0.10091,0.174451
306,0.518866,0.097637,0.184398,0.038993,0.197838
307,0.606076,0.052333,0.233238,0.086259,0.234246
308,0.62626,0.10013,0.21526,0.06043,0.25044
309,0.648732,0.069528,0.306684,0.064319,0.208201
310,0.62323,0.092046,0.220803,0.06947,0.240911
311,0.652285,0.081288,0.274466,0.077346,0.219185
312,0.545379,0.084138,0.226663,0.038166,0.196412
313,0.675424,0.08333,0.293685,0.061318,0.237091
314,0.565123,0.074286,0.215444,0.040965,0.234428
315,0.638136,0.087293,0.28787,0.0648,0.198173
316,0.555752,0.087764,0.19761,0.0648,0.205578
317,0.589672,0.067615,0.290679,0.035743,0.195635
318,0.608825,0.094563,0.220096,0.041116,0.25305
319,0.556865,0.043089,0.260746,0.035996,0.217034
320,0.537214,0.071392,0.208571,0.044754,0.212497
321,0.547213,0.043828,0.289178,0.036774,0.177433
322,0.358617,0.047427,0.171759,0.023324,0.116107
323,0.472743,0.045173,0.23317,0.03653,0.15787
324,0.370205,0.038696,0.16131,0.050088,0.120111
325,0.491246,0.06829,0.254544,0.0366,0.131812
326,0.380243,0.046207,0.171202,0.024701,0.138133
327,0.54752,0.046528,0.233031,0.055123,0.212838
328,0.372741,0.046512,0.166571,0.022302,0.137356
329,0.550902,0.044262,0.271674,0.054693,0.180273
330,0.336728,0.055173,0.174205,0.021302,0.086048
331,0.494885,0.033534,0.231792,0.063562,0.165997
332,0.446409,0.048542,0.200312,0.047166,0.150389
333,0.581662,0.046231,0.289607,0.065055,0.180769
334,0.477629,0.051272,0.208254,0.066923,0.15118
335,0.60434,0.04491,0.27958,0.081657,0.198193
336,0.44867,0.05514,0.178695,0.051562,0.163273
337,0.593882,0.047017,0.2721,0.061756,0.213009
338,0.597649,0.088847,0.230849,0.056989,0.220964
339,0.595254,0.043595,0.277712,0.061625,0.212322
340,0.49167,0.100816,0.158262,0.04832,0.184272
341,0.744764,0.082446,0.344628,0.062296,0.255394
342,0.478263,0.073441,0.1811,0.038362,0.18536
343,0.691597,0.083654,0.284891,0.077937,0.245115
344,0.567559,0.096277,0.201247,0.079595,0.19044
345,0.628323,0.068078,0.255864,0.0618,0.242581
346,0.449193,0.088414,0.171982,0.052397,0.1364
347,0.564589,0.0609,0.282441,0.036386,0.184862
348,0.379868,0.072024,0.157412,0.024616,0.125816
349,0.52976,0.050948,0.293528,0.036566,0.148718
350,0.43591,0.069198,0.222642,0.042207,0.101863
351,0.619312,0.094447,0.278966,0.082417,0.163482
352,0.477428,0.06532,0.184232,0.078245,0.149631
353,0.51625,0.054643,0.248853,0.064198,0.148556
354,0.415223,0.067937,0.177278,0.060387,0.109621
355,0.596429,0.068951,0.273682,0.08233,0.171466
356,0.50286,0.053344,0.218046,0.070674,0.160796
357,0.641519,0.0626,0.300042,0.083926,0.194951
358,0.500071,0.070346,0.184217,0.074066,0.171442
359,0.573528,0.079144,0.281508,0.066068,0.146808
360,0.405888,0.067483,0.196032,0.038666,0.103707
361,0.554854,0.070131,0.252275,0.062457,0.169991
362,0.473629,0.090513,0.169899,0.061677,0.15154
363,0.531715,0.069951,0.250254,0.06496,0.14655
364,0.485383,0.070147,0.206977,0.070253,0.138006
365,0.505507,0.068876,0.251477,0.064626,0.120528
366,0.401862,0.031613,0.168743,0.058246,0.14326
367,0.461003,0.032752,0.227343,0.064216,0.136692
368,0.38785,0.026125,0.198859,0.059456,0.10341
369,0.556651,0.067166,0.289689,0.068898,0.130898
370,0.508109,0.069212,0.230172,0.067773,0.140952
371,0.543237,0.073655,0.232541,0.08235,0.154691
372,0.476989,0.047361,0.190926,0.065109,0.173593
373,0.570922,0.073906,0.257298,0.061568,0.17815
374,0.455733,0.091136,0.18947,0.039274,0.135853
375,0.645074,0.08238,0.297019,0.097944,0.167731
376,0.487846,0.070929,0.21859,0.039917,0.15841
377,0.609521,0.076202,0.305779,0.062558,0.164982
378,0.541212,0.11725,0.225568,0.04578,0.152614
379,0.459,0.04665,0.249387,0.053698,0.109265
380,0.467754,0.052448,0.201104,0.05034,0.163862
381,0.506126,0.06985,0.293684,0.049756,0.092836
382,0.436504,0.059678,0.174442,0.070576,0.131808
383,0.445882,0.062877,0.240438,0.048523,0.094044
384,0.392305,0.03883,0.195935,0.05929,0.09825
385,0.454597,0.043557,0.284326,0.048358,0.078356
386,0.355448,0.040132,0.175294,0.038115,0.101907
387,0.455105,0.068148,0.250161,0.058398,0.078398
388,0.438399,0.05567,0.173484,0.068387,0.140858
389,0.428966,0.070126,0.249648,0.020127,0.089065
390,0.418637,0.025634,0.208703,0.040721,0.143579
391,0.353515,0.02579,0.230731,0.019232,0.077762
392,0.355367,0.032092,0.154066,0.046388,0.122821
393,0.415656,0.069496,0.249453,0.020111,0.076596
394,0.382459,0.049234,0.171148,0.052295,0.109782
395,0.43699,0.052693,0.237683,0.053876,0.092738
396,0.364639,0.054818,0.150936,0.040253,0.118632
397,0.448012,0.045514,0.252777,0.070745,0.078976
398,0.419333,0.071245,0.184347,0.040078,0.123663
399,0.40606,0.026454,0.242952,0.048704,0.08795
400,0.355424,0.034395,0.150626,0.040831,0.129572
401,0.37553,0.022896,0.25242,0.020055,0.080159
402,0.343905,0.05526,0.172714,0.0236,0.092331
403,0.414815,0.070108,0.233768,0.019002,0.091937
404,0.374984,0.05393,0.15889,0.051662,0.110502
405,0.451921,0.052015,0.255493,0.048636,0.095777
406,0.372964,0.029065,0.16694,0.06358,0.113379
407,0.402313,0.030361,0.228114,0.049014,0.094824
408,0.328009,0.027408,0.150904,0.037948,0.111749
409,0.438772,0.056198,0.253258,0.030198,0.099118
410,0.345986,0.069958,0.173093,0.023162,0.079773
411,0.402124,0.068338,0.236436,0.019386,0.077964
412,0.388485,0.054882,0.171616,0.05154,0.110447
413,0.415372,0.051456,0.251168,0.019422,0.093326
414,0.306313,0.025807,0.168644,0.02593,0.085932
415,0.386087,0.032214,0.225804,0.048452,0.079617
416,0.343152,0.024983,0.14989,0.059594,0.108685
417,0.378547,0.03054,0.245705,0.018715,0.083587
418,0.32024,0.02564,0.164237,0.026306,0.104057
419,0.44588,0.054752,0.245615,0.053818,0.091695
420,0.407716,0.069485,0.168753,0.04725,0.122228
421,0.407803,0.025685,0.255079,0.04805,0.078989
422,0.329184,0.030988,0.165568,0.037574,0.095054
423,0.398546,0.02975,0.227919,0.048118,0.092759
424,0.349387,0.028878,0.150353,0.059323,0.110833
425,0.399245,0.040224,0.244409,0.019363,0.095249
426,0.350111,0.069438,0.173316,0.025236,0.082121
427,0.40241,0.071384,0.236273,0.01882,0.075933
428,0.287122,0.025737,0.151718,0.023942,0.085725
429,0.360097,0.028862,0.241378,0.019395,0.070462
430,0.292624,0.021626,0.165574,0.022173,0.083251
431,0.363804,0.029408,0.226468,0.019088,0.08884
432,0.287976,0.02755,0.149648,0.021628,0.08915
433,0.394129,0.042208,0.244994,0.019598,0.087329
434,0.291238,0.022773,0.165247,0.021883,0.081335
435,0.359815,0.029202,0.230218,0.018972,0.081423
436,0.280861,0.02795,0.149777,0.021197,0.081937
437,0.370355,0.029652,0.241442,0.019322,0.079939
438,0.28818,0.02261,0.164882,0.021151,0.079537
439,0.358393,0.028166,0.227687,0.017986,0.084554
440,0.284399,0.025278,0.150864,0.021133,0.087124
441,0.374028,0.029018,0.24254,0.019293,0.083177
442,0.31115,0.025111,0.16637,0.021936,0.097733
443,0.409944,0.046186,0.232069,0.048598,0.083091
444,0.440184,0.05404,0.168494,0.061423,0.156227
445,0.432535,0.027956,0.259739,0.052825,0.092015
446,0.470575,0.053763,0.186528,0.07541,0.154874
447,0.434671,0.07097,0.235406,0.05377,0.074525
448,0.443939,0.068022,0.169464,0.068676,0.137777
449,0.430958,0.070247,0.26413,0.020375,0.076206
450,0.32944,0.026521,0.166536,0.038034,0.098349
451,0.403827,0.031004,0.22806,0.04887,0.095893
452,0.35087,0.029138,0.153126,0.059297,0.109309
453,0.43767,0.064503,0.25316,0.028783,0.091224
454,0.34618,0.069605,0.172695,0.025373,0.078507
455,0.372343,0.026478,0.228991,0.019246,0.097628
456,0.328099,0.0527,0.16147,0.021148,0.092781
457,0.37399,0.02708,0.243092,0.019325,0.084493
458,0.373052,0.033295,0.166227,0.044816,0.128714
459,0.364311,0.026884,0.227126,0.019362,0.090939
460,0.288339,0.029075,0.151626,0.0231,0.084538
461,0.422645,0.069834,0.249122,0.018668,0.085021
462,0.351687,0.067803,0.177609,0.023294,0.082981
463,0.361356,0.027794,0.229169,0.019336,0.085057
464,0.273579,0.028378,0.150444,0.02177,0.072987
465,0.373741,0.027498,0.243377,0.0179,0.084966
466,0.311221,0.029345,0.165996,0.02234,0.09354
467,0.37197,0.027694,0.225695,0.01897,0.099611
468,0.274883,0.025782,0.150031,0.02175,0.07732
469,0.377137,0.026352,0.242127,0.019041,0.089617
470,0.29755,0.028258,0.167213,0.021124,0.080955
471,0.355597,0.025953,0.228376,0.019798,0.08147
472,0.2873,0.030704,0.150482,0.02119,0.084924
473,0.372024,0.02816,0.241987,0.019459,0.082418
474,0.295096,0.025773,0.165135,0.021528,0.08266
475,0.368771,0.029052,0.228295,0.019293,0.092131
476,0.28655,0.02951,0.149765,0.023278,0.083997
477,0.36327,0.02319,0.242164,0.019305,0.078611
478,0.298156,0.02819,0.16533,0.02179,0.082846
479,0.35962,0.027247,0.228812,0.018875,0.084686
480,0.280877,0.025314,0.152258,0.021398,0.081907
481,0.36424,0.024346,0.242713,0.019117,0.078064
482,0.298972,0.027501,0.166343,0.021472,0.083656
483,0.369943,0.027853,0.23079,0.020136,0.091164
484,0.282388,0.02753,0.152915,0.02152,0.080423
485,0.363292,0.025862,0.242806,0.019543,0.075081
486,0.302338,0.027002,0.165512,0.021228,0.088596
487,0.369524,0.0292,0.230434,0.01889,0.091
488,0.280054,0.02582,0.152361,0.0216,0.080273
489,0.372525,0.028007,0.243023,0.019113,0.082382
490,0.300755,0.025173,0.165283,0.0248,0.085499
491,0.355333,0.028455,0.225551,0.025082,0.076245
492,0.283157,0.025388,0.15251,0.021972,0.083287
493,0.37413,0.030028,0.24345,0.01822,0.082432
494,0.299222,0.027138,0.165797,0.021933,0.084354
495,0.447131,0.05307,0.249465,0.053442,0.091154
496,0.441297,0.071067,0.169036,0.061157,0.140037
497,0.367634,0.02479,0.243852,0.019102,0.07989
498,0.310267,0.035516,0.167622,0.025647,0.081482
499,0.437162,0.06836,0.24485,0.047795,0.076157
500,0.314299,0.025735,0.150831,0.039042,0.098691
501,0.420404,0.034354,0.245358,0.049156,0.091536
502,0.377086,0.070684,0.175015,0.038268,0.093119
503,0.400877,0.034702,0.22964,0.047962,0.088573
504,0.351719,0.03245,0.149873,0.04444,0.124956
505,0.404599,0.022588,0.25441,0.048817,0.078784
506,0.344044,0.030344,0.16603,0.038288,0.109382
507,0.409868,0.069199,0.233575,0.018848,0.088246
508,0.337524,0.069484,0.162066,0.023424,0.08255
509,0.405735,0.051116,0.260842,0.021606,0.072171
510,0.355483,0.053303,0.176763,0.024829,0.100588
511,0.376076,0.026193,0.228525,0.019456,0.101902
512,0.336149,0.033734,0.15037,0.022588,0.129457
513,0.376921,0.027683,0.241724,0.01872,0.088794
514,0.307911,0.030933,0.167353,0.021471,0.088154
515,0.358724,0.02613,0.228544,0.019522,0.084528
516,0.285573,0.029014,0.150266,0.02139,0.084903
517,0.578846,0.059396,0.268144,0.030104,0.221202
518,0.44928,0.12082,0.18831,0.047015,0.093135
519,0.491028,0.066727,0.286462,0.054001,0.083838
520,0.464103,0.070103,0.233602,0.040806,0.119592
521,0.43523,0.027354,0.266003,0.049266,0.092607
522,0.487233,0.054702,0.23211,0.046632,0.153789
523,0.47387,0.070884,0.277003,0.047744,0.078239
524,0.406282,0.043992,0.194468,0.06438,0.103442
525,0.490436,0.064685,0.264121,0.070998,0.090632
526,0.467229,0.068096,0.196173,0.06192,0.14104
527,0.36057,0.027636,0.228302,0.019206,0.085426
528,0.348776,0.034154,0.15096,0.039628,0.124034
529,0.430935,0.023918,0.247037,0.059947,0.100033
530,0.470781,0.053806,0.173338,0.07324,0.170397
531,0.427054,0.055338,0.237906,0.050145,0.083665
532,0.461299,0.074615,0.176178,0.067553,0.142953
533,0.454494,0.069864,0.25981,0.047596,0.077224
534,0.425894,0.028918,0.209065,0.0587,0.129211
535,0.419367,0.038134,0.254621,0.048087,0.078525
536,0.404457,0.02858,0.191547,0.073697,0.110633
537,0.518999,0.052894,0.298466,0.04853,0.119109
538,0.448552,0.070249,0.188475,0.055148,0.13468
539,0.402244,0.03003,0.227979,0.048383,0.095852
540,0.374784,0.046087,0.150648,0.068103,0.109946
541,0.427285,0.078676,0.250968,0.018722,0.078919
542,0.315073,0.025818,0.165671,0.026162,0.097422
543,0.480704,0.051658,0.250261,0.060443,0.118342
544,0.417208,0.055658,0.15719,0.050262,0.154098
545,0.45463,0.051794,0.252768,0.054135,0.095933
546,0.468824,0.069534,0.183892,0.06189,0.153508
547,0.426836,0.063942,0.23204,0.048812,0.082042
548,0.454119,0.064256,0.169738,0.062507,0.157618
549,0.452197,0.026713,0.24436,0.049712,0.131412
550,0.460367,0.052063,0.190844,0.06202,0.15544
551,0.424505,0.027412,0.258287,0.04926,0.089546
552,0.448451,0.05331,0.168415,0.067487,0.159239
553,0.483399,0.087399,0.261153,0.054048,0.080799
554,0.453808,0.069724,0.177906,0.069297,0.136881
555,0.453854,0.07085,0.2532,0.054102,0.075702
556,0.393745,0.073451,0.158464,0.059443,0.102387
557,0.448255,0.023838,0.286874,0.048896,0.088647
558,0.477958,0.03333,0.219234,0.062397,0.162997
559,0.4155,0.022845,0.267412,0.048442,0.076801
560,0.402333,0.032207,0.192773,0.069556,0.107797
561,0.507246,0.068474,0.278669,0.071288,0.088815
562,0.47005,0.07021,0.228198,0.05107,0.120572
563,0.556269,0.080833,0.244703,0.08055,0.150183
564,0.352921,0.033936,0.186301,0.038046,0.094638
565,0.440805,0.031048,0.291302,0.049593,0.068862
566,0.426208,0.03001,0.209872,0.040958,0.145368
567,0.479139,0.052463,0.276076,0.059789,0.090811
568,0.446961,0.069852,0.209686,0.045378,0.122045
569,0.416267,0.05477,0.266484,0.023821,0.071192
570,0.364172,0.052708,0.19492,0.023884,0.09266
571,0.460227,0.071274,0.259275,0.048114,0.081564
572,0.323242,0.03395,0.15419,0.038076,0.097026
573,0.409536,0.032095,0.250195,0.048481,0.078765
574,0.369003,0.03059,0.167494,0.05968,0.111239
575,0.367604,0.029694,0.231534,0.020113,0.086263
576,0.296746,0.028328,0.151251,0.025038,0.092129
577,0.374534,0.028067,0.244889,0.019577,0.082001
578,0.297841,0.023688,0.166992,0.022278,0.084883
579,0.383984,0.046794,0.232402,0.020776,0.084012
580,0.328678,0.055641,0.156558,0.021014,0.095465
581,0.376326,0.026175,0.245058,0.018856,0.086237
582,0.306657,0.0336,0.165969,0.023335,0.083753
583,0.368796,0.026342,0.227357,0.019916,0.095181
584,0.282536,0.029438,0.149717,0.0216,0.081781
585,0.361427,0.022643,0.243051,0.01883,0.076903
586,0.30049,0.024537,0.166356,0.021213,0.088384
587,0.361268,0.024547,0.228802,0.018978,0.088941
588,0.284804,0.029683,0.15311,0.021712,0.080299
589,0.366518,0.022266,0.243631,0.018867,0.081754
590,0.301015,0.034883,0.16523,0.022287,0.078615
591,0.365159,0.027187,0.227527,0.019082,0.091363
592,0.282542,0.027882,0.151506,0.020794,0.08236
593,0.38058,0.025668,0.242952,0.018998,0.092962
594,0.297674,0.028382,0.165454,0.020742,0.083096
595,0.355049,0.02306,0.227399,0.019233,0.085357
596,0.287107,0.04207,0.150719,0.021998,0.07232
597,0.392579,0.027444,0.242329,0.019332,0.103474
598,0.289047,0.024977,0.166874,0.02116,0.076036
599,0.353511,0.025832,0.226301,0.018897,0.082481
600,0.270631,0.022785,0.150037,0.021008,0.076801
601,0.378764,0.025896,0.243502,0.01889,0.090476
602,0.297173,0.029177,0.166733,0.02057,0.080693
603,0.376299,0.05437,0.235671,0.019208,0.06705
604,0.275857,0.03212,0.151785,0.02107,0.070882
605,0.433798,0.039016,0.25266,0.070077,0.072045
606,0.425558,0.071618,0.178602,0.068963,0.106375
607,0.361037,0.0282,0.227218,0.019188,0.086431
608,0.2833,0.03161,0.149456,0.022424,0.07981
609,0.37323,0.02752,0.242634,0.019002,0.084074
610,0.30635,0.02965,0.165263,0.02161,0.089827
611,0.414126,0.069875,0.247563,0.019069,0.077619
612,0.285602,0.025706,0.151959,0.02154,0.086397
613,0.427871,0.0301,0.250506,0.057732,0.089533
614,0.330125,0.02839,0.167284,0.038201,0.09625
615,0.408705,0.030657,0.228062,0.050212,0.099774
616,0.443997,0.07128,0.16529,0.06742,0.140007
617,0.459547,0.068764,0.253796,0.048974,0.088013
618,0.369361,0.028563,0.165494,0.064863,0.110441
619,0.449936,0.058051,0.251817,0.048088,0.09198
620,0.374285,0.037456,0.150816,0.057546,0.128467
621,0.398828,0.03393,0.247038,0.019577,0.098283
622,0.331707,0.056816,0.172003,0.022562,0.080326
623,0.403403,0.04415,0.235315,0.049095,0.074843
624,0.350913,0.029648,0.152887,0.059423,0.108955
625,0.373575,0.028748,0.24381,0.0192,0.081817
626,0.294131,0.024256,0.165052,0.024944,0.079879
627,0.411566,0.050545,0.246887,0.01893,0.095204
628,0.348301,0.069943,0.157801,0.023014,0.097543
629,0.380838,0.02792,0.24508,0.019108,0.08873
630,0.289674,0.028728,0.164917,0.023018,0.073011
631,0.360681,0.026997,0.225855,0.026189,0.08164
632,0.285757,0.029802,0.150139,0.021595,0.084221
633,0.381127,0.02565,0.244736,0.01902,0.091721
634,0.298659,0.027638,0.167663,0.021421,0.081937
635,0.39185,0.026692,0.230101,0.026236,0.108821
636,0.330139,0.054116,0.1502,0.020652,0.105171
637,0.389368,0.026412,0.242973,0.019484,0.100499
638,0.340312,0.052736,0.173148,0.020951,0.093477
639,0.401036,0.025865,0.2422,0.049855,0.083116
640,0.320923,0.032873,0.151862,0.038372,0.097816
641,0.378955,0.027446,0.245078,0.01889,0.087541
642,0.305937,0.029231,0.166372,0.025335,0.084999
643,0.34207,0.022131,0.225087,0.018643,0.076209
644,0.28478,0.027968,0.151788,0.021772,0.083252
645,0.383047,0.027236,0.250422,0.019232,0.086157
646,0.301379,0.024022,0.166757,0.02147,0.08913
647,0.34763,0.023108,0.226927,0.018798,0.078797
648,0.282372,0.0279,0.150414,0.021203,0.082855
649,0.37918,0.02571,0.243581,0.018864,0.091025
650,0.301006,0.032908,0.168369,0.020627,0.079102
651,0.361134,0.025658,0.226288,0.018705,0.090483
652,0.297616,0.027908,0.150451,0.021277,0.09798
653,0.381825,0.025802,0.243187,0.018664,0.094172
654,0.30276,0.028461,0.168211,0.02222,0.083868
655,0.417049,0.051092,0.237024,0.050318,0.078615
656,0.443099,0.06653,0.17241,0.062253,0.141906
657,0.423192,0.026427,0.264715,0.048178,0.083872
658,0.467396,0.057252,0.182894,0.072526,0.154724
659,0.427768,0.071322,0.233803,0.048211,0.074432
660,0.355137,0.029235,0.152781,0.059773,0.113348
661,0.410464,0.041692,0.244434,0.048164,0.076174
662,0.335562,0.026737,0.168809,0.038389,0.101627
663,0.470566,0.055256,0.256451,0.05532,0.103539
664,0.40939,0.079811,0.158729,0.061019,0.109831
665,0.406541,0.029398,0.246585,0.049334,0.081224
666,0.340208,0.03098,0.17538,0.038268,0.09558
667,0.346486,0.024181,0.22617,0.019235,0.0769
668,0.286203,0.025274,0.149088,0.023116,0.088725
669,0.374697,0.030174,0.243361,0.019072,0.08209
670,0.317446,0.023766,0.166439,0.022405,0.104836
671,0.355787,0.029285,0.225919,0.019155,0.081428
672,0.291227,0.032318,0.15147,0.020912,0.086527
673,0.378061,0.027976,0.24639,0.020276,0.083419
674,0.315667,0.026372,0.166646,0.021077,0.101572
675,0.361019,0.026735,0.226359,0.01938,0.088545
676,0.337899,0.070844,0.158138,0.03071,0.078207
677,0.37736,0.02634,0.24218,0.019116,0.089724
678,0.320235,0.03196,0.167482,0.022199,0.098594
679,0.370746,0.048115,0.232138,0.020175,0.070318
680,0.284116,0.030095,0.152721,0.02166,0.07964
681,0.481312,0.068596,0.26366,0.06216,0.086896
682,0.448525,0.069994,0.175738,0.063987,0.138806
683,0.465118,0.078803,0.234812,0.048005,0.103498
684,0.345654,0.0281,0.153805,0.061794,0.101955
685,0.421277,0.032212,0.255512,0.048121,0.085432
686,0.32248,0.024248,0.166817,0.038506,0.092909
687,0.440848,0.052562,0.241468,0.054384,0.092434
688,0.375314,0.054312,0.165824,0.0414,0.113778
689,0.467098,0.04577,0.250998,0.082387,0.087943
690,0.493386,0.06568,0.201683,0.060724,0.165299
691,0.411888,0.051902,0.229507,0.0492,0.081279
692,0.481296,0.053467,0.210327,0.06221,0.155292
693,0.427875,0.029592,0.258423,0.04905,0.09081
694,0.510515,0.053768,0.223398,0.081117,0.152232
695,0.484417,0.071364,0.278171,0.059003,0.075879
696,0.43696,0.068835,0.198823,0.050012,0.11929
697,0.477058,0.054875,0.301355,0.04975,0.071078
698,0.380758,0.03149,0.170281,0.05955,0.119437
699,0.419689,0.036938,0.240727,0.048901,0.093123
700,0.330806,0.026877,0.154112,0.038218,0.111599
701,0.487617,0.068558,0.265921,0.073123,0.080015
702,0.457795,0.069706,0.18308,0.061157,0.143852
703,0.396585,0.027397,0.232711,0.047965,0.088512
704,0.32256,0.02755,0.151454,0.038302,0.105254
705,0.387758,0.030461,0.24494,0.0192,0.093157
706,0.342614,0.069306,0.172556,0.022903,0.077849
707,0.411242,0.070969,0.243893,0.019375,0.077005
708,0.288831,0.027587,0.15244,0.02244,0.086364
709,0.372026,0.031528,0.242298,0.019352,0.078848
710,0.290381,0.023938,0.166273,0.021736,0.078434
711,0.363705,0.029415,0.227288,0.018506,0.088496
712,0.279101,0.026943,0.150217,0.021432,0.080509
713,0.390057,0.029482,0.242668,0.019048,0.098859
714,0.28417,0.02415,0.164859,0.021457,0.073704
715,0.356931,0.027962,0.232426,0.01927,0.077273
716,0.2904,0.03039,0.156145,0.021804,0.082061
717,0.374431,0.029616,0.24247,0.018404,0.083941
718,0.300697,0.02658,0.165282,0.021553,0.087282
719,0.350713,0.027774,0.228682,0.01931,0.074947
720,0.27063,0.022921,0.150813,0.0212,0.075696
721,0.368826,0.028275,0.242712,0.018065,0.079774
722,0.30226,0.025635,0.164514,0.021368,0.090743
723,0.357009,0.031186,0.229337,0.018794,0.077692
724,0.285522,0.025637,0.149594,0.021452,0.088839
725,0.368858,0.029085,0.243232,0.019693,0.076848
726,0.287271,0.022633,0.168117,0.021395,0.075126
727,0.354606,0.028681,0.227161,0.019084,0.07968
728,0.285089,0.02582,0.150221,0.02083,0.088218
729,0.364029,0.028584,0.241597,0.018957,0.074891
730,0.290634,0.028025,0.166805,0.021165,0.074639
731,0.351435,0.028025,0.226974,0.018258,0.078178
732,0.274768,0.025804,0.149674,0.02113,0.07816
733,0.367352,0.028333,0.243175,0.019067,0.076777
734,0.30567,0.02786,0.16797,0.020865,0.088975
735,0.355151,0.027293,0.226896,0.019388,0.081574
736,0.277141,0.026262,0.150492,0.021332,0.079055
737,0.434908,0.053718,0.250287,0.03015,0.100753
738,0.353727,0.069747,0.186214,0.021333,0.076433
739,0.354381,0.028646,0.229112,0.019074,0.077549
740,0.279845,0.033682,0.150689,0.020556,0.074918
741,0.371825,0.025703,0.244124,0.018926,0.083072
742,0.294069,0.032443,0.166481,0.020747,0.074398
743,0.354888,0.027162,0.230035,0.01868,0.079011
744,0.285488,0.029666,0.151128,0.021304,0.08339
745,0.366959,0.02597,0.242107,0.018628,0.080254
746,0.288845,0.024368,0.164892,0.027005,0.07258
747,0.351578,0.023193,0.227934,0.02625,0.074201
748,0.284704,0.028563,0.150402,0.02202,0.083719
749,0.366756,0.027684,0.242866,0.018818,0.077388
750,0.283016,0.024675,0.164957,0.021125,0.072259
751,0.404904,0.0684,0.242503,0.018971,0.07503
752,0.28408,0.026837,0.151572,0.021948,0.083723
753,0.409459,0.032374,0.254447,0.048112,0.074526
754,0.328869,0.027308,0.164871,0.038304,0.098386
755,0.359651,0.040825,0.233663,0.019527,0.065636
756,0.280752,0.026853,0.150447,0.0242,0.079252
757,0.363533,0.0293,0.243121,0.019244,0.071868
758,0.291639,0.02683,0.166382,0.02165,0.076777
759,0.351018,0.029631,0.227814,0.0194,0.074173
760,0.27276,0.022571,0.150004,0.021412,0.078773
761,0.365508,0.02791,0.242936,0.018318,0.076344
762,0.285524,0.024032,0.165002,0.021929,0.074561
763,0.349955,0.0326,0.22743,0.019372,0.070553
764,0.277213,0.025328,0.150456,0.021256,0.080173
765,0.360588,0.0253,0.242842,0.019186,0.07326
766,0.284707,0.022584,0.166532,0.021157,0.074434
767,0.354487,0.028453,0.230397,0.018987,0.07665
768,0.2903,0.027354,0.150965,0.021345,0.090636
769,0.372171,0.028288,0.242892,0.019282,0.081709
770,0.295591,0.024318,0.164716,0.035107,0.07145
771,0.362521,0.030053,0.22795,0.019728,0.08479
772,0.280959,0.031724,0.149846,0.020985,0.078404
773,0.362979,0.025007,0.244059,0.019794,0.074119
774,0.295536,0.035554,0.165668,0.02106,0.073254
775,0.356157,0.029116,0.2287,0.018052,0.080289
776,0.280121,0.02658,0.149994,0.020933,0.082614
777,0.35924,0.025738,0.242932,0.018967,0.071603
778,0.289867,0.02588,0.164969,0.020953,0.078065
779,0.370794,0.027943,0.229,0.019916,0.093935
780,0.273598,0.022758,0.150622,0.021724,0.078494
781,0.357481,0.026248,0.24163,0.019147,0.070456
782,0.289733,0.022384,0.17048,0.021446,0.075423
783,0.347054,0.026332,0.229276,0.020138,0.071308
784,0.277175,0.026234,0.149708,0.020814,0.080419
785,0.370035,0.028229,0.242614,0.01906,0.080132
786,0.291046,0.025515,0.164993,0.020912,0.079626
787,0.354367,0.027421,0.230119,0.019092,0.077735
788,0.278956,0.025064,0.149705,0.021372,0.082815
789,0.380565,0.03022,0.242471,0.019432,0.088442
790,0.282494,0.022228,0.165644,0.021438,0.073184
791,0.414524,0.05266,0.238028,0.01907,0.104766
792,0.338033,0.068806,0.160096,0.031654,0.077477
793,0.37806,0.025592,0.24437,0.018958,0.08914
794,0.298262,0.03248,0.166418,0.021174,0.07819
795,0.34,0.02242,0.226435,0.018869,0.072276
796,0.291547,0.029358,0.158055,0.021003,0.083131
797,0.368438,0.024752,0.245328,0.019092,0.079266
798,0.303594,0.030304,0.16538,0.021332,0.086578
799,0.344689,0.024322,0.227086,0.01898,0.074301
800,0.276851,0.027962,0.14975,0.020745,0.078394
801,0.366148,0.029883,0.244788,0.018175,0.073302
802,0.296554,0.029448,0.165859,0.02107,0.080177
803,0.350679,0.027307,0.226231,0.018508,0.078633
804,0.270593,0.025657,0.150409,0.02135,0.073177
805,0.368668,0.025461,0.245801,0.01878,0.078626
806,0.286793,0.025558,0.165768,0.02088,0.074587
807,0.353431,0.026514,0.227939,0.018755,0.080223
808,0.277007,0.027528,0.15005,0.021653,0.077776
809,0.462106,0.0704,0.290625,0.024268,0.076813
810,0.340321,0.067334,0.173934,0.020842,0.078211
811,0.361377,0.026815,0.22784,0.018835,0.087887
812,0.277533,0.030679,0.150251,0.020847,0.075756
813,0.364664,0.022192,0.248146,0.018964,0.075362
814,0.295836,0.025596,0.164451,0.021134,0.084655
815,0.353461,0.02892,0.227736,0.018392,0.078413
816,0.27166,0.022883,0.14931,0.022663,0.076804
817,0.364021,0.02557,0.242258,0.02605,0.070143
818,0.294167,0.026047,0.167978,0.021184,0.078958
819,0.35349,0.028232,0.227184,0.018888,0.079186
820,0.277718,0.025227,0.150721,0.0211,0.08067
821,0.354975,0.022227,0.241997,0.01914,0.071611
822,0.29556,0.032925,0.167778,0.020732,0.074125
823,0.353157,0.027894,0.226186,0.019298,0.079779
824,0.27603,0.022942,0.149112,0.021278,0.082698
825,0.401805,0.036746,0.244264,0.048024,0.072771
826,0.38022,0.029037,0.16835,0.06005,0.122783
827,0.411281,0.02871,0.228606,0.049574,0.104391
828,0.304201,0.02441,0.1499,0.038042,0.091849
829,0.366339,0.028313,0.243457,0.019403,0.075166
830,0.291403,0.02414,0.166982,0.023507,0.076774
831,0.364967,0.028902,0.22845,0.019102,0.088513
832,0.273761,0.02542,0.150875,0.021454,0.076012
833,0.360623,0.02269,0.243373,0.019564,0.074996
834,0.294658,0.027291,0.167421,0.02239,0.077556
835,0.355232,0.025956,0.229417,0.019086,0.080773
836,0.281098,0.026556,0.150646,0.021366,0.08253
837,0.364876,0.025698,0.243559,0.018902,0.076717
838,0.306463,0.028294,0.167321,0.021504,0.089344
839,0.351433,0.024028,0.226767,0.018948,0.08169
840,0.274671,0.021605,0.150361,0.021684,0.081021
841,0.372046,0.026193,0.243832,0.019064,0.082957
842,0.290043,0.021707,0.169114,0.023192,0.07603
843,0.426387,0.062063,0.235261,0.05439,0.074673
844,0.404838,0.064498,0.159328,0.059493,0.121519
845,0.423738,0.048968,0.250766,0.048162,0.075842
846,0.405003,0.047595,0.167232,0.06073,0.129446
847,0.406084,0.043907,0.24506,0.048172,0.068945
848,0.351103,0.047458,0.155249,0.040788,0.107608
849,0.447255,0.058923,0.262611,0.048198,0.077523
850,0.334299,0.0286,0.177876,0.038331,0.089492
851,0.392739,0.03496,0.22584,0.046957,0.084982
852,0.311396,0.028522,0.15044,0.038296,0.094138
853,0.399284,0.023578,0.255088,0.045103,0.075515
854,0.354657,0.027265,0.167315,0.059847,0.10023
855,0.361906,0.028949,0.232127,0.019357,0.081473
856,0.283838,0.033948,0.150599,0.024374,0.074917
857,0.368976,0.02754,0.24221,0.019504,0.079722
858,0.285555,0.024052,0.165072,0.021976,0.074455
859,0.378356,0.027962,0.228276,0.045535,0.076583
860,0.30388,0.025759,0.149152,0.038076,0.090893
861,0.371481,0.028165,0.243295,0.018976,0.081045
862,0.302703,0.02377,0.16552,0.036065,0.077348
863,0.367537,0.027178,0.22837,0.019367,0.092622
864,0.279741,0.02636,0.150549,0.021802,0.08103
865,0.370008,0.028038,0.242316,0.019388,0.080266
866,0.291429,0.025504,0.165337,0.021323,0.079265
867,0.356014,0.028336,0.226971,0.017982,0.082725
868,0.281114,0.026294,0.149633,0.021824,0.083363
869,0.360885,0.02438,0.243304,0.018904,0.074297
870,0.290307,0.025607,0.165689,0.021228,0.077783
871,0.342976,0.02362,0.227461,0.019068,0.072827
872,0.288379,0.03512,0.150574,0.020912,0.081773
873,0.369748,0.025406,0.243165,0.019557,0.08162
874,0.284624,0.021167,0.164928,0.021582,0.076947
875,0.352937,0.025654,0.226248,0.018983,0.082052
876,0.287957,0.026489,0.150489,0.020955,0.090024
877,0.366978,0.026553,0.242772,0.019323,0.07833
878,0.296821,0.027269,0.16631,0.022508,0.080734
879,0.424735,0.048652,0.251484,0.04945,0.075149
880,0.396658,0.04493,0.154563,0.06124,0.135925
881,0.439527,0.047429,0.252936,0.046184,0.092978
882,0.327837,0.027128,0.16535,0.03808,0.097279
883,0.370662,0.024148,0.226733,0.04626,0.073521
884,0.320245,0.02858,0.15196,0.037808,0.101897
885,0.390971,0.05285,0.246296,0.020623,0.071202
886,0.33513,0.060304,0.1707,0.02401,0.080116
887,0.360223,0.025657,0.228216,0.026437,0.079913
888,0.27465,0.029271,0.149832,0.021675,0.073872
889,0.366121,0.02594,0.243269,0.019093,0.077819
890,0.295078,0.028323,0.165512,0.020396,0.080847
891,0.348115,0.023992,0.227187,0.019513,0.077423
892,0.280998,0.029291,0.151617,0.02126,0.07883
893,0.369048,0.025943,0.245135,0.019636,0.078334
894,0.306497,0.038142,0.165509,0.02213,0.080716
895,0.343125,0.023544,0.228165,0.019197,0.072219
896,0.272082,0.025098,0.149827,0.021387,0.07577
897,0.368915,0.025673,0.245539,0.019013,0.07869
898,0.297143,0.028018,0.165857,0.020854,0.082414
899,0.367927,0.025455,0.228202,0.017702,0.096568
900,0.268931,0.023878,0.15133,0.020964,0.072759
901,0.367295,0.02726,0.244052,0.019398,0.076585
902,0.29819,0.0293,0.164868,0.020722,0.0833
903,0.350115,0.022813,0.231037,0.019566,0.076699
904,0.281183,0.028005,0.151857,0.023066,0.078255
905,0.361565,0.023148,0.244109,0.019112,0.075196
906,0.287682,0.022795,0.16495,0.021928,0.078009
907,0.349711,0.02621,0.228241,0.018676,0.076584
908,0.281638,0.026436,0.149776,0.02075,0.084676
909,0.367381,0.023272,0.244058,0.019328,0.080723
910,0.298907,0.030142,0.166043,0.021595,0.081127
911,0.357002,0.026299,0.226257,0.01919,0.085256
912,0.278337,0.027056,0.150193,0.02131,0.079778
913,0.370028,0.02562,0.24601,0.01907,0.079328
914,0.2917,0.02676,0.16507,0.02075,0.07912
915,0.340251,0.022285,0.225508,0.019637,0.072821
916,0.276526,0.027798,0.151538,0.020898,0.076292
917,0.379673,0.029494,0.243059,0.019016,0.088104
918,0.288536,0.024907,0.165591,0.020523,0.077515
919,0.358784,0.026013,0.227505,0.01894,0.086326
920,0.282314,0.026573,0.1526,0.020838,0.082303
921,0.384345,0.032654,0.243769,0.01948,0.088442
922,0.295604,0.026871,0.166091,0.0215,0.081142
923,0.340408,0.023173,0.22605,0.019075,0.07211
924,0.277461,0.027089,0.152204,0.02058,0.077588
925,0.370088,0.025458,0.24349,0.018884,0.082256
926,0.297173,0.026929,0.166066,0.02091,0.083268
927,0.341954,0.022965,0.227578,0.018872,0.072539
928,0.27848,0.027845,0.152997,0.02075,0.076888
929,0.368382,0.027091,0.243421,0.018962,0.078908
930,0.298447,0.020844,0.165432,0.022186,0.089985
931,0.341508,0.023332,0.226163,0.0191,0.072913
932,0.28722,0.026942,0.151605,0.03084,0.077833
933,0.377621,0.02734,0.242395,0.019378,0.088508
934,0.292977,0.028299,0.164174,0.020694,0.07981
935,0.352531,0.026718,0.227603,0.019526,0.078684
936,0.284183,0.026684,0.15224,0.020938,0.084321
937,0.364959,0.023126,0.243172,0.019288,0.079373
938,0.284249,0.023855,0.164702,0.020794,0.074898
939,0.359369,0.032042,0.226129,0.019498,0.0817
940,0.279507,0.027766,0.149535,0.021257,0.080949
941,0.366198,0.026238,0.241508,0.018833,0.079619
942,0.294429,0.028262,0.163937,0.02079,0.08144
943,0.352266,0.025978,0.226905,0.018935,0.080448
944,0.272609,0.02156,0.150937,0.020892,0.07922
945,0.368772,0.02593,0.243798,0.019663,0.079381
946,0.29162,0.029198,0.164955,0.02079,0.076677
947,0.362977,0.02925,0.226623,0.018988,0.088116
948,0.276289,0.024136,0.150077,0.022947,0.079129
949,0.370392,0.025985,0.244311,0.019392,0.080704
950,0.290764,0.026736,0.165177,0.021246,0.077605
951,0.407155,0.063586,0.236006,0.01787,0.089693
952,0.319845,0.067374,0.155556,0.020536,0.076379
953,0.370142,0.027073,0.242532,0.019095,0.081442
954,0.301364,0.027015,0.164937,0.022063,0.087349
955,0.340661,0.026342,0.226049,0.01893,0.06934
956,0.273098,0.022596,0.1537,0.021768,0.075034
957,0.377166,0.026728,0.243929,0.025343,0.081166
958,0.335511,0.048254,0.170989,0.023102,0.093166
959,0.345757,0.029376,0.228851,0.019082,0.068448
960,0.351001,0.041847,0.155396,0.0453,0.108458
961,0.396592,0.02514,0.25444,0.048204,0.068808
962,0.39836,0.031627,0.167122,0.061946,0.137665
963,0.363495,0.02833,0.226659,0.01872,0.089786
964,0.395743,0.049489,0.171574,0.040706,0.133974
965,0.369094,0.02767,0.242864,0.019258,0.079302
966,0.40637,0.067102,0.181195,0.039983,0.11809
967,0.354062,0.028122,0.228579,0.02011,0.077251
968,0.340028,0.030113,0.150116,0.039193,0.120606
969,0.4285,0.026605,0.256328,0.047682,0.097885
970,0.422309,0.0518,0.192258,0.04511,0.133141
971,0.395691,0.028305,0.228883,0.048364,0.090139
972,0.358547,0.034868,0.153148,0.059847,0.110684
973,0.37341,0.029253,0.243371,0.019113,0.081673
974,0.353506,0.050676,0.173025,0.023257,0.106548
975,0.353894,0.030356,0.229732,0.019992,0.073814
976,0.283331,0.028762,0.152544,0.023238,0.078787
977,0.368041,0.025723,0.2438,0.019026,0.079492
978,0.307797,0.028898,0.164788,0.0265,0.087611
979,0.350699,0.02554,0.227563,0.018902,0.078694
980,0.274626,0.022189,0.151345,0.02173,0.079362
981,0.362055,0.02315,0.242816,0.018952,0.077137
982,0.2939,0.03712,0.164355,0.02251,0.069915
983,0.354574,0.027887,0.228078,0.019215,0.079394
984,0.281293,0.029282,0.150625,0.021038,0.080348
985,0.365194,0.023808,0.242047,0.01912,0.080219
986,0.281517,0.021638,0.164923,0.020992,0.073964
987,0.353375,0.024308,0.230398,0.01897,0.079699
988,0.278568,0.026185,0.150085,0.02107,0.081228
989,0.368014,0.025724,0.24329,0.01893,0.08007
990,0.302861,0.036468,0.163985,0.0206,0.081808
991,0.355194,0.02728,0.229199,0.01933,0.079385
992,0.293054,0.028501,0.15145,0.022033,0.09107
993,0.366143,0.026078,0.242029,0.018628,0.079408
994,0.284016,0.023775,0.165388,0.021078,0.073775
995,0.346605,0.024196,0.229026,0.018977,0.074406
996,0.270381,0.021793,0.150839,0.02089,0.076859
997,0.356793,0.022977,0.24233,0.019061,0.072425
998,0.293107,0.027,0.165227,0.020584,0.080296
999,0.358873,0.027762,0.230918,0.018948,0.081245
1000,0.273892,0.024098,0.150479,0.021322,0.077993
1001,0.368449,0.026664,0.242314,0.01922,0.080251
1002,0.335397,0.028513,0.189833,0.025476,0.091575
1003,0.430577,0.06654,0.234876,0.054832,0.074329
1004,0.31234,0.028396,0.151152,0.038058,0.094734
1005,0.370827,0.030738,0.242961,0.019002,0.078126
1006,0.309214,0.026501,0.166463,0.02519,0.09106
1007,0.344654,0.024857,0.22693,0.019322,0.073545
1008,0.27311,0.02248,0.150485,0.021352,0.078793
1009,0.379277,0.028769,0.242607,0.019449,0.088452
1010,0.28674,0.024111,0.166029,0.022005,0.074595
1011,0.355047,0.026694,0.224848,0.019034,0.084471
1012,0.27796,0.025664,0.150634,0.02136,0.080302
1013,0.360952,0.024065,0.243577,0.019333,0.073977
1014,0.291056,0.025533,0.165345,0.021491,0.078687
1015,0.352126,0.025683,0.228467,0.019438,0.078538
1016,0.2712,0.022518,0.151215,0.021225,0.076242
1017,0.359115,0.022475,0.242987,0.019058,0.074595
1018,0.299225,0.025615,0.165616,0.021708,0.086286
1019,0.358739,0.02876,0.231372,0.01828,0.080327
1020,0.276344,0.023878,0.151869,0.021658,0.078939
1021,0.462579,0.049523,0.273443,0.05132,0.088293
1022,0.45597,0.064593,0.190778,0.061703,0.138896
1023,0.380728,0.026386,0.229464,0.019288,0.10559
1024,0.332236,0.029668,0.149862,0.023202,0.129504
1025,0.373953,0.026574,0.245825,0.018974,0.08258
1026,0.297172,0.027125,0.1657,0.021815,0.082532
1027,0.393458,0.024808,0.22769,0.04846,0.0925
1028,0.30168,0.024899,0.150684,0.038427,0.08767
1029,0.409329,0.066148,0.247906,0.019127,0.076148
1030,0.307758,0.027318,0.165215,0.023193,0.092032
1031,0.36115,0.029362,0.228868,0.018197,0.084723
1032,0.270507,0.022639,0.15102,0.021916,0.074932
1033,0.360799,0.022293,0.245156,0.01933,0.07402
1034,0.29051,0.0226,0.164985,0.021132,0.081793
1035,0.360957,0.027053,0.228083,0.018633,0.087188
1036,0.270512,0.024254,0.150965,0.022144,0.073149
1037,0.369735,0.02724,0.245088,0.01913,0.078277
1038,0.297231,0.027317,0.165231,0.021185,0.083498
1039,0.34563,0.024951,0.226621,0.019197,0.074861
1040,0.27218,0.025192,0.150626,0.021167,0.075195
1041,0.374451,0.036622,0.245536,0.01945,0.072843
1042,0.296086,0.027508,0.16602,0.021012,0.081546
1043,0.346502,0.023142,0.22795,0.01898,0.07643
1044,0.270731,0.022764,0.150887,0.020872,0.076208
1045,0.424234,0.029846,0.256108,0.049976,0.088304
1046,0.330972,0.027192,0.165718,0.037627,0.100435
1047,0.404145,0.047451,0.231899,0.019184,0.105611
1048,0.394956,0.06509,0.16144,0.052115,0.116311
1049,0.374879,0.026392,0.244424,0.01932,0.084743
1050,0.303662,0.029681,0.167545,0.023002,0.083434
1051,0.361218,0.026322,0.225731,0.019215,0.08995
1052,0.282258,0.028617,0.150974,0.02153,0.081137
1053,0.368378,0.026275,0.243233,0.019348,0.079522
1054,0.302793,0.0284,0.16909,0.021984,0.083319
1055,0.36283,0.027316,0.227198,0.019116,0.0892
1056,0.272176,0.024327,0.14987,0.021248,0.076731
1057,0.360572,0.023464,0.243648,0.01925,0.07421
1058,0.303028,0.027369,0.167988,0.024014,0.083657
1059,0.354037,0.025532,0.228069,0.018903,0.081533
1060,0.278215,0.026586,0.150427,0.02139,0.079812
1061,0.360568,0.024288,0.242969,0.019767,0.073544
1062,0.30055,0.036685,0.16813,0.02329,0.072445
1063,0.41362,0.064317,0.232096,0.01921,0.097997
1064,0.320426,0.066464,0.155814,0.02347,0.074678
1065,0.369786,0.026493,0.243653,0.019202,0.080438
1066,0.298845,0.029815,0.165898,0.021072,0.08206
1067,0.355994,0.027434,0.231032,0.018973,0.078555
1068,0.279059,0.026963,0.150732,0.020683,0.080681
1069,0.370079,0.027477,0.242973,0.01907,0.080559
1070,0.301344,0.033489,0.164874,0.021022,0.081959
1071,0.388707,0.023984,0.240108,0.049604,0.075011
1072,0.372398,0.037611,0.150324,0.0596,0.124863
1073,0.434233,0.074227,0.253401,0.027096,0.079509
1074,0.287888,0.023877,0.16612,0.024329,0.073562
1075,0.363056,0.026016,0.231298,0.019008,0.086734
1076,0.281016,0.027945,0.150238,0.021184,0.081649
1077,0.370071,0.023832,0.242909,0.018875,0.084455
1078,0.28561,0.022277,0.166479,0.021549,0.075305
1079,0.351966,0.0256,0.226319,0.01898,0.081067
1080,0.28231,0.027531,0.151092,0.022106,0.081581
1081,0.405778,0.026242,0.245972,0.02752,0.106044
1082,0.365028,0.045153,0.165503,0.021002,0.13337
1083,0.383693,0.024066,0.23163,0.025757,0.10224
1084,0.3161,0.051433,0.151151,0.021056,0.09246
1085,0.405744,0.034163,0.248105,0.026027,0.097449
1086,0.33811,0.038,0.16695,0.020762,0.112398
1087,0.439966,0.027414,0.271677,0.02665,0.114225
1088,0.460372,0.093714,0.206049,0.039232,0.121377
1089,0.400074,0.024445,0.283019,0.019356,0.073254
1090,0.340019,0.033122,0.205704,0.022824,0.078369
1091,0.355045,0.026628,0.228084,0.018932,0.081401
1092,0.285097,0.028325,0.14921,0.021904,0.085658
1093,0.361608,0.02404,0.242985,0.019098,0.075485
1094,0.301558,0.024204,0.168204,0.02105,0.0881
1095,0.368441,0.02719,0.225819,0.019362,0.09607
1096,0.285741,0.02952,0.15029,0.02259,0.083341
1097,0.372337,0.029258,0.242631,0.01802,0.082428
1098,0.300776,0.026837,0.172811,0.021238,0.07989
1099,0.354488,0.025458,0.227093,0.01891,0.083027
1100,0.287213,0.026706,0.149982,0.021045,0.08948
1101,0.361401,0.023732,0.243868,0.018328,0.075473
1102,0.287595,0.023782,0.167867,0.020983,0.074963
1103,0.354287,0.025454,0.228056,0.019536,0.081241
1104,0.281606,0.028929,0.149412,0.02085,0.082415
1105,0.361241,0.023596,0.244612,0.018868,0.074165
1106,0.304516,0.028189,0.168444,0.021735,0.086148
1107,0.364052,0.025772,0.22839,0.018886,0.091004
1108,0.281396,0.026095,0.149774,0.021488,0.084039
1109,0.355382,0.023208,0.24235,0.019016,0.070808
1110,0.296115,0.026651,0.168767,0.020885,0.079812
1111,0.354387,0.025938,0.228143,0.018626,0.08168
1112,0.278701,0.027178,0.150659,0.020986,0.079878
1113,0.359551,0.022056,0.244799,0.018842,0.073854
1114,0.307946,0.028114,0.169272,0.023051,0.087509
1115,0.352627,0.025605,0.225791,0.019077,0.082154
1116,0.273386,0.024353,0.150727,0.021406,0.0769
1117,0.359304,0.023146,0.242585,0.01887,0.074703
1118,0.308089,0.02482,0.168308,0.02971,0.085251
1119,0.363308,0.027634,0.227359,0.018855,0.08946
1120,0.271906,0.024631,0.149934,0.02102,0.076321
1121,0.359506,0.023508,0.24376,0.01893,0.073308
1122,0.301684,0.028259,0.173368,0.020864,0.079193
1123,0.354623,0.025811,0.228,0.019063,0.081749
1124,0.285634,0.029001,0.150316,0.023335,0.082982
1125,0.429393,0.065656,0.259168,0.028942,0.075627
1126,0.408594,0.067577,0.17873,0.045243,0.117044
1127,0.382548,0.035102,0.229092,0.048342,0.070012
1128,0.341855,0.030741,0.150465,0.040104,0.120545
1129,0.364296,0.023336,0.243084,0.019454,0.078422
1130,0.287181,0.025971,0.166388,0.023608,0.071214
1131,0.39318,0.06399,0.235922,0.019395,0.073873
1132,0.391542,0.065584,0.164081,0.040577,0.1213
1133,0.370818,0.026262,0.244583,0.019502,0.080471
1134,0.359199,0.03254,0.16606,0.039886,0.120713
1135,0.401682,0.026642,0.22637,0.048435,0.100235
1136,0.431911,0.054616,0.161336,0.061897,0.154062
1137,0.393716,0.029756,0.254071,0.01922,0.090669
1138,0.42157,0.049013,0.198087,0.040343,0.134127
1139,0.40241,0.034953,0.227719,0.05446,0.085278
1140,0.314529,0.029036,0.15035,0.037913,0.09723
1141,0.368395,0.02658,0.244456,0.019138,0.078221
1142,0.302613,0.026998,0.165924,0.024209,0.085482
1143,0.359169,0.02627,0.226587,0.025301,0.081011
1144,0.275741,0.027169,0.150415,0.02159,0.076567
1145,0.37128,0.029538,0.245934,0.018078,0.07773
1146,0.287309,0.024333,0.164425,0.020937,0.077614
1147,0.352464,0.027852,0.225581,0.018885,0.080146
1148,0.283584,0.032565,0.151047,0.02238,0.077592
1149,0.370826,0.025796,0.246034,0.019352,0.079644
1150,0.295535,0.026769,0.165943,0.021448,0.081375
1151,0.344604,0.022968,0.228918,0.01915,0.073568
1152,0.273626,0.021738,0.150353,0.021254,0.080281
1153,0.362784,0.024382,0.245326,0.019023,0.074053
1154,0.298995,0.027158,0.167112,0.020844,0.083881
1155,0.36272,0.027762,0.227504,0.019034,0.08842
1156,0.276351,0.026765,0.150379,0.021076,0.078131
1157,0.380125,0.025418,0.24573,0.019115,0.089862
1158,0.293059,0.028171,0.164691,0.023552,0.076645
1159,0.351543,0.025876,0.225114,0.019048,0.081505
1160,0.27243,0.024649,0.151409,0.021869,0.074503
1161,0.364194,0.02406,0.244225,0.019178,0.076731
1162,0.30018,0.033231,0.169205,0.021204,0.07654
1163,0.340252,0.02432,0.225477,0.018956,0.071499
1164,0.28144,0.024353,0.152936,0.020777,0.083374
1165,0.385191,0.025682,0.242955,0.01915,0.097404
1166,0.314217,0.025636,0.164872,0.022656,0.101053
1167,0.351993,0.026214,0.225811,0.019584,0.080384
1168,0.27537,0.021329,0.151329,0.021059,0.081653
1169,0.410512,0.064958,0.252298,0.018352,0.074904
1170,0.293375,0.025756,0.165476,0.020937,0.081206
1171,0.362557,0.033329,0.228178,0.019066,0.081984
1172,0.272144,0.025244,0.149847,0.020997,0.076056
1173,0.3802,0.028457,0.246232,0.018775,0.086736
1174,0.314474,0.022302,0.194405,0.021014,0.076753
1175,0.354451,0.026702,0.227447,0.01905,0.081252
1176,0.297007,0.04634,0.159674,0.022606,0.068387
1177,0.410899,0.041882,0.252087,0.045687,0.071243
1178,0.366568,0.028697,0.168839,0.060453,0.108579
1179,0.354404,0.028988,0.23356,0.019428,0.072428
1180,0.288859,0.02581,0.149594,0.023144,0.090311
1181,0.366529,0.037238,0.24507,0.019354,0.064867
1182,0.299395,0.027051,0.166488,0.022093,0.083763
1183,0.358146,0.027085,0.22813,0.019923,0.083008
1184,0.280424,0.022528,0.155024,0.021656,0.081216
1185,0.358668,0.028053,0.242274,0.019174,0.069167
1186,0.287125,0.021585,0.165911,0.02095,0.078679
1187,0.354629,0.028476,0.227344,0.019655,0.079154
1188,0.29571,0.029184,0.150378,0.03302,0.083128
1189,0.373161,0.028471,0.242904,0.019234,0.082552
1190,0.295113,0.025832,0.165884,0.02106,0.082337
1191,0.364299,0.026523,0.228143,0.01943,0.090203
1192,0.289431,0.025332,0.15089,0.021899,0.09131
1193,0.433885,0.027827,0.253884,0.069764,0.08241
1194,0.403034,0.071377,0.176733,0.050019,0.104905
1195,0.433436,0.048492,0.236985,0.055873,0.092086
1196,0.435482,0.067356,0.165439,0.06048,0.142207
1197,0.411196,0.027972,0.25348,0.047952,0.081792
1198,0.365549,0.03068,0.169126,0.0599,0.105843
1199,0.36357,0.027685,0.229193,0.019137,0.087555
1200,0.294981,0.038884,0.154219,0.02323,0.078648
1201,0.411421,0.064669,0.250091,0.019238,0.077423
1202,0.292878,0.025592,0.164718,0.021892,0.080676
1203,0.355371,0.029146,0.226505,0.01921,0.08051
1204,0.280908,0.02568,0.149636,0.021334,0.084258
1205,0.377462,0.027198,0.243492,0.019612,0.08716
1206,0.29704,0.025364,0.16629,0.021248,0.084138
1207,0.350329,0.027186,0.226345,0.019894,0.076904
1208,0.285396,0.03231,0.14956,0.022036,0.08149
1209,0.383322,0.03888,0.243172,0.01965,0.08162
1210,0.313286,0.02724,0.164353,0.021418,0.100275
1211,0.346973,0.02756,0.225278,0.018978,0.075157
1212,0.289329,0.025748,0.1528,0.022183,0.088598
1213,0.377893,0.026614,0.243972,0.026472,0.080835
1214,0.287211,0.02194,0.166268,0.021369,0.077634
1215,0.349837,0.024862,0.231612,0.019305,0.074058
1216,0.279112,0.027162,0.152591,0.021072,0.078287
1217,0.362201,0.024262,0.242688,0.019216,0.076035
1218,0.295118,0.026076,0.1664,0.020987,0.081655
1219,0.361912,0.037687,0.227437,0.01913,0.077658
1220,0.274957,0.025147,0.152498,0.021647,0.075665
1221,0.369495,0.026909,0.243389,0.01946,0.079737
1222,0.289355,0.025576,0.164238,0.021222,0.078319
1223,0.342857,0.023722,0.225838,0.018948,0.074349
1224,0.277688,0.025532,0.15042,0.02076,0.080976
1225,0.367674,0.023062,0.244234,0.019202,0.081176
1226,0.293524,0.027262,0.16516,0.020878,0.080224
1227,0.355227,0.028712,0.227441,0.01972,0.079354
1228,0.293115,0.027328,0.151264,0.023218,0.091305
1229,0.369981,0.02708,0.243523,0.019331,0.080047
1230,0.292004,0.025463,0.165607,0.021525,0.079409
1231,0.351933,0.02708,0.227472,0.019308,0.078073
1232,0.278237,0.023968,0.150864,0.021132,0.082273
1233,0.361999,0.022673,0.24383,0.01908,0.076416
1234,0.299573,0.026593,0.16558,0.024198,0.083202
1235,0.361794,0.028942,0.230243,0.019154,0.083455
1236,0.283694,0.02981,0.151759,0.021956,0.080169
1237,0.36835,0.027569,0.243531,0.019223,0.078027
1238,0.28558,0.02269,0.165835,0.02112,0.075935
1239,0.34612,0.023713,0.227495,0.019274,0.075638
1240,0.284935,0.025968,0.150226,0.020836,0.087905
1241,0.358142,0.023704,0.242642,0.019545,0.072251
1242,0.2872,0.02262,0.167639,0.020983,0.075958
1243,0.361215,0.028384,0.226605,0.01922,0.087006
1244,0.281762,0.025712,0.151797,0.021026,0.083227
1245,0.368309,0.026585,0.24378,0.018753,0.079191
1246,0.303708,0.025484,0.16566,0.021398,0.091166
1247,0.355508,0.028215,0.227077,0.01929,0.080926
1248,0.275416,0.026466,0.149652,0.02114,0.078158
1249,0.361319,0.02456,0.242886,0.018954,0.074919
1250,0.301588,0.02564,0.168533,0.02109,0.086325
1251,0.349081,0.023951,0.228185,0.019036,0.077909
1252,0.27838,0.025933,0.150806,0.021356,0.080285
1253,0.37258,0.025796,0.242954,0.019219,0.084611
1254,0.298578,0.03613,0.168146,0.021086,0.073216
1255,0.36949,0.04595,0.229588,0.019734,0.074218
1256,0.283814,0.027959,0.151298,0.021072,0.083485
1257,0.375835,0.02571,0.243141,0.019526,0.087458
1258,0.298047,0.029189,0.165956,0.02515,0.077752
1259,0.361173,0.025922,0.227814,0.026655,0.080782
1260,0.281167,0.027002,0.150071,0.021372,0.082722
1261,0.367785,0.025695,0.242647,0.01885,0.080593
1262,0.287241,0.02423,0.167804,0.02171,0.073497
1263,0.355563,0.025926,0.227149,0.019726,0.082762
1264,0.282774,0.027591,0.15101,0.021828,0.082345
1265,0.380294,0.032672,0.243735,0.019094,0.084793
1266,0.29801,0.027067,0.17265,0.020976,0.077317
1267,0.345594,0.024072,0.225675,0.018955,0.076892
1268,0.275277,0.025856,0.149502,0.021277,0.078642
1269,0.366353,0.026469,0.243534,0.019075,0.077275
1270,0.29923,0.026146,0.16827,0.021054,0.08376
1271,0.353516,0.028515,0.227071,0.018136,0.079794
1272,0.276708,0.022989,0.150191,0.021848,0.08168
1273,0.431504,0.063749,0.253061,0.028014,0.08668
1274,0.343262,0.065418,0.173001,0.020888,0.083955
1275,0.420471,0.065344,0.230797,0.048062,0.076268
1276,0.30372,0.024797,0.150577,0.038123,0.090223
1277,0.369042,0.029687,0.243127,0.019311,0.076917
1278,0.291634,0.02499,0.166099,0.023574,0.076971
1279,0.358605,0.026749,0.229832,0.01909,0.082934
1280,0.284747,0.023978,0.151112,0.02138,0.088277
1281,0.388534,0.02858,0.24324,0.019318,0.097396
1282,0.323582,0.02789,0.17881,0.024795,0.092087
1283,0.425853,0.050586,0.258815,0.019396,0.097056
1284,0.274368,0.026236,0.150085,0.021498,0.076549
1285,0.371224,0.031186,0.243554,0.01832,0.078164
1286,0.287252,0.023032,0.165513,0.021723,0.076984
1287,0.349193,0.027454,0.226209,0.019946,0.075584
1288,0.271132,0.022072,0.150276,0.020798,0.077986
1289,0.369639,0.027969,0.243009,0.019452,0.079209
1290,0.295977,0.027974,0.166921,0.021407,0.079675
1291,0.345588,0.024809,0.22731,0.01932,0.074149
1292,0.277786,0.03276,0.149668,0.020828,0.07453
1293,0.364181,0.022556,0.242825,0.019485,0.079315
1294,0.290853,0.027488,0.164289,0.021095,0.077981
1295,0.352211,0.026258,0.227947,0.019296,0.07871
1296,0.319343,0.027258,0.154337,0.029473,0.108275
1297,0.442859,0.044203,0.252275,0.019063,0.127318
1298,0.333872,0.064611,0.172104,0.022642,0.074515
1299,0.450642,0.067747,0.238809,0.053792,0.090294
1300,0.448657,0.06606,0.172592,0.076724,0.133281
1301,0.459814,0.067079,0.248662,0.047728,0.096345
1302,0.327238,0.030607,0.165447,0.038149,0.093035
1303,0.38821,0.028097,0.228391,0.048291,0.083431
1304,0.364347,0.02948,0.150043,0.077483,0.107341
1305,0.390702,0.035033,0.243799,0.019534,0.092336
1306,0.350034,0.065463,0.170663,0.023091,0.090817
1307,0.35782,0.027465,0.226417,0.019378,0.08456
1308,0.284476,0.029904,0.151125,0.022068,0.081379
1309,0.375131,0.025756,0.243668,0.019197,0.08651
1310,0.30031,0.029228,0.167214,0.020584,0.083284
1311,0.357274,0.029192,0.22609,0.019624,0.082368
1312,0.278097,0.02676,0.149836,0.02129,0.080211
1313,0.368895,0.025334,0.245019,0.019204,0.079338
1314,0.287738,0.024176,0.168177,0.020669,0.074716
1315,0.368866,0.025708,0.232394,0.019515,0.091249
1316,0.278777,0.026942,0.149937,0.021988,0.07991
1317,0.37556,0.026074,0.242532,0.019163,0.087791
1318,0.290815,0.024964,0.167671,0.02153,0.07665
1319,0.35551,0.024093,0.227628,0.019348,0.084441
1320,0.280686,0.028446,0.150919,0.020664,0.080657
1321,0.366982,0.026192,0.242848,0.018823,0.079119
1322,0.301046,0.039133,0.171179,0.020967,0.069767
1323,0.355827,0.025467,0.227128,0.01912,0.084112
1324,0.287356,0.028154,0.155826,0.021682,0.081694
1325,0.400268,0.024358,0.253422,0.048598,0.07389
1326,0.3359,0.028847,0.167125,0.038158,0.10177
1327,0.354721,0.026168,0.227565,0.018943,0.082045
1328,0.287664,0.026685,0.150281,0.024668,0.08603
1329,0.365922,0.023174,0.243444,0.024978,0.074326
1330,0.286525,0.02896,0.166431,0.021594,0.06954
1331,0.354866,0.027689,0.228354,0.019062,0.079761
1332,0.278496,0.028177,0.149549,0.021505,0.079265
1333,0.360653,0.024128,0.242908,0.019645,0.073972
1334,0.290852,0.02379,0.168276,0.02187,0.076916
1335,0.357552,0.031006,0.22734,0.01913,0.080076
1336,0.275434,0.026862,0.149565,0.021097,0.07791
1337,0.370509,0.027133,0.24216,0.01952,0.081696
1338,0.302487,0.026696,0.168003,0.020938,0.08685
1339,0.356763,0.025648,0.227743,0.019085,0.084287
1340,0.272153,0.020867,0.149591,0.0213,0.080395
1341,0.361554,0.023136,0.242409,0.01901,0.076999
1342,0.304037,0.028122,0.167615,0.023316,0.084984
1343,0.476168,0.072251,0.238984,0.054435,0.110498
1344,0.400572,0.066061,0.167423,0.046236,0.120852
1345,0.437883,0.063995,0.251611,0.049457,0.07282
1346,0.311367,0.024826,0.166177,0.037852,0.082512
1347,0.394922,0.029783,0.229244,0.04963,0.086265
1348,0.315286,0.030467,0.149958,0.038621,0.09624
1349,0.360768,0.023417,0.242371,0.01951,0.07547
1350,0.300383,0.021732,0.164756,0.02486,0.089035
1351,0.383832,0.04588,0.231402,0.019764,0.086786
1352,0.326218,0.048122,0.159208,0.023995,0.094893
1353,0.3733,0.028337,0.242769,0.019263,0.082931
1354,0.294174,0.029448,0.165503,0.021243,0.07798
1355,0.340119,0.023422,0.227527,0.019148,0.070022
1356,0.278783,0.02396,0.152054,0.021472,0.081297
1357,0.380758,0.025574,0.243259,0.018852,0.093073
1358,0.287308,0.023289,0.165013,0.021515,0.077491
1359,0.344097,0.02218,0.227218,0.019594,0.075105
1360,0.292335,0.028169,0.152887,0.022305,0.088974
1361,0.419483,0.063619,0.252472,0.025082,0.07831
1362,0.407923,0.066838,0.181109,0.040274,0.119702
1363,0.40188,0.026137,0.240813,0.04803,0.0869
1364,0.337826,0.030057,0.150095,0.06178,0.095894
1365,0.517207,0.069742,0.245732,0.020475,0.181258
1366,0.333954,0.029831,0.165903,0.038222,0.099998
1367,0.374864,0.023814,0.228862,0.019272,0.102916
1368,0.324033,0.050008,0.160454,0.023392,0.090179
1369,0.41144,0.063885,0.25398,0.019167,0.074408
1370,0.295917,0.028895,0.167567,0.021895,0.07756
1371,0.396802,0.028243,0.226532,0.048424,0.093603
1372,0.393555,0.032926,0.158155,0.060903,0.141571
1373,0.35833,0.024942,0.243464,0.020301,0.069623
1374,0.339281,0.025931,0.16693,0.045152,0.101268
1375,0.407978,0.064675,0.235371,0.018668,0.089264
1376,0.331584,0.065687,0.155919,0.022262,0.087716
1377,0.418888,0.066411,0.252947,0.02467,0.07486
1378,0.33739,0.065029,0.174777,0.020753,0.076831
1379,0.346807,0.023716,0.22698,0.01928,0.076831
1380,0.281727,0.02601,0.152539,0.021688,0.08149
1381,0.380007,0.029981,0.243028,0.018232,0.088766
1382,0.287153,0.02274,0.166595,0.020877,0.076941
1383,0.341907,0.0242,0.22658,0.019292,0.071835
1384,0.280943,0.02621,0.152756,0.021308,0.080669
1385,0.377059,0.028494,0.242593,0.01949,0.086482
1386,0.291587,0.025202,0.16526,0.020865,0.08026
1387,0.338184,0.023045,0.225433,0.019432,0.070274
1388,0.280027,0.028776,0.152605,0.02073,0.077916
1389,0.408035,0.027093,0.247418,0.027757,0.105767
1390,0.32126,0.027072,0.165616,0.020982,0.10759
1391,0.341908,0.023458,0.225834,0.019446,0.07317
1392,0.289222,0.029218,0.152853,0.025277,0.081874
1393,0.382033,0.03118,0.243653,0.018589,0.088611
1394,0.287434,0.022775,0.165569,0.021708,0.077382
1395,0.412543,0.051032,0.238072,0.019017,0.104422
1396,0.28545,0.026314,0.151724,0.021592,0.08582
1397,0.37559,0.030237,0.244465,0.019144,0.081744
1398,0.288285,0.02256,0.16591,0.022006,0.077809
1399,0.357414,0.027284,0.227531,0.025302,0.077297
1400,0.286953,0.02588,0.152293,0.021318,0.087462
1401,0.372064,0.026713,0.243723,0.019764,0.081864
1402,0.293137,0.025618,0.164913,0.021801,0.080805
1403,0.343071,0.025194,0.225483,0.019359,0.073035
1404,0.280408,0.02818,0.151924,0.02069,0.079614
1405,0.372271,0.028387,0.24276,0.019306,0.081818
1406,0.303141,0.025454,0.166869,0.021508,0.08931
1407,0.355315,0.027086,0.229993,0.019522,0.078714
1408,0.272943,0.022617,0.152721,0.021469,0.076136
1409,0.360447,0.024136,0.243165,0.019334,0.073812
1410,0.30316,0.027494,0.166368,0.022176,0.087122
1411,0.36142,0.028649,0.227234,0.018482,0.087055
1412,0.280002,0.025745,0.152703,0.021613,0.079941
1413,0.419972,0.049187,0.252098,0.027414,0.091273
1414,0.420722,0.06724,0.192917,0.040279,0.120286
1415,0.346903,0.025685,0.228057,0.01969,0.073471
1416,0.284083,0.029007,0.150251,0.025415,0.07941
1417,0.372172,0.027048,0.24561,0.019086,0.080428
1418,0.295028,0.0268,0.164869,0.021758,0.081601
1419,0.351313,0.025297,0.227707,0.019615,0.078694
1420,0.293787,0.028277,0.149925,0.022718,0.092867
1421,0.376057,0.0257,0.244126,0.019209,0.087022
1422,0.296951,0.026418,0.165854,0.022086,0.082593
1423,0.352707,0.026296,0.226328,0.019496,0.080587
1424,0.272902,0.021511,0.150464,0.021273,0.079654
1425,0.371389,0.02862,0.245257,0.019079,0.078433
1426,0.297303,0.028206,0.166525,0.020816,0.081756
1427,0.35414,0.026154,0.226712,0.018806,0.082468
1428,0.288291,0.028082,0.154537,0.023135,0.082537
1429,0.444406,0.049741,0.267506,0.049886,0.077273
1430,0.395708,0.050048,0.171712,0.039368,0.13458
1431,0.432497,0.063937,0.236394,0.05529,0.076876
1432,0.38172,0.066651,0.155708,0.040368,0.118993
1433,0.413041,0.02697,0.254625,0.048173,0.083273
1434,0.361023,0.032889,0.164977,0.05989,0.103267
1435,0.354212,0.026358,0.227399,0.019156,0.081299
1436,0.295065,0.027087,0.158638,0.02628,0.08306
1437,0.421203,0.072473,0.258888,0.020325,0.069517
1438,0.334227,0.049105,0.172496,0.02226,0.090366
1439,0.436438,0.066172,0.247454,0.047802,0.07501
1440,0.30991,0.028178,0.150176,0.038332,0.093224
1441,0.407044,0.030091,0.251403,0.048022,0.077528
1442,0.321053,0.023388,0.165572,0.0383,0.093793
1443,0.350955,0.027992,0.227254,0.019281,0.076428
1444,0.308454,0.03297,0.150913,0.047448,0.077123
1445,0.378109,0.028627,0.244505,0.01883,0.086147
1446,0.296141,0.025611,0.164996,0.022188,0.083346
1447,0.398901,0.047948,0.236616,0.018908,0.095429
1448,0.281173,0.025621,0.151495,0.022573,0.081484
1449,0.370005,0.027411,0.244921,0.019232,0.078441
1450,0.28954,0.022627,0.166229,0.021338,0.079346
1451,0.346465,0.022206,0.228615,0.019132,0.076512
1452,0.269159,0.022864,0.15033,0.020752,0.075213
1453,0.373236,0.024823,0.250451,0.019604,0.078358
1454,0.297843,0.028128,0.165355,0.02132,0.08304
1455,0.347829,0.026147,0.227232,0.019304,0.075146
1456,0.275814,0.02512,0.15075,0.02135,0.078594
1457,0.370523,0.027222,0.243045,0.019146,0.08111
1458,0.295106,0.027407,0.164825,0.021023,0.081851
1459,0.360637,0.027527,0.225811,0.019203,0.088096
1460,0.27565,0.025138,0.149974,0.02068,0.079858
1461,0.371345,0.028202,0.243982,0.017948,0.081213
1462,0.305005,0.025179,0.165523,0.028972,0.085331
1463,0.358492,0.029022,0.228134,0.019796,0.08154
1464,0.276735,0.03092,0.149998,0.021016,0.074801
1465,0.44388,0.047235,0.25425,0.026627,0.115768
1466,0.36752,0.072286,0.17002,0.020675,0.104539
1467,0.410046,0.045763,0.23745,0.01816,0.108673
1468,0.322442,0.067077,0.15701,0.02319,0.075165
1469,0.369286,0.023234,0.243169,0.025208,0.077675
1470,0.284754,0.0251,0.168212,0.021045,0.070397
1471,0.40129,0.025832,0.229914,0.060438,0.085106
1472,0.396122,0.038025,0.165125,0.06234,0.130632
1473,0.430379,0.066471,0.248376,0.028951,0.086581
1474,0.338688,0.065781,0.170653,0.024928,0.077326
1475,0.401346,0.026192,0.239439,0.04818,0.087535
1476,0.358681,0.043391,0.149572,0.059917,0.105801
1477,0.413576,0.028316,0.256641,0.048497,0.080122
1478,0.320221,0.023505,0.165828,0.038092,0.092796
1479,0.354846,0.02392,0.226454,0.02986,0.074612
1480,0.32617,0.047505,0.159715,0.022848,0.096102
1481,0.407984,0.066904,0.249079,0.019316,0.072685
1482,0.29632,0.025807,0.168092,0.021665,0.080756
1483,0.353604,0.027613,0.226558,0.018343,0.08109
1484,0.28208,0.023695,0.148962,0.02144,0.087983
1485,0.366379,0.026815,0.24249,0.019306,0.077768
1486,0.294774,0.025186,0.168002,0.0212,0.080386
1487,0.364491,0.023524,0.232573,0.024193,0.084201
1488,0.281027,0.025823,0.150628,0.021564,0.083012
1489,0.367277,0.030062,0.242402,0.01834,0.076473
1490,0.359051,0.027081,0.174485,0.0401,0.117385
1491,0.446987,0.047624,0.248309,0.018216,0.132838
1492,0.284072,0.026546,0.150285,0.023892,0.083349
1493,0.40924,0.048406,0.253719,0.019188,0.087927
1494,0.294519,0.026757,0.165017,0.021575,0.08117
1495,0.352181,0.027464,0.228726,0.017742,0.078249
1496,0.291942,0.031812,0.150539,0.021642,0.087949
1497,0.37274,0.02752,0.242347,0.019454,0.083419
1498,0.300462,0.025367,0.164914,0.021113,0.089068
1499,0.356645,0.027465,0.228657,0.0182,0.082323
1500,0.273241,0.031798,0.149679,0.020715,0.071049
1501,0.376192,0.026797,0.242026,0.019512,0.087857
1502,0.302699,0.027288,0.165688,0.021134,0.088589
1503,0.357178,0.026873,0.230548,0.01943,0.080327
1504,0.278578,0.025338,0.150269,0.020942,0.082029
1505,0.375311,0.023239,0.252664,0.01851,0.080898
1506,0.347813,0.066996,0.176795,0.023612,0.08041
1507,0.354591,0.027237,0.229018,0.01913,0.079206
1508,0.28924,0.031158,0.156915,0.02092,0.080247
1509,0.370242,0.026302,0.243365,0.019179,0.081396
1510,0.297607,0.029012,0.166718,0.021194,0.080683
1511,0.358845,0.02565,0.227671,0.018908,0.086616
1512,0.286572,0.0265,0.15325,0.020951,0.085871
1513,0.370155,0.02564,0.24343,0.018908,0.082177
1514,0.303552,0.028885,0.165887,0.027258,0.081522
1515,0.36261,0.026888,0.225749,0.028113,0.08186
1516,0.282133,0.026302,0.149667,0.021181,0.084983
1517,0.3712,0.02625,0.243523,0.019158,0.082269
1518,0.292311,0.026796,0.16539,0.020786,0.079339
1519,0.34524,0.023128,0.226638,0.01909,0.076384
1520,0.272291,0.02162,0.150536,0.021087,0.079048
1521,0.378661,0.025673,0.243196,0.019601,0.090191
1522,0.301347,0.026984,0.166328,0.020942,0.087093
1523,0.385006,0.026136,0.22937,0.01944,0.11006
1524,0.335073,0.065413,0.168315,0.0231,0.078245
1525,0.408753,0.026261,0.253305,0.048274,0.080913
1526,0.329756,0.032109,0.16611,0.03866,0.092877
1527,0.357362,0.026238,0.225939,0.019782,0.085403
1528,0.285455,0.026406,0.15324,0.023386,0.082423
1529,0.363215,0.024068,0.242745,0.018955,0.077447
1530,0.286288,0.023254,0.166839,0.021493,0.074702
1531,0.365768,0.02545,0.228365,0.01929,0.092663
1532,0.284287,0.028596,0.152599,0.02268,0.080412
1533,0.371372,0.025968,0.243769,0.0192,0.082435
1534,0.288235,0.023735,0.165529,0.021507,0.077464
1535,0.348892,0.02267,0.22887,0.01859,0.078762
1536,0.27887,0.020809,0.150101,0.021564,0.086396
1537,0.3784,0.034913,0.244294,0.018943,0.08025
1538,0.293004,0.027193,0.166095,0.022057,0.077659
1539,0.361984,0.02581,0.228403,0.018877,0.088894
1540,0.270237,0.025713,0.150471,0.020928,0.073125
1541,0.367828,0.025817,0.244224,0.019043,0.078744
1542,0.30145,0.027165,0.168114,0.021978,0.084193
1543,0.429699,0.065218,0.232409,0.047825,0.084247
1544,0.44161,0.066143,0.168002,0.060786,0.146679
1545,0.419135,0.033002,0.269093,0.049644,0.067396
1546,0.323551,0.030266,0.166057,0.038082,0.089146
1547,0.346195,0.023803,0.227432,0.019468,0.075492
1548,0.271533,0.024903,0.149644,0.0229,0.074086
1549,0.42886,0.062892,0.254496,0.018372,0.0931
1550,0.340659,0.067696,0.170593,0.024288,0.078082
1551,0.355421,0.025683,0.229571,0.019266,0.080901
1552,0.269026,0.027329,0.15064,0.021282,0.069775
1553,0.370104,0.025752,0.245039,0.019418,0.079895
1554,0.293218,0.028504,0.166568,0.021051,0.077095
1555,0.3457,0.02301,0.228372,0.019007,0.075311
1556,0.266239,0.02179,0.149791,0.021027,0.073631
1557,0.378472,0.027829,0.242882,0.01826,0.089501
1558,0.289058,0.022786,0.169934,0.022129,0.074209
1559,0.454005,0.044934,0.242995,0.067267,0.098809
1560,0.447321,0.05006,0.169483,0.078866,0.148912
1561,0.465466,0.065304,0.267888,0.052035,0.080239
1562,0.421601,0.064604,0.182639,0.040873,0.133485
1563,0.439735,0.066376,0.242344,0.054841,0.076174
1564,0.394263,0.064179,0.168084,0.040308,0.121692
1565,0.360551,0.024528,0.243402,0.019448,0.073173
1566,0.302552,0.030533,0.165891,0.02377,0.082358
1567,0.354396,0.026085,0.226426,0.019185,0.0827
1568,0.27972,0.026478,0.150315,0.021658,0.081269
1569,0.362104,0.025414,0.243454,0.019112,0.074124
1570,0.335521,0.026978,0.170958,0.034017,0.103568
1571,0.409676,0.03433,0.246638,0.019068,0.10964
1572,0.316408,0.059788,0.157062,0.020432,0.079126
1573,0.370283,0.033949,0.243516,0.018414,0.074404
1574,0.295769,0.030328,0.165848,0.023464,0.076129
1575,0.421475,0.061084,0.23109,0.047958,0.081343
1576,0.349526,0.036493,0.151537,0.040362,0.121134
1577,0.418004,0.029985,0.253624,0.048188,0.086207
1578,0.415602,0.05442,0.169877,0.06231,0.128995
1579,0.40151,0.042784,0.232729,0.053041,0.072956
1580,0.400341,0.068918,0.161571,0.060157,0.109695
1581,0.36464,0.027346,0.243699,0.019088,0.074507
1582,0.30461,0.029342,0.16582,0.022881,0.086567
1583,0.351855,0.027792,0.227088,0.01914,0.077835
1584,0.285635,0.027642,0.149787,0.023552,0.084654
1585,0.437128,0.067293,0.250951,0.043276,0.075608
1586,0.330398,0.064695,0.17087,0.020729,0.074104
1587,0.351809,0.027923,0.226516,0.019298,0.078072
1588,0.275234,0.02838,0.150181,0.021342,0.075331
1589,0.371036,0.0231,0.246039,0.018992,0.082905
1590,0.295205,0.028264,0.16598,0.020663,0.080298
1591,0.375886,0.02639,0.227861,0.025976,0.095659
1592,0.331617,0.031282,0.160862,0.021425,0.118048
1593,0.391312,0.024912,0.248152,0.01932,0.098928
1594,0.34546,0.02821,0.17022,0.021215,0.125815
1595,0.408272,0.065417,0.235606,0.019451,0.087798
1596,0.291954,0.023985,0.15546,0.02134,0.091169
1597,0.433406,0.023147,0.248544,0.031844,0.129871
1598,0.309972,0.02733,0.170646,0.021024,0.090972
1599,0.415125,0.027783,0.234346,0.031461,0.121535
1600,0.33742,0.05013,0.160289,0.023682,0.103319
1601,0.473845,0.047631,0.254026,0.058656,0.113532
1602,0.381862,0.062125,0.178579,0.03858,0.102578
1603,0.501603,0.045447,0.234775,0.059334,0.162047
1604,0.409186,0.062163,0.161673,0.040116,0.145234
1605,0.519486,0.04444,0.251437,0.058986,0.164623
1606,0.394138,0.050129,0.178985,0.03834,0.126684
1607,0.524851,0.040048,0.243188,0.059975,0.18164
1608,0.483278,0.08795,0.158522,0.059763,0.177043
1609,0.530146,0.045967,0.251828,0.058843,0.173508
1610,0.485924,0.101945,0.176428,0.039666,0.167885
1611,0.497514,0.058869,0.238285,0.059944,0.140416
1612,0.425243,0.063683,0.169673,0.040747,0.15114
1613,0.471727,0.028686,0.248801,0.059,0.13524
1614,0.506556,0.061642,0.219582,0.062417,0.162915
1615,0.511005,0.04753,0.29018,0.059795,0.1135
1616,0.460967,0.061067,0.195724,0.061973,0.142203
1617,0.51113,0.043093,0.291278,0.059114,0.117645
1618,0.450248,0.062472,0.176615,0.062146,0.149015
1619,0.399086,0.047648,0.231658,0.031063,0.088717
1620,0.425358,0.076053,0.15952,0.039578,0.150207
1621,0.5082,0.04305,0.252361,0.059976,0.152813
1622,0.339623,0.028379,0.170085,0.038403,0.102756
1623,0.474,0.048952,0.239757,0.059603,0.125688
1624,0.375515,0.046248,0.170569,0.038394,0.120304
1625,0.4774,0.048134,0.25484,0.060104,0.114322
1626,0.349533,0.041604,0.172214,0.03814,0.097575
1627,0.51664,0.041948,0.239232,0.060426,0.175034
1628,0.441758,0.093421,0.161198,0.040092,0.147047
1629,0.515711,0.059787,0.256104,0.059643,0.140177
1630,0.453642,0.063813,0.181116,0.053252,0.155461
1631,0.483556,0.047912,0.239065,0.060646,0.135933
1632,0.402015,0.061589,0.162913,0.04095,0.136563
1633,0.504401,0.04842,0.250784,0.113507,0.09169
1634,0.494357,0.103333,0.171361,0.06039,0.159273
1635,0.54089,0.050163,0.270377,0.058879,0.161471
1636,0.48965,0.050513,0.200596,0.058947,0.179594
1637,0.528647,0.044451,0.249807,0.058834,0.175555
1638,0.477627,0.054734,0.171834,0.062123,0.188936
1639,0.442251,0.046406,0.235251,0.031088,0.129506
1640,0.472712,0.091323,0.197904,0.039974,0.143511
1641,0.51733,0.051145,0.251759,0.031048,0.183378
1642,0.381251,0.039066,0.173711,0.026213,0.142261
1643,0.48054,0.044771,0.235308,0.030324,0.170137
1644,0.339743,0.063679,0.16434,0.023533,0.088191
1645,0.454358,0.04106,0.252199,0.030756,0.130343
1646,0.366622,0.063774,0.187297,0.023858,0.091693
1647,0.474655,0.047986,0.248466,0.059577,0.118626
1648,0.44292,0.06229,0.183218,0.040414,0.156998
1649,0.473018,0.047704,0.250879,0.059672,0.114763
1650,0.454752,0.062305,0.179632,0.040522,0.172293
1651,0.468961,0.051178,0.23611,0.059919,0.121754
1652,0.424177,0.066323,0.164886,0.05904,0.133928
1653,0.497868,0.049076,0.254818,0.088691,0.105283
1654,0.497013,0.08581,0.176139,0.060293,0.174771
1655,0.534188,0.059072,0.282375,0.068689,0.124052
1656,0.479258,0.063561,0.204175,0.060983,0.150539
1657,0.479465,0.049564,0.250323,0.060841,0.118737
1658,0.46906,0.063292,0.176814,0.06237,0.166584
1659,0.410886,0.047705,0.24317,0.031935,0.088076
1660,0.456486,0.0664,0.167466,0.039405,0.183215
1661,0.526126,0.04822,0.250337,0.058355,0.169214
1662,0.482395,0.094496,0.17431,0.03894,0.174649
1663,0.4981,0.057169,0.239969,0.058954,0.142008
1664,0.487022,0.066692,0.203264,0.062383,0.154683
1665,0.57319,0.063618,0.325436,0.059278,0.124858
1666,0.377466,0.029816,0.175076,0.038708,0.133866
1667,0.60823,0.076858,0.287396,0.058996,0.18498
1668,0.431808,0.065149,0.1691,0.040568,0.156991
1669,0.487832,0.054308,0.29787,0.046629,0.089025
1670,0.436058,0.04624,0.191755,0.04043,0.157633
1671,0.48408,0.067142,0.242076,0.06048,0.114382
1672,0.381361,0.036976,0.205298,0.038626,0.100461
1673,0.504185,0.063743,0.29208,0.048474,0.099888
1674,0.360932,0.033961,0.172322,0.03845,0.116199
1675,0.422388,0.031336,0.242106,0.046022,0.102924
1676,0.421628,0.066793,0.158818,0.040188,0.155829
1677,0.469463,0.064783,0.269918,0.046286,0.088476
1678,0.346625,0.02545,0.172102,0.038643,0.11043
1679,0.377194,0.030598,0.230808,0.018233,0.097555
1680,0.322276,0.026224,0.154092,0.026395,0.115565
1681,0.379188,0.024678,0.247726,0.017646,0.089138
1682,0.315865,0.021024,0.169913,0.022072,0.102856
1683,0.382107,0.023324,0.231516,0.017541,0.109726
1684,0.308717,0.025231,0.155088,0.021348,0.10705
1685,0.402127,0.02714,0.245573,0.017526,0.111888
1686,0.31137,0.022206,0.168678,0.021192,0.099294
1687,0.363624,0.021674,0.229816,0.017366,0.094768
1688,0.321067,0.03002,0.154667,0.02325,0.11313
1689,0.490876,0.068635,0.260917,0.065939,0.095385
1690,0.432598,0.066794,0.180304,0.040782,0.144718
1691,0.361116,0.023086,0.231306,0.017682,0.089042
1692,0.307195,0.022139,0.15558,0.024058,0.105418
1693,0.386413,0.032767,0.24629,0.017243,0.090113
1694,0.314658,0.02652,0.169274,0.021439,0.097425
1695,0.364425,0.02126,0.23177,0.01788,0.093515
1696,0.300255,0.03202,0.155692,0.02199,0.090553
1697,0.40484,0.051791,0.247678,0.017041,0.08833
1698,0.329128,0.035635,0.170716,0.021098,0.101679
1699,0.375153,0.029643,0.234375,0.017466,0.093669
1700,0.320042,0.021165,0.154193,0.035265,0.109419
1701,0.38668,0.021867,0.24648,0.01741,0.100923
1702,0.33733,0.026762,0.169148,0.025108,0.116312
1703,0.402808,0.031824,0.231953,0.017087,0.121944
1704,0.297223,0.021159,0.154372,0.021935,0.099757
1705,0.402951,0.02772,0.249077,0.017338,0.108816
1706,0.321142,0.02441,0.169452,0.021326,0.105954
1707,0.369658,0.024374,0.232785,0.017589,0.09491
1708,0.304546,0.0206,0.154018,0.021388,0.10854
1709,0.453792,0.049132,0.258772,0.029534,0.116354
1710,0.348901,0.064625,0.177648,0.021498,0.08513
1711,0.384297,0.024855,0.239168,0.018079,0.102195
1712,0.305544,0.029137,0.155275,0.021513,0.099619
1713,0.414668,0.048375,0.260024,0.017331,0.088938
1714,0.331286,0.048368,0.170238,0.02152,0.09116
1715,0.388818,0.049413,0.2306,0.017044,0.091761
1716,0.30592,0.048283,0.155603,0.021208,0.080826
1717,0.390573,0.02103,0.255692,0.016891,0.09696
1718,0.316442,0.044803,0.17044,0.021299,0.0799
1719,0.400103,0.045645,0.230365,0.017543,0.10655
1720,0.295861,0.029086,0.155836,0.022478,0.088461
1721,0.414252,0.049425,0.247416,0.017273,0.100138
1722,0.326742,0.050084,0.16925,0.021508,0.0859
1723,0.39295,0.049282,0.237723,0.016948,0.088997
1724,0.323045,0.056705,0.166358,0.023085,0.076897
1725,0.409176,0.049026,0.247052,0.023424,0.089674
1726,0.31588,0.022967,0.171278,0.021246,0.100389
1727,0.393665,0.048511,0.232945,0.017957,0.094252
1728,0.292796,0.023027,0.15473,0.021788,0.093251
1729,0.401562,0.047923,0.246804,0.017499,0.089336
1730,0.33705,0.032809,0.169849,0.021412,0.11298
1731,0.393169,0.055869,0.230276,0.017479,0.089545
1732,0.304618,0.049711,0.154304,0.021037,0.079566
1733,0.403399,0.048478,0.246608,0.017425,0.090888
1734,0.322047,0.021775,0.170465,0.02115,0.108657
1735,0.399201,0.04923,0.232397,0.017763,0.099811
1736,0.325675,0.024721,0.157028,0.021434,0.122492
1737,0.416144,0.060503,0.260563,0.018869,0.076209
1738,0.339418,0.028297,0.170305,0.031448,0.109368
1739,0.419878,0.067371,0.239705,0.017146,0.095656
1740,0.313552,0.048685,0.155792,0.021765,0.08731
1741,0.417272,0.04911,0.259418,0.017126,0.091618
1742,0.34737,0.049895,0.178414,0.022592,0.096469
1743,0.394246,0.051952,0.232451,0.018363,0.09148
1744,0.313595,0.032446,0.154415,0.02122,0.105514
1745,0.416516,0.046488,0.258472,0.016676,0.09488
1746,0.328757,0.045255,0.169948,0.02502,0.088534
1747,0.384441,0.045979,0.230961,0.017055,0.090446
1748,0.303473,0.044569,0.154779,0.021166,0.082959
1749,0.389944,0.0256,0.246884,0.027814,0.089646
1750,0.307192,0.022707,0.16957,0.021955,0.09296
1751,0.368113,0.023101,0.235155,0.018232,0.091625
1752,0.29466,0.022057,0.155478,0.021276,0.095849
1753,0.39469,0.023386,0.247386,0.017203,0.106715
1754,0.319754,0.023975,0.171535,0.021338,0.102906
1755,0.368855,0.023569,0.231902,0.017225,0.096159
1756,0.313748,0.0244,0.156716,0.021154,0.111478
1757,0.402652,0.028296,0.247654,0.017274,0.109428
1758,0.325383,0.024089,0.173427,0.021362,0.106505
1759,0.381714,0.028139,0.230793,0.016767,0.106015
1760,0.31028,0.023078,0.168728,0.02155,0.096924
1761,0.380701,0.02224,0.247105,0.017296,0.09406
1762,0.332267,0.025966,0.169285,0.02154,0.115476
1763,0.36429,0.024618,0.231963,0.017165,0.090544
1764,0.304888,0.022559,0.1552,0.021424,0.105705
1765,0.376332,0.021556,0.24833,0.016924,0.089522
1766,0.318078,0.023369,0.1702,0.02126,0.103249
1767,0.371451,0.030651,0.231507,0.016932,0.092361
1768,0.306437,0.02251,0.155828,0.021369,0.10673
1769,0.381871,0.022591,0.247112,0.017085,0.095083
1770,0.337401,0.026961,0.169973,0.02578,0.114687
1771,0.382568,0.028347,0.232148,0.021808,0.100265
1772,0.325578,0.02213,0.155432,0.021096,0.12692
1773,0.38359,0.022589,0.248178,0.017269,0.095554
1774,0.330086,0.028668,0.169749,0.022129,0.10954
1775,0.378697,0.023618,0.233892,0.016991,0.104196
1776,0.319754,0.028709,0.154798,0.020976,0.115271
1777,0.396139,0.024991,0.251943,0.017253,0.101952
1778,0.307628,0.024624,0.168992,0.021264,0.092748
1779,0.371833,0.022543,0.231998,0.016789,0.100503
1780,0.304712,0.021929,0.154668,0.021428,0.106687
1781,0.391746,0.028014,0.246888,0.017,0.099844
1782,0.307898,0.021129,0.169133,0.021448,0.096188
1783,0.37713,0.024957,0.231569,0.016867,0.103737
1784,0.316656,0.02592,0.176248,0.021543,0.092945
1785,0.401065,0.02478,0.247118,0.016969,0.112198
1786,0.306588,0.02761,0.1699,0.021337,0.087741
1787,0.368076,0.022859,0.23052,0.017082,0.097615
1788,0.30455,0.022753,0.154962,0.021464,0.105371
1789,0.38435,0.022031,0.247244,0.016796,0.098279
1790,0.314844,0.022606,0.1734,0.021453,0.097385
1791,0.374847,0.030619,0.23357,0.016764,0.093894
1792,0.319753,0.029747,0.161104,0.021017,0.107885
1793,0.39797,0.025235,0.247178,0.017392,0.108165
1794,0.322672,0.02732,0.169131,0.021842,0.104379
1795,0.37357,0.021726,0.230065,0.017025,0.104754
1796,0.296692,0.02261,0.156366,0.022702,0.095014
1797,0.408062,0.056215,0.262005,0.017104,0.072738
1798,0.333167,0.054364,0.17259,0.022212,0.084001
1799,0.379746,0.047781,0.23585,0.016572,0.079543
1800,0.346152,0.056437,0.186058,0.023012,0.080645
1801,0.39408,0.024787,0.248787,0.017543,0.102963
1802,0.322753,0.02941,0.16865,0.024998,0.099695
1803,0.389275,0.048359,0.23264,0.017493,0.090783
1804,0.291622,0.022181,0.153874,0.021298,0.094269
1805,0.41002,0.056128,0.248032,0.017415,0.088445
1806,0.351929,0.050183,0.182155,0.021512,0.098079
1807,0.374808,0.048376,0.231772,0.016768,0.077892
1808,0.334774,0.050153,0.157966,0.022558,0.104097
1809,0.396042,0.021585,0.24803,0.0174,0.109027
1810,0.325215,0.052302,0.175678,0.021277,0.075958
1811,0.39713,0.045816,0.231678,0.017154,0.102482
1812,0.336286,0.046175,0.15389,0.020582,0.115639
1813,0.396537,0.044122,0.246302,0.017388,0.088725
1814,0.337495,0.02982,0.16946,0.03196,0.106255
1815,0.389223,0.055136,0.234015,0.016828,0.083244
1816,0.33397,0.053204,0.17263,0.030074,0.078062
1817,0.411522,0.025238,0.247796,0.017448,0.12104
1818,0.337186,0.030995,0.169127,0.032815,0.104249
1819,0.389352,0.048964,0.232184,0.016753,0.091451
1820,0.565522,0.048175,0.154876,0.021454,0.341017
1821,0.39607,0.050157,0.248466,0.016924,0.080523
1822,0.320963,0.047892,0.170066,0.021395,0.08161
1823,0.376438,0.048731,0.23128,0.016783,0.079644
1824,0.298214,0.023346,0.15779,0.021099,0.095979
1825,0.466342,0.047762,0.247812,0.031751,0.139017
1826,0.333247,0.026842,0.173082,0.024998,0.108325
1827,0.41207,0.052579,0.248862,0.019574,0.091055
1828,0.316145,0.044186,0.15692,0.020777,0.094262
1829,0.409034,0.044623,0.256362,0.016661,0.091388
1830,0.353311,0.043521,0.171978,0.030555,0.107257
1831,0.42503,0.046819,0.23111,0.01813,0.128971
1832,0.329779,0.034907,0.157866,0.02133,0.115676
1833,0.41857,0.04685,0.255132,0.018449,0.098139
1834,0.338968,0.06317,0.173316,0.021128,0.081354
1835,0.387978,0.048869,0.23033,0.017379,0.0914
1836,0.30408,0.023884,0.154088,0.021193,0.104915
1837,0.382031,0.024741,0.247683,0.017092,0.092515
1838,0.315962,0.021622,0.170036,0.021318,0.102986
1839,0.38413,0.023505,0.231052,0.020149,0.109424
1840,0.307836,0.024781,0.154873,0.021434,0.106748
1841,0.386072,0.024321,0.246287,0.024244,0.09122
1842,0.319498,0.022235,0.168698,0.02102,0.107545
1843,0.387878,0.030748,0.230703,0.017177,0.10925
1844,0.315429,0.025661,0.155287,0.021643,0.112838
1845,0.3987,0.027928,0.246195,0.01728,0.107297
1846,0.33025,0.023481,0.170866,0.021358,0.114545
1847,0.365575,0.024777,0.23136,0.017061,0.092377
1848,0.323951,0.022106,0.160123,0.02176,0.119962
1849,0.379921,0.025541,0.247032,0.017431,0.089917
1850,0.309838,0.02449,0.169892,0.0213,0.094156
1851,0.374477,0.023923,0.231078,0.016942,0.102534
1852,0.312618,0.028905,0.153928,0.020814,0.108971
1853,0.379195,0.02187,0.248562,0.016819,0.091944
1854,0.308286,0.023001,0.170323,0.021414,0.093548
1855,0.369635,0.022117,0.232133,0.017097,0.098288
1856,0.321343,0.026073,0.155622,0.02115,0.118498
1857,0.384138,0.022334,0.248296,0.016743,0.096765
1858,0.316192,0.021866,0.169908,0.021284,0.103134
1859,0.380356,0.021852,0.232031,0.016675,0.109798
1860,0.297023,0.021488,0.154305,0.021175,0.100055
1861,0.396846,0.025436,0.247262,0.016695,0.107453
1862,0.33435,0.027658,0.169212,0.02107,0.11641
1863,0.392583,0.025486,0.231848,0.017085,0.118164
1864,0.323543,0.024968,0.15733,0.02271,0.118535
1865,0.3818,0.0235,0.246039,0.017328,0.094933
1866,0.325902,0.021507,0.168662,0.02692,0.108813
1867,0.395607,0.023688,0.23067,0.017103,0.124146
1868,0.299511,0.024418,0.154608,0.022308,0.098177
1869,0.392301,0.023545,0.246558,0.017581,0.104617
1870,0.327288,0.030616,0.169042,0.021164,0.106466
1871,0.374124,0.02273,0.230955,0.017124,0.103315
1872,0.296478,0.02278,0.154579,0.021848,0.097271
1873,0.406538,0.025821,0.246773,0.017105,0.116839
1874,0.313046,0.02647,0.172732,0.021654,0.09219
1875,0.367715,0.022873,0.230816,0.017117,0.096909
1876,0.308833,0.023699,0.157826,0.021145,0.106163
1877,0.378162,0.024518,0.24729,0.017227,0.089127
1878,0.334329,0.025571,0.172003,0.021863,0.114892
1879,0.364782,0.024247,0.232088,0.017145,0.091302
1880,0.315792,0.022486,0.154483,0.021458,0.117365
1881,0.391166,0.024824,0.247408,0.016827,0.102107
1882,0.326037,0.025591,0.17021,0.032304,0.097932
1883,0.382358,0.04733,0.231975,0.01697,0.086083
1884,0.320885,0.048581,0.155078,0.021256,0.09597
1885,0.40872,0.048118,0.246628,0.01656,0.097414
1886,0.351188,0.050227,0.175312,0.029707,0.095942
1887,0.39638,0.049115,0.252645,0.016623,0.077997
1888,0.33083,0.050572,0.173112,0.023505,0.083641
1889,0.391888,0.024616,0.248042,0.017034,0.102196
1890,0.335726,0.02878,0.169836,0.030404,0.106706
1891,0.399193,0.048863,0.231248,0.017077,0.102005
1892,0.319033,0.048517,0.154186,0.020698,0.095632
1893,0.37636,0.022445,0.248574,0.016697,0.088644
1894,0.32164,0.048873,0.170344,0.021316,0.081107
1895,0.383465,0.048237,0.231948,0.016926,0.086354
1896,0.330258,0.048585,0.155776,0.021558,0.104339
1897,0.383868,0.021857,0.248696,0.016768,0.096547
1898,0.325803,0.043779,0.170218,0.02192,0.089886
1899,0.385426,0.0436,0.2327,0.01655,0.092576
1900,0.30776,0.044503,0.154477,0.02135,0.08743
1901,0.402598,0.047236,0.247218,0.017209,0.090935
1902,0.331921,0.023285,0.169854,0.025291,0.113491
1903,0.411433,0.066491,0.231051,0.017361,0.09653
1904,0.325835,0.048028,0.162513,0.022103,0.093191
1905,0.383185,0.022669,0.250056,0.016998,0.093462
1906,0.321892,0.023786,0.17,0.024922,0.103184
1907,0.39876,0.052422,0.235255,0.01684,0.094243
1908,0.320442,0.045389,0.154544,0.020878,0.099631
1909,0.408834,0.043904,0.25094,0.016817,0.097173
1910,0.329422,0.027432,0.169208,0.030843,0.101939
1911,0.399628,0.04924,0.233321,0.021444,0.095623
1912,0.314852,0.04883,0.16275,0.021687,0.081585
1913,0.430958,0.079069,0.257726,0.017452,0.076711
1914,0.318781,0.032391,0.170503,0.022117,0.09377
1915,0.396383,0.054489,0.234818,0.017133,0.089943
1916,0.313821,0.049864,0.156038,0.021266,0.086653
1917,0.396247,0.047716,0.24884,0.017238,0.082453
1918,0.30755,0.022313,0.171029,0.021198,0.09301
1919,0.394678,0.066942,0.231443,0.016852,0.079441
1920,0.320706,0.05321,0.155898,0.022702,0.088896
1921,0.394206,0.02107,0.249835,0.017117,0.106184
1922,0.32723,0.029865,0.168615,0.020776,0.107974
1923,0.367353,0.021694,0.233132,0.017142,0.095385
1924,0.294622,0.022553,0.153876,0.02125,0.096943
1925,0.39659,0.022044,0.249096,0.017287,0.108163
1926,0.326958,0.024217,0.169077,0.02191,0.111754
1927,0.404196,0.03005,0.230533,0.017067,0.126546
1928,0.315988,0.026067,0.154532,0.033941,0.101448
1929,0.384836,0.025324,0.247328,0.017687,0.094497
1930,0.320687,0.02186,0.168616,0.021582,0.108629
1931,0.370045,0.027258,0.2333,0.017533,0.091954
1932,0.313656,0.035308,0.154613,0.020785,0.10295
1933,0.399369,0.022796,0.248802,0.017563,0.110208
1934,0.326448,0.024091,0.170041,0.021543,0.110773
1935,0.390762,0.038582,0.23307,0.017973,0.101137
1936,0.297677,0.021874,0.154917,0.021872,0.099014
1937,0.382688,0.0225,0.247954,0.017347,0.094887
1938,0.306308,0.023251,0.169852,0.021803,0.091402
1939,0.36461,0.023251,0.230157,0.01712,0.094082
1940,0.304684,0.021533,0.155884,0.021478,0.105789
1941,0.392335,0.023934,0.247367,0.017147,0.103887
1942,0.328696,0.027802,0.171615,0.021187,0.108092
1943,0.383387,0.025717,0.23173,0.017079,0.108861
1944,0.312956,0.024739,0.156472,0.021538,0.110207
1945,0.42394,0.024513,0.248244,0.029134,0.122049
1946,0.311893,0.022838,0.170872,0.022277,0.095906
1947,0.375228,0.021838,0.231117,0.017457,0.104816
1948,0.29533,0.022687,0.155658,0.021276,0.095709
1949,0.37899,0.02159,0.247092,0.016792,0.093516
1950,0.31184,0.023115,0.169205,0.021349,0.098171
1951,0.361885,0.025211,0.231805,0.017839,0.08703
1952,0.294676,0.024513,0.154833,0.02135,0.09398
1953,0.398796,0.024115,0.245984,0.017877,0.11082
1954,0.315263,0.02636,0.170082,0.021449,0.097372
1955,0.364622,0.021909,0.231742,0.016906,0.094065
1956,0.316508,0.025425,0.154316,0.03159,0.105177
1957,0.39734,0.028632,0.246488,0.017308,0.104912
1958,0.320749,0.022094,0.16886,0.021505,0.10829
1959,0.365879,0.024445,0.232453,0.017216,0.091765
1960,0.307009,0.021847,0.155156,0.021602,0.108404
1961,0.392123,0.026118,0.24904,0.018324,0.098641
1962,0.315343,0.023206,0.172057,0.021637,0.098443
1963,0.370572,0.026235,0.23447,0.017283,0.092584
1964,0.306684,0.022499,0.154326,0.022088,0.107771
1965,0.394713,0.024227,0.249828,0.016975,0.103683
1966,0.310279,0.02602,0.169133,0.021061,0.094065
1967,0.37157,0.023552,0.229897,0.017122,0.100999
1968,0.307484,0.028012,0.153774,0.026514,0.099184
1969,0.381955,0.021943,0.248006,0.016806,0.0952
1970,0.32248,0.021519,0.170295,0.03235,0.098316
1971,0.396342,0.05323,0.231883,0.016863,0.094366
1972,0.309874,0.042084,0.167816,0.02115,0.078824
1973,0.396642,0.045184,0.247702,0.017201,0.086555
1974,0.328006,0.047182,0.169655,0.021305,0.089864
1975,0.398463,0.047278,0.239976,0.017355,0.093854
1976,0.305897,0.024458,0.155042,0.022062,0.104335
1977,0.421444,0.055128,0.252064,0.036734,0.077518
1978,0.330716,0.023458,0.172102,0.022554,0.112602
1979,0.390266,0.04947,0.23368,0.017138,0.089978
1980,0.295288,0.023065,0.153124,0.021384,0.097715
1981,0.423046,0.046095,0.258062,0.027034,0.091855
1982,0.322243,0.045265,0.17005,0.021622,0.085306
1983,0.392714,0.044604,0.23272,0.016626,0.098764
1984,0.305252,0.04487,0.154766,0.021838,0.083778
1985,0.40336,0.04436,0.24764,0.032691,0.078669
1986,0.307778,0.031058,0.170543,0.021593,0.084584
1987,0.381881,0.024428,0.23683,0.016934,0.103689
1988,0.310476,0.051336,0.154942,0.020983,0.083215
1989,0.391461,0.044858,0.246998,0.016771,0.082834
1990,0.321328,0.046296,0.170321,0.02135,0.083361
1991,0.387826,0.048799,0.231692,0.016548,0.090787
1992,0.325144,0.057498,0.160333,0.022533,0.08478
1993,0.38325,0.022947,0.249091,0.01691,0.094302
1994,0.328964,0.027154,0.17425,0.021496,0.106064
1995,0.398996,0.044458,0.231984,0.016823,0.105731
1996,0.297312,0.024596,0.15523,0.021326,0.09616
1997,0.414681,0.048636,0.257312,0.016941,0.091792
1998,0.328665,0.049774,0.170354,0.02256,0.085977
1999,0.389084,0.048688,0.232406,0.016646,0.091344
2000,0.31063,0.055494,0.156922,0.022688,0.075526
2001,0.3921,0.048682,0.24898,0.01709,0.077348
2002,0.345721,0.024131,0.169743,0.033405,0.118442
2003,0.402462,0.046501,0.231422,0.017152,0.107387
2004,0.324158,0.027708,0.154614,0.023975,0.117861
2005,0.406145,0.050021,0.247758,0.017336,0.09103
2006,0.305775,0.021956,0.169501,0.021433,0.092885
2007,0.405257,0.070138,0.239316,0.016786,0.079017
2008,0.313562,0.055768,0.15568,0.022695,0.079419
2009,0.417096,0.025805,0.249471,0.017706,0.124114
2010,0.311126,0.026117,0.170608,0.021265,0.093136
2011,0.370788,0.02633,0.230958,0.017652,0.095848
2012,0.302871,0.023784,0.153323,0.021363,0.104401
2013,0.396955,0.025971,0.247578,0.017331,0.106075
2014,0.328032,0.02418,0.169568,0.021668,0.112616
2015,0.368599,0.024532,0.231578,0.01738,0.095109
2016,0.29169,0.02272,0.15533,0.021252,0.092388
2017,0.383373,0.021922,0.246711,0.017015,0.097725
2018,0.32168,0.022497,0.171178,0.02175,0.106255
2019,0.37799,0.021996,0.231354,0.017107,0.107533
2020,0.294448,0.022855,0.154748,0.021276,0.095569
2021,0.388848,0.022173,0.246323,0.017353,0.102999
2022,0.304648,0.022295,0.170236,0.021146,0.090971
2023,0.364406,0.021856,0.230652,0.017195,0.094703
2024,0.308242,0.024022,0.156618,0.021315,0.106287
2025,0.37845,0.024788,0.246718,0.017291,0.089653
2026,0.34656,0.022959,0.172775,0.02583,0.124996
2027,0.381872,0.024372,0.231466,0.022837,0.103197
2028,0.30794,0.030024,0.15719,0.021422,0.099304
2029,0.397993,0.022705,0.248113,0.016795,0.11038
2030,0.320678,0.02592,0.169955,0.021398,0.103405
2031,0.376562,0.025539,0.231572,0.017587,0.101864
2032,0.29743,0.025777,0.154566,0.02088,0.096207
2033,0.401463,0.025461,0.247867,0.017346,0.110789
2034,0.332611,0.028354,0.173307,0.02158,0.10937
2035,0.38274,0.02255,0.230744,0.017295,0.112151
2036,0.296417,0.022317,0.153965,0.021108,0.099027
2037,0.375958,0.022864,0.246603,0.017193,0.089298
2038,0.32105,0.023929,0.169241,0.021438,0.106442
2039,0.368034,0.02349,0.232454,0.017253,0.094837
2040,0.305425,0.024031,0.154225,0.021145,0.106024
2041,0.393699,0.02867,0.246387,0.016921,0.101721
2042,0.327802,0.021739,0.187424,0.02147,0.097169
2043,0.368178,0.022126,0.231593,0.017136,0.097323
2044,0.293772,0.02283,0.155945,0.021543,0.093454
2045,0.393986,0.021454,0.249103,0.017095,0.106334
2046,0.314004,0.02586,0.171948,0.021098,0.095098
2047,0.420148,0.023824,0.234124,0.017032,0.145168
2048,0.357605,0.028135,0.156124,0.021314,0.152032
2049,0.397735,0.022009,0.249321,0.017079,0.109326
2050,0.338996,0.02798,0.181188,0.022146,0.107682
2051,0.38244,0.031828,0.233762,0.017204,0.099646
2052,0.2968,0.024159,0.157788,0.021766,0.093087
2053,0.383723,0.026406,0.247226,0.0172,0.092891
2054,0.344425,0.044141,0.16786,0.021044,0.11138
2055,0.390502,0.044531,0.230636,0.016591,0.098744
2056,0.3255,0.045904,0.154274,0.02113,0.104192
2057,0.392467,0.047961,0.246746,0.017157,0.080603
2058,0.331324,0.022925,0.16918,0.041372,0.097847
2059,0.422717,0.024931,0.236908,0.030633,0.130245
2060,0.33197,0.043852,0.153912,0.02118,0.113026
2061,0.395383,0.044575,0.24728,0.016938,0.08659
2062,0.318752,0.043359,0.171629,0.021115,0.082649
2063,0.372663,0.043871,0.230852,0.016716,0.081224
2064,0.316338,0.043945,0.156927,0.021089,0.094377
2065,0.410251,0.043292,0.246254,0.017226,0.103479
2066,0.32354,0.027578,0.171555,0.021525,0.102882
2067,0.400543,0.056693,0.234176,0.018253,0.091421
2068,0.328001,0.02884,0.15765,0.021559,0.119952
2069,0.408482,0.055821,0.252623,0.016673,0.083365
2070,0.350229,0.048378,0.17177,0.022124,0.107957
2071,0.383707,0.048956,0.232283,0.016547,0.085921
2072,0.334422,0.044218,0.173983,0.033809,0.082412
2073,0.414385,0.055812,0.249064,0.017453,0.092056
2074,0.344226,0.022402,0.170674,0.02191,0.12924
2075,0.443563,0.048966,0.233306,0.031005,0.130286
2076,0.306139,0.026435,0.153885,0.021032,0.104787
2077,0.404658,0.030518,0.247953,0.018558,0.107629
2078,0.325728,0.047411,0.171822,0.021756,0.084739
2079,0.389486,0.049137,0.237473,0.016998,0.085878
2080,0.317578,0.05597,0.156672,0.022737,0.082199
2081,0.404326,0.055539,0.255626,0.017234,0.075927
2082,0.327128,0.024512,0.172638,0.0332,0.096778
2083,0.390882,0.044219,0.23401,0.016952,0.095701
2084,0.303791,0.043328,0.153689,0.02126,0.085514
2085,0.395678,0.031035,0.246122,0.017276,0.101245
2086,0.346844,0.025376,0.169556,0.031845,0.120067
2087,0.39977,0.051234,0.242144,0.018362,0.08803
2088,0.315803,0.051363,0.15611,0.020561,0.087769
2089,0.404188,0.02563,0.25718,0.017186,0.104192
2090,0.336506,0.02375,0.169786,0.035028,0.107942
2091,0.39368,0.057801,0.232837,0.01695,0.086092
2092,0.314552,0.046851,0.15446,0.021267,0.091974
2093,0.392052,0.023704,0.249472,0.017335,0.101541
2094,0.31653,0.024782,0.171075,0.021047,0.099626
2095,0.370679,0.023753,0.234127,0.017277,0.095522
2096,0.292781,0.021268,0.154588,0.02104,0.095885
2097,0.389142,0.022417,0.250118,0.023137,0.09347
2098,0.33025,0.024422,0.169818,0.021739,0.114271
2099,0.372845,0.02725,0.230443,0.0175,0.097652
2100,0.29125,0.022627,0.154832,0.021513,0.092278
2101,0.382066,0.021909,0.247306,0.017113,0.095738
2102,0.322391,0.022567,0.169214,0.021333,0.109277
2103,0.365691,0.021938,0.232534,0.017208,0.094011
2104,0.31676,0.022456,0.15392,0.021162,0.119222
2105,0.393077,0.02194,0.247728,0.017104,0.106305
2106,0.331566,0.022601,0.192033,0.021595,0.095337
2107,0.368828,0.021616,0.231599,0.017048,0.098565
2108,0.293901,0.022502,0.154597,0.021038,0.095764
2109,0.382326,0.022704,0.246468,0.01736,0.095794
2110,0.32533,0.029477,0.17181,0.0211,0.102943
2111,0.37932,0.022481,0.233405,0.017476,0.105958
2112,0.297868,0.02416,0.157123,0.021627,0.094958
2113,0.384654,0.022695,0.247812,0.01712,0.097027
2114,0.313678,0.022192,0.173004,0.02205,0.096432
2115,0.383461,0.022527,0.239848,0.016979,0.104107
2116,0.31372,0.023876,0.156295,0.021252,0.112297
2117,0.400729,0.030363,0.247954,0.017155,0.105257
2118,0.322548,0.022132,0.17284,0.021124,0.106452
2119,0.388418,0.030087,0.231641,0.017186,0.109504
2120,0.299711,0.022135,0.154973,0.021303,0.1013
2121,0.389704,0.024611,0.245764,0.017111,0.102218
2122,0.344702,0.02502,0.168496,0.021488,0.129698
2123,0.366572,0.023234,0.23362,0.017177,0.092541
2124,0.311174,0.022115,0.154406,0.021148,0.113505
2125,0.382384,0.02247,0.246976,0.016888,0.09605
2126,0.32121,0.022435,0.169553,0.020907,0.108315
2127,0.361703,0.021272,0.231322,0.017055,0.092054
2128,0.305856,0.022709,0.155062,0.020952,0.107133
2129,0.388216,0.023638,0.24572,0.017075,0.101783
2130,0.312005,0.026034,0.170265,0.021011,0.094695
2131,0.385068,0.029185,0.232746,0.01773,0.105407
2132,0.307645,0.02889,0.15503,0.021382,0.102343
2133,0.396171,0.030116,0.249272,0.018113,0.09867
2134,0.312387,0.022814,0.169365,0.021775,0.098433
2135,0.388105,0.043943,0.23431,0.017006,0.092846
2136,0.303162,0.046434,0.15424,0.021143,0.081345
2137,0.400922,0.048839,0.249364,0.017182,0.085537
2138,0.340425,0.040384,0.171257,0.021355,0.107429
2139,0.385658,0.031352,0.240022,0.017025,0.097259
2140,0.329355,0.049199,0.163868,0.02164,0.094648
2141,0.405072,0.055255,0.252664,0.016819,0.080334
2142,0.348444,0.049229,0.170287,0.028842,0.100086
2143,0.395777,0.046844,0.233631,0.016857,0.098445
2144,0.315803,0.048603,0.154826,0.021278,0.091096
2145,0.391176,0.048174,0.2473,0.017378,0.078324
2146,0.323411,0.029273,0.170118,0.0217,0.10232
2147,0.383623,0.029089,0.233012,0.017466,0.104056
2148,0.324038,0.025687,0.154638,0.029862,0.113851
2149,0.414638,0.05772,0.250984,0.016585,0.089349
2150,0.352127,0.06297,0.180436,0.020927,0.087794
2151,0.386127,0.045907,0.237174,0.017814,0.085232
2152,0.316776,0.053833,0.164424,0.021006,0.077513
2153,0.411006,0.051661,0.249916,0.016565,0.092864
2154,0.33916,0.045839,0.170461,0.021677,0.101183
2155,0.380452,0.026016,0.244004,0.017283,0.093149
2156,0.304354,0.049239,0.154504,0.021536,0.079075
2157,0.413462,0.048155,0.253206,0.016747,0.095354
2158,0.352013,0.046842,0.16971,0.028683,0.106778
2159,0.402507,0.059296,0.233252,0.017072,0.092887
2160,0.323968,0.067424,0.15616,0.022086,0.078298
2161,0.399878,0.048461,0.25398,0.016971,0.080466
2162,0.33291,0.04818,0.170895,0.022023,0.091812
2163,0.372153,0.022441,0.231647,0.017429,0.100636
2164,0.297346,0.025116,0.15308,0.021328,0.097822
2165,0.381223,0.02334,0.24582,0.017392,0.094671
2166,0.336452,0.023527,0.168325,0.033015,0.111585
2167,0.383882,0.046064,0.231606,0.023633,0.082579
2168,0.303124,0.047424,0.154704,0.02172,0.079276
2169,0.390013,0.023667,0.24665,0.016996,0.1027
2170,0.341864,0.02873,0.16947,0.035665,0.107999
2171,0.396524,0.0315,0.242858,0.016953,0.105213
2172,0.31483,0.040718,0.15549,0.03247,0.086152
2173,0.411588,0.053163,0.24714,0.016638,0.094647
2174,0.327666,0.044633,0.172009,0.020918,0.090106
2175,0.388311,0.030114,0.232746,0.017542,0.107909
2176,0.308507,0.022484,0.15632,0.02168,0.108023
2177,0.392612,0.021874,0.247807,0.017043,0.105888
2178,0.327615,0.022824,0.16914,0.021708,0.113943
2179,0.375359,0.022468,0.231533,0.017018,0.10434
2180,0.311805,0.026548,0.16049,0.021872,0.102895
2181,0.395941,0.024738,0.246453,0.017402,0.107348
2182,0.309878,0.022462,0.171168,0.022384,0.093864
2183,0.364238,0.021755,0.23188,0.017243,0.09336
2184,0.307286,0.02376,0.156633,0.021502,0.105391
2185,0.378408,0.024522,0.24712,0.017322,0.089444
2186,0.311805,0.022558,0.169241,0.021913,0.098093
2187,0.396749,0.025053,0.23849,0.032293,0.100913
2188,0.320956,0.026,0.154422,0.021351,0.119183
2189,0.402954,0.023862,0.246093,0.016988,0.116011
2190,0.326443,0.02906,0.169442,0.021384,0.106557
2191,0.367242,0.022268,0.23298,0.017214,0.09478
2192,0.322954,0.025967,0.165067,0.021323,0.110597
2193,0.38201,0.025783,0.247981,0.017423,0.090823
2194,0.33407,0.026191,0.169885,0.021316,0.116678
2195,0.39029,0.028732,0.23355,0.017637,0.110371
2196,0.294703,0.022429,0.154583,0.021662,0.096029
2197,0.379235,0.02442,0.246575,0.017481,0.090759
2198,0.311806,0.02247,0.169224,0.022158,0.097954
2199,0.376843,0.023997,0.233479,0.017012,0.102355
2200,0.305995,0.029028,0.154617,0.021114,0.101236
2201,0.383273,0.022928,0.249913,0.017226,0.093206
2202,0.319692,0.024207,0.17017,0.021628,0.103687
2203,0.389372,0.02115,0.23541,0.032209,0.100603
2204,0.307265,0.031135,0.154608,0.020949,0.100573
2205,0.4006,0.023362,0.249278,0.016922,0.111038
2206,0.318514,0.027786,0.168943,0.02131,0.100475
2207,0.366284,0.022113,0.230796,0.017283,0.096092
2208,0.304062,0.023086,0.155235,0.021623,0.104118
2209,0.383028,0.021897,0.247957,0.016825,0.096349
2210,0.316658,0.024073,0.169567,0.021578,0.10144
2211,0.40561,0.030514,0.232262,0.017953,0.124881
2212,0.299461,0.024066,0.1541,0.027904,0.093391
2213,0.40026,0.022588,0.246313,0.017079,0.11428
2214,0.322714,0.030474,0.16949,0.021072,0.101678
2215,0.379626,0.026222,0.230854,0.017347,0.105203
2216,0.321527,0.028914,0.154527,0.029765,0.108321
2217,0.414057,0.04758,0.256948,0.017085,0.092444
2218,0.319709,0.022651,0.16853,0.021426,0.107102
2219,0.486426,0.021687,0.232312,0.045497,0.18693
2220,0.31044,0.048476,0.157472,0.02169,0.082802
2221,0.464866,0.046142,0.256637,0.031158,0.130929
2222,0.318268,0.02499,0.17169,0.021618,0.09997
2223,0.39701,0.053563,0.240339,0.019031,0.084077
2224,0.300048,0.045501,0.154215,0.021077,0.079255
2225,0.394293,0.045499,0.248526,0.017467,0.082801
2226,0.320662,0.027736,0.170104,0.021308,0.101514
2227,0.389892,0.025552,0.23483,0.017533,0.111977
2228,0.308179,0.04268,0.154575,0.021103,0.089821
2229,0.411111,0.042944,0.265028,0.016855,0.086284
2230,0.347762,0.044129,0.173232,0.021032,0.109369
2231,0.397506,0.045268,0.231076,0.016909,0.104253
2232,0.348177,0.047633,0.15735,0.033771,0.109423
2233,0.393696,0.048633,0.247572,0.01668,0.080811
2234,0.362158,0.049107,0.173002,0.021488,0.118561
2235,0.377358,0.035241,0.233046,0.017723,0.091348
2236,0.3003,0.026158,0.15536,0.021385,0.097397
2237,0.39639,0.025973,0.248002,0.022567,0.099848
2238,0.327786,0.044052,0.170999,0.021242,0.091493
2239,0.406715,0.043535,0.242717,0.016861,0.103602
2240,0.312427,0.044917,0.154838,0.021504,0.091168
2241,0.390072,0.043961,0.247586,0.016791,0.081734
2242,0.344183,0.043231,0.169706,0.021075,0.110171
2243,0.3922,0.03084,0.24353,0.016888,0.100942
2244,0.322112,0.049799,0.156174,0.022307,0.093832
2245,0.405922,0.05592,0.254822,0.016809,0.078371
2246,0.348722,0.049138,0.170637,0.021938,0.107009
2247,0.37944,0.0474,0.238701,0.016699,0.07664
2248,0.308775,0.047218,0.154722,0.022364,0.084471
2249,0.405715,0.049471,0.254872,0.017087,0.084285
2250,0.337268,0.021331,0.170032,0.045562,0.100343
2251,0.373959,0.032316,0.231591,0.017141,0.092911
2252,0.304816,0.046993,0.154189,0.021998,0.081636
2253,0.39319,0.022286,0.253744,0.016344,0.100816
2254,0.33246,0.055107,0.170219,0.021164,0.08597
2255,0.390293,0.057369,0.237701,0.01743,0.077793
2256,0.308352,0.031683,0.15455,0.021587,0.100532
2257,0.381349,0.023934,0.247684,0.017504,0.092227
2258,0.34991,0.022357,0.170786,0.024168,0.132599
2259,0.390048,0.02944,0.231011,0.017651,0.111946
2260,0.306561,0.025613,0.155192,0.021597,0.104159
2261,0.393404,0.027808,0.246396,0.017669,0.101531
2262,0.312659,0.02288,0.16858,0.02134,0.099859
2263,0.380786,0.023829,0.231639,0.017273,0.108045
2264,0.297253,0.02496,0.154788,0.021284,0.096221
2265,0.396157,0.023488,0.246836,0.016843,0.10899
2266,0.318956,0.030213,0.170134,0.020688,0.097921
2267,0.386872,0.021787,0.230974,0.01722,0.116891
2268,0.297726,0.023189,0.155776,0.02115,0.097611
2269,0.393743,0.022476,0.249446,0.016862,0.104959
2270,0.322188,0.027906,0.171102,0.021286,0.101894
2271,0.373893,0.023302,0.232038,0.016898,0.101655
2272,0.299094,0.025625,0.155048,0.021809,0.096612
2273,0.38533,0.021895,0.250417,0.017125,0.095893
2274,0.319737,0.021878,0.1692,0.02143,0.107229
2275,0.373794,0.022509,0.234417,0.017069,0.099799
2276,0.29681,0.025693,0.155236,0.021488,0.094393
2277,0.384179,0.022329,0.247786,0.017115,0.096949
2278,0.308748,0.024398,0.169594,0.021394,0.093362
2279,0.365362,0.022584,0.232125,0.017217,0.093436
2280,0.30605,0.02397,0.153947,0.021406,0.106727
2281,0.385732,0.026584,0.24678,0.017426,0.094942
2282,0.322495,0.021118,0.168525,0.025618,0.107234
2283,0.383692,0.024139,0.231405,0.023263,0.104885
2284,0.29456,0.026357,0.15532,0.021118,0.091765
2285,0.392908,0.026142,0.246584,0.016996,0.103186
2286,0.337933,0.029774,0.16972,0.020475,0.117964
2287,0.376673,0.021514,0.231095,0.01676,0.107304
2288,0.304887,0.023002,0.155818,0.021134,0.104933
2289,0.381258,0.021472,0.247036,0.017074,0.095676
2290,0.321528,0.02368,0.172897,0.021554,0.103397
2291,0.389118,0.028149,0.230735,0.017473,0.112761
2292,0.306764,0.022933,0.157092,0.021438,0.105301
2293,0.388784,0.023953,0.247108,0.016777,0.100946
2294,0.317802,0.024523,0.171384,0.025175,0.09672
2295,0.368002,0.021604,0.230525,0.017186,0.098687
2296,0.309831,0.023446,0.154521,0.021359,0.110505
2297,0.396676,0.028584,0.247182,0.016911,0.103999
2298,0.311908,0.023408,0.17065,0.02149,0.09636
2299,0.378783,0.021542,0.235301,0.01753,0.10441
2300,0.304938,0.03391,0.155324,0.021193,0.094511
2301,0.402204,0.043102,0.24676,0.016438,0.095904
2302,0.334538,0.043145,0.170593,0.020678,0.100122
2303,0.39207,0.04366,0.23596,0.016332,0.096118
2304,0.333976,0.04348,0.154905,0.021268,0.114323
2305,0.414831,0.04452,0.256779,0.016249,0.097283
2306,0.340694,0.043871,0.170254,0.021278,0.105291
2307,0.386659,0.044666,0.237102,0.017867,0.087024
2308,0.334906,0.03956,0.166618,0.02118,0.107548
2309,0.393618,0.024296,0.25032,0.017034,0.101968
2310,0.327852,0.027753,0.169117,0.031995,0.098987
2311,0.388832,0.050834,0.234329,0.016501,0.087168
2312,0.305272,0.047219,0.155148,0.021392,0.081513
2313,0.391295,0.047465,0.249618,0.016761,0.077451
2314,0.334168,0.055623,0.179427,0.0226,0.076518
2315,0.392123,0.058819,0.233034,0.017793,0.082477
2316,0.305824,0.021504,0.163964,0.02163,0.098726
2317,0.379034,0.024976,0.246542,0.017243,0.090273
2318,0.321583,0.02407,0.170033,0.02126,0.10622
2319,0.36612,0.020676,0.232857,0.016598,0.095989
2320,0.30268,0.04421,0.15368,0.02116,0.08363
2321,0.406592,0.02777,0.249032,0.017453,0.112337
2322,0.309217,0.022792,0.170617,0.021522,0.094286
2323,0.431132,0.056896,0.232582,0.017822,0.123832
2324,0.315874,0.026528,0.155516,0.021644,0.112186
2325,0.41125,0.044841,0.255041,0.017056,0.094312
2326,0.317748,0.043293,0.16995,0.020902,0.083603
2327,0.377033,0.04618,0.231671,0.016709,0.082473
2328,0.323882,0.042843,0.155496,0.028154,0.097389
2329,0.410939,0.044333,0.246976,0.017194,0.102436
2330,0.325397,0.026166,0.170331,0.021637,0.107263
2331,0.384558,0.044804,0.239012,0.017745,0.082997
2332,0.29173,0.024198,0.153878,0.021676,0.091978
2333,0.38971,0.024307,0.2461,0.01684,0.102463
2334,0.3303,0.028467,0.16927,0.03181,0.100753
2335,0.38785,0.048146,0.232179,0.016991,0.090534
2336,0.30902,0.049103,0.159726,0.022423,0.077768
2337,0.409385,0.049513,0.266925,0.016777,0.07617
2338,0.32087,0.025276,0.172235,0.022354,0.101005
2339,0.396693,0.024166,0.229276,0.032831,0.11042
2340,0.305258,0.02712,0.15504,0.021816,0.101282
2341,0.386463,0.022738,0.247422,0.017065,0.099238
2342,0.31122,0.022637,0.168943,0.02205,0.09759
2343,0.366334,0.021994,0.231618,0.016966,0.095756
2344,0.29506,0.027796,0.155936,0.021407,0.089921
2345,0.381281,0.024807,0.2469,0.017457,0.092117
2346,0.321377,0.022317,0.170509,0.02134,0.107211
2347,0.387204,0.024194,0.230993,0.018348,0.113669
2348,0.31678,0.028516,0.155324,0.021135,0.111805
2349,0.391875,0.022529,0.247998,0.016788,0.10456
2350,0.334476,0.02416,0.170535,0.021546,0.118235
2351,0.365006,0.024247,0.231965,0.017187,0.091607
2352,0.294016,0.021655,0.154436,0.021497,0.096428
2353,0.396226,0.025526,0.245307,0.022802,0.102591
2354,0.309926,0.025873,0.170405,0.02111,0.092538
2355,0.384576,0.023538,0.228998,0.01789,0.11415
2356,0.309695,0.02529,0.158916,0.021708,0.103781
2357,0.399947,0.03033,0.245699,0.016952,0.106966
2358,0.32444,0.021367,0.171476,0.021586,0.110011
2359,0.362548,0.02241,0.230736,0.017076,0.092326
2360,0.307308,0.027885,0.156607,0.021096,0.10172
2361,0.388774,0.0242,0.246048,0.016891,0.101635
2362,0.310404,0.02466,0.172024,0.022298,0.091422
2363,0.380857,0.02394,0.230644,0.016825,0.109448
2364,0.307433,0.024905,0.157187,0.021537,0.103804
2365,0.377244,0.025392,0.246893,0.017129,0.08783
2366,0.323485,0.030128,0.171112,0.021222,0.101023
2367,0.373674,0.023933,0.231688,0.017155,0.100898
2368,0.305489,0.025477,0.154452,0.02158,0.10398
2369,0.40131,0.034508,0.246688,0.017293,0.102821
2370,0.311236,0.022887,0.170111,0.022082,0.096156
2371,0.370906,0.024411,0.230244,0.016678,0.099573
2372,0.30024,0.025238,0.156241,0.02108,0.097681
2373,0.390736,0.024763,0.246742,0.016782,0.102449
2374,0.32226,0.02862,0.169191,0.021207,0.103242
2375,0.377038,0.024009,0.23011,0.017469,0.10545
2376,0.32906,0.028208,0.155331,0.021202,0.124319
2377,0.381249,0.022306,0.249502,0.017055,0.092386
2378,0.309386,0.021813,0.168835,0.02128,0.097458
2379,0.385149,0.023584,0.23437,0.016964,0.110231
2380,0.33752,0.047992,0.15554,0.021235,0.112753
2381,0.43618,0.021924,0.248975,0.030186,0.135095
2382,0.325594,0.045571,0.169044,0.021364,0.089615
2383,0.43746,0.046919,0.231736,0.0302,0.128605
2384,0.304961,0.046339,0.156408,0.021244,0.08097
2385,0.412512,0.047142,0.255228,0.017216,0.092926
2386,0.345172,0.049295,0.169236,0.020908,0.105733
2387,0.39898,0.05406,0.231884,0.018825,0.094211
2388,0.33914,0.039106,0.16527,0.02899,0.105774
2389,0.454856,0.047712,0.248062,0.029929,0.129153
2390,0.332042,0.047431,0.173016,0.022917,0.088678
2391,0.388515,0.049013,0.233428,0.017546,0.088528
2392,0.31993,0.048499,0.154683,0.021828,0.09492
2393,0.405938,0.048064,0.247793,0.017339,0.092742
2394,0.347206,0.03386,0.168774,0.030068,0.114504
2395,0.40664,0.053879,0.231261,0.01829,0.10321
2396,0.335017,0.0286,0.155031,0.031955,0.119431
2397,0.409277,0.049684,0.249053,0.017292,0.093248
2398,0.324322,0.021694,0.16937,0.029312,0.103946
2399,0.385635,0.048795,0.230017,0.016831,0.089992
2400,0.307288,0.047384,0.15647,0.021299,0.082135
2401,0.390294,0.050262,0.247916,0.017055,0.075061
2402,0.311036,0.02135,0.171795,0.021227,0.096664
2403,0.390006,0.049246,0.231583,0.017659,0.091518
2404,0.32523,0.024366,0.166895,0.029287,0.104682
2405,0.403698,0.058534,0.247746,0.017029,0.080389
2406,0.322285,0.031944,0.172004,0.020824,0.097513
2407,0.367372,0.02172,0.231573,0.016777,0.097302
2408,0.319064,0.047638,0.154124,0.021178,0.096124
2409,0.413122,0.051594,0.258006,0.0167,0.086822
2410,0.318945,0.04868,0.169768,0.02127,0.079227
2411,0.402158,0.050467,0.242688,0.017639,0.091364
2412,0.308474,0.027495,0.167329,0.021186,0.092464
2413,0.428367,0.047984,0.262846,0.016667,0.10087
2414,0.3401,0.049864,0.171983,0.02152,0.096733
2415,0.386076,0.047691,0.231335,0.017128,0.089922
2416,0.328546,0.066928,0.156307,0.0209,0.084411
2417,0.40449,0.059358,0.248556,0.016536,0.08004
2418,0.324322,0.047399,0.171684,0.021836,0.083403
2419,0.383781,0.023818,0.231105,0.017964,0.110894
2420,0.331671,0.028036,0.155198,0.021577,0.12686
2421,0.37896,0.024514,0.246852,0.017269,0.090325
2422,0.330133,0.024942,0.169694,0.02162,0.113877
2423,0.381137,0.027977,0.231275,0.023556,0.098329
2424,0.293742,0.022419,0.153614,0.021838,0.095871
2425,0.389248,0.02432,0.246202,0.017629,0.101097
2426,0.319215,0.02909,0.170766,0.020712,0.098647
2427,0.396731,0.022882,0.232418,0.017784,0.123647
2428,0.313402,0.029486,0.154814,0.021038,0.108064
2429,0.3908,0.024149,0.248672,0.017201,0.100778
2430,0.312034,0.024625,0.17028,0.021356,0.095773
2431,0.398679,0.023429,0.233188,0.017212,0.12485
2432,0.296132,0.024324,0.155306,0.021082,0.09542
2433,0.386424,0.022041,0.247754,0.016542,0.100087
2434,0.326612,0.030074,0.169176,0.021092,0.10627
2435,0.378225,0.025261,0.231299,0.016603,0.105062
2436,0.303411,0.031608,0.155127,0.023343,0.093333
2437,0.389468,0.02244,0.246961,0.016888,0.103179
2438,0.318206,0.02406,0.169472,0.02147,0.103204
2439,0.369875,0.02094,0.230767,0.016806,0.101362
2440,0.29191,0.024335,0.154585,0.021796,0.091194
2441,0.391855,0.022755,0.24733,0.016875,0.104895
2442,0.318084,0.023185,0.17015,0.021414,0.103335
2443,0.365821,0.025738,0.230961,0.017101,0.092021
2444,0.321051,0.026861,0.154762,0.022556,0.116872
2445,0.385895,0.024388,0.246824,0.017577,0.097106
2446,0.32377,0.022591,0.173275,0.021678,0.106226
2447,0.365698,0.024342,0.231333,0.017667,0.092356
2448,0.295173,0.02575,0.157345,0.021692,0.090386
2449,0.40552,0.02557,0.246546,0.017879,0.115525
2450,0.33111,0.023935,0.173534,0.021387,0.112254
2451,0.37671,0.029808,0.23036,0.01705,0.099492
2452,0.322394,0.022111,0.15725,0.021946,0.121087
2453,0.386846,0.024944,0.245896,0.017074,0.098932
2454,0.329504,0.029982,0.170273,0.021187,0.108062
2455,0.371183,0.021876,0.230656,0.016975,0.101676
2456,0.300052,0.023345,0.154096,0.020902,0.101709
2457,0.387426,0.024668,0.246084,0.017315,0.099359
2458,0.31042,0.02036,0.16984,0.021312,0.098908
2459,0.372829,0.027803,0.229942,0.017012,0.098072
2460,0.309354,0.025006,0.15524,0.021614,0.107494
2461,0.40966,0.047105,0.248588,0.016668,0.097299
2462,0.327856,0.051313,0.170404,0.021284,0.084855
2463,0.398842,0.043491,0.236923,0.016344,0.102084
2464,0.325664,0.043192,0.155456,0.02065,0.106366
2465,0.395308,0.044379,0.248718,0.017315,0.084896
2466,0.3235,0.02548,0.170214,0.021194,0.106612
2467,0.399965,0.055812,0.236,0.017148,0.091005
2468,0.355197,0.023852,0.179557,0.032616,0.119172
2469,0.408348,0.030042,0.247574,0.017019,0.113713
2470,0.336431,0.02431,0.168725,0.032455,0.110941
2471,0.38826,0.051856,0.233248,0.01683,0.086326
2472,0.29873,0.041986,0.156818,0.021204,0.078722
2473,0.409826,0.051754,0.250045,0.016204,0.091823
2474,0.31836,0.043653,0.170675,0.021467,0.082565
2475,0.38683,0.043564,0.232602,0.017411,0.093253
2476,0.335498,0.028616,0.155694,0.020896,0.130292
2477,0.404203,0.025215,0.249027,0.016602,0.113359
2478,0.31827,0.04398,0.16972,0.021391,0.083179
2479,0.390949,0.053168,0.232394,0.016867,0.08852
2480,0.30054,0.048168,0.154258,0.021248,0.076866
2481,0.399047,0.048561,0.247384,0.016551,0.086551
2482,0.326322,0.047061,0.176589,0.022999,0.079673
2483,0.364655,0.022634,0.233588,0.016359,0.092074
2484,0.35877,0.075168,0.155719,0.021804,0.106079
2485,0.435782,0.022011,0.246582,0.030839,0.13635
2486,0.336076,0.028254,0.168476,0.021116,0.11823
2487,0.430861,0.02559,0.231232,0.030907,0.143132
2488,0.294256,0.02462,0.15409,0.021106,0.09444
2489,0.404125,0.047021,0.246897,0.017429,0.092778
2490,0.343097,0.060721,0.17091,0.022037,0.089429
2491,0.391036,0.055491,0.234348,0.017068,0.084129
2492,0.309704,0.036792,0.156619,0.0215,0.094793
2493,0.427587,0.052901,0.265164,0.025393,0.084129
2494,0.329144,0.044509,0.174908,0.021299,0.088428
2495,0.38881,0.043981,0.231534,0.01702,0.096275
2496,0.32719,0.045609,0.15656,0.032162,0.092859
2497,0.388385,0.021132,0.256222,0.016474,0.094557
2498,0.322894,0.050962,0.170123,0.021012,0.080797
2499,0.375676,0.043717,0.230305,0.017008,0.084646
2500,0.303387,0.02676,0.155175,0.032659,0.088793
2501,0.381788,0.022289,0.24896,0.017063,0.093476
2502,0.319053,0.022778,0.168995,0.021272,0.106008
2503,0.37177,0.021643,0.230704,0.016989,0.102434
2504,0.310795,0.023107,0.154634,0.022351,0.110703
2505,0.381975,0.02257,0.247033,0.017339,0.095033
2506,0.306668,0.022636,0.170329,0.021222,0.092481
2507,0.377769,0.028953,0.232996,0.01704,0.09878
2508,0.333908,0.047044,0.157548,0.021808,0.107508
2509,0.392262,0.025143,0.249031,0.017662,0.100426
2510,0.311337,0.026112,0.170168,0.020995,0.094062
2511,0.365768,0.022603,0.23419,0.017296,0.091679
2512,0.294736,0.021729,0.154011,0.021462,0.097534
2513,0.387735,0.022218,0.24549,0.017812,0.102215
2514,0.311531,0.021552,0.169648,0.024144,0.096187
2515,0.382282,0.025325,0.231282,0.016791,0.108884
2516,0.312372,0.023881,0.154432,0.02208,0.111979
2517,0.380189,0.025662,0.247795,0.017766,0.088966
2518,0.329075,0.026234,0.171834,0.021723,0.109284
2519,0.373416,0.028266,0.230206,0.016881,0.098063
2520,0.30115,0.023917,0.154455,0.021743,0.101035
2521,0.390452,0.030307,0.24855,0.016836,0.094759
2522,0.320463,0.022873,0.170685,0.022124,0.104781
2523,0.364242,0.022036,0.230667,0.017149,0.09439
2524,0.288037,0.022796,0.154018,0.021136,0.090087
2525,0.382074,0.022694,0.246823,0.017229,0.095328
2526,0.30714,0.022569,0.16839,0.021106,0.095075
2527,0.403376,0.021872,0.23098,0.046586,0.103938
2528,0.305514,0.02654,0.16765,0.021386,0.089938
2529,0.386787,0.023684,0.24634,0.017155,0.099608
2530,0.317703,0.036652,0.170505,0.021442,0.089104
2531,0.3624,0.021785,0.232532,0.016866,0.091217
2532,0.313236,0.031096,0.154592,0.02087,0.106678
2533,0.394118,0.024317,0.25838,0.01737,0.094051
2534,0.309238,0.022023,0.170077,0.021158,0.09598
2535,0.366995,0.021977,0.233211,0.016956,0.094851
2536,0.29693,0.02186,0.154104,0.02093,0.100036
2537,0.380842,0.022442,0.24836,0.01701,0.09303
2538,0.338824,0.023228,0.172805,0.039322,0.103469
2539,0.372172,0.024495,0.23171,0.024321,0.091646
2540,0.292637,0.0218,0.153762,0.02098,0.096095
2541,0.39406,0.023058,0.249645,0.017628,0.103729
2542,0.31215,0.022595,0.170902,0.02175,0.096903
2543,0.380136,0.049813,0.23633,0.016847,0.077146
2544,0.321283,0.049206,0.154817,0.021617,0.095643
2545,0.390338,0.048829,0.245293,0.017079,0.079137
2546,0.307592,0.022801,0.169508,0.021588,0.093695
2547,0.371336,0.024093,0.231126,0.016745,0.099372
2548,0.322033,0.067323,0.155705,0.021342,0.077663
2549,0.401032,0.04731,0.255176,0.017307,0.081239
2550,0.313475,0.024042,0.17181,0.021922,0.095701
2551,0.391462,0.030031,0.238204,0.017085,0.106142
2552,0.305021,0.051492,0.153792,0.02103,0.078707
2553,0.418222,0.063342,0.262807,0.017656,0.074417
2554,0.32175,0.045508,0.171545,0.021458,0.083239
2555,0.377812,0.046439,0.230766,0.017073,0.083534
2556,0.317618,0.057271,0.160864,0.022362,0.077121
2557,0.382771,0.021948,0.249633,0.017631,0.093559
2558,0.31763,0.022817,0.170056,0.021295,0.103462
2559,0.402184,0.048713,0.23193,0.01742,0.104121
2560,0.310037,0.023159,0.155206,0.021348,0.110324
2561,0.410948,0.057736,0.248435,0.016783,0.087994
2562,0.342796,0.049296,0.170628,0.031488,0.091384
2563,0.377035,0.047379,0.231702,0.016632,0.081322
2564,0.306005,0.047775,0.156372,0.021703,0.080155
2565,0.384626,0.021385,0.248113,0.017406,0.097722
2566,0.319152,0.028963,0.170149,0.020934,0.099106
2567,0.371994,0.021672,0.231658,0.0168,0.101864
2568,0.311414,0.026432,0.155275,0.021822,0.107885
2569,0.378333,0.024123,0.247354,0.017392,0.089464
2570,0.314533,0.029763,0.16882,0.021368,0.094582
2571,0.381669,0.044074,0.232652,0.017082,0.087861
2572,0.303858,0.048675,0.154552,0.021438,0.079193
2573,0.427836,0.053835,0.247646,0.019536,0.106819
2574,0.304518,0.024276,0.169798,0.021432,0.089012
2575,0.398235,0.062287,0.234656,0.016897,0.084395
2576,0.301252,0.047117,0.155145,0.021283,0.077707
2577,0.41182,0.049061,0.247447,0.016772,0.09854
2578,0.310808,0.021496,0.172921,0.021134,0.095257
2579,0.407976,0.066504,0.246411,0.018469,0.076592
2580,0.30566,0.03243,0.154303,0.020987,0.09794
2581,0.422808,0.051499,0.25724,0.01746,0.096609
2582,0.317542,0.02619,0.1732,0.02148,0.096672
2583,0.374915,0.022712,0.232238,0.016913,0.103052
2584,0.30294,0.022622,0.155133,0.028567,0.096618
2585,0.397013,0.028413,0.24665,0.017098,0.104852
2586,0.328218,0.02892,0.17174,0.021168,0.10639
2587,0.362624,0.024298,0.230016,0.017635,0.090675
2588,0.299091,0.022812,0.153107,0.0212,0.101972
2589,0.380004,0.021383,0.249491,0.01702,0.09211
2590,0.327362,0.022608,0.175628,0.021266,0.10786
2591,0.378268,0.024316,0.229584,0.01757,0.106798
2592,0.293161,0.025772,0.155911,0.02134,0.090138
2593,0.378704,0.02183,0.246492,0.017289,0.093093
2594,0.307837,0.022607,0.171436,0.021354,0.09244
2595,0.369905,0.022111,0.230783,0.01704,0.099971
2596,0.29735,0.021709,0.154558,0.021578,0.099505
2597,0.379079,0.021994,0.248942,0.017471,0.090672
2598,0.34567,0.022372,0.170364,0.021462,0.131472
2599,0.366155,0.022451,0.234564,0.01691,0.09223
2600,0.304718,0.02168,0.154782,0.021283,0.106973
2601,0.39208,0.022244,0.248583,0.017188,0.104065
2602,0.304118,0.021695,0.17005,0.021218,0.091155
2603,0.37356,0.025377,0.230327,0.016872,0.100984
2604,0.302724,0.02881,0.154715,0.021215,0.097984
2605,0.375762,0.022876,0.24652,0.016987,0.089379
2606,0.317507,0.02601,0.172378,0.022397,0.096722
2607,0.366191,0.025968,0.231766,0.017676,0.090781
2608,0.294674,0.0222,0.154881,0.021612,0.095981
2609,0.389575,0.022667,0.249716,0.022154,0.095038
2610,0.309349,0.025515,0.17122,0.021646,0.090968
2611,0.372563,0.021955,0.230885,0.017206,0.102517
2612,0.286515,0.022405,0.153684,0.021,0.089426
2613,0.378845,0.02198,0.245937,0.016876,0.094052
2614,0.334366,0.025909,0.169918,0.021374,0.117165
2615,0.36676,0.023722,0.232714,0.017187,0.093137
2616,0.294303,0.023235,0.156895,0.021268,0.092905
2617,0.395218,0.024613,0.24613,0.016633,0.107842
2618,0.318223,0.023835,0.169606,0.02123,0.103552
2619,0.372998,0.028104,0.229972,0.017175,0.097747
2620,0.294944,0.022232,0.154713,0.021193,0.096806
2621,0.399445,0.028935,0.247838,0.017177,0.105495
2622,0.31882,0.03362,0.170713,0.021035,0.093452
2623,0.425856,0.028196,0.23421,0.017005,0.146445
2624,0.308544,0.023382,0.154898,0.021468,0.108796
2625,0.408935,0.044025,0.255272,0.016736,0.092902
2626,0.332313,0.042955,0.173066,0.020853,0.095439
2627,0.381366,0.042618,0.232896,0.016792,0.08906
2628,0.308446,0.051099,0.154554,0.021383,0.08141
2629,0.403962,0.045425,0.264668,0.017638,0.076231
2630,0.3235,0.043221,0.170084,0.021366,0.088829
2631,0.420668,0.024804,0.230981,0.031225,0.133658
2632,0.321126,0.021068,0.154782,0.0215,0.123776
2633,0.403597,0.046469,0.24672,0.017131,0.093277
2634,0.305943,0.021477,0.169706,0.02159,0.09317
2635,0.38918,0.056512,0.235591,0.016896,0.080181
2636,0.307668,0.048812,0.154338,0.022143,0.082375
2637,0.39154,0.049279,0.251866,0.016853,0.073542
2638,0.322286,0.047997,0.173486,0.022558,0.078245
2639,0.363204,0.021039,0.231966,0.017851,0.092348
2640,0.309086,0.022647,0.173687,0.021448,0.091304
2641,0.377514,0.02168,0.247085,0.017704,0.091045
2642,0.334252,0.029358,0.169496,0.030252,0.105146
2643,0.38269,0.050326,0.231994,0.016874,0.083496
2644,0.31227,0.048141,0.153684,0.021387,0.089058
2645,0.38547,0.047166,0.246552,0.017068,0.074684
2646,0.329127,0.048801,0.169041,0.021025,0.09026
2647,0.380898,0.023906,0.23284,0.017937,0.106215
2648,0.316016,0.044524,0.154343,0.02121,0.095939
2649,0.388748,0.043547,0.248395,0.016984,0.079822
2650,0.32759,0.02439,0.170505,0.021005,0.11169
2651,0.374112,0.048638,0.23371,0.016652,0.075112
2652,0.305454,0.048909,0.155538,0.021946,0.079061
2653,0.397911,0.047854,0.248685,0.016636,0.084736
2654,0.338224,0.047868,0.16934,0.02901,0.092006
2655,0.380592,0.023595,0.231442,0.0177,0.107855
2656,0.301908,0.02915,0.155575,0.021082,0.096101
2657,0.404091,0.049366,0.247958,0.017498,0.089269
2658,0.329686,0.024662,0.16874,0.029754,0.10653
2659,0.391126,0.04443,0.237202,0.017482,0.092012
2660,0.306578,0.045257,0.154358,0.021125,0.085838
2661,0.388692,0.044894,0.2473,0.016878,0.07962
2662,0.330198,0.054419,0.171008,0.022894,0.081877
2663,0.381448,0.023544,0.229897,0.016974,0.111033
2664,0.322067,0.029207,0.154346,0.033263,0.105251
2665,0.39758,0.049414,0.24677,0.017292,0.084104
2666,0.303544,0.021802,0.169586,0.021294,0.090862
2667,0.371706,0.023676,0.231587,0.016924,0.099519
2668,0.300577,0.030071,0.155732,0.020762,0.094012
2669,0.404362,0.023901,0.24676,0.016953,0.116748
2670,0.306026,0.021074,0.171243,0.021405,0.092304
2671,0.359396,0.02464,0.229798,0.017043,0.087915
2672,0.303178,0.02522,0.15491,0.021493,0.101555
2673,0.386553,0.029926,0.247308,0.016901,0.092418
2674,0.316698,0.024829,0.169412,0.021491,0.100966
2675,0.368776,0.025118,0.232196,0.01724,0.094222
2676,0.303088,0.024036,0.153675,0.021213,0.104164
2677,0.385306,0.029583,0.245139,0.017435,0.093149
2678,0.31791,0.025903,0.168684,0.021862,0.101461
2679,0.36863,0.024506,0.233034,0.022999,0.088091
2680,0.293517,0.021764,0.155623,0.021752,0.094378
2681,0.389743,0.025703,0.248733,0.01743,0.097877
2682,0.304984,0.026085,0.169913,0.021484,0.087502
2683,0.383056,0.025667,0.231106,0.017299,0.108984
2684,0.301398,0.029777,0.154039,0.02078,0.096802
2685,0.37636,0.022694,0.246635,0.017038,0.089993
2686,0.304194,0.021428,0.170226,0.02113,0.09141
2687,0.384106,0.023976,0.232252,0.017096,0.110782
2688,0.308687,0.027996,0.15443,0.0212,0.105061
2689,0.387953,0.024906,0.247958,0.017028,0.098061
2690,0.306936,0.02722,0.169484,0.021834,0.088398
2691,0.371766,0.024187,0.230936,0.017159,0.099484
2692,0.300793,0.02598,0.15549,0.021348,0.097975
2693,0.38391,0.024615,0.245996,0.016919,0.09638
2694,0.302876,0.022771,0.16921,0.021328,0.089567
2695,0.371212,0.024389,0.230126,0.016903,0.099794
2696,0.292718,0.025594,0.153955,0.021268,0.091901
2697,0.376773,0.021949,0.246435,0.017554,0.090835
2698,0.308074,0.02328,0.170416,0.021586,0.092792
2699,0.36251,0.022359,0.230706,0.016853,0.092592
2700,0.306848,0.029126,0.154393,0.020789,0.10254
2701,0.391206,0.023791,0.247425,0.016677,0.103313
2702,0.316263,0.027965,0.168978,0.021458,0.097862
2703,0.361818,0.026947,0.232616,0.017052,0.085203
2704,0.308776,0.029749,0.154114,0.021493,0.10342
2705,0.400785,0.022671,0.255966,0.017403,0.104745
2706,0.318372,0.028665,0.170464,0.021232,0.098011
2707,0.360787,0.023352,0.230374,0.016964,0.090097
2708,0.288145,0.020806,0.153671,0.02116,0.092508
2709,0.396437,0.043544,0.245835,0.01711,0.089948
2710,0.3061,0.024144,0.16927,0.021336,0.09135
2711,0.360778,0.022677,0.231877,0.016829,0.089395
2712,0.290316,0.023225,0.15567,0.021008,0.090413
2713,0.405178,0.048314,0.25665,0.017162,0.083052
2714,0.318588,0.023694,0.173008,0.027462,0.094424
2715,0.380206,0.047879,0.236398,0.016994,0.078935
2716,0.318711,0.058628,0.157392,0.02252,0.080171
2717,0.390003,0.047142,0.248023,0.016987,0.077851
2718,0.328448,0.048058,0.169438,0.02119,0.089762
2719,0.379712,0.025958,0.229476,0.016928,0.10735
2720,0.29921,0.03052,0.154028,0.020759,0.093903
2721,0.396141,0.054777,0.250185,0.017442,0.073737
2722,0.337454,0.023314,0.171903,0.036902,0.105335
2723,0.44399,0.047505,0.230518,0.030381,0.135586
2724,0.324755,0.046987,0.15418,0.03033,0.093258
2725,0.399773,0.047228,0.246257,0.01828,0.088008
2726,0.360802,0.049131,0.171836,0.031986,0.107849
2727,0.390608,0.055128,0.232146,0.017129,0.086205
2728,0.312863,0.048992,0.156518,0.021375,0.085978
2729,0.389354,0.0465,0.24729,0.01841,0.077154
2730,0.395159,0.023572,0.17774,0.022446,0.171401
2731,0.374332,0.024806,0.241973,0.017565,0.089988
2732,0.302588,0.048787,0.155648,0.021334,0.076819
2733,0.400882,0.048012,0.262022,0.017066,0.073782
2734,0.306157,0.034484,0.17018,0.0219,0.079593
2735,0.390328,0.054601,0.23237,0.016902,0.086455
2736,0.312111,0.056408,0.152752,0.02253,0.080421
2737,0.404214,0.047716,0.246666,0.017652,0.09218
2738,0.304342,0.023025,0.169556,0.02176,0.090001
2739,0.360401,0.020929,0.228743,0.016813,0.093916
2740,0.299693,0.044454,0.154432,0.021136,0.079671
2741,0.402724,0.044653,0.257988,0.01911,0.080973
2742,0.347355,0.027634,0.170462,0.03186,0.117399
2743,0.383658,0.050107,0.231481,0.016902,0.085168
2744,0.315072,0.047319,0.153703,0.021463,0.092587
2745,0.41962,0.062354,0.247258,0.02543,0.084578
2746,0.313768,0.021578,0.169786,0.02181,0.100594
2747,0.3706,0.024159,0.231837,0.017086,0.097518
2748,0.299871,0.030237,0.154375,0.023257,0.092002
2749,0.402058,0.025512,0.24627,0.025344,0.104932
2750,0.307372,0.0236,0.170448,0.021292,0.092032
2751,0.371142,0.023987,0.231727,0.017008,0.09842
2752,0.299821,0.029999,0.154246,0.021641,0.093935
2753,0.384036,0.023803,0.246403,0.016893,0.096937
2754,0.326816,0.030964,0.17914,0.021042,0.09567
2755,0.362088,0.022504,0.22999,0.017165,0.092429
2756,0.289966,0.023196,0.154983,0.021702,0.090085
2757,0.387788,0.023708,0.246732,0.017239,0.100109
2758,0.315068,0.028196,0.170743,0.02096,0.095169
2759,0.369633,0.023963,0.230683,0.017129,0.097858
2760,0.30884,0.030577,0.153636,0.020926,0.103701
2761,0.380056,0.022018,0.246822,0.017536,0.09368
2762,0.35095,0.028582,0.170083,0.021563,0.130722
2763,0.371141,0.022966,0.229139,0.017097,0.101939
2764,0.298573,0.030347,0.154053,0.021334,0.092839
2765,0.384175,0.023779,0.24686,0.016899,0.096637
2766,0.306102,0.025406,0.169814,0.021244,0.089638
2767,0.395583,0.025724,0.231409,0.016991,0.121459
2768,0.303661,0.027452,0.15405,0.021611,0.100548
2769,0.386825,0.023811,0.2476,0.01727,0.098144
2770,0.32594,0.0285,0.169804,0.024486,0.10315
2771,0.369332,0.024361,0.232172,0.017324,0.095475
2772,0.294323,0.023783,0.15526,0.022535,0.092745
2773,0.387548,0.02876,0.246663,0.017397,0.094728
2774,0.312528,0.024222,0.168964,0.021322,0.09802
2775,0.370372,0.028219,0.229728,0.016775,0.09565
2776,0.290345,0.021264,0.154835,0.021728,0.092518
2777,0.37718,0.025335,0.247404,0.016957,0.087484
2778,0.33324,0.023471,0.16914,0.021416,0.119213
2779,0.368012,0.024945,0.23372,0.017411,0.091936
2780,0.302276,0.025155,0.155743,0.021627,0.099751
2781,0.393459,0.02819,0.248763,0.017293,0.099213
2782,0.316867,0.024386,0.17082,0.021568,0.100093
2783,0.376662,0.027794,0.230579,0.017167,0.101122
2784,0.289138,0.023185,0.153974,0.021565,0.090414
2785,0.375598,0.028374,0.246701,0.017495,0.083028
2786,0.307611,0.026037,0.169356,0.021392,0.090826
2787,0.393062,0.023773,0.25062,0.017827,0.100842
2788,0.30126,0.036582,0.15445,0.021348,0.08888
2789,0.375792,0.022147,0.246965,0.017288,0.089392
2790,0.316635,0.022163,0.1688,0.0212,0.104472
2791,0.38516,0.047904,0.239156,0.016885,0.081215
2792,0.296291,0.023078,0.15495,0.02161,0.096653
2793,0.400255,0.057856,0.248257,0.017088,0.077054
2794,0.309567,0.021952,0.169924,0.025774,0.091917
2795,0.37925,0.025779,0.23079,0.023299,0.099382
2796,0.325171,0.061594,0.159439,0.020953,0.083185
2797,0.420236,0.045293,0.25638,0.01702,0.101543
2798,0.344042,0.043829,0.169024,0.021878,0.109311
2799,0.377931,0.047449,0.231214,0.017464,0.081804
2800,0.31068,0.042923,0.154468,0.020704,0.092585
2801,0.407765,0.048262,0.25704,0.016775,0.085688
2802,0.343971,0.04738,0.17025,0.021606,0.104735
2803,0.392763,0.048112,0.240318,0.027392,0.076941
2804,0.30034,0.02499,0.154147,0.021533,0.09967
2805,0.38019,0.022136,0.246874,0.017672,0.093508
2806,0.314372,0.027858,0.169054,0.021504,0.095956
2807,0.374318,0.020984,0.23055,0.016767,0.106017
2808,0.299391,0.036378,0.155492,0.021628,0.085893
2809,0.3963,0.044259,0.247392,0.016934,0.087715
2810,0.3271,0.051342,0.173132,0.020268,0.082358
2811,0.411588,0.045084,0.232138,0.018557,0.115809
2812,0.30116,0.028245,0.155855,0.021505,0.095555
2813,0.40025,0.05593,0.25011,0.016959,0.077251
2814,0.332158,0.052425,0.171193,0.021902,0.086638
2815,0.38114,0.023676,0.232192,0.01687,0.108402
2816,0.299234,0.025896,0.15366,0.020855,0.098823
2817,0.390461,0.047676,0.246738,0.016865,0.079182
2818,0.336312,0.049572,0.169614,0.021778,0.095348
2819,0.370006,0.047046,0.231718,0.017249,0.073993
2820,0.312958,0.023578,0.161101,0.021855,0.106424
2821,0.380354,0.021875,0.251661,0.017132,0.089686
2822,0.32404,0.049099,0.174622,0.02303,0.077289
2823,0.373176,0.04753,0.233814,0.01755,0.074282
2824,0.289073,0.021158,0.155462,0.021605,0.090848
2825,0.403825,0.055603,0.254528,0.017266,0.076428
2826,0.328386,0.055671,0.169857,0.021651,0.081207
2827,0.385308,0.047928,0.230755,0.017338,0.089287
2828,0.314718,0.022156,0.154792,0.02153,0.11624
2829,0.464314,0.050382,0.259161,0.031308,0.123463
2830,0.308916,0.024106,0.170108,0.023053,0.091649
2831,0.359184,0.02516,0.230228,0.018021,0.085775
2832,0.300533,0.023828,0.154182,0.021392,0.101131
2833,0.397513,0.030537,0.247231,0.01757,0.102175
2834,0.31666,0.021272,0.168806,0.02159,0.104992
2835,0.363092,0.023848,0.230886,0.01736,0.090998
2836,0.328508,0.02387,0.180746,0.022165,0.101727
2837,0.37977,0.024605,0.245993,0.017883,0.091289
2838,0.317482,0.025907,0.169719,0.021494,0.100362
2839,0.361654,0.024558,0.228965,0.01753,0.090601
2840,0.307298,0.025716,0.153119,0.029213,0.09925
2841,0.385945,0.025023,0.24624,0.017372,0.09731
2842,0.304806,0.023144,0.168436,0.021586,0.09164
2843,0.379542,0.024196,0.230599,0.016996,0.107751
2844,0.321308,0.02905,0.165646,0.021813,0.104799
2845,0.395114,0.032303,0.248586,0.0171,0.097125
2846,0.307478,0.025898,0.169448,0.021742,0.09039
2847,0.367421,0.025733,0.230244,0.017005,0.094439
2848,0.296545,0.024598,0.154687,0.021187,0.096073
2849,0.401679,0.024422,0.247492,0.017426,0.112339
2850,0.317434,0.030084,0.170234,0.021042,0.096074
2851,0.382141,0.023762,0.231555,0.017059,0.109765
2852,0.301565,0.028065,0.154508,0.02088,0.098112
2853,0.38066,0.022776,0.249348,0.017131,0.091405
2854,0.306312,0.02306,0.169998,0.022578,0.090676
2855,0.37056,0.025087,0.229078,0.016961,0.099434
2856,0.292957,0.02618,0.154463,0.021077,0.091237
2857,0.377085,0.023116,0.2466,0.017146,0.090223
2858,0.312483,0.023487,0.168734,0.021516,0.098746
2859,0.372456,0.02823,0.230964,0.017333,0.095929
2860,0.28795,0.022181,0.154641,0.021423,0.089705
2861,0.387169,0.024454,0.246542,0.017793,0.09838
2862,0.320234,0.029012,0.170201,0.021206,0.099815
2863,0.369004,0.024406,0.230136,0.016982,0.09748
2864,0.298398,0.028622,0.154633,0.02088,0.094263
2865,0.390746,0.023625,0.246395,0.02309,0.097636
2866,0.306106,0.027231,0.169628,0.021688,0.087559
2867,0.374231,0.023267,0.230501,0.017474,0.102989
2868,0.301596,0.027912,0.154182,0.020997,0.098505
2869,0.393059,0.021803,0.262026,0.017653,0.091577
2870,0.329998,0.024296,0.170142,0.021606,0.113954
2871,0.359394,0.02425,0.2308,0.017596,0.086748
2872,0.308012,0.022484,0.155752,0.021635,0.108141
2873,0.395107,0.027813,0.247143,0.01648,0.103671
2874,0.338004,0.056978,0.17626,0.022728,0.082038
2875,0.375718,0.050049,0.236302,0.016684,0.072683
2876,0.313731,0.048467,0.155023,0.021615,0.088626
2877,0.413236,0.021713,0.248284,0.040653,0.102586
2878,0.320316,0.022271,0.172776,0.021357,0.103912
2879,0.386758,0.047785,0.233205,0.016745,0.089023
2880,0.2994,0.04844,0.153598,0.022285,0.075077
2881,0.401713,0.048238,0.246612,0.017432,0.089431
2882,0.314802,0.031666,0.169656,0.021162,0.092318
2883,0.390275,0.0564,0.24047,0.017275,0.07613
2884,0.307258,0.049313,0.159156,0.022805,0.075984
2885,0.377443,0.02339,0.248162,0.017069,0.088822
2886,0.33814,0.030851,0.169726,0.0214,0.116163
2887,0.382334,0.043535,0.230314,0.017414,0.091071
2888,0.317771,0.0443,0.162904,0.021075,0.089492
2889,0.388348,0.023705,0.253773,0.017683,0.093187
2890,0.328198,0.056999,0.17163,0.022242,0.077327
2891,0.38149,0.046796,0.231349,0.017599,0.085746
2892,0.322145,0.069302,0.155267,0.02245,0.075126
2893,0.389135,0.047492,0.25208,0.016821,0.072742
2894,0.313098,0.023281,0.172476,0.021748,0.095593
2895,0.379347,0.048665,0.230653,0.016868,0.083161
2896,0.31376,0.057282,0.152395,0.022458,0.081625
2897,0.395688,0.047406,0.257778,0.017256,0.073248
2898,0.321433,0.024289,0.17084,0.021969,0.104335
2899,0.376645,0.050669,0.233625,0.017288,0.075063
2900,0.29116,0.022498,0.155321,0.021062,0.092279
2901,0.393876,0.055953,0.246772,0.017645,0.073506
2902,0.330839,0.053631,0.171154,0.021884,0.08417
2903,0.383115,0.030935,0.231377,0.017558,0.103245
2904,0.318236,0.048528,0.161203,0.022862,0.085643
2905,0.395425,0.023993,0.248154,0.017224,0.106054
2906,0.330306,0.024564,0.170656,0.031554,0.103532
2907,0.385035,0.056301,0.233375,0.017025,0.078334
2908,0.290263,0.021887,0.154852,0.021294,0.09223
2909,0.387998,0.048662,0.24719,0.016927,0.075219
2910,0.337068,0.047494,0.182368,0.03057,0.076636
2911,0.391183,0.049429,0.244083,0.017118,0.080553
2912,0.312875,0.033547,0.155927,0.022995,0.100406
2913,0.407835,0.055396,0.247091,0.017447,0.087901
2914,0.302738,0.023574,0.169908,0.022098,0.087158
2915,0.372485,0.024179,0.231614,0.016963,0.099729
2916,0.287727,0.025857,0.154032,0.021294,0.086544
2917,0.394822,0.023419,0.246822,0.016914,0.107667
2918,0.312968,0.026206,0.17059,0.022098,0.094074
2919,0.371748,0.024937,0.23061,0.017839,0.098362
2920,0.29987,0.030485,0.155393,0.020865,0.093127
2921,0.377276,0.021805,0.246724,0.017137,0.09161
2922,0.326134,0.0238,0.170294,0.021446,0.110594
2923,0.3682,0.027896,0.228985,0.017144,0.094175
2924,0.29164,0.022668,0.154101,0.021517,0.093354
2925,0.385262,0.022088,0.246816,0.01723,0.099128
2926,0.308455,0.02264,0.170303,0.021569,0.093943
2927,0.364973,0.024893,0.231225,0.017322,0.091533
2928,0.290188,0.023024,0.153984,0.021658,0.091522
2929,0.374884,0.021927,0.24761,0.016948,0.088399
2930,0.323614,0.024732,0.169502,0.021186,0.108194
2931,0.370973,0.04216,0.23136,0.017409,0.080044
2932,0.300727,0.024703,0.154418,0.021304,0.100302
2933,0.397446,0.025553,0.24835,0.01742,0.106123
2934,0.315686,0.028331,0.16948,0.02125,0.096625
2935,0.369272,0.022721,0.230383,0.024081,0.092087
2936,0.298881,0.02462,0.154505,0.021878,0.097878
2937,0.387941,0.033848,0.246607,0.017302,0.090184
2938,0.315162,0.02362,0.169048,0.021938,0.100556
2939,0.377316,0.028246,0.22984,0.01726,0.10197
2940,0.28917,0.022192,0.154609,0.021365,0.091004
2941,0.376245,0.024667,0.247708,0.017425,0.086445
2942,0.31038,0.023006,0.171146,0.021736,0.094492
2943,0.395186,0.030869,0.232294,0.017811,0.114212
2944,0.292691,0.0254,0.15562,0.021569,0.090102
2945,0.375556,0.021866,0.247213,0.017261,0.089216
2946,0.32486,0.029856,0.17051,0.020852,0.103642
2947,0.366574,0.023829,0.229688,0.01733,0.095727
2948,0.287347,0.024498,0.153894,0.021478,0.087477
2949,0.400713,0.024924,0.247168,0.017507,0.111114
2950,0.316264,0.02806,0.169122,0.02145,0.097632
2951,0.375249,0.02464,0.231736,0.017766,0.101107
2952,0.296963,0.028654,0.155252,0.022338,0.090719
2953,0.398066,0.024549,0.248589,0.017589,0.107339
2954,0.325416,0.02871,0.169656,0.02175,0.1053
2955,0.36125,0.022522,0.231557,0.017597,0.089574
2956,0.307085,0.027983,0.154221,0.021233,0.103648
2957,0.40331,0.025926,0.248217,0.017189,0.111978
2958,0.31256,0.028328,0.169512,0.021412,0.093308
2959,0.385334,0.02262,0.257768,0.017841,0.087105
2960,0.293913,0.020463,0.155091,0.02282,0.095539
2961,0.401858,0.042371,0.246713,0.017434,0.09534
2962,0.315828,0.04243,0.169814,0.021736,0.081848
2963,0.384634,0.044471,0.243568,0.019319,0.077276
2964,0.299034,0.041879,0.157512,0.021275,0.078368
2965,0.387853,0.042125,0.247781,0.017933,0.080014
2966,0.314172,0.041701,0.173394,0.021206,0.077871
2967,0.365259,0.02424,0.230396,0.018042,0.092581
2968,0.302275,0.022745,0.154985,0.030384,0.094161
2969,0.388322,0.024579,0.246415,0.017633,0.099695
2970,0.313642,0.04097,0.168582,0.021222,0.082868
2971,0.363752,0.041891,0.22891,0.018451,0.0745
2972,0.29436,0.040331,0.1549,0.021508,0.077621
2973,0.399407,0.044747,0.246875,0.01785,0.089935
2974,0.320745,0.044412,0.169875,0.021118,0.08534
2975,0.375361,0.04527,0.230446,0.017474,0.082171
2976,0.292543,0.021726,0.155141,0.021516,0.09416
2977,0.40214,0.024592,0.251924,0.017504,0.10812
2978,0.327746,0.031847,0.169118,0.022021,0.10476
2979,0.396168,0.048343,0.231418,0.017295,0.099112
2980,0.31768,0.048275,0.160927,0.03027,0.078208
2981,0.415961,0.04886,0.258405,0.017032,0.091664
2982,0.323045,0.047053,0.175488,0.022522,0.077982
2983,0.383346,0.047384,0.231914,0.017777,0.086271
2984,0.289586,0.022159,0.155523,0.02094,0.090964
2985,0.404028,0.062824,0.247594,0.017863,0.075747
2986,0.3456,0.047484,0.183412,0.02173,0.092974
2987,0.361042,0.023062,0.230959,0.017352,0.089669
2988,0.289358,0.021397,0.154533,0.021368,0.09206
2989,0.406302,0.05252,0.244897,0.017927,0.090958
2990,0.319404,0.0449,0.169446,0.021324,0.083734
2991,0.389658,0.043699,0.232335,0.017585,0.096039
2992,0.308918,0.044672,0.154325,0.021138,0.088783
2993,0.388606,0.027833,0.247594,0.018004,0.095175
2994,0.306262,0.025033,0.17109,0.02195,0.088189
2995,0.358548,0.02151,0.230795,0.017096,0.089147
2996,0.299432,0.022843,0.153875,0.021302,0.101412
2997,0.405385,0.048401,0.26536,0.017295,0.074329
2998,0.343088,0.026595,0.170264,0.032268,0.113961
2999,0.393842,0.052007,0.23293,0.01828,0.090625
3000,0.29094,0.02206,0.156022,0.021602,0.091256
3001,0.398483,0.025037,0.246498,0.018109,0.108839
3002,0.322575,0.027583,0.169545,0.021967,0.10348
3003,0.376178,0.024443,0.230202,0.017179,0.104354
3004,0.29072,0.020706,0.154308,0.021844,0.093862
3005,0.380445,0.024532,0.245905,0.023737,0.086271
3006,0.310525,0.021773,0.169113,0.02195,0.097689
3007,0.381716,0.023653,0.23379,0.016946,0.107327
3008,0.292638,0.024589,0.15501,0.021583,0.091456
3009,0.389263,0.027029,0.247038,0.016862,0.098334
3010,0.325547,0.030035,0.170111,0.02112,0.104281
3011,0.370886,0.025254,0.22961,0.017499,0.098523
3012,0.305803,0.02822,0.15406,0.021493,0.10203
3013,0.393606,0.024533,0.24677,0.017076,0.105227
3014,0.301339,0.023944,0.169246,0.021276,0.086873
3015,0.361647,0.023112,0.232636,0.017112,0.088787
3016,0.302337,0.021995,0.15391,0.021577,0.104855
3017,0.377443,0.02466,0.247746,0.016964,0.088073
3018,0.34285,0.026009,0.172636,0.022798,0.121407
3019,0.362089,0.025008,0.231628,0.017605,0.087848
3020,0.288917,0.023465,0.154422,0.021557,0.089473
3021,0.375139,0.022191,0.246775,0.016912,0.089261
3022,0.314938,0.025431,0.168598,0.021572,0.099337
3023,0.363848,0.024494,0.2324,0.017261,0.089693
3024,0.290102,0.022983,0.15435,0.021537,0.091232
3025,0.399585,0.03102,0.246687,0.017568,0.10431
3026,0.33664,0.025867,0.168853,0.037517,0.104403
3027,0.369325,0.02557,0.231774,0.01764,0.094341
3028,0.290423,0.022181,0.153966,0.022122,0.092154
3029,0.387985,0.024546,0.248015,0.017262,0.098162
3030,0.317043,0.028272,0.169091,0.021444,0.098236
3031,0.360988,0.022173,0.231284,0.017499,0.090032
3032,0.288804,0.021884,0.154612,0.021413,0.090895
3033,0.394801,0.023927,0.247365,0.01692,0.106589
3034,0.314822,0.027078,0.169886,0.021292,0.096566
3035,0.41359,0.028631,0.242272,0.017244,0.125443
3036,0.29687,0.023682,0.153679,0.021527,0.097982
3037,0.404519,0.038769,0.246109,0.017588,0.102053
3038,0.306238,0.024738,0.168584,0.021366,0.09155
3039,0.373699,0.03233,0.232314,0.017488,0.091567
3040,0.301579,0.027718,0.156001,0.021485,0.096375
3041,0.375688,0.021711,0.246342,0.01715,0.090485
3042,0.305671,0.02571,0.17139,0.021488,0.087083
3043,0.3699,0.02422,0.231015,0.018013,0.096652
3044,0.289762,0.020568,0.154168,0.021793,0.093233
3045,0.378706,0.027048,0.249168,0.016975,0.085515
3046,0.328923,0.049148,0.178268,0.022522,0.078985
3047,0.382988,0.024342,0.232052,0.017014,0.10958
3048,0.29571,0.024978,0.155034,0.021758,0.09394
3049,0.396142,0.057049,0.246615,0.017907,0.074571
3050,0.311749,0.022033,0.17,0.025353,0.094363
3051,0.395749,0.056451,0.233333,0.024669,0.081296
3052,0.307968,0.02579,0.155244,0.021776,0.105158
3053,0.394315,0.024776,0.252949,0.017318,0.099272
3054,0.332197,0.048173,0.17506,0.022684,0.08628
3055,0.384659,0.047928,0.232866,0.017117,0.086748
3056,0.309158,0.047478,0.162442,0.022632,0.076606
3057,0.389859,0.047689,0.249475,0.017442,0.075253
3058,0.340395,0.038913,0.171565,0.027609,0.102308
3059,0.387958,0.050238,0.238181,0.018619,0.08092
3060,0.301932,0.029573,0.155895,0.02158,0.094884
3061,0.389093,0.049343,0.2477,0.017755,0.074295
3062,0.327076,0.023229,0.170251,0.02165,0.111946
3063,0.377794,0.0464,0.230926,0.016997,0.083471
3064,0.313848,0.04647,0.153828,0.021359,0.092191
3065,0.39963,0.048854,0.247289,0.016962,0.086525
3066,0.30195,0.022253,0.169164,0.021024,0.089509
3067,0.371334,0.024868,0.230314,0.016743,0.099409
3068,0.312937,0.03542,0.156237,0.031605,0.089675
3069,0.40923,0.046983,0.252912,0.017229,0.092106
3070,0.32838,0.049185,0.177296,0.022782,0.079117
3071,0.401062,0.047482,0.238926,0.016778,0.097876
3072,0.32973,0.053365,0.15951,0.02277,0.094085
3073,0.394558,0.048681,0.250296,0.017066,0.078515
3074,0.32144,0.049606,0.171705,0.022763,0.077366
3075,0.360428,0.022048,0.23127,0.017076,0.090034
3076,0.299728,0.023928,0.154348,0.02929,0.092162
3077,0.386432,0.046918,0.245964,0.017184,0.076366
3078,0.319333,0.049111,0.170697,0.022375,0.07715
3079,0.383364,0.055149,0.231392,0.017805,0.079018
3080,0.309912,0.023966,0.154504,0.02158,0.109862
3081,0.409468,0.064438,0.245696,0.017569,0.081765
3082,0.327482,0.045534,0.170148,0.02127,0.09053
3083,0.379142,0.025371,0.230618,0.017111,0.106042
3084,0.331101,0.02809,0.155139,0.022771,0.125101
3085,0.377332,0.022566,0.247267,0.017446,0.090053
3086,0.317354,0.023575,0.169686,0.021458,0.102635
3087,0.364526,0.024706,0.232198,0.017324,0.090298
3088,0.290492,0.022001,0.154997,0.021475,0.092019
3089,0.396317,0.025312,0.245767,0.017404,0.107834
3090,0.309688,0.02483,0.1697,0.021334,0.093824
3091,0.37023,0.024308,0.230115,0.018138,0.097669
3092,0.309716,0.024777,0.154843,0.02193,0.108166
3093,0.379283,0.023217,0.247136,0.01735,0.09158
3094,0.323364,0.028436,0.169666,0.02112,0.104142
3095,0.37333,0.021968,0.230022,0.017055,0.104285
3096,0.309385,0.030175,0.156437,0.029455,0.093318
3097,0.400685,0.024072,0.246288,0.016966,0.113359
3098,0.313372,0.028087,0.170562,0.021534,0.093189
3099,0.370808,0.024033,0.230608,0.017113,0.099054
3100,0.3097,0.030066,0.163364,0.021088,0.095182
3101,0.403808,0.025372,0.258381,0.017419,0.102636
3102,0.315615,0.03105,0.169675,0.021436,0.093454
3103,0.37085,0.025096,0.229881,0.017053,0.09882
3104,0.297976,0.029116,0.155652,0.021564,0.091644
3105,0.373678,0.022428,0.246436,0.017326,0.087488
3106,0.31707,0.024174,0.169762,0.021728,0.101406
3107,0.378768,0.02847,0.2316,0.017019,0.101679
3108,0.300711,0.024011,0.154654,0.021669,0.100377
3109,0.378525,0.024454,0.248243,0.017829,0.087999
3110,0.30625,0.022357,0.170181,0.0216,0.092112
3111,0.35993,0.022136,0.231574,0.017211,0.089009
3112,0.298076,0.024042,0.154263,0.021285,0.098486
3113,0.374892,0.024425,0.246293,0.017313,0.086861
3114,0.313468,0.023663,0.169074,0.021134,0.099597
3115,0.372895,0.025114,0.231052,0.017232,0.099497
3116,0.290292,0.022001,0.154614,0.021027,0.09265
3117,0.396568,0.022206,0.247235,0.016898,0.110229
3118,0.313328,0.022364,0.172902,0.021228,0.096834
3119,0.361364,0.022059,0.229528,0.017279,0.092498
3120,0.289976,0.022674,0.154015,0.021256,0.092031
3121,0.379387,0.02197,0.246248,0.023049,0.08812
3122,0.305917,0.022468,0.173788,0.021117,0.088544
3123,0.359024,0.022407,0.23027,0.017116,0.089231
3124,0.299224,0.02804,0.153904,0.0211,0.09618
3125,0.375403,0.02256,0.246466,0.017512,0.088865
3126,0.321118,0.021238,0.173472,0.02134,0.105068
3127,0.373423,0.02423,0.232306,0.017175,0.099712
3128,0.29063,0.026124,0.154334,0.020964,0.089208
3129,0.397405,0.048716,0.248915,0.017156,0.082618
3130,0.321438,0.03129,0.170165,0.02091,0.099073
3131,0.390074,0.056029,0.232431,0.016918,0.084696
3132,0.311704,0.04915,0.154562,0.022737,0.085255
3133,0.386605,0.048491,0.246847,0.017341,0.073926
3134,0.319656,0.025457,0.170818,0.021603,0.101778
3135,0.384096,0.033018,0.247374,0.017161,0.086543
3136,0.312831,0.059059,0.154235,0.02139,0.078147
3137,0.401663,0.056623,0.247693,0.016879,0.080468
3138,0.323851,0.0472,0.169665,0.021459,0.085527
3139,0.37719,0.049724,0.236662,0.016718,0.074086
3140,0.301596,0.049054,0.15419,0.022932,0.07542
3141,0.394511,0.047138,0.251091,0.01727,0.079012
3142,0.326774,0.023143,0.171094,0.021268,0.111269
3143,0.36626,0.02267,0.230664,0.017499,0.095427
3144,0.29791,0.023487,0.154947,0.021568,0.097908
3145,0.401572,0.046468,0.247273,0.017197,0.090634
3146,0.333569,0.057373,0.172629,0.022926,0.080641
3147,0.388475,0.054927,0.24334,0.01702,0.073188
3148,0.309617,0.050854,0.154631,0.021723,0.082409
3149,0.388498,0.048006,0.25071,0.016919,0.072863
3150,0.33166,0.050034,0.17655,0.022233,0.082843
3151,0.382718,0.02424,0.241066,0.017485,0.099927
3152,0.291966,0.027076,0.154672,0.021508,0.08871
3153,0.405662,0.047963,0.24751,0.017645,0.092544
3154,0.306575,0.021879,0.169705,0.02092,0.094071
3155,0.375038,0.047821,0.231616,0.017075,0.078526
3156,0.302292,0.043865,0.153814,0.020852,0.083761
3157,0.395566,0.043671,0.247935,0.017194,0.086766
3158,0.321483,0.045321,0.170867,0.020717,0.084578
3159,0.412566,0.031084,0.25437,0.032426,0.094686
3160,0.314658,0.050525,0.154866,0.02183,0.087437
3161,0.388495,0.02732,0.247133,0.016824,0.097218
3162,0.328433,0.044829,0.169019,0.0212,0.093385
3163,0.371288,0.04596,0.231067,0.017068,0.077193
3164,0.319022,0.047511,0.164624,0.02137,0.085517
3165,0.412679,0.049332,0.265287,0.016688,0.081372
3166,0.329654,0.047529,0.174984,0.03043,0.076711
3167,0.37392,0.024229,0.232111,0.017774,0.099806
3168,0.293066,0.022532,0.155234,0.022236,0.093064
3169,0.395304,0.023821,0.24682,0.017742,0.106921
3170,0.307968,0.02499,0.170253,0.021348,0.091377
3171,0.370733,0.024517,0.230703,0.017036,0.098477
3172,0.311556,0.027868,0.15618,0.021334,0.106174
3173,0.372792,0.021666,0.247048,0.016893,0.087185
3174,0.306582,0.025335,0.170205,0.021174,0.089868
3175,0.379407,0.023843,0.230976,0.01769,0.106898
3176,0.290076,0.025582,0.154328,0.021506,0.08866
3177,0.376681,0.021183,0.247023,0.017268,0.091207
3178,0.309401,0.023627,0.169868,0.021655,0.094251
3179,0.356569,0.022302,0.229486,0.017192,0.087589
3180,0.290657,0.02174,0.153534,0.02121,0.094173
3181,0.400531,0.023754,0.24763,0.017025,0.112122
3182,0.324291,0.028455,0.169837,0.021444,0.104555
3183,0.378392,0.02339,0.231425,0.01721,0.106367
3184,0.302964,0.028598,0.155255,0.020864,0.098247
3185,0.389637,0.028649,0.247943,0.017177,0.095868
3186,0.321895,0.02788,0.170063,0.021048,0.102904
3187,0.358726,0.023651,0.229454,0.017043,0.088578
3188,0.297038,0.021366,0.154392,0.021368,0.099912
3189,0.385089,0.024219,0.24684,0.017483,0.096547
3190,0.315426,0.03044,0.169963,0.02113,0.093893
3191,0.384091,0.023654,0.229712,0.023015,0.10771
3192,0.300162,0.026319,0.155079,0.021918,0.096846
3193,0.40271,0.028012,0.247716,0.017836,0.109146
3194,0.30753,0.024332,0.171149,0.020955,0.091094
3195,0.359307,0.021795,0.231153,0.01714,0.089219
3196,0.286726,0.023038,0.15325,0.021188,0.08925
3197,0.373154,0.02164,0.247268,0.017009,0.087237
3198,0.303801,0.022675,0.170163,0.0212,0.089763
3199,0.372747,0.021449,0.232874,0.017094,0.10133
3200,0.29187,0.022516,0.154616,0.021132,0.093606
3201,0.380032,0.02241,0.24838,0.017044,0.092198
3202,0.309226,0.022572,0.170383,0.02173,0.094541
3203,0.359094,0.022086,0.230125,0.016948,0.089935
3204,0.301928,0.024194,0.154658,0.021236,0.10184
3205,0.395802,0.028526,0.247823,0.017404,0.102049
3206,0.31398,0.022201,0.180047,0.02116,0.090572
3207,0.377022,0.025084,0.229888,0.017167,0.104883
3208,0.297581,0.027646,0.152922,0.021356,0.095657
3209,0.377535,0.023054,0.247366,0.018067,0.089048
3210,0.313518,0.023689,0.168977,0.021658,0.099194
3211,0.419412,0.028105,0.279718,0.017511,0.094078
3212,0.31649,0.047747,0.154246,0.021528,0.092969
3213,0.403618,0.057507,0.24907,0.01764,0.079401
3214,0.327666,0.048996,0.170135,0.021615,0.08692
3215,0.373693,0.0236,0.231105,0.017651,0.101337
3216,0.309784,0.029005,0.155646,0.021358,0.103775
3217,0.392844,0.021855,0.24773,0.017427,0.105832
3218,0.323994,0.049971,0.170875,0.022797,0.080351
3219,0.378956,0.048304,0.232055,0.017288,0.081309
3220,0.310104,0.04664,0.154172,0.021308,0.087984
3221,0.385674,0.023928,0.247879,0.016919,0.096948
3222,0.326827,0.044358,0.169245,0.020773,0.092451
3223,0.361934,0.024667,0.23291,0.01729,0.087067
3224,0.303175,0.024494,0.154752,0.02185,0.102079
3225,0.396948,0.02808,0.253036,0.017721,0.098111
3226,0.327425,0.022722,0.170418,0.033168,0.101117
3227,0.38774,0.047993,0.23517,0.01664,0.087937
3228,0.309706,0.049516,0.155346,0.020886,0.083958
3229,0.402628,0.059094,0.24832,0.01687,0.078344
3230,0.325423,0.049751,0.176385,0.022597,0.07669
3231,0.373812,0.047521,0.23325,0.017243,0.075798
3232,0.291162,0.028426,0.153974,0.021142,0.08762
3233,0.378154,0.024722,0.248492,0.017882,0.087058
3234,0.321898,0.02441,0.16961,0.025705,0.102173
3235,0.406602,0.045942,0.23204,0.016828,0.111792
3236,0.322448,0.049352,0.163982,0.029042,0.080072
3237,0.416285,0.048813,0.256164,0.016787,0.094521
3238,0.316698,0.047319,0.170123,0.021308,0.077948
3239,0.383096,0.049007,0.230312,0.016724,0.087053
3240,0.30048,0.04638,0.156192,0.022864,0.075044
3241,0.397676,0.050679,0.252776,0.017361,0.07686
3242,0.327691,0.022349,0.17131,0.021581,0.112451
3243,0.374795,0.046787,0.231341,0.017201,0.079466
3244,0.287634,0.021025,0.153816,0.02136,0.091433
3245,0.395568,0.050695,0.25238,0.017421,0.075072
3246,0.324597,0.033202,0.171101,0.021719,0.098575
3247,0.390208,0.055188,0.229447,0.017234,0.088339
3248,0.30609,0.050067,0.158982,0.022396,0.074645
3249,0.404631,0.047143,0.248111,0.017353,0.092024
3250,0.339073,0.02417,0.171935,0.03222,0.110748
3251,0.376138,0.046068,0.232592,0.017457,0.080021
3252,0.288705,0.025418,0.154096,0.021315,0.087876
3253,0.3786,0.021817,0.246912,0.01737,0.092501
3254,0.318484,0.023544,0.169841,0.021253,0.103846
3255,0.371031,0.023823,0.23072,0.017352,0.099136
3256,0.289099,0.025484,0.15461,0.021214,0.087791
3257,0.374088,0.022546,0.246108,0.017472,0.087962
3258,0.314115,0.021843,0.170387,0.022147,0.099738
3259,0.373328,0.023274,0.242991,0.017445,0.089618
3260,0.303078,0.024314,0.153944,0.021585,0.103235
3261,0.393738,0.02819,0.248937,0.024585,0.092026
3262,0.322975,0.021722,0.169395,0.021263,0.110595
3263,0.374576,0.025212,0.23386,0.017201,0.098303
3264,0.290241,0.024522,0.15403,0.021202,0.090487
3265,0.375092,0.022724,0.246428,0.017202,0.088738
3266,0.30311,0.022623,0.168253,0.020938,0.091296
3267,0.375556,0.02932,0.232703,0.017544,0.095989
3268,0.289219,0.022022,0.15435,0.021644,0.091203
3269,0.397765,0.042392,0.24616,0.017461,0.091752
3270,0.316588,0.024138,0.169937,0.021345,0.101168
3271,0.372888,0.027937,0.231118,0.017195,0.096638
3272,0.32557,0.025157,0.155668,0.021168,0.123577
3273,0.383398,0.02476,0.248098,0.017477,0.093063
3274,0.318755,0.024123,0.16901,0.021006,0.104616
3275,0.40222,0.02845,0.24398,0.01739,0.1124
3276,0.304414,0.023314,0.154074,0.021166,0.10586
3277,0.383982,0.02152,0.24887,0.016858,0.096734
3278,0.312593,0.02558,0.169515,0.021888,0.09561
3279,0.372109,0.025227,0.230704,0.017005,0.099173
3280,0.305224,0.02844,0.158015,0.02096,0.097809
3281,0.390466,0.022021,0.24704,0.017121,0.104284
3282,0.323251,0.025542,0.168862,0.023876,0.104971
3283,0.375836,0.025124,0.234642,0.018193,0.097877
3284,0.29599,0.022966,0.155118,0.021418,0.096488
3285,0.38974,0.023691,0.248512,0.017001,0.100536
3286,0.312106,0.0262,0.170438,0.0212,0.094268
3287,0.367313,0.022239,0.234977,0.017297,0.0928
3288,0.303952,0.021754,0.15458,0.020798,0.10682
3289,0.3821,0.024516,0.247411,0.018436,0.091737
3290,0.331817,0.023314,0.171858,0.02127,0.115375
3291,0.38144,0.030583,0.231814,0.017997,0.101046
3292,0.31428,0.03112,0.15433,0.021542,0.107288
3293,0.38911,0.020616,0.24707,0.017279,0.104145
3294,0.318749,0.024415,0.169722,0.020912,0.1037
3295,0.385485,0.051669,0.231894,0.016755,0.085167
3296,0.302362,0.047816,0.154376,0.021146,0.079024
3297,0.403424,0.049663,0.251292,0.017332,0.085137
3298,0.338788,0.030595,0.17058,0.03164,0.105973
3299,0.410061,0.055749,0.242186,0.029423,0.082703
3300,0.319168,0.023965,0.159696,0.021488,0.114019
3301,0.444612,0.045156,0.247524,0.031089,0.120843
3302,0.308767,0.024405,0.170518,0.021003,0.092841
3303,0.378951,0.048205,0.230718,0.017414,0.082614
3304,0.320106,0.04776,0.155498,0.022197,0.094651
3305,0.412575,0.047359,0.257841,0.017301,0.090074
3306,0.343908,0.0317,0.168827,0.038787,0.104594
3307,0.403336,0.045232,0.233194,0.030047,0.094863
3308,0.302457,0.036941,0.153997,0.020939,0.09058
3309,0.40425,0.04747,0.247888,0.017926,0.090966
3310,0.339743,0.037901,0.169662,0.02139,0.11079
3311,0.37567,0.045314,0.232288,0.016858,0.08121
3312,0.30359,0.047753,0.15424,0.021077,0.08052
3313,0.39464,0.046915,0.246703,0.017736,0.083286
3314,0.314683,0.025093,0.171861,0.022032,0.095697
3315,0.383199,0.04787,0.235458,0.018261,0.08161
3316,0.324798,0.024834,0.16565,0.033572,0.100742
3317,0.401578,0.047794,0.247859,0.017166,0.088759
3318,0.31985,0.030326,0.169708,0.021528,0.098288
3319,0.397604,0.056837,0.239144,0.016935,0.084688
3320,0.305378,0.048395,0.154967,0.02169,0.080326
3321,0.405996,0.048299,0.250401,0.017177,0.090119
3322,0.308675,0.022395,0.169906,0.021995,0.094379
3323,0.405969,0.047707,0.24918,0.01806,0.091022
3324,0.293938,0.022641,0.154613,0.021133,0.095551
3325,0.401238,0.047905,0.247377,0.017411,0.088545
3326,0.310603,0.022028,0.16943,0.022408,0.096737
3327,0.403347,0.045534,0.234627,0.01658,0.106606
3328,0.327016,0.047549,0.155284,0.022218,0.101965
3329,0.414489,0.04889,0.254682,0.01647,0.094447
3330,0.327552,0.04734,0.179169,0.022943,0.0781
3331,0.419184,0.048444,0.231191,0.027308,0.112241
3332,0.29732,0.033169,0.155048,0.021656,0.087447
3333,0.391339,0.045661,0.246758,0.017039,0.081881
3334,0.330303,0.047717,0.169789,0.020923,0.091874
3335,0.365299,0.0229,0.232656,0.017028,0.092715
3336,0.294488,0.022316,0.15399,0.021676,0.096506
3337,0.380428,0.024752,0.247047,0.017237,0.091392
3338,0.309305,0.022494,0.170567,0.021677,0.094567
3339,0.38352,0.023971,0.23089,0.017065,0.111594
3340,0.307014,0.025076,0.156358,0.021909,0.103671
3341,0.37939,0.022069,0.247309,0.017233,0.092779
3342,0.319381,0.030802,0.17186,0.021416,0.095303
3343,0.362874,0.021471,0.229666,0.016954,0.094783
3344,0.294008,0.035456,0.154354,0.020856,0.083342
3345,0.392446,0.021354,0.249355,0.016854,0.104883
3346,0.313795,0.022959,0.171278,0.021866,0.097692
3347,0.362996,0.023459,0.229764,0.017082,0.092691
3348,0.292914,0.021771,0.155448,0.021522,0.094173
3349,0.394608,0.029472,0.248248,0.017349,0.099539
3350,0.310718,0.022596,0.168925,0.021375,0.097822
3351,0.36414,0.022212,0.232528,0.01715,0.09225
3352,0.303153,0.02571,0.156744,0.027784,0.092915
3353,0.388475,0.022524,0.247094,0.017921,0.100936
3354,0.307695,0.023825,0.169577,0.021463,0.09283
3355,0.377176,0.024312,0.234528,0.017457,0.100879
3356,0.324726,0.027857,0.154134,0.021566,0.121169
3357,0.40531,0.025705,0.248238,0.017564,0.113803
3358,0.309508,0.027665,0.169478,0.021195,0.09117
3359,0.377706,0.02448,0.232195,0.017175,0.103856
3360,0.290366,0.024728,0.154054,0.021034,0.09055
3361,0.376145,0.022425,0.24701,0.017087,0.089623
3362,0.330145,0.025756,0.17353,0.021358,0.109501
3363,0.386832,0.02794,0.230058,0.017227,0.111607
3364,0.302465,0.022157,0.154678,0.020784,0.104846
3365,0.385048,0.026636,0.249698,0.017254,0.09146
3366,0.327971,0.024938,0.16993,0.021735,0.111368
3367,0.364366,0.025146,0.232552,0.017179,0.089489
3368,0.292018,0.023394,0.154583,0.021528,0.092513
3369,0.38104,0.021898,0.247375,0.017123,0.094644
3370,0.31627,0.023629,0.16945,0.021481,0.10171
3371,0.37717,0.0257,0.229406,0.032798,0.089266
3372,0.309372,0.022335,0.157459,0.03262,0.096958
3373,0.423432,0.021895,0.248261,0.01818,0.135096
3374,0.328623,0.025367,0.16872,0.021312,0.113224
3375,0.367496,0.026933,0.233564,0.017437,0.089562
3376,0.320284,0.024877,0.154132,0.02148,0.119795
3377,0.41371,0.043368,0.253127,0.021768,0.095447
3378,0.333153,0.048576,0.170088,0.021071,0.093418
3379,0.371893,0.023389,0.234496,0.016941,0.097067
3380,0.315378,0.047036,0.155196,0.021166,0.09198
3381,0.416132,0.021536,0.26973,0.018205,0.106661
3382,0.337215,0.033833,0.169226,0.021552,0.112604
3383,0.386583,0.047544,0.230867,0.01683,0.091342
3384,0.310804,0.048615,0.154832,0.021152,0.086205
3385,0.403788,0.048759,0.246878,0.017129,0.091022
3386,0.331311,0.023212,0.16889,0.02131,0.117899
3387,0.374728,0.045337,0.233514,0.016787,0.07909
3388,0.314302,0.047262,0.154877,0.021829,0.090334
3389,0.394925,0.022425,0.250726,0.017792,0.103982
3390,0.324072,0.024043,0.169824,0.026785,0.10342
3391,0.396622,0.043305,0.232104,0.01724,0.103973
3392,0.301451,0.034886,0.155617,0.020828,0.09012
3393,0.412723,0.048776,0.257613,0.016468,0.089866
3394,0.318548,0.04878,0.169696,0.021684,0.078388
3395,0.375469,0.04729,0.229982,0.01692,0.081277
3396,0.313396,0.048609,0.161843,0.022524,0.08042
3397,0.398332,0.047046,0.25164,0.017896,0.08175
3398,0.344652,0.058532,0.178623,0.022616,0.084881
3399,0.38804,0.0234,0.232054,0.017141,0.115445
3400,0.309048,0.02625,0.154703,0.021327,0.106768
3401,0.402707,0.02381,0.250263,0.016935,0.111699
3402,0.308133,0.0256,0.171487,0.021326,0.08972
3403,0.387794,0.054811,0.234422,0.016857,0.081704
3404,0.306064,0.050833,0.154549,0.021344,0.079338
3405,0.408942,0.048233,0.247885,0.01739,0.095434
3406,0.324064,0.022711,0.171817,0.032146,0.09739
3407,0.379078,0.055178,0.233312,0.017179,0.073409
3408,0.304263,0.023834,0.155994,0.02176,0.102675
3409,0.40196,0.055089,0.246935,0.017288,0.082648
3410,0.32193,0.022271,0.169206,0.021156,0.109297
3411,0.397934,0.053187,0.242267,0.018767,0.083713
3412,0.327548,0.051291,0.169502,0.020815,0.08594
3413,0.384539,0.024513,0.2484,0.017756,0.09387
3414,0.312514,0.021582,0.169418,0.021522,0.099992
3415,0.37189,0.021433,0.23158,0.016882,0.101995
3416,0.2963,0.02108,0.155572,0.021477,0.098171
3417,0.400161,0.029778,0.24735,0.017182,0.105851
3418,0.318032,0.022283,0.168744,0.021328,0.105677
3419,0.363609,0.023036,0.23155,0.017071,0.091952
3420,0.306048,0.021356,0.155129,0.021233,0.10833
3421,0.416105,0.02316,0.24719,0.017784,0.127971
3422,0.327388,0.028802,0.16986,0.029014,0.099712
3423,0.39184,0.025418,0.230748,0.017195,0.118479
3424,0.294363,0.025802,0.154976,0.021145,0.09244
3425,0.38177,0.022494,0.247087,0.017137,0.095052
3426,0.311465,0.022788,0.17188,0.021322,0.095475
3427,0.366984,0.021851,0.229996,0.017376,0.097761
3428,0.302248,0.023892,0.155146,0.021324,0.101886
3429,0.395455,0.027848,0.250202,0.017019,0.100386
3430,0.34327,0.02442,0.171507,0.021828,0.125515
3431,0.36384,0.02507,0.231688,0.017136,0.089946
3432,0.291738,0.022647,0.153896,0.021464,0.093731
3433,0.39226,0.027929,0.24637,0.017586,0.100375
3434,0.326806,0.029595,0.169746,0.02086,0.106605
3435,0.363476,0.021963,0.230108,0.017067,0.094338
3436,0.316564,0.023585,0.15733,0.021472,0.114177
3437,0.388943,0.023451,0.247565,0.017296,0.100631
3438,0.330648,0.024699,0.17133,0.02158,0.113039
3439,0.377622,0.027972,0.232237,0.017182,0.100231
3440,0.298785,0.022016,0.155697,0.021921,0.099151
3441,0.379405,0.024355,0.247727,0.017092,0.090231
3442,0.316332,0.022359,0.170154,0.021458,0.102361
3443,0.368007,0.023109,0.23236,0.01682,0.095718
3444,0.310641,0.022079,0.15489,0.021062,0.11261
3445,0.391901,0.025516,0.24794,0.016865,0.10158
3446,0.320874,0.02846,0.17196,0.021528,0.098926
3447,0.401063,0.025741,0.231168,0.024377,0.119777
3448,0.305688,0.030237,0.154543,0.021218,0.09969
3449,0.388328,0.024341,0.246132,0.017164,0.100691
3450,0.311702,0.026296,0.170082,0.02117,0.094154
3451,0.381956,0.023706,0.230481,0.016991,0.110778
3452,0.304623,0.027958,0.154807,0.021195,0.100663
3453,0.381483,0.021833,0.249278,0.017029,0.093343
3454,0.333377,0.02326,0.170343,0.0214,0.118374
3455,0.39477,0.02856,0.23157,0.017061,0.117579
3456,0.307092,0.029637,0.15929,0.021428,0.096737
3457,0.400185,0.023485,0.247568,0.017178,0.111954
3458,0.335337,0.02884,0.171524,0.03113,0.103843
3459,0.377242,0.047039,0.22999,0.016561,0.083652
3460,0.3057,0.051279,0.153883,0.021112,0.079426
3461,0.394581,0.048095,0.24682,0.017053,0.082613
3462,0.325826,0.022533,0.169612,0.041764,0.091917
3463,0.387926,0.025195,0.233538,0.016725,0.112468
3464,0.314286,0.046029,0.154748,0.020982,0.092527
3465,0.393688,0.043441,0.246227,0.016873,0.087147
3466,0.325032,0.051321,0.169534,0.021216,0.082961
3467,0.377307,0.044302,0.229713,0.016676,0.086616
3468,0.344195,0.048108,0.154368,0.021293,0.120426
3469,0.407528,0.049193,0.246766,0.017091,0.094478
3470,0.327028,0.022627,0.17188,0.03779,0.094731
3471,0.381799,0.025116,0.22991,0.01697,0.109803
3472,0.297025,0.024465,0.154772,0.021362,0.096426
3473,0.430308,0.059105,0.248082,0.016654,0.106467
3474,0.325144,0.049276,0.170626,0.021624,0.083618
3475,0.400066,0.063304,0.247326,0.016616,0.07282
3476,0.318663,0.05191,0.156797,0.022412,0.087544
3477,0.409992,0.048403,0.257181,0.016839,0.087569
3478,0.351988,0.047667,0.18794,0.021876,0.094505
3479,0.384736,0.0246,0.23251,0.017246,0.11038
3480,0.29362,0.024456,0.15491,0.021335,0.092919
3481,0.438269,0.024974,0.256927,0.0263,0.130068
3482,0.379996,0.031734,0.17012,0.02129,0.156852
3483,0.387326,0.048161,0.233509,0.01697,0.088686
3484,0.318039,0.055231,0.159998,0.022344,0.080466
3485,0.410833,0.05625,0.253896,0.0168,0.083887
3486,0.354856,0.056297,0.191551,0.02231,0.084698
3487,0.368859,0.022385,0.232788,0.017702,0.095984
3488,0.29011,0.021268,0.155054,0.022385,0.091403
3489,0.405834,0.047869,0.248546,0.017103,0.092316
3490,0.308405,0.022179,0.168997,0.021162,0.096067
3491,0.391526,0.056539,0.231973,0.016641,0.086373
3492,0.325348,0.047514,0.170528,0.030236,0.07707
3493,0.420228,0.048741,0.255058,0.017016,0.099413
3494,0.323036,0.047134,0.17078,0.022006,0.083116
3495,0.373871,0.02208,0.230138,0.017283,0.10437
3496,0.29207,0.02031,0.156311,0.021462,0.093987
3497,0.391718,0.028096,0.246964,0.017198,0.09946
3498,0.317093,0.022422,0.169988,0.021413,0.10327
3499,0.3631,0.022058,0.23017,0.017052,0.09382
3500,0.29583,0.022788,0.156295,0.02157,0.095177
3501,0.387868,0.024034,0.247826,0.016853,0.099155
3502,0.325738,0.025698,0.170162,0.021384,0.108494
3503,0.367826,0.022667,0.231599,0.017106,0.096454
3504,0.305973,0.022438,0.154185,0.021313,0.108037
3505,0.38688,0.024549,0.246456,0.01726,0.098615
3506,0.331698,0.031368,0.172106,0.021712,0.106512
3507,0.375088,0.023734,0.230763,0.01699,0.103601
3508,0.297149,0.027143,0.154146,0.021822,0.094038
3509,0.38844,0.023569,0.24627,0.016912,0.101689
3510,0.342516,0.027863,0.170995,0.02128,0.122378
3511,0.378346,0.025029,0.232721,0.016677,0.103919
3512,0.306054,0.035165,0.153978,0.021993,0.094918
3513,0.391088,0.023623,0.250116,0.016993,0.100356
3514,0.334184,0.028396,0.17013,0.020762,0.114896
3515,0.377048,0.024967,0.23288,0.01793,0.101271
3516,0.293841,0.024833,0.155898,0.021297,0.091813
3517,0.384248,0.021971,0.247132,0.021832,0.093313
3518,0.315996,0.022218,0.170664,0.021548,0.101566
3519,0.39555,0.023019,0.236746,0.017996,0.117789
3520,0.293786,0.021824,0.154858,0.021357,0.095747
3521,0.389908,0.02306,0.247945,0.016969,0.101934
3522,0.316642,0.021192,0.169122,0.021596,0.104732
3523,0.365014,0.02588,0.23322,0.01727,0.088644
3524,0.292095,0.021707,0.153435,0.021293,0.09566
3525,0.389564,0.021676,0.246533,0.017218,0.104137
3526,0.306387,0.022571,0.170804,0.021298,0.091714
3527,0.370095,0.021229,0.23277,0.017503,0.098593
3528,0.33125,0.024234,0.154433,0.021267,0.131316
3529,0.400518,0.033829,0.247242,0.017214,0.102233
3530,0.329775,0.02537,0.171872,0.020971,0.111562
3531,0.372566,0.0284,0.230642,0.017001,0.096523
3532,0.290905,0.023176,0.154648,0.021265,0.091816
3533,0.390118,0.021494,0.247206,0.016952,0.104466
3534,0.308784,0.025406,0.170252,0.021385,0.091741
3535,0.393637,0.02194,0.246752,0.017451,0.107494
3536,0.293683,0.02502,0.154793,0.021002,0.092868
3537,0.395204,0.024326,0.247166,0.01776,0.105952
3538,0.315944,0.024554,0.170644,0.024228,0.096518
3539,0.39725,0.050055,0.237839,0.016672,0.092684
3540,0.31989,0.048868,0.155655,0.021625,0.093742
3541,0.39015,0.02258,0.257664,0.016487,0.093419
3542,0.318038,0.047603,0.170912,0.021278,0.078245
3543,0.403352,0.049412,0.234116,0.017094,0.10273
3544,0.302773,0.023008,0.161475,0.022008,0.096282
3545,0.41251,0.047419,0.25571,0.016936,0.092445
3546,0.326464,0.047459,0.169948,0.021654,0.087403
3547,0.387482,0.049853,0.232128,0.016651,0.08885
3548,0.306392,0.047877,0.154965,0.022645,0.080905
3549,0.3899,0.048496,0.2475,0.017217,0.076687
3550,0.331102,0.024222,0.171172,0.03272,0.102988
3551,0.376257,0.043664,0.231833,0.017203,0.083557
3552,0.321025,0.032598,0.15586,0.02133,0.111237
3553,0.390428,0.024233,0.247972,0.016773,0.10145
3554,0.328667,0.046284,0.169633,0.021293,0.091457
3555,0.395063,0.04875,0.234723,0.017355,0.094235
3556,0.322704,0.04766,0.155219,0.021684,0.098141
3557,0.40969,0.04864,0.255296,0.016757,0.088997
3558,0.329124,0.048596,0.169413,0.02135,0.089765
3559,0.373811,0.046679,0.231272,0.017211,0.078649
3560,0.327526,0.024425,0.164472,0.03171,0.106919
3561,0.400524,0.044311,0.248083,0.016849,0.091281
3562,0.334867,0.028929,0.170908,0.036837,0.098193
3563,0.386713,0.047484,0.232722,0.021948,0.084559
3564,0.30538,0.048091,0.15499,0.020967,0.081332
3565,0.400584,0.047184,0.249846,0.017175,0.086379
3566,0.344932,0.034047,0.170429,0.031278,0.109178
3567,0.414456,0.051503,0.236862,0.018217,0.107874
3568,0.324454,0.030208,0.154944,0.034124,0.105178
3569,0.391074,0.048309,0.247374,0.017562,0.077829
3570,0.320266,0.02367,0.174096,0.021714,0.100786
3571,0.371307,0.048736,0.230796,0.016756,0.075019
3572,0.31833,0.045764,0.155607,0.02303,0.093929
3573,0.390582,0.046749,0.247913,0.017,0.07892
3574,0.333948,0.049201,0.169894,0.021007,0.093846
3575,0.378759,0.049299,0.231891,0.017267,0.080302
3576,0.296548,0.028294,0.155202,0.021762,0.09129
3577,0.412108,0.04436,0.24939,0.017014,0.101344
3578,0.308432,0.024436,0.16946,0.021079,0.093457
3579,0.369884,0.024613,0.230978,0.017162,0.097131
3580,0.28895,0.021677,0.153984,0.021576,0.091713
3581,0.379938,0.022128,0.24781,0.017055,0.092945
3582,0.310083,0.02189,0.169647,0.022028,0.096518
3583,0.394175,0.024846,0.23297,0.017168,0.119191
3584,0.349472,0.030682,0.158052,0.021302,0.139436
3585,0.39607,0.025603,0.246996,0.017375,0.106096
3586,0.325375,0.028848,0.169668,0.021463,0.105396
3587,0.381054,0.023564,0.230444,0.01728,0.109766
3588,0.313156,0.030269,0.15405,0.021128,0.107709
3589,0.392306,0.023118,0.24798,0.017248,0.10396
3590,0.306883,0.021206,0.169402,0.021427,0.094848
3591,0.36556,0.022231,0.232645,0.017035,0.093649
3592,0.332683,0.022445,0.15572,0.021805,0.132713
3593,0.39034,0.023846,0.246848,0.01729,0.102356
3594,0.32067,0.029607,0.173255,0.020952,0.096856
3595,0.381937,0.03093,0.230308,0.017058,0.103641
3596,0.301118,0.029834,0.154414,0.021418,0.095452
3597,0.38661,0.021925,0.246864,0.01688,0.100941
3598,0.30738,0.022619,0.169722,0.02113,0.093909
3599,0.361265,0.022033,0.22919,0.016866,0.093176
3600,0.316066,0.033941,0.15437,0.02256,0.105195
3601,0.406086,0.028272,0.253374,0.017288,0.107152
3602,0.30914,0.022675,0.170495,0.021625,0.094345
3603,0.37624,0.024119,0.23133,0.016881,0.10391
3604,0.3104,0.028074,0.154372,0.020918,0.107036
3605,0.394263,0.023307,0.24727,0.017238,0.106448
3606,0.328948,0.03004,0.169665,0.02092,0.108323
3607,0.364028,0.022415,0.232632,0.016932,0.092049
3608,0.324553,0.024112,0.157144,0.04002,0.103277
3609,0.389304,0.024796,0.250036,0.017171,0.097301
3610,0.307767,0.023102,0.170007,0.021193,0.093465
3611,0.364684,0.022651,0.232541,0.017031,0.092461
3612,0.292832,0.022016,0.154472,0.02132,0.095024
3613,0.393554,0.023726,0.245725,0.017047,0.107056
3614,0.305955,0.024505,0.16887,0.02099,0.09159
3615,0.37276,0.023971,0.230097,0.016945,0.101747
3616,0.293774,0.025774,0.153968,0.021288,0.092744
3617,0.418076,0.028003,0.247048,0.017173,0.125852
3618,0.330048,0.029922,0.171378,0.032141,0.096607
3619,0.386738,0.024567,0.230323,0.017213,0.114635
3620,0.294027,0.024444,0.156052,0.022214,0.091317
3621,0.384188,0.021574,0.251386,0.016725,0.094503
3622,0.33313,0.044073,0.171058,0.020927,0.097072
3623,0.393958,0.051356,0.237446,0.017974,0.087182
3624,0.314011,0.047889,0.154746,0.020786,0.09059
3625,0.413577,0.066311,0.249425,0.017757,0.080084
3626,0.329103,0.027067,0.170099,0.02135,0.110587
3627,0.360383,0.024474,0.229906,0.017077,0.088926
3628,0.291364,0.022349,0.154416,0.021706,0.092893
3629,0.391455,0.021019,0.246765,0.016528,0.107143
3630,0.335083,0.04393,0.17644,0.021147,0.093566
3631,0.38911,0.050961,0.23192,0.016505,0.089724
3632,0.308924,0.051081,0.15487,0.021421,0.081552
3633,0.408301,0.052246,0.251276,0.029023,0.075756
3634,0.321515,0.043223,0.170612,0.021155,0.086525
3635,0.377486,0.028262,0.230929,0.017284,0.101011
3636,0.32051,0.02668,0.154524,0.021334,0.117972
3637,0.39223,0.028081,0.2477,0.017626,0.098823
3638,0.3164,0.022265,0.170061,0.020978,0.103096
3639,0.392444,0.023716,0.23313,0.016836,0.118762
3640,0.626508,0.051246,0.162783,0.020882,0.391597
3641,0.384878,0.024203,0.250044,0.017737,0.092894
3642,0.339285,0.060752,0.178952,0.023175,0.076406
3643,0.384012,0.047951,0.24509,0.016841,0.07413
3644,0.321926,0.048268,0.156271,0.021988,0.095399
3645,0.414261,0.049234,0.267415,0.016798,0.080814
3646,0.321929,0.050955,0.171688,0.022481,0.076805
3647,0.390342,0.047305,0.235818,0.01682,0.090399
3648,0.323477,0.053476,0.158334,0.022226,0.089441
3649,0.384213,0.022193,0.251679,0.01701,0.093331
3650,0.334814,0.02859,0.169397,0.032734,0.104093
3651,0.389482,0.056496,0.231151,0.016635,0.0852
3652,0.312533,0.050665,0.154411,0.021695,0.085762
3653,0.412923,0.047554,0.249653,0.017386,0.09833
3654,0.313424,0.021472,0.169112,0.021848,0.100992
3655,0.390718,0.035642,0.23195,0.016742,0.106384
3656,0.320225,0.043802,0.15701,0.021189,0.098224
3657,0.384682,0.025482,0.248216,0.017216,0.093768
3658,0.330164,0.048644,0.169966,0.021638,0.089916
3659,0.379336,0.048562,0.230562,0.016624,0.083588
3660,0.312209,0.047904,0.153823,0.022406,0.088076
3661,0.458337,0.024118,0.248646,0.016913,0.16866
3662,0.346423,0.021938,0.175813,0.02128,0.127392
3663,0.39548,0.046382,0.235941,0.018399,0.094758
3664,0.32269,0.0278,0.156158,0.02143,0.117302
3665,0.390566,0.025285,0.245086,0.018044,0.102151
3666,0.329207,0.021832,0.168377,0.021514,0.117484
3667,0.378583,0.02678,0.22914,0.01791,0.104753
3668,0.292744,0.020885,0.152064,0.021098,0.098697
3669,0.38098,0.02502,0.244984,0.017728,0.093248
3670,0.329092,0.021942,0.170805,0.021164,0.115181
3671,0.36846,0.02466,0.231224,0.017673,0.094903
3672,0.314748,0.02102,0.169056,0.021461,0.103211
3673,0.387876,0.023673,0.246909,0.017796,0.099498
3674,0.325659,0.02056,0.168335,0.02142,0.115344
3675,0.36914,0.021777,0.229403,0.017406,0.100554
3676,0.294593,0.021944,0.152562,0.021158,0.098929
3677,0.405222,0.026328,0.249408,0.01722,0.112266
3678,0.317285,0.023635,0.168298,0.028804,0.096548
3679,0.384669,0.02204,0.22992,0.017189,0.11552
3680,0.330849,0.033112,0.159813,0.022023,0.115901
3681,0.393968,0.02649,0.245776,0.017456,0.104246
3682,0.326088,0.02842,0.168678,0.02099,0.108
3683,0.374109,0.020952,0.228814,0.01758,0.106763
3684,0.311932,0.024679,0.152857,0.021064,0.113332
3685,0.391795,0.02867,0.245792,0.01715,0.100183
3686,0.329611,0.022176,0.177146,0.021238,0.109051
3687,0.382558,0.024411,0.233833,0.017127,0.107187
3688,0.312618,0.025865,0.155267,0.020678,0.110808
3689,0.396917,0.021712,0.24584,0.017658,0.111707
3690,0.326964,0.028544,0.170729,0.02082,0.106871
3691,0.364438,0.021031,0.228279,0.01727,0.097858
3692,0.294247,0.02441,0.152295,0.021127,0.096415
3693,0.388978,0.021008,0.24525,0.017167,0.105553
3694,0.311945,0.024848,0.167986,0.021082,0.098029
3695,0.389052,0.026023,0.229713,0.01782,0.115496
3696,0.31085,0.024986,0.153318,0.021128,0.111418
3697,0.407033,0.026964,0.247398,0.017089,0.115582
3698,0.316036,0.02366,0.167169,0.021156,0.104051
3699,0.365799,0.021428,0.229278,0.017448,0.097645
3700,0.303324,0.021967,0.152669,0.020947,0.107741
3701,0.383711,0.022375,0.245325,0.017243,0.098768
3702,0.319108,0.028798,0.167708,0.0211,0.101502
3703,0.387842,0.021137,0.232751,0.023123,0.110831
3704,0.32352,0.029465,0.154609,0.020884,0.118562
3705,0.384569,0.022363,0.243948,0.017266,0.100992
3706,0.335743,0.029482,0.170198,0.031344,0.104719
3707,0.382122,0.051724,0.228508,0.017235,0.084655
3708,0.306722,0.0248,0.15288,0.021062,0.10798
3709,0.405544,0.034098,0.245175,0.01726,0.109011
3710,0.322477,0.022355,0.170674,0.02098,0.108468
3711,0.389808,0.045168,0.232922,0.017526,0.094192
3712,0.315466,0.065723,0.152918,0.021502,0.075323
3713,0.417609,0.061233,0.260524,0.018015,0.077837
3714,0.3388,0.043954,0.168794,0.020379,0.105673
3715,0.389503,0.045863,0.230236,0.017572,0.095832
3716,0.308433,0.034634,0.154068,0.020637,0.099094
3717,0.386484,0.023025,0.248581,0.018275,0.096603
3718,0.325311,0.02885,0.169168,0.020645,0.106648
3719,0.388374,0.049432,0.230522,0.01799,0.09043
3720,0.308249,0.022158,0.153913,0.021301,0.110877
3721,0.395082,0.051644,0.247443,0.01697,0.079025
3722,0.328442,0.062532,0.168204,0.021169,0.076537
3723,0.384129,0.049148,0.238008,0.017447,0.079526
3724,0.313865,0.022288,0.152772,0.021642,0.117163
3725,0.391766,0.022423,0.246616,0.017391,0.105336
3726,0.310386,0.021584,0.167542,0.021315,0.099945
3727,0.367871,0.023828,0.229402,0.017907,0.096734
3728,0.329048,0.049637,0.156312,0.021206,0.101893
3729,0.45783,0.048109,0.246192,0.030993,0.132536
3730,0.35068,0.048148,0.167571,0.021215,0.113746
3731,0.401117,0.048351,0.233335,0.01781,0.101621
3732,0.309348,0.02478,0.15344,0.021089,0.110039
3733,0.395947,0.029559,0.245809,0.017362,0.103217
3734,0.337882,0.05005,0.168546,0.020486,0.0988
3735,0.386796,0.022846,0.243683,0.017113,0.103154
3736,0.323527,0.044817,0.153359,0.02064,0.104711
3737,0.417743,0.044162,0.246297,0.017913,0.109371
3738,0.336493,0.042649,0.171453,0.02079,0.101601
3739,0.394558,0.043794,0.229291,0.017461,0.104012
3740,0.313826,0.028363,0.152249,0.02107,0.112144
3741,0.409893,0.03044,0.246356,0.016814,0.116283
3742,0.315377,0.024586,0.169712,0.021574,0.099505
3743,0.377153,0.0253,0.228974,0.017643,0.105236
3744,0.305657,0.031297,0.152344,0.020953,0.101063
3745,0.388523,0.022239,0.248314,0.017323,0.100647
3746,0.325049,0.03048,0.168237,0.020804,0.105528
3747,0.384142,0.022367,0.229516,0.017636,0.114623
3748,0.30232,0.020869,0.153003,0.02822,0.100228
3749,0.39276,0.02539,0.2461,0.017642,0.103628
3750,0.327593,0.026557,0.167865,0.021492,0.111679
3751,0.371662,0.032164,0.230281,0.017419,0.091798
3752,0.30226,0.020976,0.154572,0.021375,0.105337
3753,0.384348,0.028634,0.24582,0.017257,0.092637
3754,0.322491,0.02086,0.167591,0.021458,0.112582
3755,0.36518,0.024724,0.229112,0.017311,0.094033
3756,0.311238,0.024716,0.152753,0.021167,0.112602
3757,0.391823,0.028377,0.245592,0.017408,0.100446
3758,0.308798,0.022252,0.168039,0.021484,0.097023
3759,0.384415,0.02531,0.233358,0.017274,0.108473
3760,0.300136,0.02585,0.155268,0.021413,0.097605
3761,0.396117,0.02993,0.2452,0.016906,0.104081
3762,0.328084,0.02922,0.171623,0.021024,0.106217
3763,0.372616,0.021999,0.22819,0.017141,0.105286
3764,0.310466,0.021537,0.153201,0.02142,0.114308
3765,0.395195,0.020884,0.246122,0.017399,0.11079
3766,0.329709,0.028286,0.168864,0.020987,0.111572
3767,0.366655,0.026957,0.229959,0.017567,0.092172
3768,0.295943,0.02373,0.152738,0.021689,0.097786
3769,0.404176,0.026284,0.248029,0.017012,0.112851
3770,0.327686,0.028345,0.167607,0.02094,0.110794
3771,0.364291,0.022367,0.228138,0.017124,0.096662
3772,0.307275,0.02704,0.15345,0.021021,0.105764
3773,0.391888,0.020999,0.245271,0.023266,0.102352
3774,0.329537,0.024282,0.171998,0.021495,0.111762
3775,0.375355,0.022936,0.232686,0.017366,0.102367
3776,0.299636,0.025967,0.15591,0.02282,0.094939
3777,0.381196,0.021071,0.24527,0.017063,0.097792
3778,0.311826,0.024766,0.168224,0.021117,0.097719
3779,0.377271,0.020585,0.228737,0.017174,0.110775
3780,0.31714,0.02927,0.152597,0.02098,0.114293
3781,0.392773,0.024483,0.245054,0.017036,0.1062
3782,0.364503,0.025012,0.222434,0.021889,0.095168
3783,0.423268,0.025933,0.267891,0.017847,0.111597
3784,0.365984,0.043231,0.192872,0.03365,0.096231
3785,0.429692,0.04479,0.284398,0.01737,0.083134
3786,0.363522,0.043255,0.213039,0.021307,0.085921
3787,0.419433,0.024246,0.269581,0.017494,0.108112
3788,0.365082,0.024455,0.192258,0.021478,0.126891
3789,0.40404,0.045444,0.247124,0.017593,0.093879
3790,0.326442,0.02523,0.16884,0.021233,0.111139
3791,0.374604,0.047892,0.230146,0.016616,0.07995
3792,0.299703,0.049394,0.152274,0.021264,0.076771
3793,0.393717,0.049902,0.244745,0.017548,0.081522
3794,0.32988,0.022105,0.168364,0.024137,0.115274
3795,0.373383,0.022269,0.230151,0.017061,0.103902
3796,0.330222,0.028432,0.155659,0.032402,0.113729
3797,0.412586,0.047261,0.256646,0.017939,0.09074
3798,0.335671,0.065098,0.169341,0.021845,0.079387
3799,0.377421,0.049037,0.227911,0.01709,0.083383
3800,0.315662,0.048488,0.155467,0.021144,0.090563
3801,0.393813,0.049852,0.245511,0.017232,0.081218
3802,0.334473,0.024483,0.168604,0.021161,0.120225
3803,0.371778,0.024433,0.229955,0.017621,0.099769
3804,0.306889,0.024561,0.152742,0.021108,0.108478
3805,0.384895,0.024547,0.245799,0.017882,0.096667
3806,0.323295,0.022633,0.168137,0.021412,0.111113
3807,0.393233,0.062299,0.228889,0.017378,0.084667
3808,0.32323,0.049004,0.153616,0.021467,0.099143
3809,0.39794,0.048798,0.249618,0.017233,0.082291
3810,0.320442,0.024861,0.167706,0.020944,0.106931
3811,0.369331,0.024332,0.230284,0.017286,0.097429
3812,0.30964,0.02473,0.153188,0.021238,0.110484
3813,0.388831,0.031368,0.25103,0.017526,0.088907
3814,0.32926,0.050134,0.171987,0.02134,0.085799
3815,0.375215,0.048417,0.228866,0.016858,0.081074
3816,0.307198,0.047881,0.153506,0.020932,0.084879
3817,0.393771,0.04539,0.248411,0.016786,0.083184
3818,0.315773,0.021753,0.167398,0.025564,0.101058
3819,0.369315,0.025916,0.228687,0.023259,0.091453
3820,0.303693,0.020701,0.152491,0.020925,0.109576
3821,0.436631,0.029648,0.252244,0.017254,0.137485
3822,0.323658,0.047861,0.167643,0.022308,0.085846
3823,0.364273,0.023064,0.229516,0.017366,0.094327
3824,0.295461,0.021888,0.155244,0.020815,0.097514
3825,0.396722,0.02476,0.246864,0.017505,0.107593
3826,0.312597,0.027148,0.16728,0.021168,0.097001
3827,0.385285,0.023352,0.230915,0.017444,0.113574
3828,0.30066,0.021969,0.151716,0.021413,0.105562
3829,0.417095,0.024281,0.246598,0.017849,0.128367
3830,0.311045,0.023599,0.167187,0.021278,0.098981
3831,0.368609,0.021933,0.232173,0.016964,0.097539
3832,0.307014,0.024886,0.151643,0.021409,0.109076
3833,0.395202,0.024205,0.246155,0.017348,0.107494
3834,0.326663,0.022515,0.171509,0.021434,0.111205
3835,0.3689,0.021253,0.230011,0.017027,0.100609
3836,0.29579,0.024704,0.152702,0.02116,0.097224
3837,0.406613,0.025065,0.245921,0.017253,0.118374
3838,0.336925,0.029811,0.168826,0.020656,0.117632
3839,0.380019,0.021235,0.231712,0.017349,0.109723
3840,0.302131,0.03028,0.153137,0.020364,0.09835
3841,0.405995,0.026415,0.249009,0.017205,0.113366
3842,0.317588,0.028438,0.166974,0.021106,0.10107
3843,0.379988,0.021381,0.229542,0.017315,0.11175
3844,0.306747,0.028662,0.152319,0.020665,0.105101
3845,0.404251,0.022562,0.246416,0.018044,0.117229
3846,0.321622,0.02503,0.166775,0.021358,0.108459
3847,0.377304,0.023525,0.229798,0.017759,0.106222
3848,0.3101,0.025556,0.155889,0.02151,0.107145
3849,0.386297,0.024748,0.245727,0.017613,0.098209
3850,0.321106,0.024232,0.168892,0.021308,0.106674
3851,0.392373,0.029483,0.233886,0.017187,0.111817
3852,0.319175,0.024817,0.152021,0.02712,0.115217
3853,0.38602,0.024924,0.24693,0.018082,0.096084
3854,0.331397,0.024399,0.168434,0.02117,0.117394
3855,0.379604,0.02866,0.228627,0.017544,0.104773
3856,0.307295,0.025186,0.152495,0.02109,0.108524
3857,0.387342,0.023774,0.245946,0.017639,0.099983
3858,0.326257,0.02228,0.171108,0.021308,0.111561
3859,0.370889,0.022675,0.229195,0.017262,0.101757
3860,0.311889,0.024541,0.151789,0.02158,0.113979
3861,0.386701,0.023706,0.249655,0.017624,0.095716
3862,0.321976,0.025034,0.167149,0.021015,0.108778
3863,0.367842,0.024521,0.228732,0.017586,0.097003
3864,0.313897,0.024434,0.152176,0.028185,0.109102
3865,0.404335,0.028733,0.246178,0.017276,0.112148
3866,0.322285,0.024882,0.167281,0.020925,0.109197
3867,0.364586,0.023508,0.230388,0.017705,0.092985
3868,0.312669,0.022039,0.155907,0.021474,0.113249
3869,0.394953,0.022698,0.246093,0.017314,0.108848
3870,0.32194,0.031199,0.166444,0.020992,0.103305
3871,0.381418,0.0236,0.245266,0.017036,0.095516
3872,0.310986,0.04569,0.153652,0.02159,0.090054
3873,0.385333,0.022264,0.245634,0.017222,0.100213
3874,0.311871,0.022218,0.168787,0.021201,0.099665
3875,0.386487,0.024366,0.239381,0.017648,0.105092
3876,0.333568,0.048088,0.153434,0.021603,0.110443
3877,0.387215,0.046302,0.245902,0.017424,0.077587
3878,0.324296,0.047813,0.16995,0.021065,0.085468
3879,0.375195,0.049931,0.229719,0.016903,0.078642
3880,0.308274,0.046847,0.152987,0.021058,0.087382
3881,0.384683,0.022432,0.245136,0.017112,0.100003
3882,0.316509,0.021644,0.166666,0.020839,0.10736
3883,0.374802,0.024955,0.238853,0.017016,0.093978
3884,0.3109,0.047431,0.156974,0.021532,0.084963
3885,0.389103,0.022395,0.249274,0.017229,0.100205
3886,0.330613,0.04519,0.16741,0.020947,0.097066
3887,0.390821,0.044835,0.229925,0.017091,0.09897
3888,0.31097,0.044932,0.156659,0.021086,0.088293
3889,0.410547,0.02845,0.245668,0.023525,0.112904
3890,0.326959,0.025605,0.167272,0.025475,0.108607
3891,0.382454,0.049313,0.22996,0.017652,0.085529
3892,0.347438,0.031443,0.153301,0.020853,0.141841
3893,0.458682,0.044869,0.254978,0.030677,0.128158
3894,0.330139,0.048491,0.175601,0.021132,0.084915
3895,0.395011,0.04561,0.232133,0.018576,0.098692
3896,0.309863,0.02478,0.151541,0.022039,0.111503
3897,0.392346,0.025515,0.244745,0.017563,0.104523
3898,0.321184,0.024486,0.167415,0.021048,0.108235
3899,0.392073,0.047368,0.231564,0.017518,0.095623
3900,0.310493,0.0218,0.153708,0.021328,0.113657
3901,0.400294,0.044687,0.254281,0.01696,0.084366
3902,0.350844,0.043744,0.171185,0.020736,0.115179
3903,0.373775,0.047472,0.230519,0.017317,0.078467
3904,0.306904,0.024748,0.152681,0.020984,0.108491
3905,0.394302,0.02158,0.246413,0.017341,0.108968
3906,0.326259,0.022057,0.171363,0.021122,0.111717
3907,0.370833,0.021206,0.230045,0.017637,0.101945
3908,0.308651,0.029773,0.153384,0.021055,0.104439
3909,0.393854,0.025061,0.247886,0.017773,0.103134
3910,0.332378,0.027284,0.168713,0.020938,0.115443
3911,0.386242,0.024871,0.229441,0.017312,0.114618
3912,0.316127,0.02939,0.153192,0.020879,0.112666
3913,0.396466,0.031344,0.245576,0.01775,0.101796
3914,0.310977,0.023716,0.166835,0.021224,0.099202
3915,0.368734,0.021998,0.231053,0.017647,0.098036
3916,0.320608,0.028994,0.156269,0.02116,0.114185
3917,0.402574,0.027507,0.244597,0.017533,0.112937
3918,0.317564,0.027578,0.168021,0.020635,0.10133
3919,0.378038,0.026951,0.229894,0.017349,0.103844
3920,0.313262,0.029238,0.153274,0.020951,0.109799
3921,0.380877,0.021475,0.244624,0.01741,0.097368
3922,0.312386,0.024874,0.169007,0.020997,0.097508
3923,0.369734,0.022411,0.229074,0.017738,0.100511
3924,0.310302,0.022921,0.153429,0.021213,0.112739
3925,0.392369,0.020986,0.244302,0.01763,0.109451
3926,0.315784,0.022018,0.170429,0.02155,0.101787
3927,0.368873,0.020776,0.229728,0.017208,0.101161
3928,0.306494,0.028405,0.152454,0.02068,0.104955
3929,0.381969,0.021613,0.244369,0.01726,0.098727
3930,0.327329,0.02475,0.168844,0.02118,0.112555
3931,0.368934,0.021926,0.228303,0.017621,0.101084
3932,0.29932,0.022765,0.154328,0.021652,0.100575
3933,0.387109,0.021934,0.248725,0.01728,0.09917
3934,0.321947,0.02601,0.168272,0.0285,0.099165
3935,0.38649,0.027058,0.230243,0.017486,0.111703
3936,0.29764,0.024488,0.156533,0.02082,0.095799
3937,0.386376,0.021625,0.246602,0.017503,0.100646
3938,0.322471,0.024738,0.16795,0.020706,0.109077
3939,0.385586,0.024625,0.232795,0.018267,0.109899
3940,0.298686,0.026615,0.152706,0.022223,0.097142
3941,0.382002,0.021857,0.244507,0.018679,0.096959
3942,0.324695,0.038562,0.168243,0.020717,0.097173
3943,0.382809,0.023005,0.232712,0.017425,0.109667
3944,0.321219,0.030553,0.152493,0.021182,0.116991
3945,0.38407,0.022626,0.244427,0.017377,0.09964
3946,0.321714,0.02641,0.168975,0.020983,0.105346
3947,0.388402,0.027565,0.247763,0.017713,0.095361
3948,0.304803,0.022906,0.152358,0.021494,0.108045
3949,0.385338,0.031456,0.246057,0.017308,0.090517
3950,0.329104,0.022731,0.170966,0.021532,0.113875
3951,0.377497,0.029026,0.229587,0.017284,0.1016
3952,0.308962,0.02191,0.152684,0.021304,0.113064
3953,0.386729,0.0257,0.246925,0.017409,0.096695
3954,0.334718,0.047311,0.168324,0.021433,0.09765
3955,0.400117,0.024712,0.228902,0.017334,0.129169
3956,0.328891,0.05056,0.1527,0.020599,0.105032
3957,0.406358,0.049625,0.255279,0.017187,0.084267
3958,0.345316,0.047269,0.169015,0.021542,0.10749
3959,0.40163,0.057614,0.230324,0.0226,0.091092
3960,0.299732,0.022363,0.154533,0.020716,0.10212
3961,0.39362,0.028488,0.244585,0.016901,0.103646
3962,0.321892,0.049504,0.167984,0.020857,0.083547
3963,0.380427,0.02264,0.238192,0.016853,0.102742
3964,0.307738,0.046572,0.15337,0.021252,0.086544
3965,0.401095,0.045614,0.255062,0.017045,0.083374
3966,0.324856,0.046328,0.16817,0.021372,0.088986
3967,0.38839,0.030076,0.230833,0.017411,0.11007
3968,0.299644,0.022832,0.153673,0.02135,0.101789
3969,0.383842,0.022547,0.245821,0.016873,0.098601
3970,0.33514,0.044744,0.168888,0.02246,0.099048
3971,0.389937,0.028872,0.229272,0.017179,0.114614
3972,0.302835,0.047494,0.154778,0.021215,0.079348
3973,0.406142,0.047508,0.24883,0.0168,0.093004
3974,0.336489,0.048464,0.168925,0.02112,0.09798
3975,0.37018,0.021118,0.228321,0.017144,0.103597
3976,0.308917,0.037004,0.153534,0.020781,0.097598
3977,0.403665,0.024631,0.248195,0.017235,0.113604
3978,0.345497,0.043749,0.168854,0.021083,0.111811
3979,0.375972,0.045368,0.230289,0.016919,0.083396
3980,0.322277,0.044362,0.152399,0.021128,0.104388
3981,0.41403,0.04514,0.249102,0.017458,0.10233
3982,0.3228,0.044702,0.168229,0.021758,0.088111
3983,0.396166,0.030702,0.230278,0.017784,0.117402
3984,0.309058,0.024496,0.151866,0.021228,0.111468
3985,0.416273,0.044959,0.245156,0.017439,0.108719
3986,0.347093,0.024329,0.169381,0.02123,0.132153
3987,0.412209,0.022586,0.234997,0.031084,0.123542
3988,0.337298,0.034573,0.154187,0.02119,0.127348
3989,0.394304,0.028848,0.24484,0.017548,0.103068
3990,0.312484,0.023044,0.16895,0.0216,0.09889
3991,0.380731,0.029093,0.22966,0.017113,0.104865
3992,0.30722,0.049674,0.151992,0.021136,0.084418
3993,0.391891,0.021817,0.244816,0.017087,0.108171
3994,0.315913,0.02175,0.171308,0.021878,0.100977
3995,0.378326,0.030742,0.228547,0.01742,0.101617
3996,0.306715,0.022107,0.153123,0.021204,0.110281
3997,0.403493,0.02106,0.247232,0.017102,0.118099
3998,0.314607,0.02457,0.167818,0.021244,0.100975
3999,0.36678,0.021238,0.228839,0.016971,0.099732
4000,0.308604,0.029273,0.153573,0.020932,0.104826
4001,0.410225,0.021227,0.24962,0.017398,0.12198
4002,0.317444,0.025282,0.170956,0.021106,0.1001
4003,0.377986,0.021646,0.227613,0.01728,0.111447
4004,0.322289,0.028352,0.156342,0.030881,0.106714
4005,0.40623,0.026855,0.24436,0.017899,0.117116
4006,0.318782,0.02464,0.166986,0.021278,0.105878
4007,0.377299,0.021721,0.231745,0.017313,0.10652
4008,0.315991,0.024576,0.152109,0.021401,0.117905
4009,0.393189,0.028526,0.243676,0.017935,0.103052
4010,0.32538,0.024686,0.168619,0.02154,0.110535
4011,0.371902,0.024927,0.231023,0.01756,0.098392
4012,0.296353,0.021559,0.152626,0.020854,0.101314
4013,0.393207,0.022069,0.245687,0.017441,0.10801
4014,0.335302,0.02472,0.17131,0.021715,0.117557
4015,0.37883,0.029657,0.22976,0.017688,0.101725
4016,0.305838,0.021334,0.151858,0.02123,0.111416
4017,0.401784,0.029707,0.248941,0.017521,0.105615
4018,0.314033,0.021887,0.167959,0.021625,0.102562
4019,0.38118,0.025733,0.228782,0.017453,0.109212
4020,0.316416,0.028728,0.153389,0.021694,0.112605
4021,0.392088,0.021801,0.244935,0.016971,0.108381
4022,0.326987,0.02823,0.1691,0.022238,0.107419
4023,0.374108,0.022171,0.228903,0.017471,0.105563
4024,0.297708,0.021284,0.15537,0.021546,0.099508
4025,0.395773,0.028706,0.244924,0.01776,0.104383
4026,0.331267,0.026525,0.168044,0.021621,0.115077
4027,0.369522,0.0255,0.2306,0.01779,0.095632
4028,0.295306,0.020913,0.152869,0.021264,0.10026
4029,0.391661,0.026802,0.244509,0.02816,0.09219
4030,0.327662,0.025046,0.171245,0.02161,0.109761
4031,0.36729,0.024835,0.232444,0.017437,0.092574
4032,0.294907,0.020594,0.15278,0.02112,0.100413
4033,0.395248,0.03661,0.246449,0.017539,0.09465
4034,0.329204,0.025593,0.170417,0.021304,0.11189
4035,0.375395,0.023815,0.228448,0.017458,0.105674
4036,0.300949,0.022119,0.151902,0.021318,0.10561
4037,0.381725,0.021427,0.244794,0.017044,0.09846
4038,0.317302,0.025248,0.169953,0.021655,0.100446
4039,0.378956,0.024973,0.229636,0.017237,0.10711
4040,0.326705,0.028974,0.153485,0.032772,0.111474
4041,0.40837,0.048573,0.24846,0.017558,0.093779
4042,0.325569,0.05021,0.169118,0.021338,0.084903
4043,0.442153,0.047483,0.228838,0.032057,0.133775
4044,0.300671,0.0241,0.15674,0.020902,0.098929
4045,0.385371,0.024432,0.245069,0.017691,0.098179
4046,0.324822,0.05009,0.169007,0.021087,0.084638
4047,0.375857,0.021045,0.237829,0.017178,0.099805
4048,0.308765,0.043646,0.153182,0.020796,0.091141
4049,0.413955,0.034714,0.246598,0.017463,0.11518
4050,0.355157,0.050212,0.167769,0.02359,0.113586
4051,0.387901,0.048136,0.232096,0.017279,0.09039
4052,0.329026,0.048065,0.153327,0.02124,0.106394
4053,0.382863,0.021051,0.24477,0.017369,0.099673
4054,0.310189,0.025007,0.167988,0.020921,0.096273
4055,0.383565,0.026032,0.230117,0.017396,0.11002
4056,0.319927,0.043991,0.152963,0.020897,0.102076
4057,0.382522,0.022895,0.246647,0.017091,0.095889
4058,0.353569,0.050553,0.168657,0.021256,0.113103
4059,0.404762,0.047845,0.232219,0.016965,0.107733
4060,0.306701,0.04882,0.153963,0.02138,0.082538
4061,0.396342,0.020991,0.24709,0.017247,0.111014
4062,0.327238,0.024512,0.167108,0.021117,0.114501
4063,0.375084,0.024596,0.237925,0.017596,0.094967
4064,0.315609,0.049312,0.1534,0.022346,0.090551
4065,0.396858,0.04498,0.25488,0.017467,0.079531
4066,0.357075,0.050327,0.169213,0.033732,0.103803
4067,0.379115,0.04781,0.230662,0.016875,0.083768
4068,0.307538,0.048865,0.154225,0.021248,0.0832
4069,0.38104,0.02135,0.244534,0.017352,0.097804
4070,0.313891,0.027052,0.167585,0.021222,0.098032
4071,0.389593,0.028882,0.230436,0.01761,0.112665
4072,0.303607,0.046117,0.153095,0.021686,0.082709
4073,0.387874,0.02288,0.245061,0.017163,0.10277
4074,0.329988,0.045496,0.169014,0.025806,0.089672
4075,0.380238,0.021373,0.232159,0.023133,0.103573
4076,0.324731,0.02855,0.153202,0.028502,0.114477
4077,0.394973,0.048961,0.245944,0.017582,0.082486
4078,0.330607,0.025163,0.167232,0.021126,0.117086
4079,0.369196,0.024482,0.229842,0.017394,0.097478
4080,0.332677,0.030694,0.153771,0.021838,0.126374
4081,0.393049,0.02409,0.244606,0.017271,0.107082
4082,0.330781,0.024798,0.170035,0.021104,0.114844
4083,0.371548,0.023409,0.230249,0.017138,0.100752
4084,0.308115,0.024766,0.152983,0.021272,0.109094
4085,0.390004,0.024802,0.249197,0.017398,0.098607
4086,0.326143,0.024626,0.167831,0.021106,0.11258
4087,0.389333,0.029697,0.230506,0.017293,0.111837
4088,0.305034,0.022678,0.152406,0.021807,0.108143
4089,0.388292,0.024572,0.245618,0.017634,0.100468
4090,0.313807,0.022248,0.166879,0.021346,0.103334
4091,0.368713,0.021962,0.229741,0.017204,0.099806
4092,0.30032,0.021076,0.155554,0.021122,0.102568
4093,0.388213,0.02465,0.246434,0.01762,0.099509
4094,0.333322,0.024522,0.1682,0.021862,0.118738
4095,0.447485,0.02915,0.235042,0.01741,0.165883
4096,0.432242,0.021871,0.155864,0.021968,0.232539
4097,0.401719,0.031148,0.246838,0.01718,0.106553
4098,0.307228,0.021398,0.168047,0.021392,0.096391
4099,0.386737,0.028963,0.229891,0.017355,0.110528
4100,0.315633,0.024447,0.153095,0.021432,0.116659
4101,0.383455,0.031178,0.246232,0.01716,0.088885
4102,0.32617,0.021526,0.171275,0.021212,0.112157
4103,0.382273,0.02453,0.230487,0.017428,0.109828
4104,0.300671,0.021745,0.152238,0.0215,0.105188
4105,0.38655,0.023677,0.248427,0.017929,0.096517
4106,0.322707,0.024677,0.167787,0.021315,0.108928
4107,0.375837,0.028437,0.231047,0.01723,0.099123
4108,0.292667,0.0214,0.151966,0.02076,0.098541
4109,0.383433,0.022311,0.244892,0.017078,0.099152
4110,0.310497,0.02073,0.167765,0.02164,0.100362
4111,0.382413,0.027295,0.229326,0.017147,0.108645
4112,0.313946,0.024563,0.156474,0.021114,0.111795
4113,0.402465,0.029202,0.246218,0.017121,0.109924
4114,0.315196,0.022814,0.168343,0.021104,0.102935
4115,0.377411,0.023492,0.231167,0.01786,0.104892
4116,0.308612,0.0243,0.153003,0.020818,0.110491
4117,0.383764,0.02188,0.245469,0.017572,0.098843
4118,0.30858,0.021477,0.165946,0.021013,0.100144
4119,0.38246,0.021856,0.231998,0.01741,0.111196
4120,0.315937,0.029614,0.152539,0.028234,0.10555
4121,0.400522,0.023135,0.246553,0.01722,0.113614
4122,0.313382,0.024585,0.170642,0.02107,0.097085
4123,0.379268,0.026033,0.231416,0.016889,0.10493
4124,0.321334,0.043994,0.15293,0.020928,0.103482
4125,0.398614,0.0288,0.245676,0.016936,0.107202
4126,0.313502,0.022309,0.168818,0.021164,0.101211
4127,0.391164,0.024284,0.241027,0.017935,0.107918
4128,0.308126,0.045177,0.153794,0.021087,0.088068
4129,0.406824,0.045528,0.253581,0.017174,0.090541
4130,0.325175,0.046171,0.169756,0.021482,0.087766
4131,0.3848,0.045692,0.229784,0.017364,0.09196
4132,0.314028,0.02836,0.15629,0.02134,0.108038
4133,0.397596,0.024778,0.24529,0.016814,0.110714
4134,0.32002,0.045012,0.166119,0.021053,0.087836
4135,0.391399,0.025143,0.239245,0.017639,0.109372
4136,0.305895,0.050008,0.153096,0.021205,0.081586
4137,0.405685,0.0487,0.255762,0.017158,0.084065
4138,0.322164,0.049015,0.168878,0.021251,0.08302
4139,0.395533,0.047071,0.231242,0.017759,0.099461
4140,0.30588,0.02217,0.152084,0.021042,0.110584
4141,0.384571,0.022407,0.244679,0.016868,0.100617
4142,0.338644,0.045226,0.16724,0.020794,0.105384
4143,0.393449,0.03011,0.230022,0.01716,0.116157
4144,0.307484,0.051775,0.152431,0.021287,0.081991
4145,0.39422,0.047404,0.246755,0.022449,0.077612
4146,0.341384,0.049618,0.168028,0.022328,0.10141
4147,0.397795,0.03588,0.228742,0.017433,0.11574
4148,0.297355,0.02515,0.152615,0.020967,0.098623
4149,0.392351,0.021512,0.247162,0.016847,0.10683
4150,0.346796,0.049318,0.168406,0.02133,0.107742
4151,0.380307,0.049038,0.23015,0.01688,0.084239
4152,0.31109,0.049228,0.155095,0.022409,0.084358
4153,0.420195,0.047383,0.248539,0.017153,0.10712
4154,0.31999,0.046572,0.167609,0.021316,0.084493
4155,0.389746,0.024154,0.229235,0.017325,0.119032
4156,0.307693,0.026923,0.152112,0.021825,0.106833
4157,0.385889,0.023202,0.244108,0.016899,0.10168
4158,0.349456,0.044854,0.174713,0.021394,0.108495
4159,0.382664,0.046088,0.232274,0.018041,0.086261
4160,0.322835,0.03143,0.155794,0.021056,0.114555
4161,0.414035,0.047996,0.244867,0.017686,0.103486
4162,0.318242,0.024975,0.167791,0.021087,0.104389
4163,0.367229,0.02401,0.232091,0.017615,0.093513
4164,0.299607,0.022275,0.154035,0.02152,0.101777
4165,0.381022,0.021771,0.244441,0.017109,0.097701
4166,0.35742,0.021954,0.168881,0.02113,0.145455
4167,0.374011,0.02252,0.228226,0.017511,0.105754
4168,0.315799,0.025041,0.151999,0.021118,0.117641
4169,0.394351,0.022432,0.245726,0.017595,0.108598
4170,0.31378,0.021477,0.17079,0.021297,0.100216
4171,0.367215,0.0248,0.22866,0.01723,0.096525
4172,0.301011,0.021346,0.154044,0.021364,0.104257
4173,0.387334,0.024748,0.248744,0.017481,0.096361
4174,0.316644,0.021665,0.168099,0.021237,0.105643
4175,0.368566,0.024868,0.230055,0.017597,0.096046
4176,0.29492,0.022377,0.152536,0.02123,0.098777
4177,0.385118,0.024528,0.245713,0.017996,0.096881
4178,0.32347,0.021251,0.16867,0.021025,0.112524
4179,0.375793,0.024933,0.229842,0.01751,0.103508
4180,0.299751,0.021759,0.156352,0.021057,0.100583
4181,0.383714,0.024494,0.244768,0.018453,0.095999
4182,0.339047,0.031169,0.168265,0.022282,0.117331
4183,0.381057,0.029418,0.231456,0.017248,0.102935
4184,0.313306,0.026349,0.153955,0.02169,0.111312
4185,0.392855,0.024782,0.245626,0.017439,0.105008
4186,0.331094,0.02089,0.167954,0.021233,0.121017
4187,0.365063,0.02527,0.228453,0.017153,0.094187
4188,0.29655,0.022678,0.153411,0.021038,0.099423
4189,0.385625,0.038373,0.244943,0.0172,0.085109
4190,0.322193,0.021434,0.172243,0.028593,0.099923
4191,0.382891,0.025525,0.229245,0.017327,0.110794
4192,0.306618,0.030184,0.151884,0.021312,0.103238
4193,0.39422,0.023005,0.244352,0.017216,0.109647
4194,0.316369,0.022135,0.169034,0.02165,0.10355
4195,0.380792,0.02558,0.230424,0.017189,0.107599
4196,0.303682,0.02156,0.152029,0.020938,0.109155
4197,0.394607,0.021917,0.253691,0.017455,0.101544
4198,0.314628,0.02494,0.168191,0.021037,0.10046
4199,0.3788,0.021698,0.230102,0.017109,0.109891
4200,0.303355,0.022149,0.155736,0.021154,0.104316
4201,0.381888,0.021377,0.244469,0.016867,0.099175
4202,0.330709,0.027138,0.16862,0.020985,0.113966
4203,0.37724,0.02132,0.228112,0.017613,0.110195
4204,0.316985,0.028812,0.152717,0.020676,0.11478
4205,0.386513,0.022824,0.245081,0.017506,0.101102
4206,0.326855,0.03043,0.168429,0.021555,0.106441
4207,0.371851,0.021724,0.232692,0.017343,0.100092
4208,0.305424,0.028258,0.152843,0.020922,0.103401
4209,0.401855,0.027297,0.244312,0.016582,0.113664
4210,0.337493,0.044082,0.170249,0.020788,0.102374
4211,0.369024,0.023436,0.228026,0.017447,0.100115
4212,0.320064,0.024619,0.15238,0.021125,0.12194
4213,0.391077,0.046005,0.244466,0.017682,0.082924
4214,0.330494,0.030104,0.167486,0.02708,0.105824
4215,0.382216,0.048541,0.229294,0.02258,0.081801
4216,0.324092,0.050186,0.152145,0.020994,0.100767
4217,0.398322,0.048406,0.247742,0.017522,0.084652
4218,0.318571,0.025053,0.16707,0.021732,0.104716
4219,0.378063,0.028882,0.228342,0.017348,0.103491
4220,0.297479,0.022467,0.152648,0.021229,0.101135
4221,0.407859,0.050635,0.245176,0.017545,0.094503
4222,0.337799,0.050576,0.169652,0.021463,0.096108
4223,0.40516,0.04845,0.233843,0.016893,0.105974
4224,0.320429,0.049773,0.153837,0.021329,0.09549
4225,0.415274,0.048389,0.245419,0.017181,0.104285
4226,0.322329,0.031165,0.167668,0.02112,0.102376
4227,0.379332,0.028808,0.231374,0.017304,0.101846
4228,0.30613,0.050306,0.153718,0.020937,0.081169
4229,0.423922,0.028317,0.246558,0.016876,0.132171
4230,0.331869,0.0442,0.167407,0.020988,0.099274
4231,0.393377,0.048424,0.229587,0.016757,0.098609
4232,0.305939,0.049731,0.152824,0.021219,0.082165
4233,0.411477,0.049543,0.245545,0.01728,0.099109
4234,0.323311,0.024539,0.168007,0.021035,0.10973
4235,0.376858,0.028697,0.228849,0.016849,0.102463
4236,0.313538,0.049577,0.1523,0.020901,0.09076
4237,0.406731,0.025732,0.247757,0.016951,0.116291
4238,0.331131,0.047352,0.168119,0.021279,0.094381
4239,0.381372,0.04568,0.229349,0.017319,0.089024
4240,0.304829,0.046252,0.153542,0.020953,0.084082
4241,0.397684,0.024498,0.246658,0.017383,0.109145
4242,0.325286,0.024804,0.169183,0.021388,0.109911
4243,0.391466,0.025056,0.229554,0.016774,0.120082
4244,0.314675,0.04549,0.155636,0.021575,0.091974
4245,0.398207,0.028807,0.247648,0.017478,0.104274
4246,0.3416,0.025365,0.168039,0.031014,0.117182
4247,0.377598,0.045005,0.231414,0.01784,0.083339
4248,0.309735,0.02903,0.153502,0.021205,0.105998
4249,0.39468,0.024838,0.246289,0.017329,0.106224
4250,0.310165,0.023812,0.167933,0.021054,0.097366
4251,0.37174,0.021988,0.231277,0.017293,0.101182
4252,0.309054,0.028848,0.153173,0.021297,0.105736
4253,0.402276,0.026078,0.246144,0.017348,0.112706
4254,0.3126,0.032225,0.168251,0.021138,0.090986
4255,0.380558,0.024844,0.230447,0.017837,0.10743
4256,0.30848,0.025058,0.152011,0.021184,0.110227
4257,0.397969,0.031697,0.244983,0.01713,0.104159
4258,0.313352,0.024662,0.168781,0.021315,0.098594
4259,0.393437,0.024715,0.22828,0.017246,0.123196
4260,0.316977,0.023764,0.152393,0.029024,0.111796
4261,0.406869,0.025525,0.24857,0.017325,0.115449
4262,0.334873,0.03031,0.167252,0.021153,0.116158
4263,0.375053,0.024949,0.227859,0.017252,0.104993
4264,0.297873,0.024642,0.153001,0.020786,0.099444
4265,0.397654,0.022513,0.244621,0.017198,0.113322
4266,0.323304,0.024177,0.167807,0.021108,0.110212
4267,0.366689,0.02085,0.22937,0.017641,0.098828
4268,0.321462,0.021643,0.172142,0.02179,0.105887
4269,0.382501,0.027532,0.245511,0.017698,0.09176
4270,0.32559,0.024701,0.16914,0.021155,0.110594
4271,0.370002,0.024956,0.232382,0.017832,0.094832
4272,0.314677,0.02217,0.153321,0.020884,0.118302
4273,0.394425,0.024604,0.244773,0.01725,0.107798
4274,0.322348,0.022362,0.168562,0.02135,0.110074
4275,0.36873,0.024745,0.229503,0.017009,0.097473
4276,0.335229,0.045186,0.155324,0.021226,0.113493
4277,0.405622,0.036358,0.245097,0.017577,0.10659
4278,0.322037,0.022632,0.172436,0.021572,0.105397
4279,0.378357,0.029895,0.230586,0.016944,0.100932
4280,0.299297,0.022174,0.153487,0.021102,0.102534
4281,0.393079,0.021133,0.244978,0.017538,0.10943
4282,0.316912,0.025103,0.167689,0.020875,0.103245
4283,0.366747,0.021587,0.228795,0.017323,0.099042
4284,0.300293,0.024558,0.154017,0.021792,0.099926
4285,0.405007,0.023608,0.24826,0.023318,0.109821
4286,0.32327,0.02836,0.169988,0.020718,0.104204
4287,0.368969,0.021271,0.232048,0.017129,0.098521
4288,0.318497,0.028876,0.155466,0.021644,0.112511
4289,0.405653,0.026229,0.245041,0.017238,0.117145
4290,0.320413,0.028577,0.167191,0.021151,0.103494
4291,0.363934,0.021838,0.228739,0.017036,0.096321
4292,0.302956,0.02526,0.154411,0.02153,0.101755
4293,0.384784,0.021806,0.244859,0.017464,0.100655
4294,0.320729,0.02485,0.167449,0.02119,0.10724
4295,0.406587,0.048689,0.232415,0.01716,0.108323
4296,0.305442,0.02219,0.153105,0.0213,0.108847
4297,0.393472,0.02433,0.246023,0.017057,0.106062
4298,0.334426,0.02906,0.171445,0.031028,0.102893
4299,0.375335,0.049055,0.229215,0.017453,0.079612
4300,0.345807,0.066332,0.153412,0.021207,0.104856
4301,0.397333,0.050115,0.244952,0.016961,0.085305
4302,0.318667,0.049932,0.170237,0.021064,0.077434
4303,0.389868,0.050588,0.230597,0.017084,0.091599
4304,0.297789,0.022176,0.152602,0.02126,0.101751
4305,0.383704,0.021647,0.246216,0.01724,0.098601
4306,0.327791,0.02151,0.16848,0.034739,0.103062
4307,0.382622,0.047225,0.229917,0.017683,0.087797
4308,0.325122,0.046272,0.155505,0.02162,0.101725
4309,0.391898,0.049791,0.245371,0.017222,0.079514
4310,0.321634,0.048564,0.169504,0.021326,0.08224
4311,0.378107,0.049492,0.22944,0.017161,0.082014
4312,0.318946,0.024733,0.153627,0.021019,0.119567
4313,0.395263,0.028935,0.245742,0.017439,0.103147
4314,0.345365,0.024456,0.168052,0.021022,0.131835
4315,0.38786,0.04471,0.236783,0.017796,0.088571
4316,0.306675,0.030695,0.153166,0.020786,0.102028
4317,0.396985,0.04889,0.245743,0.016873,0.085479
4318,0.329626,0.04993,0.177296,0.022882,0.079518
4319,0.389622,0.049832,0.232769,0.017525,0.089496
4320,0.306493,0.024519,0.15201,0.021507,0.108457
4321,0.380878,0.023935,0.246154,0.017793,0.092996
4322,0.315646,0.021597,0.169029,0.021282,0.103738
4323,0.411658,0.024762,0.245481,0.017061,0.124354
4324,0.321334,0.049422,0.151624,0.02176,0.098528
4325,0.456542,0.048639,0.245416,0.030675,0.131812
4326,0.335225,0.047322,0.16871,0.021206,0.097987
4327,0.383494,0.048604,0.230665,0.018044,0.086181
4328,0.297254,0.021374,0.152558,0.021404,0.101918
4329,0.387174,0.025068,0.249249,0.017321,0.095536
4330,0.340126,0.048519,0.16808,0.024977,0.09855
4331,0.398668,0.022783,0.230721,0.028513,0.116651
4332,0.323853,0.041607,0.162722,0.02078,0.098744
4333,0.388143,0.024646,0.246132,0.018498,0.098867
4334,0.333675,0.027745,0.167753,0.02095,0.117227
4335,0.373333,0.023603,0.226867,0.017686,0.105177
4336,0.311013,0.026309,0.155642,0.021376,0.107686
4337,0.380811,0.023902,0.245045,0.018135,0.093729
4338,0.321673,0.020976,0.167973,0.021664,0.11106
4339,0.388884,0.024883,0.231795,0.017924,0.114282
4340,0.298763,0.022684,0.152859,0.021364,0.101856
4341,0.383985,0.025162,0.244245,0.017825,0.096753
4342,0.317954,0.021728,0.167443,0.021727,0.107056
4343,0.381182,0.024769,0.231691,0.017462,0.10726
4344,0.30952,0.021313,0.154586,0.021406,0.112215
4345,0.386011,0.030278,0.245708,0.017463,0.092562
4346,0.348821,0.022019,0.178003,0.021714,0.127085
4347,0.368516,0.024794,0.228467,0.01774,0.097515
4348,0.294862,0.021781,0.152569,0.021612,0.0989
4349,0.40224,0.030284,0.244714,0.01709,0.110152
4350,0.336958,0.020974,0.168901,0.02127,0.125813
4351,0.382358,0.029602,0.231914,0.017206,0.103636
4352,0.301315,0.020499,0.152739,0.021122,0.106955
4353,0.393171,0.022262,0.2456,0.017282,0.108027
4354,0.335809,0.024293,0.16888,0.021476,0.12116
4355,0.375932,0.02604,0.228182,0.017321,0.104389
4356,0.297093,0.025787,0.154501,0.021367,0.095438
4357,0.384305,0.022222,0.244496,0.017293,0.100294
4358,0.321988,0.031896,0.167489,0.021465,0.101138
4359,0.366215,0.024426,0.228649,0.017532,0.095608
4360,0.301407,0.022506,0.152816,0.02123,0.104855
4361,0.380743,0.021335,0.244538,0.017189,0.097681
4362,0.326257,0.024143,0.169569,0.020783,0.111762
4363,0.38356,0.025213,0.23231,0.017139,0.108898
4364,0.308556,0.028458,0.154184,0.020957,0.104957
4365,0.383431,0.021462,0.245032,0.017069,0.099868
4366,0.31764,0.022167,0.170996,0.021416,0.103061
4367,0.367955,0.024588,0.228495,0.017469,0.097403
4368,0.307882,0.022109,0.152431,0.021128,0.112214
4369,0.389922,0.021424,0.245311,0.017347,0.10584
4370,0.339452,0.029488,0.169515,0.021512,0.118937
4371,0.372235,0.021884,0.229173,0.017595,0.103583
4372,0.308351,0.022407,0.155653,0.02217,0.108121
4373,0.398278,0.022046,0.248162,0.017415,0.110655
4374,0.321698,0.028842,0.167627,0.020939,0.10429
4375,0.364762,0.021263,0.228395,0.017068,0.098036
4376,0.303781,0.024608,0.154676,0.027844,0.096653
4377,0.416304,0.024504,0.245912,0.022901,0.122987
4378,0.315235,0.024931,0.168592,0.02139,0.100322
4379,0.381562,0.049086,0.229871,0.016875,0.08573
4380,0.317653,0.05004,0.152947,0.02061,0.094056
4381,0.417446,0.048201,0.245245,0.017709,0.106291
4382,0.31397,0.0222,0.168237,0.021058,0.102475
4383,0.380442,0.024683,0.231333,0.017161,0.107265
4384,0.3162,0.02846,0.153857,0.021333,0.11255
4385,0.395409,0.024346,0.245338,0.01727,0.108455
4386,0.319049,0.044245,0.168626,0.02097,0.085208
4387,0.404931,0.04588,0.230294,0.017034,0.111723
4388,0.301426,0.043945,0.153525,0.020988,0.082968
4389,0.389029,0.045523,0.24497,0.017214,0.081322
4390,0.335366,0.02848,0.171435,0.020945,0.114506
4391,0.375814,0.024339,0.229004,0.016977,0.105494
4392,0.293758,0.024622,0.152104,0.020956,0.096076
4393,0.407355,0.048934,0.245078,0.017814,0.095529
4394,0.331955,0.022558,0.168664,0.026808,0.113925
4395,0.380969,0.048792,0.22848,0.016678,0.087019
4396,0.332131,0.049588,0.15329,0.02147,0.107783
4397,0.40428,0.049465,0.246637,0.017232,0.090946
4398,0.335578,0.024591,0.16791,0.021354,0.121723
4399,0.364325,0.024385,0.229155,0.017581,0.093204
4400,0.300692,0.022171,0.156129,0.021073,0.101319
4401,0.44507,0.025406,0.255906,0.022153,0.141605
4402,0.320842,0.045304,0.167387,0.021202,0.086949
4403,0.411463,0.045543,0.239216,0.017027,0.109677
4404,0.309924,0.045659,0.154018,0.021091,0.089156
4405,0.415993,0.04459,0.245544,0.016716,0.109143
4406,0.312539,0.03151,0.168699,0.02123,0.0911
4407,0.384069,0.022134,0.231965,0.016864,0.113106
4408,0.310082,0.048377,0.15217,0.021162,0.088373
4409,0.392666,0.022697,0.246602,0.017134,0.106233
4410,0.328499,0.049398,0.168119,0.021575,0.089407
4411,0.382541,0.04632,0.228478,0.017051,0.090692
4412,0.307042,0.050348,0.152752,0.02108,0.082862
4413,0.396924,0.024994,0.245575,0.017099,0.109256
4414,0.31538,0.024725,0.168755,0.021148,0.100752
4415,0.381252,0.024923,0.231494,0.016826,0.108009
4416,0.306047,0.02484,0.15213,0.02169,0.107387
4417,0.393313,0.02229,0.250496,0.01725,0.103277
4418,0.335344,0.02897,0.168183,0.02157,0.116621
4419,0.392722,0.025217,0.229306,0.017209,0.12099
4420,0.300005,0.024476,0.153171,0.02173,0.100628
4421,0.389769,0.022959,0.245939,0.017072,0.103799
4422,0.332617,0.024603,0.169002,0.022065,0.116947
4423,0.385749,0.022307,0.227021,0.017557,0.118864
4424,0.314164,0.027354,0.156386,0.02159,0.108834
4425,0.385315,0.02494,0.245923,0.017988,0.096464
4426,0.321593,0.02185,0.16698,0.021485,0.111278
4427,0.389734,0.024548,0.232839,0.017505,0.114842
4428,0.297421,0.02489,0.152591,0.021232,0.098708
4429,0.392426,0.025505,0.244892,0.017092,0.104937
4430,0.312351,0.024527,0.167277,0.02103,0.099517
4431,0.37938,0.024846,0.228855,0.017094,0.108585
4432,0.311751,0.029534,0.153049,0.021429,0.107739
4433,0.394738,0.02296,0.245657,0.017766,0.108355
4434,0.30842,0.021336,0.17116,0.021376,0.094548
4435,0.387729,0.02941,0.229062,0.016897,0.11236
4436,0.303224,0.023854,0.151923,0.021186,0.106261
4437,0.386491,0.026983,0.248124,0.017437,0.093947
4438,0.314048,0.022962,0.167301,0.0212,0.102585
4439,0.368391,0.021001,0.22945,0.01699,0.10095
4440,0.303694,0.024672,0.157814,0.02196,0.099248
4441,0.408832,0.026078,0.246223,0.017468,0.119063
4442,0.334209,0.029306,0.168613,0.020733,0.115557
4443,0.38094,0.020972,0.231327,0.01741,0.111231
4444,0.321929,0.028682,0.157056,0.02136,0.114831
4445,0.395454,0.024574,0.245864,0.017024,0.107992
4446,0.330557,0.024927,0.16835,0.027919,0.109361
4447,0.395922,0.025127,0.23284,0.01749,0.120465
4448,0.321816,0.0242,0.154116,0.021136,0.122364
4449,0.385575,0.023221,0.24524,0.017323,0.099791
4450,0.315479,0.02491,0.169654,0.021068,0.099847
4451,0.38012,0.021131,0.228542,0.017332,0.113115
4452,0.30624,0.028173,0.152934,0.020598,0.104535
4453,0.381869,0.021223,0.245158,0.016962,0.098526
4454,0.333769,0.02851,0.170705,0.020662,0.113892
4455,0.386798,0.025965,0.229081,0.017051,0.114701
4456,0.312951,0.029503,0.153507,0.020667,0.109274
4457,0.400999,0.027189,0.248335,0.016966,0.108509
4458,0.314751,0.024466,0.167589,0.020692,0.102004
4459,0.391222,0.026137,0.230643,0.01688,0.117562
4460,0.320029,0.028038,0.15205,0.021035,0.118906
4461,0.398704,0.021307,0.245498,0.016926,0.114973
4462,0.319738,0.028366,0.167617,0.020593,0.103162
4463,0.369672,0.021672,0.22952,0.019497,0.098983
4464,0.297717,0.0251,0.155694,0.021178,0.095745
4465,0.394684,0.024497,0.245499,0.017221,0.107467
4466,0.316529,0.024852,0.170213,0.020932,0.100532
4467,0.379738,0.023505,0.230482,0.016931,0.10882
4468,0.32492,0.050407,0.159985,0.023147,0.091381
4469,0.391382,0.024819,0.245042,0.017043,0.104478
4470,0.318696,0.024572,0.167946,0.021356,0.104822
4471,0.39252,0.047738,0.232834,0.023314,0.088634
4472,0.302497,0.023217,0.153862,0.021061,0.104357
4473,0.397431,0.051507,0.246216,0.01689,0.082818
4474,0.323554,0.050211,0.167752,0.021388,0.084203
4475,0.395404,0.051392,0.229694,0.017086,0.097232
4476,0.304739,0.024509,0.152397,0.021266,0.106567
4477,0.384412,0.024568,0.246018,0.017186,0.09664
4478,0.344473,0.02149,0.16783,0.03143,0.123723
4479,0.378687,0.045323,0.231518,0.017633,0.084213
4480,0.308433,0.047162,0.153313,0.020832,0.087126
4481,0.401015,0.049801,0.249533,0.017119,0.084562
4482,0.334046,0.048154,0.168276,0.020762,0.096854
4483,0.380165,0.049179,0.232271,0.017417,0.081298
4484,0.310671,0.021405,0.155231,0.021124,0.112911
4485,0.398527,0.028676,0.24646,0.017121,0.10627
4486,0.326753,0.024661,0.167945,0.026917,0.10723
4487,0.400551,0.044657,0.236284,0.017357,0.102253
4488,0.310437,0.044851,0.153063,0.02134,0.091183
4489,0.417765,0.044939,0.246969,0.01655,0.109307
4490,0.340817,0.046355,0.168027,0.021773,0.104662
4491,0.383632,0.04917,0.23337,0.017261,0.083831
4492,0.311242,0.02437,0.153395,0.021016,0.112461
4493,0.399444,0.029436,0.245937,0.017229,0.106842
4494,0.322375,0.048719,0.167397,0.021456,0.084803
4495,0.390279,0.022745,0.240929,0.016986,0.109619
4496,0.307016,0.048135,0.153455,0.021078,0.084348
4497,0.405957,0.04926,0.246529,0.016826,0.093342
4498,0.320166,0.048839,0.168265,0.021172,0.08189
4499,0.368718,0.022652,0.229478,0.017217,0.099371
4500,0.293282,0.021274,0.152165,0.021374,0.098469
4501,0.41063,0.044977,0.248573,0.017208,0.099872
4502,0.323131,0.029133,0.166689,0.020858,0.106451
4503,0.387949,0.02549,0.229922,0.01739,0.115147
4504,0.306788,0.032158,0.152423,0.020645,0.101562
4505,0.396682,0.023277,0.244537,0.01727,0.111598
4506,0.312357,0.021786,0.166538,0.021566,0.102467
4507,0.369111,0.024674,0.230076,0.017431,0.09693
4508,0.300487,0.020809,0.155147,0.021157,0.103374
4509,0.389098,0.024769,0.246334,0.017306,0.100689
4510,0.324628,0.022066,0.167181,0.029434,0.105947
4511,0.386355,0.029554,0.233246,0.017318,0.106237
4512,0.319002,0.024145,0.152346,0.021382,0.121129
4513,0.400231,0.0258,0.245824,0.017355,0.111252
4514,0.312132,0.02191,0.167423,0.021258,0.101541
4515,0.389471,0.028496,0.230652,0.01781,0.112513
4516,0.318519,0.022851,0.153285,0.02849,0.113893
4517,0.386338,0.021461,0.244998,0.01715,0.102729
4518,0.327806,0.028773,0.171185,0.021404,0.106444
4519,0.365694,0.021781,0.228638,0.017409,0.097866
4520,0.293529,0.02518,0.153044,0.021241,0.094064
4521,0.385228,0.021223,0.247832,0.017119,0.099054
4522,0.328592,0.02835,0.168733,0.02081,0.110699
4523,0.37434,0.024626,0.228812,0.017053,0.103849
4524,0.298046,0.026648,0.151964,0.021098,0.098336
4525,0.405129,0.030306,0.245792,0.016698,0.112333
4526,0.31303,0.023985,0.168658,0.021746,0.098641
4527,0.368513,0.021525,0.23008,0.017249,0.099659
4528,0.307747,0.029557,0.156036,0.02092,0.101234
4529,0.396085,0.026457,0.245083,0.017203,0.107342
4530,0.310082,0.024983,0.168578,0.021222,0.095299
4531,0.383446,0.021775,0.233533,0.017187,0.110951
4532,0.298491,0.022461,0.151701,0.020853,0.103476
4533,0.39887,0.024525,0.245284,0.017137,0.111924
4534,0.334087,0.029603,0.168034,0.021559,0.114891
4535,0.386593,0.024689,0.229779,0.01716,0.114965
4536,0.306669,0.030166,0.152638,0.02127,0.102595
4537,0.402299,0.024647,0.244987,0.017923,0.114742
4538,0.332567,0.02861,0.170656,0.020904,0.112397
4539,0.370049,0.021727,0.229762,0.017286,0.101274
4540,0.311805,0.030728,0.153045,0.0209,0.107132
4541,0.401526,0.02205,0.244984,0.022618,0.111874
4542,0.345051,0.028203,0.184942,0.020634,0.111272
4543,0.383066,0.02552,0.231572,0.01747,0.108504
4544,0.307027,0.026983,0.152502,0.021,0.106542
4545,0.389473,0.022096,0.246105,0.01713,0.104142
4546,0.322108,0.02457,0.16747,0.021026,0.109042
4547,0.381527,0.025206,0.229908,0.017055,0.109358
4548,0.296316,0.023756,0.155592,0.02117,0.095798
4549,0.386811,0.02206,0.247252,0.016667,0.100832
4550,0.359913,0.05996,0.171281,0.021024,0.107648
4551,0.40888,0.048704,0.236078,0.016932,0.107166
4552,0.312582,0.049516,0.15303,0.021277,0.088759
4553,0.395478,0.05017,0.246517,0.01681,0.081981
4554,0.319496,0.048722,0.167846,0.021078,0.08185
4555,0.371116,0.021872,0.230666,0.017239,0.101339
4556,0.295538,0.02148,0.152088,0.021146,0.100824
4557,0.392501,0.045982,0.246752,0.01729,0.082477
4558,0.328739,0.025432,0.172119,0.032212,0.098976
4559,0.479219,0.04906,0.230952,0.030635,0.168572
4560,0.322486,0.050526,0.152595,0.020993,0.098372
4561,0.419151,0.048018,0.245844,0.019373,0.105916
4562,0.319624,0.02456,0.168856,0.024097,0.102111
4563,0.390607,0.023053,0.231239,0.017892,0.118423
4564,0.295751,0.021944,0.152501,0.021796,0.09951
4565,0.398678,0.044526,0.248886,0.018325,0.086941
4566,0.347331,0.045606,0.167304,0.020885,0.113536
4567,0.378082,0.045826,0.229559,0.0172,0.085497
4568,0.321176,0.044022,0.155417,0.02114,0.100597
4569,0.41708,0.044345,0.246367,0.01721,0.109158
4570,0.313029,0.024015,0.166837,0.021202,0.100975
4571,0.382942,0.0304,0.231385,0.017173,0.103984
4572,0.308322,0.025504,0.154629,0.02104,0.107149
4573,0.393029,0.022255,0.250563,0.017949,0.102262
4574,0.329012,0.02357,0.167383,0.026355,0.111704
4575,0.457651,0.048947,0.233895,0.030537,0.144272
4576,0.320885,0.047053,0.153744,0.02077,0.099318
4577,0.399564,0.048608,0.247012,0.017987,0.085957
4578,0.323202,0.021488,0.168572,0.021163,0.111979
4579,0.382313,0.023744,0.241383,0.017368,0.099818
4580,0.314884,0.04954,0.152267,0.0208,0.092277
4581,0.396743,0.022548,0.246903,0.017349,0.109943
4582,0.327187,0.048832,0.170784,0.02151,0.086061
4583,0.390295,0.032884,0.231817,0.017626,0.107968
4584,0.300089,0.024586,0.152825,0.022776,0.099902
4585,0.383221,0.022465,0.245157,0.016839,0.09876
4586,0.352136,0.045364,0.168669,0.026367,0.111736
4587,0.380879,0.029413,0.229254,0.022546,0.099666
4588,0.331517,0.033183,0.151927,0.029269,0.117138
4589,0.392979,0.027263,0.25029,0.01732,0.098106
4590,0.324631,0.027521,0.168519,0.021386,0.107205
4591,0.368498,0.024856,0.228524,0.017604,0.097514
4592,0.311207,0.020734,0.155847,0.020954,0.113672
4593,0.388242,0.024878,0.245707,0.017843,0.099814
4594,0.313374,0.020572,0.166676,0.021152,0.104974
4595,0.382882,0.028906,0.231474,0.017535,0.104967
4596,0.313895,0.02437,0.153152,0.022008,0.114365
4597,0.384388,0.02537,0.24622,0.017542,0.095256
4598,0.313405,0.022932,0.168241,0.021472,0.10076
4599,0.372042,0.021744,0.232618,0.01763,0.10005
4600,0.308539,0.022238,0.153936,0.021093,0.111272
4601,0.391046,0.0249,0.245873,0.017163,0.10311
4602,0.335549,0.027608,0.171605,0.020756,0.11558
4603,0.367635,0.021358,0.230075,0.017388,0.098814
4604,0.309448,0.02485,0.15325,0.021716,0.109632
4605,0.384048,0.021206,0.245687,0.017881,0.099274
4606,0.327172,0.026434,0.169375,0.021463,0.1099
4607,0.372821,0.021277,0.231596,0.017206,0.102742
4608,0.304423,0.030248,0.154627,0.021056,0.098492
4609,0.401393,0.024926,0.248355,0.017132,0.11098
4610,0.323018,0.02518,0.167157,0.021754,0.108927
4611,0.379612,0.024648,0.229696,0.01714,0.108128
4612,0.296529,0.023748,0.153562,0.021519,0.0977
4613,0.385335,0.02226,0.24615,0.01732,0.099605
4614,0.310293,0.02471,0.167347,0.021174,0.097062
4615,0.368578,0.020932,0.228986,0.017098,0.101562
4616,0.298774,0.024782,0.155442,0.021514,0.097036
4617,0.397113,0.02479,0.244979,0.017179,0.110165
4618,0.324407,0.035862,0.168634,0.021077,0.098834
4619,0.373331,0.021063,0.233215,0.017044,0.102009
4620,0.312536,0.028333,0.153481,0.022,0.108722
4621,0.384602,0.02158,0.245288,0.017236,0.100498
4622,0.321018,0.028234,0.167264,0.020976,0.104544
4623,0.371226,0.022732,0.229234,0.016969,0.102291
4624,0.302193,0.021868,0.152187,0.021531,0.106607
4625,0.392351,0.022002,0.244126,0.01698,0.109243
4626,0.312713,0.021764,0.171586,0.021578,0.097785
4627,0.372953,0.022737,0.230251,0.01738,0.102585
4628,0.317229,0.03089,0.153028,0.021559,0.111752
4629,0.412125,0.0287,0.249396,0.017683,0.116346
4630,0.312843,0.02233,0.168228,0.021584,0.100701
4631,0.370743,0.024939,0.229635,0.017259,0.09891
4632,0.322466,0.02458,0.15253,0.028393,0.116963
4633,0.413149,0.029089,0.245834,0.016902,0.121324
4634,0.31108,0.021765,0.168822,0.021236,0.099257
4635,0.37754,0.031998,0.240835,0.016991,0.087716
4636,0.331712,0.05031,0.158368,0.021712,0.101322
4637,0.411988,0.04982,0.25478,0.017126,0.090262
4638,0.323051,0.049073,0.167873,0.021237,0.084868
4639,0.383402,0.049309,0.233003,0.017004,0.084086
4640,0.306613,0.049585,0.15329,0.021846,0.081892
4641,0.398592,0.027063,0.245936,0.01707,0.108523
4642,0.320395,0.025085,0.167589,0.020947,0.106774
4643,0.390426,0.049253,0.230939,0.017281,0.092953
4644,0.322434,0.021548,0.154734,0.021394,0.124758
4645,0.407393,0.045495,0.257506,0.017061,0.087331
4646,0.334623,0.04844,0.170902,0.02097,0.094311
4647,0.403791,0.048863,0.229563,0.017167,0.108198
4648,0.308069,0.024577,0.152775,0.02126,0.109457
4649,0.379602,0.023662,0.244763,0.016841,0.094336
4650,0.346589,0.027884,0.167949,0.027333,0.123423
4651,0.388076,0.044944,0.230634,0.017997,0.094501
4652,0.324367,0.024722,0.154233,0.031894,0.113518
4653,0.411444,0.051078,0.250874,0.016782,0.09271
4654,0.329117,0.048787,0.16874,0.021124,0.090466
4655,0.379938,0.049943,0.229489,0.017221,0.083285
4656,0.300397,0.021085,0.155009,0.021362,0.102941
4657,0.413678,0.029399,0.246122,0.023158,0.114999
4658,0.336504,0.021873,0.168552,0.03391,0.112169
4659,0.378769,0.045423,0.231338,0.017626,0.084382
4660,0.321259,0.048516,0.153496,0.021,0.098247
4661,0.41594,0.049467,0.247054,0.017037,0.102382
4662,0.349556,0.048603,0.168182,0.0211,0.111671
4663,0.381962,0.049737,0.230146,0.017165,0.084914
4664,0.294122,0.021075,0.151669,0.021442,0.099936
4665,0.394622,0.029503,0.245764,0.017057,0.102298
4666,0.322542,0.024677,0.167769,0.02096,0.109136
4667,0.392446,0.024656,0.241042,0.017428,0.10932
4668,0.299949,0.022743,0.151854,0.021435,0.103917
4669,0.381014,0.02239,0.245388,0.017316,0.09592
4670,0.323902,0.026036,0.167688,0.021105,0.109073
4671,0.424159,0.048685,0.235824,0.03064,0.10901
4672,0.343274,0.032421,0.15481,0.02065,0.135393
4673,0.386618,0.024857,0.2485,0.01784,0.095421
4674,0.317605,0.023021,0.167413,0.02098,0.106191
4675,0.385858,0.029356,0.231239,0.017631,0.107632
4676,0.296785,0.021682,0.152127,0.021136,0.10184
4677,0.399431,0.028823,0.245972,0.017363,0.107273
4678,0.329311,0.022357,0.166907,0.021158,0.118889
4679,0.380525,0.026456,0.230356,0.017369,0.106344
4680,0.320942,0.02449,0.1561,0.021193,0.119159
4681,0.639948,0.024852,0.245143,0.017824,0.352129
4682,0.357133,0.033644,0.16952,0.021503,0.132466
4683,0.435864,0.028824,0.22969,0.031901,0.145449
4684,0.302453,0.024919,0.15371,0.021632,0.102192
4685,0.386586,0.024374,0.244485,0.018161,0.099566
4686,0.327451,0.034674,0.169645,0.02182,0.101312
4687,0.383532,0.02933,0.232358,0.017568,0.104276
4688,0.293743,0.02164,0.15172,0.021296,0.099087
4689,0.392386,0.028326,0.24511,0.01756,0.10139
4690,0.32096,0.02225,0.173249,0.0214,0.104061
4691,0.384528,0.02886,0.230456,0.01749,0.107722
4692,0.305375,0.025857,0.152375,0.021122,0.106021
4693,0.376838,0.023472,0.244662,0.017282,0.091422
4694,0.324857,0.022819,0.167726,0.021728,0.112584
4695,0.380198,0.029213,0.229271,0.017974,0.10374
4696,0.294277,0.028818,0.151998,0.020843,0.092618
4697,0.393125,0.024197,0.248757,0.017558,0.102613
4698,0.327995,0.020877,0.169375,0.020914,0.116829
4699,0.375665,0.028543,0.229425,0.01703,0.100667
4700,0.30436,0.024755,0.152624,0.020985,0.105996
4701,0.389009,0.024676,0.247012,0.017452,0.099869
4702,0.329908,0.024315,0.167862,0.028473,0.109258
4703,0.386421,0.024373,0.230822,0.017196,0.11403
4704,0.300532,0.0225,0.154516,0.021228,0.102288
4705,0.40196,0.023217,0.247719,0.01789,0.113134
4706,0.326219,0.029342,0.168782,0.021413,0.106682
4707,0.388836,0.025093,0.232219,0.01713,0.114394
4708,0.327291,0.032498,0.153124,0.021144,0.120525
4709,0.396411,0.022023,0.246606,0.016945,0.110837
4710,0.31094,0.027337,0.169955,0.021402,0.092246
4711,0.369253,0.021667,0.230273,0.017062,0.100251
4712,0.311391,0.02514,0.15335,0.021132,0.111769
4713,0.384789,0.030996,0.246356,0.017443,0.089994
4714,0.329495,0.024768,0.171166,0.021985,0.111576
4715,0.365138,0.024718,0.229192,0.017149,0.094079
4716,0.314633,0.024474,0.152083,0.021348,0.116728
4717,0.38152,0.024996,0.246566,0.016964,0.092994
4718,0.345815,0.049855,0.168413,0.021428,0.106119
4719,0.379125,0.022108,0.229616,0.017279,0.110122
4720,0.295261,0.025002,0.152879,0.0213,0.09608
4721,0.415096,0.048105,0.24555,0.017417,0.104024
4722,0.341242,0.049657,0.175388,0.023795,0.092402
4723,0.428734,0.048962,0.229138,0.031006,0.119628
4724,0.330769,0.048463,0.153168,0.021247,0.107891
4725,0.399627,0.04784,0.246874,0.018356,0.086557
4726,0.32588,0.02545,0.168164,0.021833,0.110433
4727,0.401261,0.035876,0.228865,0.028445,0.108075
4728,0.3099,0.048794,0.15594,0.021737,0.083429
4729,0.413342,0.029593,0.246829,0.016981,0.119939
4730,0.31872,0.044649,0.168581,0.021102,0.084388
4731,0.377642,0.046604,0.228455,0.017034,0.085549
4732,0.319,0.050564,0.152907,0.021243,0.094286
4733,0.393096,0.025975,0.244778,0.017129,0.105214
4734,0.322807,0.02518,0.168245,0.021123,0.108259
4735,0.381292,0.02257,0.237381,0.016585,0.104756
4736,0.301508,0.045098,0.153289,0.021142,0.081979
4737,0.388533,0.025645,0.246163,0.017269,0.099456
4738,0.319124,0.050819,0.168959,0.021166,0.07818
4739,0.393331,0.047632,0.230275,0.016951,0.098473
4740,0.326211,0.050496,0.153037,0.020904,0.101774
4741,0.397602,0.022257,0.245263,0.017412,0.11267
4742,0.315499,0.02496,0.168398,0.021139,0.101002
4743,0.377469,0.021457,0.238427,0.01667,0.100915
4744,0.31092,0.044215,0.154567,0.021307,0.090831
4745,0.421815,0.047956,0.250019,0.017172,0.106668
4746,0.323493,0.044716,0.168373,0.022188,0.088216
4747,0.388098,0.042523,0.229692,0.017293,0.09859
4748,0.327033,0.043848,0.156273,0.020795,0.106117
4749,0.408809,0.027132,0.245813,0.017206,0.118658
4750,0.322933,0.023365,0.168001,0.021422,0.110145
4751,0.377098,0.024443,0.23645,0.016864,0.099341
4752,0.346199,0.04915,0.158007,0.022274,0.116768
4753,0.384679,0.022228,0.244651,0.017399,0.100401
4754,0.312708,0.031084,0.168458,0.020908,0.092258
4755,0.386403,0.050219,0.232448,0.017628,0.086108
4756,0.309637,0.025099,0.152954,0.021495,0.110089
4757,0.38502,0.024563,0.244909,0.01751,0.098038
4758,0.323806,0.021864,0.167851,0.021188,0.112903
4759,0.383886,0.022151,0.231528,0.017288,0.112919
4760,0.327773,0.02343,0.153036,0.02156,0.129747
4761,0.384333,0.024265,0.245297,0.017757,0.097014
4762,0.312962,0.02135,0.168153,0.020878,0.102581
4763,0.381611,0.028667,0.230737,0.017735,0.104472
4764,0.296948,0.021438,0.152819,0.02128,0.101411
4765,0.39428,0.026693,0.248648,0.017562,0.101377
4766,0.314358,0.021501,0.168005,0.021133,0.103719
4767,0.371235,0.02467,0.230677,0.017479,0.098409
4768,0.324282,0.024903,0.154252,0.021775,0.123352
4769,0.396962,0.024822,0.246889,0.017376,0.107875
4770,0.325256,0.021316,0.168359,0.02116,0.114421
4771,0.374938,0.023333,0.228496,0.017536,0.105573
4772,0.315733,0.021784,0.157726,0.02911,0.107113
4773,0.394938,0.025142,0.245777,0.017499,0.10652
4774,0.333221,0.02662,0.169086,0.021008,0.116507
4775,0.380597,0.02707,0.231026,0.017546,0.104955
4776,0.315846,0.026603,0.154481,0.021478,0.113284
4777,0.396264,0.02847,0.244693,0.017172,0.105929
4778,0.323242,0.026243,0.167462,0.02136,0.108177
4779,0.3734,0.024747,0.229459,0.017327,0.101867
4780,0.317296,0.025896,0.153674,0.02118,0.116546
4781,0.392297,0.024756,0.2455,0.017231,0.10481
4782,0.326706,0.020881,0.171106,0.021125,0.113594
4783,0.378795,0.028497,0.228972,0.017533,0.103793
4784,0.308513,0.027354,0.152975,0.020956,0.107228
4785,0.397358,0.028826,0.249317,0.017246,0.101969
4786,0.336904,0.029924,0.168498,0.021063,0.117419
4787,0.369702,0.024694,0.229093,0.017963,0.097952
4788,0.307316,0.020534,0.153123,0.020936,0.112723
4789,0.413364,0.02887,0.24617,0.017352,0.120972
4790,0.322024,0.021617,0.167713,0.021155,0.111539
4791,0.376054,0.021679,0.229413,0.017471,0.107491
4792,0.311794,0.022222,0.155645,0.020896,0.113031
4793,0.393032,0.024824,0.246295,0.017275,0.104638
4794,0.321176,0.02552,0.167988,0.021129,0.106539
4795,0.370807,0.021736,0.232412,0.017266,0.099393
4796,0.298221,0.025262,0.154556,0.020956,0.097447
4797,0.398844,0.024704,0.245588,0.023373,0.105179
4798,0.329366,0.028483,0.17252,0.020602,0.107761
4799,0.371012,0.022596,0.230899,0.01734,0.100177
4800,0.310993,0.02896,0.153903,0.02172,0.10641
4801,0.39847,0.03528,0.246402,0.017066,0.099722
4802,0.342383,0.067444,0.171767,0.02089,0.082282
4803,0.379301,0.02435,0.229368,0.017296,0.108287
4804,0.297975,0.022603,0.152149,0.02123,0.101993
4805,0.395407,0.026474,0.245616,0.016931,0.106386
4806,0.312404,0.026877,0.169703,0.02095,0.094874
4807,0.377383,0.022716,0.229092,0.018005,0.10757
4808,0.322129,0.045064,0.153729,0.021046,0.10229
4809,0.392628,0.045543,0.245402,0.016942,0.084741
4810,0.33314,0.045881,0.167914,0.021063,0.098282
4811,0.375615,0.046324,0.228976,0.01733,0.082985
4812,0.30892,0.028696,0.15565,0.021221,0.103353
4813,0.395873,0.024904,0.245604,0.017029,0.108336
4814,0.311177,0.024906,0.16805,0.020852,0.097369
4815,0.413941,0.021221,0.232793,0.01692,0.143007
4816,0.332267,0.045541,0.15336,0.021255,0.112111
4817,0.388979,0.045592,0.245876,0.01693,0.080581
4818,0.327402,0.043685,0.168611,0.02402,0.091086
4819,0.388605,0.045078,0.229107,0.017172,0.097248
4820,0.305291,0.028216,0.152206,0.02095,0.103919
4821,0.391918,0.024621,0.243859,0.017019,0.106419
4822,0.336415,0.043708,0.170884,0.020748,0.101075
4823,0.386633,0.032794,0.240529,0.01691,0.0964
4824,0.305694,0.049502,0.152565,0.021255,0.082372
4825,0.417653,0.04911,0.248347,0.016819,0.103377
4826,0.340569,0.046629,0.169514,0.021232,0.103194
4827,0.37034,0.021525,0.228634,0.016988,0.103193
4828,0.310569,0.037415,0.153654,0.0206,0.0989
4829,0.397969,0.025231,0.248427,0.016499,0.107812
4830,0.333253,0.044585,0.169568,0.021638,0.097462
4831,0.371962,0.024846,0.230735,0.017223,0.099158
4832,0.311155,0.052604,0.15327,0.021457,0.083824
4833,0.41227,0.048441,0.246006,0.017593,0.10023
4834,0.33512,0.024487,0.169002,0.021306,0.120325
4835,0.380373,0.024185,0.229459,0.01722,0.109509
4836,0.315129,0.021732,0.153774,0.021495,0.118128
4837,0.385362,0.02423,0.245741,0.016858,0.098533
4838,0.334373,0.04898,0.168419,0.021404,0.09557
4839,0.38444,0.025509,0.232677,0.016561,0.109693
4840,0.310878,0.045041,0.154108,0.020926,0.090803
4841,0.397579,0.02889,0.246344,0.017521,0.104824
4842,0.332242,0.022784,0.168786,0.025477,0.115195
4843,0.380787,0.024837,0.230195,0.023556,0.102199
4844,0.313722,0.024558,0.152758,0.021362,0.115044
4845,0.39496,0.0286,0.24567,0.017308,0.103382
4846,0.33688,0.021816,0.17379,0.021757,0.119517
4847,0.382884,0.029203,0.229635,0.017391,0.106655
4848,0.316275,0.024765,0.153433,0.021574,0.116503
4849,0.385141,0.025706,0.247948,0.017496,0.093991
4850,0.318271,0.021568,0.167663,0.021453,0.107587
4851,0.379613,0.022984,0.228078,0.018166,0.110385
4852,0.310515,0.025979,0.15264,0.021273,0.110623
4853,0.390947,0.026622,0.245959,0.017338,0.101028
4854,0.34372,0.030221,0.168601,0.021509,0.123389
4855,0.374433,0.031728,0.227366,0.017051,0.098288
4856,0.297526,0.024338,0.156099,0.02125,0.095839
4857,0.384762,0.022965,0.245808,0.017167,0.098822
4858,0.321693,0.025075,0.1677,0.021362,0.107556
4859,0.364535,0.026665,0.228441,0.016857,0.092572
4860,0.310894,0.024101,0.153472,0.021352,0.111969
4861,0.390026,0.02865,0.245077,0.017136,0.099163
4862,0.353093,0.027907,0.170823,0.02126,0.133103
4863,0.384308,0.030097,0.230944,0.017264,0.106003
4864,0.302306,0.022142,0.153029,0.021286,0.105849
4865,0.397498,0.02903,0.245894,0.017084,0.10549
4866,0.333381,0.025,0.170225,0.021227,0.116929
4867,0.383402,0.024812,0.229998,0.017333,0.111259
4868,0.30573,0.024441,0.153814,0.021409,0.106066
4869,0.379016,0.0243,0.244961,0.01712,0.092635
4870,0.320186,0.02228,0.170319,0.02146,0.106127
4871,0.366341,0.021813,0.228541,0.016862,0.099125
4872,0.315959,0.023604,0.155,0.021116,0.116239
4873,0.384852,0.021571,0.247249,0.01729,0.098742
4874,0.311891,0.02458,0.169309,0.020923,0.097079
4875,0.377904,0.024214,0.229399,0.01706,0.107231
4876,0.318019,0.028588,0.155907,0.020742,0.112782
4877,0.408545,0.026598,0.245515,0.0176,0.118832
4878,0.325224,0.030011,0.169211,0.020721,0.105281
4879,0.376826,0.021422,0.228974,0.017041,0.109389
4880,0.309068,0.026716,0.153686,0.020984,0.107682
4881,0.397244,0.026425,0.246016,0.017192,0.107611
4882,0.318886,0.02453,0.16735,0.021334,0.105672
4883,0.373118,0.022112,0.230871,0.017133,0.103002
4884,0.308034,0.022459,0.152876,0.02141,0.111289
4885,0.405082,0.02125,0.250069,0.017442,0.116321
4886,0.338453,0.02969,0.17083,0.031523,0.10641
4887,0.380322,0.050579,0.229307,0.017009,0.083427
4888,0.319227,0.049555,0.153148,0.030134,0.08639
4889,0.399573,0.021493,0.244749,0.017163,0.116168
4890,0.315829,0.025163,0.16801,0.02137,0.101286
4891,0.38713,0.024596,0.229482,0.017307,0.115745
4892,0.290278,0.023676,0.15254,0.020866,0.093196
4893,0.400343,0.047896,0.248158,0.0173,0.086989
4894,0.325696,0.049767,0.168838,0.021982,0.085109
4895,0.448626,0.047373,0.229,0.030567,0.141686
4896,0.317833,0.047225,0.153849,0.021,0.095759
4897,0.41268,0.047787,0.243939,0.017744,0.10321
4898,0.333083,0.024743,0.167677,0.021149,0.119514
4899,0.374464,0.023578,0.230794,0.017467,0.102625
4900,0.328003,0.033031,0.156733,0.02118,0.117059
4901,0.429662,0.038765,0.247053,0.017821,0.126023
4902,0.321411,0.049897,0.168208,0.021588,0.081718
4903,0.383212,0.048315,0.23335,0.016831,0.084716
4904,0.331051,0.049327,0.154387,0.02125,0.106087
4905,0.402378,0.047331,0.245381,0.017189,0.092477
4906,0.310286,0.02232,0.168001,0.021452,0.098513
4907,0.381559,0.024948,0.238739,0.016952,0.10092
4908,0.313368,0.049798,0.160114,0.022348,0.081108
4909,0.405458,0.026394,0.246011,0.017091,0.115962
4910,0.326083,0.044809,0.16775,0.021,0.092524
4911,0.391613,0.045235,0.229042,0.016727,0.100609
4912,0.304636,0.0436,0.153218,0.020922,0.086896
4913,0.396198,0.024272,0.245779,0.024257,0.10189
4914,0.32669,0.024973,0.169779,0.021516,0.110422
4915,0.377555,0.023215,0.237696,0.016862,0.099782
4916,0.318047,0.048292,0.153446,0.021682,0.094627
4917,0.40614,0.02476,0.250966,0.017266,0.113148
4918,0.323653,0.049486,0.168954,0.021264,0.083949
4919,0.381531,0.048067,0.23078,0.016811,0.085873
4920,0.306722,0.04861,0.153484,0.021047,0.083581
4921,0.388377,0.027523,0.247256,0.01723,0.096368
4922,0.314482,0.025136,0.167899,0.020904,0.100543
4923,0.379127,0.022229,0.229416,0.016784,0.110698
4924,0.30871,0.049088,0.15658,0.021737,0.081305
4925,0.400262,0.025319,0.246084,0.017498,0.111361
4926,0.312698,0.042361,0.169355,0.021338,0.079644
4927,0.373666,0.043557,0.233934,0.017108,0.079067
4928,0.297717,0.042103,0.15302,0.021764,0.08083
4929,0.38292,0.042594,0.246558,0.01719,0.076578
4930,0.308576,0.043205,0.167874,0.020945,0.076552
4931,0.370691,0.024507,0.229195,0.017224,0.099765
4932,0.311783,0.020796,0.152714,0.02143,0.116843
4933,0.397893,0.022574,0.245503,0.017776,0.11204
4934,0.334317,0.026191,0.171295,0.021443,0.115388
4935,0.392706,0.043304,0.230645,0.016914,0.101843
4936,0.2944,0.042682,0.152783,0.020932,0.078003
4937,0.381911,0.04045,0.245279,0.017496,0.078686
4938,0.312852,0.042399,0.168012,0.020815,0.081626
4939,0.380656,0.041248,0.231064,0.016924,0.09142
4940,0.309969,0.034296,0.153186,0.022223,0.100264
4941,0.399594,0.046491,0.25277,0.017669,0.082664
4942,0.332142,0.046672,0.174506,0.02336,0.087604
4943,0.381456,0.047047,0.231184,0.017164,0.086061
4944,0.316332,0.055724,0.154812,0.022638,0.083158
4945,0.40917,0.045345,0.246701,0.017476,0.099648
4946,0.322735,0.045632,0.168899,0.021418,0.086786
4947,0.371369,0.046645,0.23268,0.017413,0.074631
4948,0.32435,0.02674,0.15311,0.021972,0.122528
4949,0.393571,0.043126,0.249159,0.017407,0.083879
4950,0.331922,0.040209,0.168581,0.021272,0.10186
4951,0.369214,0.041544,0.22936,0.017275,0.081035
4952,0.304029,0.041663,0.153491,0.020916,0.087959
4953,0.403567,0.041177,0.2513,0.017087,0.094003
4954,0.329349,0.028678,0.168365,0.020984,0.111322
4955,0.384071,0.046018,0.229386,0.017511,0.091156
4956,0.320817,0.022241,0.157114,0.021246,0.120216
4957,0.402615,0.046463,0.250656,0.017559,0.087937
4958,0.341829,0.022889,0.168852,0.028167,0.121921
4959,0.376278,0.048694,0.231092,0.017239,0.079253
4960,0.3134,0.049978,0.155472,0.022824,0.085126
4961,0.401209,0.049761,0.252223,0.017734,0.081491
4962,0.317089,0.04645,0.168283,0.022185,0.080171
4963,0.386551,0.045621,0.230493,0.017864,0.092573
4964,0.310815,0.026354,0.154436,0.022169,0.107856
4965,0.401675,0.044123,0.245475,0.017216,0.094861
4966,0.332748,0.02916,0.171668,0.021449,0.110471
4967,0.373122,0.045979,0.230055,0.017376,0.079712
4968,0.310971,0.046371,0.152651,0.021138,0.090811
4969,0.397851,0.046406,0.24856,0.016702,0.086183
4970,0.314702,0.046612,0.171088,0.021376,0.075626
4971,0.387901,0.027148,0.234316,0.017516,0.108921
4972,0.318096,0.047665,0.154346,0.021378,0.094707
4973,0.398289,0.044721,0.245658,0.017142,0.090768
4974,0.318233,0.046039,0.168088,0.021487,0.082619
4975,0.393082,0.02405,0.229654,0.017306,0.122072
4976,0.299938,0.043071,0.153128,0.02134,0.082399
4977,0.38638,0.043027,0.246931,0.016996,0.079426
4978,0.339179,0.040547,0.169564,0.021065,0.108003
4979,0.39566,0.02966,0.233885,0.017347,0.114768
4980,0.3108,0.046878,0.15418,0.021183,0.088559
4981,0.399871,0.045608,0.253402,0.017256,0.083605
4982,0.332617,0.060117,0.167239,0.021566,0.083695
4983,0.389951,0.045824,0.231356,0.023247,0.089524
4984,0.316422,0.046053,0.164938,0.022397,0.083034
4985,0.395197,0.044416,0.246734,0.017416,0.086631
4986,0.318687,0.04614,0.169679,0.022202,0.080666
4987,0.375462,0.022257,0.232096,0.017816,0.103293
4988,0.309412,0.02544,0.156876,0.021171,0.105925
4989,0.401818,0.045458,0.246027,0.017102,0.093231
4990,0.328799,0.021963,0.169188,0.021352,0.116296
4991,0.375949,0.044735,0.234835,0.017564,0.078815
4992,0.312501,0.022376,0.153937,0.021248,0.11494
4993,0.402931,0.060593,0.253194,0.017323,0.071821
4994,0.334082,0.024253,0.172176,0.022684,0.114969
4995,0.372038,0.04413,0.228775,0.017739,0.081394
4996,0.306839,0.040978,0.154439,0.020884,0.090538
4997,0.397855,0.041909,0.253125,0.019512,0.083309
4998,0.327422,0.028145,0.168517,0.021498,0.109262
4999,0.386297,0.045114,0.233036,0.017432,0.090715
5000,0.330496,0.023559,0.156677,0.021716,0.128544
5001,0.394317,0.04347,0.245655,0.01747,0.087722
5002,0.341172,0.025764,0.169671,0.02959,0.116147
5003,0.462126,0.049088,0.229288,0.030714,0.153036
5004,0.32972,0.047214,0.151761,0.021583,0.109162
5005,0.415855,0.047766,0.255989,0.017866,0.094234
5006,0.35298,0.048326,0.171632,0.021386,0.111636
5007,0.385809,0.049839,0.229229,0.017372,0.089369
5008,0.32572,0.047726,0.158306,0.021535,0.098153
5009,0.416835,0.026032,0.247503,0.017496,0.125804
5010,0.321331,0.043422,0.171634,0.0214,0.084875
5011,0.405429,0.050954,0.238523,0.016993,0.098959
5012,0.312362,0.048016,0.152778,0.02106,0.090508
5013,0.407144,0.048546,0.248334,0.017134,0.09313
5014,0.318687,0.044737,0.169311,0.021118,0.083521
5015,0.365534,0.045589,0.230433,0.01722,0.072292
5016,0.315082,0.044448,0.155686,0.029002,0.085946
5017,0.402797,0.025678,0.246307,0.017624,0.113188
5018,0.316293,0.044507,0.167689,0.020934,0.083163
5019,0.372875,0.043391,0.230853,0.017047,0.081584
5020,0.306343,0.042536,0.153344,0.021088,0.089375
5021,0.390482,0.042597,0.246154,0.01736,0.084371
5022,0.334398,0.046572,0.169502,0.020997,0.097327
5023,0.375571,0.04329,0.23233,0.017604,0.082347
5024,0.319666,0.041893,0.153995,0.022377,0.101401
5025,0.4094,0.025396,0.250749,0.017708,0.115547
5026,0.319238,0.023374,0.168635,0.02139,0.105839
5027,0.378702,0.023629,0.229461,0.017473,0.108139
5028,0.312236,0.022905,0.15303,0.028244,0.108057
5029,0.393323,0.042056,0.25037,0.01712,0.083777
5030,0.328508,0.040894,0.168304,0.020717,0.098593
5031,0.38466,0.042811,0.229063,0.017101,0.095685
5032,0.318755,0.029379,0.154126,0.02103,0.11422
5033,0.394007,0.04544,0.249733,0.017661,0.081173
5034,0.328056,0.046579,0.16888,0.021242,0.091355
5035,0.375591,0.044757,0.229761,0.016965,0.084108
5036,0.30165,0.044884,0.153664,0.021363,0.081739
5037,0.3893,0.045706,0.246839,0.01699,0.079765
5038,0.318025,0.045309,0.16884,0.021103,0.082773
5039,0.393911,0.045856,0.229637,0.016875,0.101543
5040,0.324395,0.025228,0.154113,0.022282,0.122772
5041,0.393929,0.043963,0.249361,0.017219,0.083386
5042,0.328947,0.04113,0.169098,0.020772,0.097947
5043,0.379662,0.047313,0.232847,0.017227,0.082275
5044,0.317883,0.041903,0.154623,0.02121,0.100147
5045,0.405593,0.042502,0.24485,0.016846,0.101395
5046,0.333407,0.024537,0.167662,0.021416,0.119792
5047,0.386492,0.045795,0.230033,0.017466,0.093198
5048,0.304091,0.046639,0.155204,0.021526,0.080722
5049,0.389891,0.022165,0.245845,0.017003,0.104878
5050,0.348515,0.03147,0.170169,0.020942,0.125934
5051,0.374888,0.043133,0.230318,0.017407,0.08403
5052,0.304066,0.04034,0.154265,0.02164,0.087821
5053,0.396707,0.041953,0.248804,0.02343,0.08252
5054,0.319585,0.040443,0.173965,0.021019,0.084158
5055,0.401762,0.025993,0.232406,0.017999,0.125364
5056,0.312665,0.046444,0.15519,0.021416,0.089615
5057,0.402087,0.04441,0.245805,0.017424,0.094448
5058,0.326922,0.044912,0.168598,0.02094,0.092472
5059,0.370502,0.044045,0.232148,0.017246,0.077063
5060,0.328216,0.069879,0.158277,0.02136,0.0787
5061,0.409547,0.048122,0.25664,0.017068,0.087717
5062,0.347685,0.049979,0.172248,0.029776,0.095682
5063,0.393163,0.023348,0.23433,0.017351,0.118134
5064,0.303654,0.023491,0.154158,0.0213,0.104705
5065,0.412152,0.048244,0.245395,0.017314,0.101199
5066,0.333331,0.04915,0.168194,0.021477,0.09451
5067,0.385313,0.047169,0.229297,0.016984,0.091863
5068,0.315275,0.050512,0.152981,0.021258,0.090524
5069,0.400421,0.047738,0.245197,0.017178,0.090308
5070,0.343122,0.028615,0.168618,0.02217,0.123719
5071,0.397324,0.045546,0.233882,0.017119,0.100777
5072,0.325573,0.030051,0.154006,0.029078,0.112438
5073,0.407233,0.050669,0.257316,0.016648,0.0826
5074,0.364349,0.048708,0.167398,0.030426,0.117817
5075,0.39668,0.049833,0.230959,0.016865,0.099023
5076,0.315297,0.0444,0.153951,0.021065,0.095881
5077,0.410442,0.049018,0.252017,0.017759,0.091648
5078,0.363145,0.060592,0.168139,0.021905,0.112509
5079,0.435527,0.04859,0.230837,0.029794,0.126306
5080,0.318353,0.04622,0.155447,0.02093,0.095756
5081,0.420039,0.048915,0.253348,0.017583,0.100193
5082,0.369863,0.046831,0.167992,0.032529,0.122511
5083,0.406913,0.050915,0.228481,0.016719,0.110798
5084,0.320555,0.04778,0.152934,0.02109,0.098751
5085,0.402824,0.022875,0.24645,0.017005,0.116494
5086,0.325978,0.044429,0.168099,0.020962,0.092488
5087,0.395515,0.044469,0.235168,0.016958,0.09892
5088,0.311327,0.043845,0.153305,0.021142,0.093035
5089,0.392063,0.043187,0.245987,0.016679,0.08621
5090,0.352816,0.058441,0.172221,0.020837,0.101317
5091,0.394846,0.044925,0.230137,0.017971,0.101813
5092,0.333249,0.04376,0.157957,0.021268,0.110264
5093,0.427065,0.03508,0.246491,0.016624,0.12887
5094,0.334004,0.048798,0.169168,0.021495,0.094543
5095,0.398852,0.045911,0.232372,0.016456,0.104113
5096,0.330202,0.046784,0.158389,0.020922,0.104107
5097,0.414485,0.049136,0.257177,0.016991,0.091181
5098,0.354124,0.047861,0.169137,0.030114,0.107012
5099,0.396944,0.047976,0.229928,0.023704,0.095336
5100,0.321598,0.023099,0.158423,0.02161,0.118466
5101,0.415347,0.048498,0.25567,0.017157,0.094022
5102,0.331108,0.047375,0.171873,0.021488,0.090372
5103,0.390856,0.050589,0.230217,0.017178,0.092872
5104,0.3251,0.063719,0.158875,0.022715,0.079791
5105,0.42034,0.049945,0.247554,0.017016,0.105825
5106,0.330967,0.048662,0.168851,0.021239,0.092215
5107,0.403022,0.04375,0.229625,0.017863,0.111784
5108,0.315244,0.027055,0.156388,0.021538,0.110263
5109,0.404695,0.048734,0.246194,0.017163,0.092604
5110,0.339642,0.024753,0.167855,0.032624,0.11441
5111,0.39382,0.045353,0.23042,0.017006,0.101041
5112,0.316181,0.044894,0.153615,0.021175,0.096497
5113,0.414105,0.045241,0.254595,0.01703,0.097239
5114,0.323218,0.044268,0.169058,0.021278,0.088614
5115,0.40275,0.030385,0.230236,0.017235,0.124894
5116,0.31772,0.052471,0.154479,0.022332,0.088438
5117,0.409664,0.053908,0.253377,0.017032,0.085347
5118,0.351791,0.044518,0.175936,0.021371,0.109966
5119,0.41192,0.045455,0.237479,0.017062,0.111924
5120,0.31512,0.044088,0.15713,0.02131,0.092592
5121,0.421528,0.044993,0.249295,0.016702,0.110538
5122,0.344636,0.044782,0.169413,0.02286,0.107581
5123,0.39092,0.066417,0.229283,0.0178,0.07742
5124,0.296418,0.025965,0.15202,0.021216,0.097217
5125,0.399066,0.050777,0.246248,0.016991,0.08505
5126,0.324193,0.049234,0.168239,0.02134,0.08538
5127,0.379542,0.057699,0.232599,0.017197,0.072047
5128,0.315657,0.04899,0.156294,0.020904,0.089469
5129,0.397255,0.048894,0.245389,0.017399,0.085573
5130,0.328065,0.023368,0.170038,0.029418,0.105241
5131,0.376925,0.048468,0.228324,0.017297,0.082836
5132,0.314468,0.049609,0.152256,0.021782,0.090821
5133,0.40383,0.048416,0.248383,0.016966,0.090065
5134,0.323197,0.048681,0.167804,0.021316,0.085396
5135,0.38988,0.048603,0.232392,0.016927,0.091958
5136,0.321849,0.049625,0.156373,0.021002,0.094849
5137,0.397375,0.048751,0.245349,0.017375,0.0859
5138,0.320894,0.028349,0.175774,0.021647,0.095124
5139,0.383966,0.024192,0.230609,0.017748,0.111417
5140,0.300262,0.022438,0.151979,0.021528,0.104317
5141,0.426,0.049413,0.245022,0.016791,0.114774
5142,0.329861,0.051867,0.16682,0.021791,0.089383
5143,0.381018,0.048055,0.233474,0.016978,0.082511
5144,0.318864,0.049327,0.152819,0.028057,0.088661
5145,0.397313,0.023423,0.250934,0.017266,0.10569
5146,0.326849,0.050594,0.167977,0.021614,0.086664
5147,0.384175,0.047329,0.229999,0.016966,0.089881
5148,0.307468,0.048178,0.153387,0.021138,0.084765
5149,0.418125,0.047245,0.24894,0.016936,0.105004
5150,0.326711,0.050508,0.168029,0.021485,0.086689
5151,0.380395,0.047267,0.23049,0.016963,0.085675
5152,0.331695,0.04944,0.160129,0.024837,0.097289
5153,0.422362,0.021302,0.245905,0.016978,0.138177
5154,0.330506,0.02634,0.173379,0.021328,0.109459
5155,0.383725,0.022477,0.233219,0.0166,0.111429
5156,0.310324,0.043559,0.152972,0.021187,0.092606
5157,0.403478,0.04458,0.258669,0.016584,0.083645
5158,0.345611,0.058346,0.166852,0.02081,0.099603
5159,0.394023,0.045869,0.231204,0.016815,0.100135
5160,0.349302,0.022331,0.153255,0.03289,0.140826
5161,0.42998,0.051267,0.24717,0.016832,0.114711
5162,0.336703,0.049502,0.171426,0.020911,0.094864
5163,0.378697,0.047584,0.230474,0.016466,0.084173
5164,0.315584,0.048236,0.153257,0.020998,0.093093
5165,0.407131,0.047759,0.252251,0.016439,0.090682
5166,0.343374,0.051151,0.170174,0.021136,0.100913
5167,0.389751,0.049272,0.2294,0.017679,0.0934
5168,0.304615,0.022138,0.153978,0.021746,0.106753
5169,0.403626,0.021461,0.248876,0.02262,0.110669
5170,0.328148,0.022309,0.17456,0.029948,0.101331
5171,0.38383,0.049618,0.229581,0.016571,0.08806
5172,0.315553,0.022774,0.155329,0.021135,0.116315
5173,0.416716,0.047534,0.250694,0.016543,0.101945
5174,0.329522,0.048781,0.16977,0.021016,0.089955
5175,0.420926,0.045532,0.230747,0.016451,0.128196
5176,0.319132,0.046618,0.157099,0.021502,0.093913
5177,0.402685,0.047366,0.251819,0.016748,0.086752
5178,0.329755,0.048932,0.169056,0.021522,0.090245
5179,0.406896,0.047857,0.233767,0.017047,0.108225
5180,0.325169,0.024821,0.152967,0.020802,0.126579
5181,0.411564,0.045347,0.247147,0.016382,0.102688
5182,0.355765,0.065825,0.171701,0.021796,0.096443
5183,0.380743,0.050267,0.232964,0.017095,0.080417
5184,0.315875,0.047912,0.153367,0.021276,0.09332
5185,0.411451,0.049114,0.250637,0.016945,0.094755
5186,0.334949,0.062476,0.17034,0.022452,0.079681
5187,0.384153,0.049555,0.231591,0.016831,0.086176
5188,0.312974,0.04911,0.15581,0.021432,0.086622
5189,0.40544,0.049192,0.247125,0.01694,0.092183
5190,0.380691,0.033432,0.170535,0.029688,0.147036
5191,0.403233,0.048117,0.229583,0.017276,0.108257
5192,0.354272,0.04858,0.153012,0.021051,0.131629
5193,0.411322,0.048699,0.249059,0.017248,0.096316
5194,0.353663,0.046404,0.168989,0.033493,0.104777
5195,0.394615,0.050041,0.230289,0.017034,0.097251
5196,0.315541,0.047765,0.156761,0.02147,0.089545
5197,0.42885,0.048514,0.246173,0.018533,0.11563
5198,0.344539,0.048347,0.167959,0.022205,0.106028
5199,0.42768,0.02187,0.233694,0.031858,0.140258
5200,0.309135,0.023997,0.156174,0.020914,0.10805
5201,0.402831,0.028332,0.24907,0.017695,0.107734
5202,0.339057,0.062249,0.168252,0.021385,0.087171
5203,0.39213,0.049304,0.236034,0.017138,0.089654
5204,0.319322,0.047095,0.154967,0.02127,0.09599
5205,0.395497,0.023084,0.246383,0.017331,0.108699
5206,0.337106,0.063126,0.168082,0.02282,0.083078
5207,0.399336,0.057052,0.233377,0.016963,0.091944
5208,0.342737,0.048636,0.156145,0.021476,0.11648
5209,0.42048,0.049433,0.253374,0.017092,0.100581
5210,0.329626,0.049312,0.169281,0.02144,0.089593
5211,0.397687,0.048832,0.232586,0.01702,0.099249
5212,0.33446,0.049013,0.156691,0.022724,0.106032
5213,0.3994,0.02166,0.246927,0.017547,0.113266
5214,0.3638,0.029981,0.170204,0.028768,0.134847
5215,0.418035,0.049907,0.240304,0.016986,0.110838
5216,0.309044,0.048834,0.1527,0.021062,0.086448
5217,0.417162,0.049687,0.247379,0.017379,0.102717
5218,0.327595,0.048712,0.168091,0.02148,0.089312
5219,0.385796,0.048106,0.231158,0.017278,0.089254
5220,0.303145,0.022836,0.152632,0.02227,0.105407
5221,0.402535,0.050069,0.249677,0.016934,0.085855
5222,0.348593,0.04847,0.168256,0.021743,0.110124
5223,0.413863,0.048779,0.232988,0.016753,0.115343
5224,0.328857,0.048388,0.152779,0.021186,0.106504
5225,0.415116,0.047922,0.25595,0.016863,0.094381
5226,0.324702,0.049219,0.169075,0.021006,0.085402
5227,0.389524,0.048932,0.233296,0.017558,0.089738
5228,0.338691,0.024224,0.15373,0.033608,0.127129
5229,0.435535,0.064532,0.246367,0.016245,0.108391
5230,0.326102,0.048429,0.171968,0.02115,0.084555
5231,0.39296,0.047434,0.23362,0.016599,0.095307
5232,0.329829,0.042516,0.155336,0.020968,0.111009
5233,0.40459,0.043837,0.251118,0.017279,0.092356
5234,0.355013,0.042745,0.169438,0.020957,0.121873
5235,0.382736,0.025842,0.234492,0.016844,0.105558
5236,0.321774,0.054005,0.153808,0.021285,0.092676
5237,0.406843,0.048968,0.258572,0.01679,0.082513
5238,0.349063,0.065276,0.17104,0.02204,0.090707
5239,0.408276,0.050844,0.23977,0.021681,0.095981
5240,0.328784,0.048486,0.152307,0.02104,0.106951
5241,0.419958,0.047605,0.246408,0.016855,0.10909
5242,0.392209,0.029138,0.173359,0.02172,0.167992
5243,0.430597,0.047957,0.229347,0.030213,0.12308
5244,0.355444,0.050097,0.155012,0.032473,0.117862
5245,0.432515,0.047772,0.248749,0.017087,0.118907
5246,0.352025,0.048776,0.170153,0.021307,0.111789
5247,0.405416,0.048451,0.236122,0.016787,0.104056
5248,0.32111,0.048262,0.1566,0.021264,0.094984
5249,0.40003,0.047713,0.249657,0.018122,0.084538
5250,0.330056,0.048968,0.167814,0.021435,0.091839
5251,0.383941,0.024508,0.22942,0.01708,0.112933
5252,0.31514,0.024684,0.154288,0.020958,0.11521
5253,0.405989,0.049068,0.251782,0.016464,0.088675
5254,0.329933,0.049731,0.170214,0.0211,0.088888
5255,0.387075,0.04775,0.232299,0.016777,0.090249
5256,0.311604,0.023025,0.152912,0.020833,0.114834
5257,0.411502,0.02507,0.247057,0.016839,0.122536
5258,0.329649,0.046699,0.167161,0.021634,0.094155
5259,0.406342,0.044162,0.239783,0.016715,0.105682
5260,0.3138,0.043847,0.152665,0.020803,0.096485
5261,0.409534,0.043931,0.247434,0.016592,0.101577
5262,0.344551,0.044459,0.168094,0.021151,0.110847
5263,0.402586,0.044375,0.24025,0.016456,0.101505
5264,0.322838,0.044122,0.15652,0.022365,0.099831
5265,0.430588,0.043498,0.249274,0.016888,0.120928
5266,0.345838,0.030433,0.172998,0.021206,0.121201
5267,0.376501,0.023908,0.229916,0.017011,0.105666
5268,0.305315,0.029625,0.153102,0.021153,0.101435
5269,0.393875,0.050786,0.247987,0.016726,0.078376
5270,0.363242,0.047628,0.168281,0.031822,0.115511
5271,0.385998,0.04905,0.23406,0.0174,0.085488
5272,0.326362,0.0238,0.157975,0.021727,0.12286
5273,0.402278,0.04521,0.24688,0.01741,0.092778
5274,0.325148,0.024658,0.168492,0.025114,0.106884
5275,0.395077,0.049858,0.230154,0.016808,0.098257
5276,0.31849,0.062784,0.154421,0.021256,0.080029
5277,0.415083,0.049959,0.248968,0.017164,0.098992
5278,0.357969,0.050336,0.167862,0.031085,0.108686
5279,0.422887,0.049178,0.235469,0.017261,0.120979
5280,0.317135,0.048937,0.153583,0.021688,0.092927
5281,0.405925,0.049952,0.246981,0.017396,0.091596
5282,0.344753,0.033875,0.171686,0.025373,0.113819
5283,0.425358,0.045738,0.234585,0.017054,0.127981
5284,0.319039,0.045254,0.154626,0.028972,0.090187
5285,0.42434,0.045717,0.256796,0.017387,0.10444
5286,0.347,0.045796,0.169066,0.025441,0.106697
5287,0.419458,0.05998,0.240642,0.01849,0.100346
5288,0.313313,0.048332,0.152648,0.021132,0.091201
5289,0.414889,0.047704,0.25169,0.017112,0.098383
5290,0.330884,0.048898,0.169604,0.021125,0.091257
5291,0.387744,0.048646,0.230975,0.01699,0.091133
5292,0.314527,0.049947,0.152992,0.021792,0.089796
5293,0.40032,0.050272,0.247566,0.017332,0.08515
5294,0.349602,0.051483,0.167693,0.021866,0.10856
5295,0.387774,0.049129,0.230232,0.017445,0.090968
5296,0.316993,0.02478,0.156102,0.02106,0.115051
5297,0.40267,0.028181,0.246597,0.016902,0.11099
5298,0.329275,0.049046,0.171894,0.021574,0.086761
5299,0.396591,0.048393,0.231266,0.017163,0.099769
5300,0.325815,0.045691,0.15269,0.021293,0.106141
5301,0.428175,0.044751,0.25152,0.017423,0.114481
5302,0.317574,0.041849,0.170611,0.021188,0.083926
5303,0.395107,0.046366,0.231549,0.016869,0.100323
5304,0.31998,0.045687,0.155369,0.021165,0.097759
5305,0.420462,0.045322,0.250581,0.016803,0.107756
5306,0.359315,0.045762,0.171283,0.02079,0.12148
5307,0.409464,0.048802,0.229544,0.017518,0.1136
5308,0.31382,0.049694,0.154172,0.020975,0.088979
5309,0.473802,0.055288,0.246466,0.04079,0.131258
5310,0.335062,0.04819,0.175834,0.021544,0.089494
5311,0.439907,0.047988,0.234487,0.029991,0.127441
5312,0.313435,0.050149,0.154164,0.021204,0.087918
5313,0.423006,0.048445,0.249141,0.01724,0.10818
5314,0.352381,0.048843,0.167836,0.028427,0.107275
5315,0.38568,0.047024,0.230789,0.017027,0.09084
5316,0.313902,0.049386,0.157035,0.022998,0.084483
5317,0.409725,0.048914,0.249665,0.017176,0.09397
5318,0.32788,0.022686,0.167864,0.026869,0.110461
5319,0.391053,0.044963,0.233042,0.017287,0.095761
5320,0.304922,0.024534,0.160049,0.02098,0.099359
5321,0.408502,0.048908,0.24984,0.016501,0.093253
5322,0.358551,0.049774,0.168274,0.025163,0.11534
5323,0.392151,0.047452,0.230992,0.017101,0.096606
5324,0.308255,0.02274,0.155073,0.022323,0.108119
5325,0.453266,0.045481,0.249885,0.029678,0.128222
5326,0.350488,0.048781,0.170999,0.020854,0.109854
5327,0.391317,0.04688,0.235283,0.017515,0.091639
5328,0.320009,0.051402,0.153503,0.021306,0.093798
5329,0.403029,0.048881,0.254134,0.016785,0.083229
5330,0.354304,0.048704,0.173867,0.024538,0.107195
5331,0.441402,0.047301,0.257846,0.018361,0.117894
5332,0.315951,0.0448,0.153135,0.021245,0.096771
5333,0.413876,0.044185,0.246595,0.017536,0.10556
5334,0.34331,0.030299,0.167441,0.028186,0.117384
5335,0.386853,0.06352,0.231674,0.01664,0.075019
5336,0.315957,0.047671,0.154024,0.021125,0.093137
5337,0.407487,0.050195,0.248865,0.01663,0.091797
5338,0.365603,0.052329,0.179728,0.021584,0.111962
5339,0.428085,0.060589,0.237137,0.017211,0.113148
5340,0.328942,0.047814,0.152439,0.02159,0.107099
5341,0.414564,0.049988,0.24918,0.016733,0.098663
5342,0.332299,0.061523,0.168274,0.021458,0.081044
5343,0.384432,0.049448,0.231009,0.016795,0.08718
5344,0.314604,0.04707,0.152766,0.021358,0.09341
5345,0.405042,0.04966,0.255842,0.016515,0.083025
5346,0.341358,0.023673,0.168115,0.033097,0.116473
5347,0.414618,0.050526,0.246036,0.017318,0.100738
5348,0.312068,0.048581,0.153346,0.021174,0.088967
5349,0.408353,0.045372,0.257533,0.016984,0.088464
5350,0.330674,0.048738,0.171674,0.02124,0.089022
5351,0.393058,0.050987,0.231002,0.017236,0.093833
5352,0.333347,0.048549,0.158033,0.021248,0.105517
5353,0.410482,0.049544,0.247664,0.01826,0.095014
5354,0.325744,0.023181,0.172457,0.026233,0.103873
5355,0.438755,0.022308,0.230125,0.0427,0.143622
5356,0.320831,0.024079,0.152555,0.021112,0.123085
5357,0.403669,0.045782,0.250569,0.018332,0.088986
5358,0.341406,0.029256,0.171738,0.031224,0.109188
5359,0.390485,0.050316,0.231073,0.017175,0.091921
5360,0.309488,0.048683,0.15394,0.021137,0.085728
5361,0.407669,0.026046,0.246841,0.017037,0.117745
5362,0.342289,0.045692,0.169698,0.0212,0.105699
5363,0.400739,0.04724,0.230672,0.017104,0.105723
5364,0.326953,0.045562,0.155534,0.020661,0.105196
5365,0.405414,0.044299,0.252064,0.017236,0.091815
5366,0.331073,0.046253,0.16797,0.02088,0.09597
5367,0.394259,0.0411,0.231306,0.017475,0.104378
5368,0.321797,0.044889,0.15403,0.022561,0.100317
5369,0.419007,0.044354,0.247737,0.017759,0.109157
5370,0.326836,0.026212,0.168289,0.027734,0.104601
5371,0.388949,0.049597,0.230283,0.017258,0.091811
5372,0.322276,0.023112,0.153945,0.02092,0.124299
5373,0.421155,0.048466,0.249146,0.017156,0.106387
5374,0.358642,0.048401,0.17119,0.024988,0.114063
5375,0.390666,0.047782,0.232556,0.017298,0.09303
5376,0.320607,0.024674,0.153261,0.021835,0.120837
5377,0.396146,0.025738,0.245443,0.017175,0.10779
5378,0.342173,0.048721,0.168393,0.02151,0.103549
5379,0.387153,0.05011,0.23193,0.017388,0.087725
5380,0.310571,0.044264,0.153023,0.02114,0.092144
5381,0.413284,0.04685,0.252122,0.017033,0.097279
5382,0.327089,0.05813,0.167152,0.021154,0.080653
5383,0.403522,0.04642,0.22857,0.017672,0.11086
5384,0.319793,0.050179,0.156128,0.021828,0.091658
5385,0.394138,0.024856,0.244955,0.017551,0.106776
5386,0.328813,0.023504,0.168434,0.032538,0.104337
5387,0.411272,0.047532,0.229599,0.017253,0.116888
5388,0.306535,0.022513,0.152675,0.021403,0.109944
5389,0.419308,0.04778,0.244894,0.017031,0.109603
5390,0.328326,0.049189,0.172618,0.02165,0.084869
5391,0.399384,0.034344,0.230632,0.017309,0.117099
5392,0.363404,0.045092,0.151848,0.020985,0.145479
5393,0.411611,0.044338,0.245541,0.016127,0.105605
5394,0.355633,0.043238,0.170057,0.02863,0.113708
5395,0.395655,0.044251,0.230895,0.017403,0.103106
5396,0.330947,0.04305,0.152496,0.020614,0.114787
5397,0.418097,0.054488,0.254671,0.016502,0.092436
5398,0.362767,0.048789,0.171381,0.022367,0.12023
5399,0.397974,0.048547,0.232287,0.016867,0.100273
5400,0.328577,0.022101,0.154203,0.040906,0.111367
5401,0.421929,0.05088,0.26036,0.016696,0.093993
5402,0.343529,0.0635,0.170267,0.02234,0.087422
5403,0.408793,0.048511,0.244477,0.016788,0.099017
5404,0.318287,0.048234,0.154723,0.021443,0.093887
5405,0.404404,0.049376,0.250696,0.018023,0.086309
5406,0.353217,0.060591,0.170122,0.021596,0.100908
5407,0.379233,0.049452,0.230381,0.016723,0.082677
5408,0.332029,0.048326,0.158298,0.021206,0.104199
5409,0.408618,0.0473,0.248478,0.016329,0.096511
5410,0.33438,0.050212,0.168122,0.02152,0.094526
5411,0.398425,0.048709,0.229803,0.016439,0.103474
5412,0.329155,0.049716,0.153374,0.020704,0.105361
5413,0.448811,0.068142,0.25525,0.017247,0.108172
5414,0.330058,0.049658,0.17061,0.021684,0.088106
5415,0.423347,0.023131,0.232076,0.029396,0.138744
5416,0.330496,0.062369,0.158878,0.020815,0.088434
5417,0.400011,0.049482,0.245646,0.017279,0.087604
5418,0.347659,0.063214,0.174169,0.021406,0.08887
5419,0.394957,0.043674,0.229634,0.017017,0.104632
5420,0.312846,0.044268,0.153818,0.02177,0.09299
5421,0.40547,0.046094,0.249396,0.01696,0.09302
5422,0.326296,0.046227,0.168724,0.02146,0.089885
5423,0.406109,0.043976,0.239914,0.016638,0.105581
5424,0.32277,0.046976,0.152881,0.020983,0.10193
5425,0.428928,0.052559,0.248405,0.026373,0.101591
5426,0.348337,0.047191,0.168175,0.02131,0.111661
5427,0.387562,0.047619,0.231302,0.016191,0.09245
5428,0.302957,0.024864,0.154065,0.021588,0.10244
5429,0.420095,0.049428,0.245069,0.017022,0.108576
5430,0.331373,0.047852,0.168871,0.02122,0.09343
5431,0.381859,0.050014,0.230624,0.017519,0.083702
5432,0.32156,0.048302,0.156155,0.021192,0.095911
5433,0.406238,0.049689,0.252182,0.016806,0.087561
5434,0.35476,0.05106,0.16924,0.021693,0.112767
5435,0.390529,0.04923,0.232652,0.01796,0.090687
5436,0.303906,0.022837,0.153422,0.02129,0.106357
5437,0.402129,0.025956,0.245136,0.017478,0.113559
5438,0.337993,0.030358,0.172361,0.032405,0.102869
5439,0.391127,0.048285,0.2309,0.016805,0.095137
5440,0.315587,0.047683,0.154524,0.020896,0.092484
5441,0.411941,0.049812,0.257295,0.017015,0.087819
5442,0.352962,0.048253,0.171515,0.020959,0.112235
5443,0.393931,0.034418,0.234384,0.017097,0.108032
5444,0.312824,0.044422,0.154313,0.021183,0.092906
5445,0.409211,0.044761,0.256275,0.016854,0.091321
5446,0.365408,0.055501,0.169284,0.020966,0.119657
5447,0.407184,0.043613,0.233146,0.016891,0.113534
5448,0.315235,0.047158,0.154021,0.021269,0.092787
5449,0.410897,0.045208,0.25682,0.017276,0.091593
5450,0.334038,0.044016,0.171429,0.022672,0.095921
5451,0.385845,0.045639,0.230087,0.017112,0.093007
5452,0.333379,0.045468,0.156412,0.021305,0.110194
5453,0.41316,0.025605,0.246834,0.016894,0.123827
5454,0.339757,0.048998,0.170347,0.021312,0.0991
5455,0.404793,0.049967,0.235419,0.016586,0.102821
5456,0.33218,0.048373,0.15552,0.02129,0.106997
5457,0.394247,0.033302,0.246822,0.017228,0.096895
5458,0.393891,0.046569,0.210126,0.021348,0.115848
5459,0.446022,0.044267,0.272026,0.016519,0.11321
5460,0.371262,0.060218,0.193581,0.033154,0.084309
5461,0.912165,0.052057,0.24907,0.016646,0.594392
5462,0.364943,0.05121,0.21199,0.021742,0.080001
5463,0.398412,0.028872,0.23234,0.019426,0.117774
5464,0.313906,0.045143,0.153189,0.02146,0.094114
5465,0.397428,0.045416,0.245415,0.017335,0.089262
5466,0.35827,0.047138,0.168365,0.03128,0.111487
5467,0.376173,0.044919,0.22919,0.017205,0.084859
5468,0.304853,0.046053,0.15342,0.021348,0.084032
5469,0.394567,0.045367,0.247651,0.0172,0.084349
5470,0.344256,0.04421,0.167705,0.035675,0.096666
5471,0.389209,0.03145,0.229165,0.017767,0.110827
5472,0.303333,0.022811,0.154955,0.021226,0.104341
5473,0.400062,0.024798,0.244879,0.016696,0.113689
5474,0.343876,0.045046,0.167518,0.020884,0.110428
5475,0.406249,0.046267,0.237577,0.01658,0.105825
5476,0.328864,0.043997,0.15202,0.020531,0.112316
5477,0.406367,0.045175,0.245193,0.01661,0.099389
5478,0.34901,0.044715,0.169278,0.02221,0.112807
5479,0.375847,0.046245,0.231508,0.017303,0.080791
5480,0.325273,0.026475,0.152751,0.03377,0.112277
5481,0.413251,0.047772,0.244339,0.019482,0.101658
5482,0.32044,0.021023,0.16812,0.021537,0.10976
5483,0.396296,0.04891,0.229965,0.016833,0.100588
5484,0.318129,0.044823,0.153488,0.021294,0.098524
5485,0.393317,0.044289,0.248012,0.017323,0.083693
5486,0.322131,0.02491,0.171563,0.021487,0.104171
5487,0.384882,0.04809,0.229716,0.016854,0.090222
5488,0.306971,0.048848,0.15239,0.021432,0.084301
5489,0.414786,0.048021,0.248175,0.017447,0.101143
5490,0.329475,0.047336,0.169682,0.021411,0.091046
5491,0.38212,0.047996,0.229098,0.016911,0.088115
5492,0.311542,0.050821,0.152522,0.021718,0.086481
5493,0.426711,0.04906,0.260224,0.017677,0.09975
5494,0.326617,0.023685,0.168778,0.021673,0.112481
5495,0.38178,0.024829,0.227578,0.023051,0.106322
5496,0.308909,0.043934,0.155181,0.021388,0.088406
5497,0.408088,0.046146,0.254681,0.019538,0.087723
5498,0.311908,0.046954,0.167926,0.021309,0.075719
5499,0.395189,0.046367,0.232705,0.017283,0.098834
5500,0.311853,0.044193,0.152791,0.021386,0.093483
5501,0.408384,0.044199,0.245283,0.017557,0.101345
5502,0.323795,0.025435,0.171296,0.021263,0.105801
5503,0.385851,0.027365,0.230688,0.018304,0.109494
5504,0.309253,0.027908,0.159588,0.024176,0.097581
5505,0.402211,0.025356,0.24385,0.017943,0.115062
5506,0.320562,0.025698,0.167443,0.02117,0.106251
5507,0.386144,0.050704,0.229209,0.017122,0.089109
5508,0.306809,0.048217,0.151983,0.021408,0.085201
5509,0.425143,0.05032,0.252835,0.01785,0.104138
5510,0.348146,0.061376,0.173127,0.02114,0.092503
5511,0.382633,0.047478,0.232004,0.017579,0.085572
5512,0.306395,0.045449,0.153255,0.02126,0.086431
5513,0.409975,0.025416,0.247022,0.017726,0.119811
5514,0.331927,0.024553,0.167902,0.029586,0.109886
5515,0.393238,0.059153,0.228865,0.018263,0.086957
5516,0.309798,0.04574,0.15317,0.020743,0.090145
5517,0.420156,0.02971,0.245907,0.01776,0.126779
5518,0.334282,0.053487,0.167713,0.021386,0.091696
5519,0.381944,0.04806,0.228862,0.017615,0.087407
5520,0.322462,0.050486,0.156772,0.021597,0.093607
5521,0.420124,0.049456,0.246071,0.017594,0.107003
5522,0.330831,0.049988,0.167719,0.021304,0.09182
5523,0.386782,0.049966,0.23022,0.017575,0.089021
5524,0.326668,0.052675,0.157379,0.021567,0.095047
5525,0.400042,0.025012,0.245858,0.019907,0.109265
5526,0.331986,0.028723,0.167895,0.021744,0.113624
5527,0.396309,0.025054,0.240556,0.01784,0.112859
5528,0.320944,0.045356,0.153356,0.030397,0.091835
5529,0.394306,0.045431,0.246776,0.017371,0.084728
5530,0.323574,0.04484,0.171266,0.021114,0.086354
5531,0.402804,0.043967,0.240519,0.017101,0.101217
5532,0.338522,0.045737,0.156783,0.021758,0.114244
5533,0.405656,0.045345,0.247849,0.018106,0.094356
5534,0.324036,0.02618,0.168288,0.021232,0.108336
5535,0.401615,0.048724,0.228262,0.019221,0.105408
5536,0.304299,0.024768,0.152421,0.020783,0.106327
5537,0.405793,0.028438,0.246423,0.017142,0.11379
5538,0.347924,0.049006,0.167328,0.021088,0.110502
5539,0.399849,0.049043,0.229808,0.017266,0.103732
5540,0.332498,0.025294,0.156524,0.040326,0.110354
5541,0.415793,0.044674,0.25762,0.018577,0.094922
5542,0.3162,0.045135,0.167715,0.021204,0.082146
5543,0.393209,0.046576,0.232631,0.01725,0.096752
5544,0.30931,0.044585,0.152509,0.021233,0.090983
5545,0.406562,0.04412,0.245297,0.016989,0.100156
5546,0.316576,0.044953,0.168459,0.020733,0.082431
5547,0.408449,0.046361,0.230962,0.02137,0.109756
5548,0.307837,0.02633,0.157579,0.02182,0.102108
5549,0.396169,0.025653,0.245701,0.017794,0.107021
5550,0.327087,0.02841,0.170726,0.021055,0.106896
5551,0.375701,0.022239,0.23775,0.017058,0.098654
5552,0.320602,0.045133,0.15333,0.0208,0.101339
5553,0.412971,0.045885,0.25235,0.017698,0.097038
5554,0.32326,0.045163,0.167247,0.021202,0.089648
5555,0.388493,0.050689,0.230373,0.017999,0.089432
5556,0.312511,0.059756,0.152494,0.021242,0.079019
5557,0.400473,0.044048,0.246582,0.017419,0.092424
5558,0.312359,0.024157,0.167308,0.021127,0.099767
5559,0.367505,0.023066,0.228545,0.019276,0.096618
5560,0.299911,0.025738,0.154599,0.02083,0.098744
5561,0.397327,0.053563,0.246016,0.017074,0.080674
5562,0.336031,0.062317,0.167717,0.021257,0.08474
5563,0.444088,0.049209,0.252666,0.018068,0.124145
5564,0.333908,0.02703,0.15286,0.029304,0.124714
5565,0.408329,0.059064,0.247203,0.022711,0.079351
5566,0.319775,0.047762,0.167826,0.020787,0.0834
5567,0.380067,0.049104,0.231008,0.017391,0.082564
5568,0.318156,0.035637,0.152361,0.020974,0.109184
5569,0.405827,0.045948,0.243944,0.019939,0.095996
5570,0.30955,0.024492,0.167307,0.021686,0.096065
5571,0.383159,0.02595,0.229911,0.017075,0.110223
5572,0.302827,0.026426,0.153421,0.021245,0.101735
5573,0.39605,0.048851,0.250862,0.017647,0.07869
5574,0.3297,0.027751,0.170785,0.026855,0.104309
5575,0.387193,0.043837,0.22909,0.017701,0.096565
5576,0.307007,0.028996,0.152929,0.020598,0.104484
5577,0.383884,0.025818,0.244839,0.017863,0.095364
5578,0.354156,0.050622,0.168907,0.033794,0.100833
5579,0.398623,0.029394,0.229478,0.017506,0.122245
5580,0.31712,0.063638,0.152092,0.021344,0.080046
5581,0.393882,0.049733,0.252378,0.016918,0.074853
5582,0.348735,0.045534,0.167799,0.021404,0.113998
5583,0.376802,0.050437,0.229784,0.017044,0.079537
5584,0.306566,0.04742,0.153433,0.021357,0.084356
5585,0.403019,0.025066,0.245273,0.016872,0.115808
5586,0.334073,0.045863,0.169092,0.02405,0.095068
5587,0.397131,0.047571,0.229694,0.017024,0.102842
5588,0.325565,0.045929,0.155644,0.021148,0.102844
5589,0.420164,0.046278,0.24611,0.01697,0.110806
5590,0.323886,0.044909,0.168059,0.02092,0.089998
5591,0.392689,0.047146,0.232492,0.016762,0.096289
5592,0.323627,0.048069,0.152939,0.02129,0.101329
5593,0.420251,0.049224,0.245503,0.016944,0.10858
5594,0.322289,0.023191,0.168361,0.02135,0.109387
5595,0.415962,0.045345,0.236452,0.017735,0.11643
5596,0.29382,0.043576,0.152708,0.021177,0.076359
5597,0.415382,0.047346,0.255457,0.020557,0.092022
5598,0.325529,0.047009,0.170734,0.021307,0.086479
5599,0.389762,0.049919,0.229651,0.01763,0.092562
5600,0.321622,0.047981,0.153155,0.021154,0.099332
5601,0.395923,0.051525,0.246953,0.018371,0.079074
5602,0.325909,0.022908,0.168092,0.02162,0.113289
5603,0.387344,0.048848,0.230504,0.017276,0.090716
5604,0.310211,0.048487,0.151634,0.0213,0.08879
5605,0.392625,0.052476,0.245449,0.017306,0.077394
5606,0.334463,0.047033,0.168173,0.021148,0.098109
5607,0.377758,0.048749,0.230136,0.018049,0.080824
5608,0.331242,0.024568,0.155025,0.032237,0.119412
5609,0.409987,0.045066,0.245345,0.018636,0.10094
5610,0.325751,0.029492,0.167299,0.02575,0.10321
5611,0.384194,0.022603,0.230414,0.023002,0.108175
5612,0.318215,0.045284,0.152586,0.021112,0.099233
5613,0.390416,0.045316,0.246008,0.017449,0.081643
5614,0.349013,0.045225,0.168797,0.020542,0.114449
5615,0.381571,0.046756,0.230996,0.018003,0.085816
5616,0.295313,0.024551,0.152132,0.021074,0.097556
5617,0.424186,0.048633,0.249722,0.017547,0.108284
5618,0.327098,0.051891,0.169883,0.021328,0.083996
5619,0.375258,0.022083,0.230741,0.018782,0.103652
5620,0.29902,0.02486,0.152186,0.021202,0.100772
5621,0.41463,0.047896,0.244804,0.017456,0.104474
5622,0.319904,0.04873,0.169088,0.021116,0.08097
5623,0.40358,0.04735,0.236677,0.016952,0.102601
5624,0.310935,0.049887,0.153021,0.021148,0.086879
5625,0.40876,0.027367,0.249126,0.017175,0.115092
5626,0.344833,0.044399,0.170405,0.0213,0.108729
5627,0.382043,0.046801,0.230052,0.019654,0.085536
5628,0.323531,0.047566,0.156908,0.020946,0.098111
5629,0.408366,0.045183,0.248783,0.01856,0.09584
5630,0.333709,0.044511,0.169008,0.020625,0.099565
5631,0.394549,0.045919,0.23431,0.018034,0.096286
5632,0.332125,0.044008,0.153601,0.028188,0.106328
5633,0.413136,0.030062,0.246537,0.017521,0.119016
5634,0.337892,0.064963,0.169754,0.021562,0.081613
5635,0.39889,0.048048,0.233167,0.0176,0.100075
5636,0.322311,0.063797,0.155291,0.02103,0.082193
5637,0.40692,0.047299,0.24914,0.017589,0.092892
5638,0.321158,0.049543,0.169128,0.020882,0.081605
5639,0.384362,0.048539,0.228811,0.019426,0.087586
5640,0.31177,0.049209,0.154546,0.021393,0.086622
5641,0.383006,0.022357,0.245736,0.017786,0.097127
5642,0.315814,0.025104,0.170708,0.02169,0.098312
5643,0.388587,0.033008,0.24108,0.017404,0.097095
5644,0.302678,0.045655,0.153194,0.02106,0.082769
5645,0.395822,0.045585,0.245207,0.017535,0.087495
5646,0.325706,0.045938,0.16806,0.021148,0.09056
5647,0.387969,0.04496,0.229364,0.017049,0.096596
5648,0.341782,0.05384,0.153398,0.021673,0.112871
5649,0.406547,0.045369,0.258648,0.017252,0.085278
5650,0.324451,0.047298,0.167646,0.021138,0.088369
5651,0.389995,0.052159,0.235061,0.017928,0.084847
5652,0.320042,0.032557,0.152754,0.02175,0.112981
5653,0.397313,0.030032,0.244492,0.017213,0.105576
5654,0.330846,0.048874,0.166733,0.021524,0.093715
5655,0.393618,0.0477,0.228231,0.018561,0.099126
5656,0.339665,0.025934,0.156105,0.04037,0.117256
5657,0.413515,0.04734,0.24952,0.016488,0.100167
5658,0.317793,0.043258,0.167253,0.021142,0.08614
5659,0.391477,0.045058,0.229324,0.017186,0.099909
5660,0.327353,0.0428,0.152912,0.02064,0.111001
5661,0.401546,0.047073,0.253711,0.019205,0.081557
5662,0.333011,0.047942,0.168286,0.021372,0.095411
5663,0.403349,0.04879,0.233071,0.017593,0.103895
5664,0.301813,0.023855,0.152278,0.021223,0.104457
5665,0.381529,0.024326,0.245744,0.01728,0.094179
5666,0.333759,0.024702,0.167857,0.032835,0.108365
5667,0.38699,0.045325,0.228846,0.017301,0.095518
5668,0.293486,0.02341,0.152348,0.020924,0.096804
5669,0.440642,0.048225,0.248641,0.027596,0.11618
5670,0.359526,0.044807,0.170902,0.025785,0.118032
5671,0.435846,0.062046,0.235209,0.016991,0.1216
5672,0.303871,0.024964,0.154545,0.021024,0.103338
5673,0.411809,0.049599,0.254836,0.018927,0.088447
5674,0.323567,0.049246,0.170745,0.022165,0.081411
5675,0.39224,0.048514,0.229131,0.017013,0.097582
5676,0.310258,0.049685,0.15348,0.021566,0.085527
5677,0.405097,0.045298,0.256504,0.017427,0.085868
5678,0.329777,0.050174,0.167593,0.021606,0.090404
5679,0.386011,0.022348,0.230288,0.017061,0.116314
5680,0.306758,0.044931,0.153577,0.02166,0.08659
5681,0.412432,0.044569,0.256492,0.023087,0.088284
5682,0.339342,0.047106,0.168499,0.021875,0.101862
5683,0.38868,0.056258,0.229376,0.0174,0.085646
5684,0.31878,0.049641,0.1602,0.022564,0.086375
5685,0.398626,0.047364,0.245812,0.017382,0.088068
5686,0.34704,0.049703,0.169725,0.021691,0.105921
5687,0.391675,0.025323,0.230705,0.017727,0.11792
5688,0.310953,0.028468,0.156512,0.021518,0.104455
5689,0.399741,0.026698,0.246145,0.018156,0.108742
5690,0.324727,0.02832,0.16775,0.02669,0.101967
5691,0.378571,0.048491,0.228143,0.017336,0.084601
5692,0.3257,0.05017,0.153492,0.021434,0.100604
5693,0.400685,0.045834,0.255212,0.017204,0.082435
5694,0.352616,0.048783,0.186728,0.021516,0.095589
5695,0.387851,0.048869,0.229577,0.017596,0.091809
5696,0.319296,0.049548,0.152924,0.020924,0.0959
5697,0.39724,0.053342,0.250862,0.018173,0.074863
5698,0.320902,0.024633,0.167199,0.022112,0.106958
5699,0.379718,0.025236,0.239382,0.017642,0.097458
5700,0.329636,0.049443,0.153067,0.02145,0.105676
5701,0.417016,0.048106,0.244598,0.017628,0.106684
5702,0.341308,0.028277,0.172268,0.026242,0.114521
5703,0.428554,0.047963,0.229678,0.018197,0.132716
5704,0.324351,0.044642,0.154092,0.020907,0.10471
5705,0.407169,0.047132,0.255,0.020915,0.084122
5706,0.331581,0.047566,0.168135,0.021064,0.094816
5707,0.384091,0.048669,0.230287,0.017465,0.08767
5708,0.309318,0.049527,0.15312,0.020908,0.085763
5709,0.410245,0.049073,0.248762,0.0181,0.09431
5710,0.325218,0.026514,0.168663,0.021506,0.108535
5711,0.377049,0.024694,0.227457,0.018198,0.1067
5712,0.297155,0.022688,0.153606,0.020945,0.099916
5713,0.393735,0.049502,0.245244,0.01773,0.081259
5714,0.318414,0.024786,0.167763,0.021224,0.104641
5715,0.38235,0.021998,0.229673,0.01712,0.113559
5716,0.312617,0.049109,0.15291,0.021136,0.089462
5717,0.396621,0.048915,0.246018,0.017903,0.083785
5718,0.346098,0.050159,0.172156,0.023138,0.100645
5719,0.381574,0.048854,0.229921,0.017779,0.08502
5720,0.310937,0.04853,0.15318,0.021356,0.087871
5721,0.417066,0.024297,0.246762,0.017677,0.12833
5722,0.3162,0.035278,0.170301,0.02072,0.089901
5723,0.394627,0.050379,0.23305,0.017055,0.094143
5724,0.330859,0.048494,0.153584,0.021273,0.107508
5725,0.436266,0.059794,0.25139,0.017571,0.107511
5726,0.353359,0.04973,0.172327,0.02971,0.101592
5727,0.38878,0.049347,0.231773,0.017128,0.090532
5728,0.322566,0.047892,0.154425,0.021294,0.098955
5729,0.412342,0.052234,0.247189,0.017357,0.095562
5730,0.328887,0.024911,0.169224,0.032535,0.102217
5731,0.403954,0.048667,0.229757,0.017576,0.107954
5732,0.305087,0.021568,0.151179,0.022192,0.110148
5733,0.395546,0.025216,0.252898,0.017193,0.100239
5734,0.367447,0.050442,0.172065,0.030215,0.114725
5735,0.412505,0.047532,0.236775,0.019698,0.1085
5736,0.351051,0.048389,0.157662,0.02098,0.12402
5737,0.42756,0.059786,0.256674,0.017869,0.093231
5738,0.348916,0.046629,0.167305,0.021468,0.113514
5739,0.412541,0.047922,0.236962,0.01777,0.109887
5740,0.380977,0.066808,0.156655,0.02635,0.131164
5741,0.407667,0.048322,0.245556,0.016978,0.096811
5742,0.323555,0.048513,0.16846,0.021121,0.085461
5743,0.380678,0.023009,0.240859,0.017146,0.099664
5744,0.312711,0.04496,0.154831,0.021545,0.091375
5745,0.39364,0.046801,0.245656,0.01775,0.083433
5746,0.323829,0.024457,0.166581,0.031974,0.100817
5747,0.37928,0.051239,0.233108,0.017131,0.077802
5748,0.328593,0.021626,0.154233,0.021332,0.131402
5749,0.435992,0.048506,0.248748,0.032243,0.106495
5750,0.377094,0.059527,0.17764,0.021356,0.118571
5751,0.400386,0.046553,0.229717,0.024244,0.099872
5752,0.327394,0.044111,0.152903,0.02076,0.10962
5753,0.401407,0.044288,0.254294,0.016963,0.085862
5754,0.356463,0.04554,0.167424,0.033156,0.110343
5755,0.438614,0.050471,0.236962,0.034249,0.116932
5756,0.321673,0.04947,0.152736,0.021546,0.097921
5757,0.400023,0.048438,0.248654,0.017129,0.085802
5758,0.341926,0.028669,0.168446,0.033278,0.111533
5759,0.389328,0.045306,0.231679,0.016899,0.095444
5760,0.320596,0.04271,0.152416,0.020768,0.104702
5761,0.401322,0.043716,0.25093,0.017096,0.08958
5762,0.320105,0.028394,0.16797,0.020998,0.102743
5763,0.38053,0.027949,0.239567,0.016615,0.096399
5764,0.317892,0.044646,0.155675,0.020908,0.096663
5765,0.391462,0.047525,0.24373,0.016894,0.083313
5766,0.327111,0.047454,0.168841,0.020774,0.090042
5767,0.394249,0.046306,0.232191,0.016978,0.098774
5768,0.320055,0.043732,0.153459,0.0207,0.102164
5769,0.391967,0.044772,0.246847,0.017239,0.083109
5770,0.322764,0.044369,0.168691,0.021245,0.088459
5771,0.378984,0.024488,0.229282,0.018136,0.107078
5772,0.335798,0.025905,0.154256,0.028468,0.127169
5773,0.422758,0.047798,0.245895,0.017253,0.111812
5774,0.328662,0.049477,0.171987,0.021166,0.086032
5775,0.384445,0.048832,0.230157,0.017289,0.088167
5776,0.317347,0.0514,0.153744,0.02198,0.090223
5777,0.419708,0.048171,0.245469,0.020021,0.106047
5778,0.363384,0.034479,0.167934,0.021252,0.139719
5779,0.397419,0.046634,0.228728,0.019795,0.102262
5780,0.307437,0.043954,0.15448,0.020976,0.088027
5781,0.397417,0.046283,0.24518,0.017363,0.088591
5782,0.347755,0.043574,0.167965,0.020957,0.115259
5783,0.382692,0.047672,0.230631,0.017132,0.087257
5784,0.309689,0.043438,0.156012,0.021488,0.088751
5785,0.403891,0.045856,0.245111,0.017408,0.095516
5786,0.326661,0.026464,0.169126,0.028761,0.10231
5787,0.380073,0.04886,0.229806,0.017184,0.084223
5788,0.312008,0.050326,0.152957,0.020926,0.087799
5789,0.409806,0.046473,0.245517,0.017394,0.100422
5790,0.310993,0.046311,0.169124,0.020937,0.074621
5791,0.388237,0.049054,0.232506,0.020218,0.086459
5792,0.304706,0.048144,0.153417,0.021625,0.08152
5793,0.404986,0.050949,0.245585,0.01793,0.090522
5794,0.328553,0.022161,0.172808,0.021562,0.112022
5795,0.39363,0.02261,0.229009,0.01754,0.124471
5796,0.326908,0.024777,0.153091,0.038483,0.110557
5797,0.426471,0.048945,0.244968,0.016886,0.115672
5798,0.323199,0.047192,0.168267,0.021134,0.086606
5799,0.406476,0.047377,0.239015,0.017409,0.102675
5800,0.30935,0.048684,0.154059,0.021408,0.085199
5801,0.405788,0.048055,0.249797,0.018661,0.089275
5802,0.329196,0.048371,0.168927,0.02227,0.089628
5803,0.397435,0.029259,0.230941,0.017946,0.119289
5804,0.318251,0.029627,0.153223,0.021057,0.114344
5805,0.42179,0.048851,0.245579,0.018865,0.108495
5806,0.325076,0.046809,0.16903,0.021154,0.088083
5807,0.399357,0.049866,0.229982,0.018301,0.101208
5808,0.312274,0.049176,0.152812,0.020958,0.089328
5809,0.425219,0.025804,0.246945,0.031731,0.120739
5810,0.319362,0.045873,0.168397,0.020844,0.084248
5811,0.396533,0.049023,0.233023,0.017626,0.096861
5812,0.307209,0.045282,0.152402,0.021313,0.088212
5813,0.411256,0.046272,0.246189,0.017435,0.10136
5814,0.331538,0.0472,0.168713,0.030526,0.085099
5815,0.391817,0.04388,0.229215,0.016552,0.10217
5816,0.328215,0.045937,0.152372,0.021748,0.108158
5817,0.388869,0.024016,0.24774,0.017689,0.099424
5818,0.327155,0.023235,0.169661,0.021197,0.113062
5819,0.382517,0.049041,0.230675,0.017509,0.085292
5820,0.305148,0.04705,0.152396,0.021207,0.084495
5821,0.424818,0.048572,0.248497,0.025921,0.101828
5822,0.336713,0.02156,0.168529,0.030515,0.116109
5823,0.382362,0.048074,0.231241,0.016841,0.086206
5824,0.353223,0.050055,0.181364,0.02205,0.099754
5825,0.41062,0.049329,0.24667,0.020051,0.09457
5826,0.323269,0.021521,0.167625,0.021087,0.113036
5827,0.380487,0.046492,0.231891,0.016557,0.085547
5828,0.310798,0.047284,0.156221,0.021164,0.086129
5829,0.397604,0.02452,0.245964,0.017136,0.109984
5830,0.324176,0.048909,0.167935,0.021218,0.086114
5831,0.395613,0.049947,0.230135,0.017555,0.097976
5832,0.318291,0.022873,0.154029,0.021284,0.120105
5833,0.410276,0.048391,0.255808,0.019712,0.086365
5834,0.354127,0.048342,0.16761,0.03221,0.105965
5835,0.379624,0.049007,0.233092,0.016814,0.080711
5836,0.310486,0.049032,0.153139,0.021216,0.087099
5837,0.397435,0.048693,0.246547,0.017058,0.085137
5838,0.333198,0.021529,0.167233,0.020995,0.123441
5839,0.403333,0.045821,0.245059,0.017966,0.094487
5840,0.307532,0.025106,0.152842,0.021038,0.108546
5841,0.388208,0.023085,0.245408,0.021204,0.098511
5842,0.33224,0.023821,0.170652,0.0238,0.113967
5843,0.386231,0.051904,0.230195,0.016975,0.087157
5844,0.305945,0.047978,0.152895,0.021674,0.083398
5845,0.407551,0.047806,0.248792,0.017246,0.093707
5846,0.322198,0.021707,0.167555,0.022026,0.11091
5847,0.392382,0.048255,0.22938,0.018694,0.096053
5848,0.313622,0.04724,0.154847,0.021577,0.089958
5849,0.438107,0.064271,0.26,0.017888,0.095948
5850,0.342038,0.025998,0.16948,0.033536,0.113024
5851,0.406118,0.058503,0.230312,0.018882,0.098421
5852,0.306539,0.048371,0.153317,0.023063,0.081788
5853,0.411911,0.044074,0.256776,0.017229,0.093832
5854,0.317169,0.045227,0.168489,0.020996,0.082457
5855,0.424944,0.048726,0.230066,0.01728,0.128872
5856,0.312671,0.045551,0.15641,0.022428,0.088282
5857,0.418415,0.045728,0.247002,0.016713,0.108972
5858,0.321351,0.045293,0.169117,0.02088,0.086061
5859,0.391286,0.03116,0.231369,0.017315,0.111442
5860,0.30642,0.048994,0.153204,0.02105,0.083172
5861,0.402373,0.049079,0.25671,0.017071,0.079513
5862,0.318621,0.048314,0.167658,0.021016,0.081633
5863,0.382857,0.022929,0.235684,0.018088,0.106156
5864,0.312713,0.048892,0.153098,0.021505,0.089218
5865,0.407145,0.049363,0.244158,0.017688,0.095936
5866,0.334,0.048378,0.171023,0.025978,0.088621
5867,0.412431,0.049329,0.237275,0.022652,0.103175
5868,0.329187,0.048851,0.153157,0.020987,0.106192
5869,0.392892,0.047616,0.24514,0.017575,0.082561
5870,0.330485,0.047863,0.169026,0.021674,0.091922
5871,0.374212,0.025434,0.228617,0.019846,0.100315
5872,0.335235,0.03149,0.154289,0.029929,0.119527
5873,0.404014,0.050968,0.244943,0.019511,0.088592
5874,0.321313,0.048906,0.168752,0.021226,0.082429
5875,0.379222,0.050873,0.22913,0.017254,0.081965
5876,0.323626,0.050107,0.155628,0.021717,0.096174
5877,0.396058,0.024217,0.244837,0.017805,0.109199
5878,0.33035,0.024886,0.184185,0.02233,0.098949
5879,0.38864,0.050094,0.229831,0.017614,0.091101
5880,0.328422,0.04765,0.152133,0.021394,0.107245
5881,0.409957,0.049912,0.246156,0.020808,0.093081
5882,0.314482,0.032374,0.167899,0.021082,0.093127
5883,0.3918,0.044098,0.231243,0.017162,0.099297
5884,0.308164,0.046552,0.152874,0.0209,0.087838
5885,0.405627,0.042576,0.258402,0.017632,0.087017
5886,0.334366,0.024822,0.173315,0.025903,0.110326
5887,0.38369,0.051314,0.233216,0.017256,0.081904
5888,0.316277,0.048481,0.152209,0.02093,0.094657
5889,0.409638,0.03057,0.246168,0.017191,0.115709
5890,0.328389,0.047316,0.168092,0.02138,0.091601
5891,0.379526,0.044706,0.228764,0.017166,0.08889
5892,0.307484,0.045689,0.153501,0.021072,0.087222
5893,0.406146,0.045092,0.247871,0.018134,0.095049
5894,0.337649,0.029786,0.170784,0.029955,0.107124
5895,0.383976,0.050518,0.229941,0.01978,0.083737
5896,0.30732,0.048597,0.152908,0.021496,0.084319
5897,0.398224,0.02512,0.246882,0.01748,0.108742
5898,0.326837,0.02594,0.167844,0.033185,0.099868
5899,0.399588,0.049717,0.240819,0.016998,0.092054
5900,0.306898,0.049682,0.155727,0.020904,0.080585
5901,0.400022,0.047664,0.24549,0.021479,0.085389
5902,0.353755,0.050151,0.167877,0.021433,0.114294
5903,0.438211,0.049544,0.245964,0.033053,0.10965
5904,0.345386,0.058627,0.158703,0.021663,0.106393
5905,0.396238,0.049453,0.245822,0.017269,0.083694
5906,0.321253,0.02148,0.167849,0.021478,0.110446
5907,0.408185,0.05221,0.240144,0.016985,0.098846
5908,0.324019,0.047143,0.153435,0.021053,0.102388
5909,0.409347,0.028904,0.247461,0.017425,0.115557
5910,0.316005,0.046081,0.169262,0.021076,0.079586
5911,0.406449,0.04507,0.240855,0.01943,0.101094
5912,0.31674,0.045218,0.153559,0.028903,0.08906
5913,0.416309,0.049371,0.245537,0.0175,0.103901
5914,0.31891,0.048299,0.168449,0.021485,0.080677
5915,0.378847,0.051334,0.229896,0.017173,0.080444
5916,0.330899,0.047189,0.153519,0.021518,0.108673
5917,0.412649,0.025925,0.249019,0.017241,0.120464
5918,0.336037,0.029392,0.16771,0.020772,0.118163
5919,0.369777,0.02312,0.228645,0.01739,0.100622
5920,0.311718,0.030146,0.152135,0.021185,0.108252
5921,0.412038,0.050742,0.24668,0.02007,0.094546
5922,0.323139,0.047253,0.168749,0.021416,0.085721
5923,0.399871,0.049435,0.229205,0.017039,0.104192
5924,0.348952,0.068785,0.162835,0.02124,0.096092
5925,0.392918,0.050146,0.245269,0.016916,0.080587
5926,0.320637,0.048656,0.167932,0.021068,0.082981
5927,0.382497,0.049,0.233874,0.017361,0.082262
5928,0.309546,0.021451,0.153131,0.021094,0.11387
5929,0.397604,0.024347,0.244815,0.020399,0.108043
5930,0.321359,0.02349,0.1662,0.021038,0.110631
5931,0.39162,0.04475,0.229426,0.01701,0.100434
5932,0.302357,0.025609,0.153262,0.021233,0.102253
5933,0.416509,0.048953,0.244864,0.017002,0.10569
5934,0.355739,0.050113,0.171055,0.021047,0.113524
5935,0.377916,0.049523,0.229282,0.016927,0.082184
5936,0.308931,0.050376,0.152265,0.021262,0.085028
5937,0.410967,0.047687,0.245896,0.02365,0.093734
5938,0.331701,0.02524,0.167093,0.027993,0.111375
5939,0.388304,0.048723,0.235464,0.01778,0.086337
5940,0.320002,0.036327,0.154086,0.021055,0.108534
5941,0.395661,0.025218,0.247824,0.018162,0.104457
5942,0.320675,0.045686,0.169323,0.020962,0.084704
5943,0.389951,0.047086,0.22936,0.016966,0.096539
5944,0.327609,0.044602,0.152624,0.020997,0.109386
5945,0.406304,0.04789,0.254188,0.017529,0.086697
5946,0.345764,0.046676,0.167849,0.021102,0.110137
5947,0.390198,0.046299,0.229229,0.01773,0.09694
5948,0.304067,0.025518,0.154375,0.021086,0.103088
5949,0.383685,0.021971,0.244832,0.017601,0.099281
5950,0.320779,0.023663,0.169732,0.020833,0.106551
5951,0.406635,0.048408,0.241882,0.020524,0.095821
5952,0.308378,0.048633,0.153546,0.021214,0.084985
5953,0.407264,0.048024,0.250733,0.017457,0.09105
5954,0.354047,0.06095,0.168228,0.02119,0.103679
5955,0.430133,0.050811,0.231338,0.017887,0.130097
5956,0.330782,0.048331,0.153227,0.021345,0.107879
5957,0.416852,0.047631,0.245312,0.017945,0.105964
5958,0.331656,0.048025,0.171149,0.021334,0.091148
5959,0.407968,0.024702,0.229274,0.01924,0.134752
5960,0.321938,0.047812,0.153877,0.021495,0.098754
5961,0.393991,0.045601,0.247032,0.017239,0.084119
5962,0.326125,0.045426,0.168565,0.021089,0.091045
5963,0.380728,0.024967,0.23776,0.019758,0.098243
5964,0.314089,0.05094,0.154953,0.021483,0.086713
5965,0.39455,0.048403,0.245978,0.017058,0.083111
5966,0.322862,0.050978,0.169119,0.021386,0.081379
5967,0.390986,0.047381,0.22944,0.017117,0.097048
5968,0.312357,0.04884,0.155629,0.021505,0.086383
5969,0.417884,0.04873,0.245322,0.017139,0.106693
5970,0.324751,0.048901,0.169153,0.02202,0.084677
5971,0.391007,0.027969,0.230806,0.017498,0.114734
5972,0.318253,0.029415,0.154587,0.02085,0.113401
5973,0.417266,0.04817,0.245551,0.017274,0.106271
5974,0.320227,0.026142,0.169159,0.021352,0.103574
5975,0.381126,0.04777,0.231187,0.018135,0.084034
5976,0.308364,0.029373,0.152074,0.020957,0.10596
5977,0.403245,0.026526,0.244564,0.017134,0.115021
5978,0.368911,0.052634,0.171305,0.027388,0.117584
5979,0.409869,0.046256,0.237454,0.017093,0.109066
5980,0.338458,0.04444,0.153464,0.020989,0.119565
5981,0.391848,0.046197,0.245797,0.017175,0.082679
5982,0.333111,0.045741,0.169286,0.028476,0.089608
5983,0.412475,0.044823,0.245213,0.016981,0.105458
5984,0.294595,0.030093,0.152238,0.020656,0.091608
5985,0.411226,0.048745,0.248488,0.017057,0.096936
5986,0.339446,0.027134,0.168889,0.033174,0.110249
5987,0.388011,0.045833,0.230939,0.017041,0.094198
5988,0.31448,0.045338,0.15173,0.020465,0.096947
5989,0.405911,0.04487,0.255626,0.01708,0.088335
5990,0.317493,0.042928,0.167703,0.020854,0.086008
5991,0.379485,0.047642,0.228068,0.01677,0.087005
5992,0.315762,0.043225,0.156094,0.021296,0.095147
5993,0.400095,0.044422,0.245642,0.017803,0.092228
5994,0.315298,0.02524,0.168019,0.02125,0.100789
5995,0.373977,0.024667,0.22829,0.020549,0.100471
5996,0.315089,0.029875,0.153349,0.020672,0.111193
5997,0.381485,0.021511,0.245418,0.017465,0.097091
5998,0.318628,0.024661,0.167934,0.020963,0.10507
5999,0.391125,0.04946,0.236673,0.017788,0.087204
6000,0.319689,0.064853,0.153833,0.021558,0.079445
6001,0.41195,0.048552,0.245978,0.020646,0.096774
6002,0.324628,0.04794,0.168991,0.02129,0.086407
6003,0.388027,0.051277,0.228813,0.017495,0.090442
6004,0.320897,0.024535,0.152563,0.020994,0.122805
6005,0.395856,0.046434,0.244936,0.01736,0.087126
6006,0.345943,0.022627,0.171425,0.031957,0.119934
6007,0.394054,0.06241,0.230531,0.022435,0.078678
6008,0.318598,0.049087,0.152485,0.020928,0.096098
6009,0.42412,0.023063,0.249689,0.017224,0.134144
6010,0.340626,0.046649,0.168942,0.021358,0.103677
6011,0.381615,0.049401,0.228438,0.01732,0.086456
6012,0.330749,0.048304,0.152986,0.020778,0.108681
6013,0.413353,0.05034,0.248908,0.020354,0.093751
6014,0.344473,0.024935,0.168778,0.0316,0.11916
6015,0.405526,0.045139,0.239611,0.019393,0.101383
6016,0.319564,0.04706,0.153158,0.020816,0.09853
6017,0.392271,0.025272,0.245632,0.018087,0.10328
6018,0.356286,0.05059,0.167809,0.033748,0.104139
6019,0.394106,0.04877,0.227466,0.018078,0.099792
6020,0.321024,0.048851,0.153573,0.021105,0.097495
6021,0.423215,0.057191,0.255995,0.019799,0.09023
6022,0.335222,0.054381,0.169118,0.022482,0.089241
6023,0.389515,0.048233,0.230721,0.017461,0.0931
6024,0.327656,0.064863,0.154455,0.023478,0.08486
6025,0.404864,0.023695,0.246515,0.017976,0.116678
6026,0.313349,0.032266,0.169206,0.021322,0.090555
6027,0.387138,0.047606,0.232172,0.017352,0.090008
6028,0.341775,0.05053,0.153256,0.021435,0.116554
6029,0.41855,0.048769,0.250143,0.018324,0.101314
6030,0.324698,0.049528,0.168462,0.021436,0.085272
6031,0.387291,0.04885,0.229691,0.017941,0.090809
6032,0.308125,0.024279,0.153464,0.021611,0.108771
6033,0.393768,0.049128,0.245144,0.017364,0.082132
6034,0.321091,0.049784,0.168315,0.021128,0.081864
6035,0.379306,0.048888,0.229272,0.017108,0.084038
6036,0.306607,0.049828,0.153206,0.021338,0.082235
6037,0.401824,0.049137,0.25342,0.019764,0.079503
6038,0.331551,0.026498,0.168569,0.028732,0.107752
6039,0.39235,0.05011,0.22867,0.025273,0.088297
6040,0.302256,0.0263,0.153685,0.02156,0.100711
6041,0.403129,0.049771,0.248076,0.017786,0.087496
6042,0.334472,0.024899,0.169463,0.03205,0.10806
6043,0.381488,0.046211,0.231251,0.01735,0.086676
6044,0.347444,0.045018,0.156171,0.020945,0.12531
6045,0.407409,0.045267,0.245201,0.017307,0.099634
6046,0.318502,0.025116,0.168198,0.021204,0.103984
6047,0.401435,0.04699,0.229545,0.017841,0.107059
6048,0.310869,0.049217,0.152975,0.021479,0.087198
6049,0.424606,0.050115,0.245919,0.017577,0.110995
6050,0.34131,0.024493,0.167818,0.031446,0.117553
6051,0.398534,0.048238,0.233183,0.01713,0.099983
6052,0.328061,0.0443,0.152663,0.029299,0.101799
6053,0.402962,0.045155,0.24614,0.020273,0.091394
6054,0.324877,0.02477,0.171325,0.021002,0.10778
6055,0.428197,0.053606,0.230259,0.016811,0.127521
6056,0.305795,0.044406,0.152568,0.021398,0.087423
6057,0.405538,0.04495,0.260172,0.017016,0.0834
6058,0.321316,0.045638,0.168429,0.02087,0.086379
6059,0.395209,0.048103,0.229379,0.017569,0.100158
6060,0.297362,0.021996,0.151996,0.021486,0.101884
6061,0.3882,0.026598,0.248175,0.017288,0.096139
6062,0.322968,0.04906,0.168069,0.021102,0.084737
6063,0.385555,0.027627,0.230744,0.017491,0.109693
6064,0.317666,0.04498,0.153517,0.021592,0.097577
6065,0.432613,0.046024,0.247331,0.017123,0.122135
6066,0.3258,0.048388,0.16929,0.021127,0.086995
6067,0.381933,0.04769,0.230502,0.016903,0.086838
6068,0.32471,0.043819,0.152903,0.020976,0.107012
6069,0.413358,0.043533,0.255563,0.017011,0.097251
6070,0.353836,0.045797,0.19706,0.02172,0.089259
6071,0.406244,0.045103,0.232748,0.017389,0.111004
6072,0.302391,0.024864,0.155629,0.021218,0.10068
6073,0.385795,0.022331,0.244696,0.016852,0.101916
6074,0.331209,0.049939,0.168049,0.021477,0.091744
6075,0.385137,0.049302,0.228878,0.018977,0.08798
6076,0.305139,0.046625,0.152847,0.02148,0.084187
6077,0.429164,0.048876,0.246334,0.026049,0.107905
6078,0.330829,0.023055,0.170883,0.032179,0.104712
6079,0.392052,0.045233,0.23209,0.017991,0.096738
6080,0.322471,0.04857,0.153489,0.020792,0.09962
6081,0.399548,0.051107,0.248156,0.017362,0.082923
6082,0.331615,0.025283,0.168046,0.025396,0.11289
6083,0.403277,0.045727,0.236612,0.016557,0.104381
6084,0.337817,0.045051,0.153736,0.020815,0.118215
6085,0.400313,0.046153,0.24576,0.018607,0.089793
6086,0.312263,0.025018,0.168401,0.021406,0.097438
6087,0.383353,0.023706,0.230279,0.019542,0.109826
6088,0.298337,0.024084,0.155896,0.021235,0.097122
6089,0.400744,0.050764,0.247449,0.017333,0.085198
6090,0.347981,0.026755,0.16788,0.033592,0.119754
6091,0.383,0.045334,0.230224,0.01706,0.090382
6092,0.319093,0.044917,0.152331,0.020827,0.101018
6093,0.394827,0.046113,0.246467,0.01806,0.084187
6094,0.325898,0.044804,0.169042,0.020944,0.091108
6095,0.384395,0.044286,0.231481,0.017596,0.091032
6096,0.295468,0.02437,0.152459,0.02113,0.097509
6097,0.415167,0.063875,0.256606,0.019778,0.074908
6098,0.341897,0.023451,0.168069,0.035126,0.115251
6099,0.40077,0.047771,0.230476,0.017099,0.105424
6100,0.312007,0.044305,0.153109,0.021018,0.093575
6101,0.455529,0.064834,0.256413,0.017373,0.116909
6102,0.34352,0.053093,0.170972,0.021238,0.098217
6103,0.398813,0.056285,0.232434,0.017142,0.092952
6104,0.317346,0.062666,0.153414,0.021165,0.080101
6105,0.422476,0.049249,0.258172,0.017275,0.09778
6106,0.341303,0.063176,0.168802,0.0213,0.088025
6107,0.378848,0.024817,0.231414,0.0172,0.105417
6108,0.318534,0.048269,0.153867,0.021036,0.095362
6109,0.408122,0.02952,0.247269,0.01792,0.113413
6110,0.317618,0.050601,0.16774,0.021417,0.07786
6111,0.397604,0.048691,0.233951,0.017965,0.096997
6112,0.305447,0.05155,0.155671,0.021362,0.076864
6113,0.404482,0.049774,0.254801,0.019133,0.080774
6114,0.320805,0.048486,0.168697,0.021237,0.082385
6115,0.380136,0.04868,0.229891,0.017346,0.084219
6116,0.315463,0.047661,0.153785,0.022135,0.091882
6117,0.400425,0.021676,0.246089,0.017746,0.114914
6118,0.318902,0.023617,0.167364,0.020825,0.107096
6119,0.371622,0.023937,0.232673,0.017872,0.09714
6120,0.300446,0.024771,0.153827,0.021068,0.10078
6121,0.394595,0.050274,0.246179,0.017516,0.080626
6122,0.325826,0.048054,0.167886,0.02545,0.084436
6123,0.391628,0.050183,0.230148,0.02273,0.088567
6124,0.318697,0.048671,0.157957,0.021524,0.090545
6125,0.420347,0.050602,0.256657,0.017242,0.095846
6126,0.352482,0.048818,0.168244,0.02103,0.11439
6127,0.393423,0.049903,0.228768,0.01761,0.097142
6128,0.307337,0.047034,0.152016,0.021368,0.086919
6129,0.393693,0.04957,0.248133,0.017484,0.078506
6130,0.319349,0.047635,0.168613,0.02102,0.082081
6131,0.408473,0.050182,0.23939,0.019319,0.099582
6132,0.32612,0.027082,0.153656,0.02102,0.124362
6133,0.41072,0.059633,0.245822,0.019835,0.08543
6134,0.351625,0.048724,0.167581,0.021248,0.114072
6135,0.392762,0.053242,0.229554,0.018763,0.091203
6136,0.333692,0.048773,0.155708,0.020874,0.108337
6137,0.411291,0.049126,0.244776,0.01964,0.097749
6138,0.325727,0.030702,0.166818,0.02582,0.102387
6139,0.40489,0.044522,0.229099,0.017753,0.113516
6140,0.320222,0.030498,0.152594,0.020881,0.116249
6141,0.39357,0.025459,0.244422,0.017245,0.106444
6142,0.325814,0.023835,0.167504,0.027618,0.106857
6143,0.39418,0.050664,0.232614,0.01731,0.093592
6144,0.313398,0.049352,0.153159,0.021194,0.089693
6145,0.401464,0.048844,0.245306,0.017514,0.0898
6146,0.3396,0.02198,0.171647,0.032888,0.113085
6147,0.405411,0.045042,0.233861,0.017833,0.108675
6148,0.322769,0.045777,0.153318,0.021258,0.102416
6149,0.394405,0.024962,0.244649,0.017258,0.107536
6150,0.337507,0.049439,0.167634,0.021572,0.098862
6151,0.409922,0.049677,0.237647,0.018145,0.104453
6152,0.328706,0.048415,0.152435,0.02117,0.106686
6153,0.398887,0.050467,0.248604,0.017477,0.082339
6154,0.319847,0.021091,0.168446,0.02093,0.10938
6155,0.386731,0.029473,0.230043,0.020041,0.107174
6156,0.303011,0.047064,0.153123,0.02145,0.081374
6157,0.406422,0.045331,0.255328,0.01675,0.089013
6158,0.335193,0.045084,0.1671,0.020907,0.102102
6159,0.381579,0.045153,0.230777,0.017091,0.088558
6160,0.315628,0.048452,0.155523,0.020744,0.090909
6161,0.404508,0.045684,0.255479,0.016864,0.086481
6162,0.337207,0.0462,0.16714,0.021776,0.102091
6163,0.391122,0.023864,0.231492,0.017618,0.118148
6164,0.311129,0.024977,0.151626,0.021165,0.113361
6165,0.39616,0.02506,0.244803,0.01949,0.106807
6166,0.347107,0.047149,0.171732,0.023652,0.104574
6167,0.380702,0.051028,0.232413,0.016764,0.080497
6168,0.314669,0.048707,0.153281,0.030284,0.082397
6169,0.41344,0.049808,0.245374,0.016763,0.101495
6170,0.325576,0.048259,0.16895,0.02183,0.086537
6171,0.404364,0.048772,0.229268,0.01729,0.109034
6172,0.319304,0.02449,0.155056,0.021222,0.118536
6173,0.392309,0.021103,0.245543,0.017004,0.108659
6174,0.325784,0.050134,0.174885,0.022821,0.077944
6175,0.392833,0.052773,0.230125,0.017202,0.092733
6176,0.305624,0.045536,0.152375,0.021052,0.086661
6177,0.392706,0.045314,0.245732,0.016616,0.085044
6178,0.36662,0.024478,0.18108,0.033072,0.12799
6179,0.381544,0.049707,0.232399,0.016922,0.082516
6180,0.306706,0.049983,0.152142,0.021214,0.083367
6181,0.393078,0.048722,0.251542,0.017471,0.075343
6182,0.33852,0.022685,0.167602,0.033193,0.11504
6183,0.386276,0.048257,0.229417,0.017,0.091602
6184,0.320464,0.024491,0.15236,0.02116,0.122453
6185,0.421763,0.047251,0.247578,0.017445,0.109489
6186,0.340653,0.03042,0.1689,0.03104,0.110293
6187,0.383375,0.050587,0.229567,0.019323,0.083898
6188,0.323773,0.056555,0.152816,0.021774,0.092628
6189,0.408524,0.050214,0.245561,0.017834,0.094915
6190,0.34208,0.024782,0.167542,0.032047,0.117709
6191,0.388838,0.049784,0.228629,0.017702,0.092723
6192,0.320002,0.024872,0.155557,0.021275,0.118298
6193,0.40148,0.048166,0.247042,0.023909,0.082363
6194,0.347131,0.045574,0.167307,0.020644,0.113606
6195,0.412388,0.047264,0.234779,0.017056,0.113289
6196,0.314427,0.046302,0.154407,0.02113,0.092588
6197,0.40268,0.0287,0.245597,0.017807,0.110576
6198,0.31072,0.022306,0.167952,0.021434,0.099028
6199,0.39347,0.028393,0.22857,0.020367,0.11614
6200,0.297753,0.024557,0.152971,0.021178,0.099047
6201,0.446786,0.053507,0.246587,0.017466,0.129226
6202,0.32815,0.053191,0.173129,0.021493,0.080337
6203,0.382118,0.048859,0.230105,0.018007,0.085147
6204,0.326413,0.050009,0.1539,0.021165,0.101339
6205,0.395277,0.048404,0.2461,0.017322,0.083451
6206,0.329233,0.049546,0.17051,0.021062,0.088115
6207,0.392053,0.047905,0.231343,0.01732,0.095485
6208,0.307751,0.049628,0.154018,0.021373,0.082732
6209,0.389735,0.02247,0.247948,0.017251,0.102066
6210,0.326173,0.044754,0.169908,0.02142,0.090091
6211,0.3835,0.046264,0.2299,0.016955,0.090381
6212,0.305469,0.046629,0.154066,0.021395,0.083379
6213,0.394986,0.04583,0.245173,0.017325,0.086658
6214,0.330665,0.048582,0.168434,0.02107,0.092579
6215,0.403898,0.046305,0.228959,0.017586,0.111048
6216,0.320185,0.049078,0.158823,0.021858,0.090426
6217,0.388404,0.02462,0.24608,0.018384,0.09932
6218,0.321913,0.025484,0.167268,0.021533,0.107628
6219,0.365354,0.024668,0.228999,0.017749,0.093938
6220,0.323592,0.049026,0.152682,0.021175,0.100709
6221,0.383191,0.02099,0.245284,0.017581,0.099336
6222,0.337516,0.02974,0.168546,0.025298,0.113932
6223,0.407302,0.047894,0.239925,0.017034,0.102449
6224,0.321629,0.050036,0.153255,0.021795,0.096543
6225,0.408689,0.048926,0.255911,0.016966,0.086886
6226,0.319463,0.0501,0.170294,0.02103,0.078039
6227,0.382033,0.048474,0.228759,0.017226,0.087574
6228,0.3064,0.049554,0.153793,0.021078,0.081975
6229,0.395089,0.048377,0.245956,0.019201,0.081555
6230,0.325976,0.028205,0.167318,0.02112,0.109333
6231,0.378707,0.024435,0.227852,0.017374,0.109046
6232,0.335729,0.054394,0.154885,0.021162,0.105288
6233,0.419666,0.048058,0.249516,0.017339,0.104753
6234,0.335744,0.049872,0.168697,0.02093,0.096245
6235,0.4004,0.048348,0.229628,0.016938,0.105486
6236,0.306477,0.051066,0.152531,0.021062,0.081818
6237,0.409767,0.047654,0.24594,0.016887,0.099286
6238,0.33106,0.050469,0.168516,0.028483,0.083592
6239,0.375722,0.022195,0.229133,0.01921,0.105184
6240,0.302878,0.024362,0.157339,0.021242,0.099935
6241,0.411297,0.049139,0.251593,0.019104,0.091461
6242,0.320075,0.047878,0.167657,0.021203,0.083337
6243,0.38052,0.048226,0.228252,0.017077,0.086965
6244,0.309867,0.049518,0.152727,0.020992,0.08663
6245,0.409925,0.046384,0.252525,0.01654,0.094476
6246,0.325776,0.046071,0.169007,0.020988,0.08971
6247,0.395262,0.049629,0.233329,0.018217,0.094087
6248,0.321706,0.025304,0.152496,0.021218,0.122688
6249,0.395538,0.02338,0.244697,0.019574,0.107887
6250,0.320056,0.025419,0.167525,0.02115,0.105962
6251,0.39624,0.028648,0.227763,0.016802,0.123027
6252,0.310614,0.049124,0.152962,0.021138,0.08739
6253,0.386642,0.05006,0.246039,0.017013,0.07353
6254,0.325938,0.05007,0.16873,0.021099,0.086039
6255,0.382774,0.049162,0.231648,0.018197,0.083767
6256,0.321983,0.050193,0.153198,0.02129,0.097302
6257,0.410953,0.04878,0.250156,0.017509,0.094508
6258,0.315528,0.021341,0.168258,0.021216,0.104713
6259,0.380984,0.02479,0.237911,0.016897,0.101386
6260,0.310333,0.047251,0.152491,0.02137,0.089221
6261,0.41544,0.051203,0.251539,0.01694,0.095758
6262,0.322943,0.050188,0.167654,0.021106,0.083995
6263,0.451475,0.049724,0.236936,0.038543,0.126272
6264,0.325494,0.024908,0.154822,0.020673,0.125091
6265,0.423275,0.047062,0.245618,0.018732,0.111863
6266,0.320538,0.047561,0.168081,0.021268,0.083628
6267,0.377969,0.047168,0.229574,0.017214,0.084013
6268,0.311869,0.033808,0.153945,0.021725,0.102391
6269,0.418971,0.049962,0.250662,0.016786,0.101561
6270,0.34156,0.048548,0.176971,0.021055,0.094986
6271,0.387776,0.022663,0.239544,0.018008,0.107561
6272,0.332317,0.025673,0.154243,0.021159,0.131242
6273,0.411433,0.044294,0.24606,0.019074,0.102005
6274,0.339668,0.02874,0.169337,0.029364,0.112227
6275,0.393772,0.049503,0.229722,0.01807,0.096477
6276,0.310091,0.026577,0.152952,0.02157,0.108992
6277,0.386157,0.025774,0.245478,0.017283,0.097622
6278,0.338748,0.049391,0.172563,0.021538,0.095256
6279,0.395403,0.04893,0.231357,0.017708,0.097408
6280,0.328802,0.048124,0.152825,0.021365,0.106488
6281,0.396468,0.048768,0.245588,0.017645,0.084467
6282,0.344722,0.02466,0.167834,0.03252,0.119708
6283,0.377982,0.045709,0.231247,0.017773,0.083253
6284,0.324322,0.024605,0.153455,0.020988,0.125274
6285,0.436475,0.049859,0.245468,0.017908,0.12324
6286,0.323342,0.024596,0.168985,0.021385,0.108376
6287,0.378785,0.045112,0.229659,0.017255,0.086759
6288,0.320833,0.046127,0.155418,0.02079,0.098498
6289,0.39868,0.045198,0.247672,0.017439,0.088371
6290,0.324913,0.024256,0.16899,0.031258,0.100409
6291,0.385413,0.050245,0.231746,0.017803,0.085619
6292,0.300347,0.021806,0.15299,0.021478,0.104073
6293,0.407914,0.049495,0.246901,0.017604,0.093914
6294,0.337063,0.026738,0.168397,0.03106,0.110868
6295,0.385946,0.047278,0.229692,0.017645,0.091331
6296,0.302803,0.04585,0.153346,0.020954,0.082653
6297,0.411209,0.048076,0.24868,0.017101,0.097352
6298,0.328586,0.048947,0.172219,0.021225,0.086195
6299,0.390822,0.051473,0.230115,0.017072,0.092162
6300,0.317499,0.04877,0.153892,0.020834,0.094003
6301,0.402142,0.049901,0.253593,0.017925,0.080723
6302,0.326491,0.025877,0.17149,0.021894,0.10723
6303,0.388424,0.0289,0.229966,0.020187,0.109371
6304,0.308245,0.027128,0.152943,0.021212,0.106962
6305,0.392387,0.024695,0.247238,0.017774,0.10268
6306,0.357931,0.026715,0.169664,0.021216,0.140336
6307,0.378303,0.045256,0.229056,0.01744,0.086551
6308,0.311393,0.045085,0.152771,0.029033,0.084504
6309,0.405082,0.04631,0.245862,0.017587,0.095323
6310,0.32108,0.046787,0.169588,0.021352,0.083353
6311,0.372899,0.045142,0.229055,0.017983,0.080719
6312,0.311671,0.031655,0.155879,0.020984,0.103153
6313,0.385235,0.023062,0.245159,0.01773,0.099284
6314,0.325331,0.022389,0.16749,0.021194,0.114258
6315,0.388954,0.029125,0.229848,0.020289,0.109692
6316,0.334718,0.047785,0.153534,0.020932,0.112467
6317,0.431696,0.054887,0.247174,0.017612,0.112023
6318,0.351262,0.049661,0.167691,0.021076,0.112834
6319,0.387967,0.050218,0.228042,0.018324,0.091383
6320,0.326469,0.048795,0.153373,0.021637,0.102664
6321,0.416174,0.050277,0.245545,0.016979,0.103373
6322,0.319766,0.047321,0.168346,0.02119,0.082909
6323,0.39228,0.051585,0.230439,0.017377,0.092879
6324,0.31638,0.021906,0.151804,0.021005,0.121665
6325,0.40784,0.035248,0.251617,0.017247,0.103728
6326,0.324838,0.049308,0.170649,0.021202,0.083679
6327,0.377615,0.049569,0.228836,0.016911,0.082299
6328,0.304098,0.049377,0.151846,0.02104,0.081835
6329,0.412167,0.049471,0.252895,0.017403,0.092398
6330,0.355133,0.047825,0.167486,0.021515,0.118307
6331,0.376183,0.050249,0.228762,0.017593,0.079579
6332,0.309084,0.02116,0.153281,0.02202,0.112623
6333,0.408473,0.029976,0.244789,0.022994,0.110714
6334,0.32356,0.049324,0.169592,0.021338,0.083306
6335,0.383986,0.050044,0.230128,0.019137,0.084677
6336,0.321113,0.046787,0.155883,0.021003,0.09744
6337,0.397787,0.050817,0.245979,0.017006,0.083985
6338,0.325364,0.048528,0.168421,0.021843,0.086572
6339,0.375151,0.051806,0.229597,0.017374,0.076374
6340,0.353479,0.043966,0.158604,0.02211,0.128799
6341,0.394695,0.029481,0.2439,0.01737,0.103944
6342,0.339678,0.048426,0.169369,0.021142,0.100741
6343,0.406579,0.049606,0.231867,0.017387,0.107719
6344,0.310301,0.048426,0.153886,0.021024,0.086965
6345,0.406974,0.050381,0.256261,0.019317,0.081015
6346,0.343437,0.047942,0.171628,0.021197,0.10267
6347,0.377298,0.051124,0.230789,0.017728,0.077657
6348,0.327331,0.026896,0.153512,0.027652,0.119271
6349,0.407825,0.046796,0.248163,0.019676,0.09319
6350,0.322967,0.048068,0.168432,0.020876,0.085591
6351,0.393113,0.046825,0.22996,0.016851,0.099477
6352,0.302972,0.045249,0.153683,0.021264,0.082776
6353,0.39357,0.045052,0.24854,0.017257,0.082721
6354,0.328491,0.045865,0.167666,0.023799,0.091161
6355,0.390928,0.046602,0.230288,0.021507,0.092531
6356,0.309504,0.02539,0.153857,0.021044,0.109213
6357,0.39816,0.021806,0.245632,0.017039,0.113683
6358,0.336031,0.043763,0.168114,0.020743,0.103411
6359,0.374296,0.031118,0.230948,0.016925,0.095305
6360,0.322431,0.043946,0.155897,0.02083,0.101758
6361,0.413313,0.045515,0.25682,0.016932,0.094046
6362,0.329856,0.046902,0.170449,0.021353,0.091152
6363,0.379586,0.048278,0.232258,0.020097,0.078953
6364,0.333388,0.044528,0.153566,0.021124,0.11417
6365,0.396133,0.047989,0.245391,0.017992,0.084761
6366,0.321409,0.046323,0.169699,0.020895,0.084492
6367,0.369382,0.024904,0.228806,0.017794,0.097878
6368,0.327428,0.025045,0.154241,0.03151,0.116632
6369,0.40704,0.047075,0.246067,0.019964,0.093934
6370,0.326129,0.022486,0.171894,0.021254,0.110495
6371,0.409793,0.046084,0.229354,0.017581,0.116774
6372,0.322091,0.028907,0.154972,0.020962,0.11725
6373,0.398742,0.050811,0.245726,0.018987,0.083218
6374,0.359024,0.0502,0.16879,0.020839,0.119195
6375,0.379826,0.050487,0.229338,0.017565,0.082436
6376,0.327631,0.051739,0.153334,0.021028,0.10153
6377,0.389335,0.048493,0.244846,0.017624,0.078372
6378,0.339301,0.025349,0.168589,0.025792,0.119571
6379,0.393193,0.025526,0.236823,0.023158,0.107686
6380,0.311524,0.050932,0.157554,0.021414,0.081624
6381,0.397598,0.047589,0.245765,0.017201,0.087043
6382,0.324553,0.050075,0.169285,0.02127,0.083923
6383,0.382435,0.049549,0.228401,0.017302,0.087183
6384,0.320267,0.049424,0.16418,0.023192,0.083471
6385,0.408353,0.049035,0.250702,0.017353,0.091263
6386,0.32812,0.050326,0.169636,0.022132,0.086026
6387,0.381433,0.02532,0.229558,0.017678,0.108877
6388,0.299159,0.025167,0.153782,0.02118,0.09903
6389,0.384464,0.022683,0.245382,0.017972,0.098427
6390,0.319087,0.024722,0.167554,0.021316,0.105495
6391,0.381204,0.048116,0.231726,0.016935,0.084427
6392,0.304936,0.049545,0.153007,0.021208,0.081176
6393,0.396847,0.049951,0.244875,0.017397,0.084624
6394,0.321006,0.04956,0.171171,0.02159,0.078685
6395,0.384753,0.048468,0.231633,0.017752,0.0869
6396,0.298062,0.022702,0.152501,0.021034,0.101825
6397,0.40499,0.049195,0.246245,0.020727,0.088823
6398,0.324349,0.020464,0.167852,0.021036,0.114997
6399,0.392911,0.047328,0.232787,0.017518,0.095278
6400,0.317522,0.045468,0.152363,0.021073,0.098618
6401,0.40427,0.046112,0.2498,0.017004,0.091354
6402,0.351435,0.049164,0.168153,0.021582,0.112536
6403,0.378255,0.04692,0.229826,0.017936,0.083573
6404,0.327226,0.028649,0.156377,0.027787,0.114413
6405,0.397774,0.048643,0.245318,0.016975,0.086838
6406,0.321665,0.0505,0.168014,0.021054,0.082097
6407,0.378374,0.02469,0.230987,0.016528,0.106169
6408,0.308271,0.046323,0.152472,0.02105,0.088426
6409,0.39208,0.045715,0.246198,0.016859,0.083308
6410,0.329464,0.0313,0.170155,0.026551,0.101458
6411,0.383743,0.049086,0.233277,0.01745,0.08393
6412,0.307026,0.053169,0.153737,0.021174,0.078946
6413,0.409478,0.049251,0.256512,0.019539,0.084176
6414,0.323045,0.046213,0.167857,0.02092,0.088055
6415,0.385313,0.049145,0.23037,0.017489,0.088309
6416,0.313621,0.050256,0.152553,0.02088,0.089932
6417,0.422444,0.049912,0.246489,0.018127,0.107916
6418,0.350053,0.026021,0.171402,0.021175,0.131455
6419,0.385044,0.024808,0.228994,0.017505,0.113737
6420,0.313285,0.049727,0.152874,0.02199,0.088694
6421,0.407829,0.049344,0.256739,0.017217,0.084529
6422,0.32678,0.049002,0.168838,0.021453,0.087487
6423,0.379666,0.048871,0.229189,0.01686,0.084746
6424,0.315294,0.048955,0.15274,0.030704,0.082895
6425,0.410379,0.04982,0.246077,0.020471,0.094011
6426,0.336807,0.021979,0.16797,0.022067,0.124791
6427,0.366433,0.023847,0.231423,0.017807,0.093356
6428,0.306013,0.02157,0.1556,0.021424,0.107419
6429,0.399124,0.049184,0.246015,0.016955,0.08697
6430,0.332311,0.048462,0.167632,0.021075,0.095142
6431,0.413219,0.048785,0.237919,0.017711,0.108804
6432,0.308759,0.048886,0.152777,0.021184,0.085912
6433,0.446331,0.068181,0.251727,0.017289,0.109134
6434,0.333575,0.04963,0.168379,0.021182,0.094384
6435,0.386037,0.049621,0.234224,0.017013,0.085179
6436,0.308769,0.049333,0.153339,0.021231,0.084866
6437,0.388534,0.021653,0.245849,0.017333,0.103699
6438,0.319409,0.045274,0.168178,0.02083,0.085127
6439,0.38218,0.047572,0.230575,0.016858,0.087175
6440,0.306184,0.04541,0.152154,0.020972,0.087648
6441,0.400353,0.024161,0.247781,0.017434,0.110977
6442,0.324299,0.050465,0.168426,0.021292,0.084116
6443,0.387933,0.049169,0.230831,0.017807,0.090126
6444,0.307338,0.050885,0.153047,0.021765,0.081641
6445,0.391404,0.049877,0.244776,0.01754,0.079211
6446,0.325742,0.049251,0.167651,0.02142,0.08742
6447,0.382544,0.04969,0.231757,0.017775,0.083322
6448,0.333811,0.051484,0.152861,0.021671,0.107795
6449,0.407934,0.023003,0.246002,0.025579,0.11335
6450,0.343796,0.027483,0.167486,0.031982,0.116845
6451,0.394207,0.049322,0.230429,0.017827,0.096629
6452,0.319168,0.048939,0.155402,0.021422,0.093405
6453,0.416197,0.049322,0.245299,0.017409,0.104167
6454,0.320951,0.049426,0.168487,0.02107,0.081968
6455,0.376856,0.050005,0.230902,0.017281,0.078668
6456,0.327175,0.051593,0.15704,0.021693,0.096849
6457,0.403294,0.045046,0.246261,0.020391,0.091596
6458,0.31227,0.025884,0.167734,0.021076,0.097576
6459,0.378188,0.025286,0.229295,0.017851,0.105756
6460,0.326522,0.028511,0.152528,0.032126,0.113357
6461,0.403533,0.0514,0.249172,0.019739,0.083222
6462,0.327031,0.048112,0.173334,0.0224,0.083185
6463,0.385318,0.050562,0.231533,0.017713,0.08551
6464,0.341572,0.034299,0.152484,0.021373,0.133416
6465,0.397358,0.04626,0.246177,0.019682,0.085239
6466,0.31868,0.047553,0.168107,0.021143,0.081877
6467,0.395649,0.044388,0.228666,0.017021,0.105574
6468,0.322369,0.051328,0.155403,0.02136,0.094278
6469,0.405028,0.044292,0.245636,0.016839,0.098261
6470,0.335389,0.046908,0.166861,0.021087,0.100533
6471,0.403793,0.046049,0.229615,0.017767,0.110362
6472,0.321249,0.030138,0.157776,0.020849,0.112486
6473,0.413536,0.051455,0.245633,0.021057,0.095391
6474,0.3216,0.024079,0.167782,0.021122,0.108617
6475,0.38855,0.047249,0.230389,0.017526,0.093386
6476,0.294589,0.026802,0.152913,0.02113,0.093744
6477,0.393779,0.051648,0.245625,0.020088,0.076418
6478,0.328249,0.024508,0.168045,0.025662,0.110034
6479,0.381973,0.047158,0.230647,0.018204,0.085964
6480,0.306405,0.046538,0.153002,0.021186,0.085679
6481,0.407635,0.049154,0.248972,0.017202,0.092307
6482,0.331405,0.04948,0.1682,0.02115,0.092575
6483,0.389726,0.049984,0.231602,0.018749,0.089391
6484,0.305769,0.049509,0.152441,0.0214,0.082419
6485,0.393901,0.047021,0.245538,0.017168,0.084174
6486,0.322607,0.049618,0.169603,0.020876,0.08251
6487,0.388068,0.048372,0.229682,0.017768,0.092246
6488,0.318422,0.022351,0.154629,0.021104,0.120338
6489,0.383347,0.021951,0.245239,0.018024,0.098133
6490,0.323953,0.028675,0.169599,0.021185,0.104494
6491,0.373976,0.024206,0.228617,0.016836,0.104317
6492,0.301016,0.044944,0.15298,0.020986,0.082106
6493,0.388609,0.045207,0.246301,0.016837,0.080264
6494,0.336122,0.044529,0.167398,0.027172,0.097023
6495,0.386096,0.048216,0.231614,0.017913,0.088353
6496,0.306807,0.04585,0.152932,0.021528,0.086497
6497,0.395816,0.02429,0.24642,0.017592,0.107514
6498,0.330611,0.022631,0.169768,0.021162,0.11705
6499,0.377689,0.025773,0.229081,0.01713,0.105705
6500,0.301264,0.027906,0.151657,0.020684,0.101017
6501,0.406395,0.048679,0.246323,0.016807,0.094586
6502,0.334408,0.049479,0.167728,0.0216,0.095601
6503,0.454541,0.048955,0.236005,0.035229,0.134352
6504,0.324652,0.049893,0.151704,0.021912,0.101143
6505,0.419778,0.049003,0.245201,0.021009,0.104565
6506,0.343696,0.049482,0.179642,0.02314,0.091432
6507,0.376888,0.024452,0.229408,0.017309,0.105719
6508,0.304687,0.028717,0.152373,0.021325,0.102272
6509,0.38743,0.048995,0.245128,0.017152,0.076155
6510,0.32391,0.049436,0.169566,0.02129,0.083618
6511,0.376813,0.021774,0.239765,0.017002,0.098272
6512,0.317036,0.045182,0.15325,0.020897,0.097707
6513,0.392747,0.045756,0.24507,0.016994,0.084927
6514,0.311255,0.0462,0.168209,0.021016,0.07583
6515,0.380099,0.047794,0.228829,0.017156,0.08632
6516,0.308713,0.045626,0.15299,0.020996,0.089101
6517,0.390275,0.045137,0.244797,0.016931,0.08341
6518,0.317568,0.0446,0.168761,0.021555,0.082652
6519,0.385901,0.025488,0.230885,0.024446,0.105082
6520,0.319782,0.022408,0.153314,0.021523,0.122537
6521,0.391026,0.044376,0.245729,0.017383,0.083538
6522,0.318611,0.024647,0.168413,0.021256,0.104295
6523,0.385153,0.048995,0.229999,0.016818,0.089341
6524,0.31442,0.047291,0.153417,0.020897,0.092815
6525,0.405016,0.049219,0.258729,0.016846,0.080222
6526,0.345494,0.052099,0.168154,0.040266,0.084975
6527,0.396856,0.022494,0.243381,0.016651,0.11433
6528,0.301749,0.049777,0.154426,0.021293,0.076253
6529,0.417264,0.059882,0.248273,0.017087,0.092022
6530,0.325569,0.049406,0.176302,0.022948,0.076913
6531,0.377335,0.048537,0.230156,0.017157,0.081485
6532,0.305741,0.048386,0.153263,0.021402,0.08269
6533,0.39379,0.04858,0.245321,0.017663,0.082226
6534,0.343157,0.048626,0.169649,0.023713,0.101169
6535,0.381847,0.026106,0.231483,0.018477,0.105781
6536,0.296892,0.026726,0.152749,0.0214,0.096017
6537,0.381136,0.022867,0.244829,0.017408,0.096032
6538,0.318864,0.02112,0.167743,0.021897,0.108104
6539,0.405075,0.044511,0.237152,0.019439,0.103973
6540,0.308258,0.046423,0.152864,0.021173,0.087798
6541,0.425095,0.045865,0.264894,0.018508,0.095828
6542,0.332509,0.046909,0.169041,0.02172,0.094839
6543,0.387099,0.045132,0.229013,0.018253,0.094701
6544,0.293175,0.026053,0.153534,0.02151,0.092078
6545,0.402246,0.049999,0.246408,0.017196,0.088643
6546,0.322073,0.022469,0.168235,0.021585,0.109784
6547,0.38066,0.048036,0.229075,0.017458,0.086091
6548,0.30313,0.045795,0.153299,0.021074,0.082962
6549,0.406911,0.046408,0.251994,0.017317,0.091192
6550,0.347271,0.048885,0.174352,0.0224,0.101634
6551,0.378266,0.049732,0.231223,0.017913,0.079398
6552,0.297743,0.021898,0.152574,0.021016,0.102255
6553,0.392224,0.04697,0.245694,0.017681,0.081879
6554,0.321117,0.02551,0.169114,0.020865,0.105628
6555,0.377433,0.048785,0.229337,0.018246,0.081065
6556,0.322367,0.022813,0.154325,0.021051,0.124178
6557,0.401988,0.04906,0.250488,0.019449,0.082991
6558,0.346872,0.03142,0.170662,0.021864,0.122926
6559,0.394953,0.048155,0.229909,0.017586,0.099303
6560,0.316487,0.049063,0.153514,0.021776,0.092134
6561,0.406532,0.048057,0.255423,0.017776,0.085276
6562,0.323491,0.049239,0.16886,0.02108,0.084312
6563,0.387882,0.047768,0.230048,0.017566,0.0925
6564,0.308678,0.049283,0.156318,0.029864,0.073213
6565,0.414277,0.051261,0.244934,0.017768,0.100314
6566,0.33911,0.030356,0.170239,0.033378,0.105137
6567,0.386778,0.048802,0.228987,0.01801,0.090979
6568,0.293103,0.02263,0.152843,0.021134,0.096496
6569,0.417022,0.047983,0.246152,0.019042,0.103845
6570,0.33836,0.02785,0.167583,0.03431,0.108617
6571,0.410162,0.047504,0.229661,0.018776,0.114221
6572,0.322617,0.024807,0.155879,0.021493,0.120438
6573,0.419426,0.030388,0.250134,0.021013,0.117891
6574,0.363744,0.048501,0.169174,0.030815,0.115254
6575,0.381705,0.04829,0.231396,0.01737,0.084649
6576,0.3164,0.0503,0.153799,0.021336,0.090965
6577,0.407202,0.048823,0.246858,0.016926,0.094595
6578,0.321213,0.050605,0.173244,0.02271,0.074654
6579,0.377529,0.049967,0.237392,0.016791,0.073379
6580,0.316507,0.05113,0.153346,0.021684,0.090347
6581,0.407677,0.047752,0.245805,0.017904,0.096216
6582,0.322591,0.0231,0.168184,0.02139,0.109917
6583,0.380077,0.026949,0.230131,0.020374,0.102623
6584,0.300669,0.029162,0.152551,0.020904,0.098052
6585,0.391741,0.048342,0.244479,0.017768,0.081152
6586,0.327349,0.023968,0.168772,0.021393,0.113216
6587,0.377906,0.029668,0.228947,0.019813,0.099478
6588,0.308629,0.0498,0.153871,0.021795,0.083163
6589,0.401156,0.046761,0.245865,0.023811,0.084719
6590,0.323978,0.049725,0.168523,0.021406,0.084324
6591,0.381389,0.046582,0.231457,0.01726,0.08609
6592,0.31855,0.047853,0.153887,0.021929,0.094881
6593,0.393857,0.024994,0.245808,0.017201,0.105854
6594,0.329347,0.028875,0.168431,0.021322,0.110719
6595,0.375971,0.022441,0.229187,0.017275,0.107068
6596,0.293442,0.024726,0.154033,0.021725,0.092958
6597,0.403113,0.049714,0.249557,0.017897,0.085945
6598,0.322189,0.05066,0.170828,0.022738,0.077963
6599,0.384603,0.048963,0.230538,0.01686,0.088242
6600,0.305218,0.048778,0.152388,0.02151,0.082542
6601,0.392216,0.048997,0.244965,0.017456,0.080798
6602,0.322791,0.021596,0.168008,0.022114,0.111073
6603,0.362834,0.021882,0.227971,0.017404,0.095577
6604,0.31382,0.03114,0.152347,0.021123,0.10921
6605,0.396254,0.046834,0.2459,0.018261,0.085259
6606,0.337135,0.0471,0.167473,0.02083,0.101732
6607,0.387118,0.051874,0.228605,0.017128,0.089511
6608,0.319216,0.048098,0.153746,0.021263,0.096109
6609,0.426728,0.051152,0.248329,0.026657,0.10059
6610,0.375731,0.071089,0.168574,0.02434,0.111728
6611,0.384269,0.047848,0.228366,0.017251,0.090804
6612,0.315687,0.026537,0.153394,0.02153,0.114226
6613,0.413564,0.02968,0.246209,0.01707,0.120605
6614,0.347955,0.051091,0.173367,0.032884,0.090613
6615,0.378635,0.04863,0.230244,0.017565,0.082196
6616,0.300261,0.050662,0.153453,0.021182,0.074964
6617,0.392748,0.051797,0.246184,0.017386,0.077381
6618,0.327336,0.048704,0.168361,0.02121,0.089061
6619,0.380207,0.050849,0.22863,0.0176,0.083128
6620,0.324233,0.05078,0.159015,0.027472,0.086966
6621,0.394405,0.025791,0.246671,0.017819,0.104124
6622,0.320427,0.025376,0.167948,0.021232,0.105871
6623,0.381991,0.050928,0.234476,0.017635,0.078952
6624,0.319192,0.051626,0.153262,0.020971,0.093333
6625,0.401621,0.049861,0.245215,0.018014,0.088531
6626,0.32523,0.023208,0.167207,0.025672,0.109143
6627,0.377584,0.045726,0.228469,0.017448,0.085941
6628,0.313282,0.046206,0.159675,0.021607,0.085794
6629,0.396089,0.02899,0.247119,0.01815,0.10183
6630,0.330198,0.023647,0.167421,0.029736,0.109394
6631,0.383635,0.048214,0.230248,0.017303,0.08787
6632,0.318211,0.047887,0.158323,0.022545,0.089456
6633,0.403213,0.048201,0.246125,0.01772,0.091167
6634,0.336651,0.022379,0.168218,0.035818,0.110236
6635,0.389773,0.048988,0.230789,0.02489,0.085106
6636,0.316353,0.049022,0.156938,0.022402,0.087991
6637,0.399022,0.048472,0.247089,0.01806,0.085401
6638,0.322662,0.022495,0.168468,0.021305,0.110394
6639,0.393502,0.048768,0.229082,0.017828,0.097824
6640,0.30854,0.049074,0.155102,0.020984,0.08338
6641,0.401313,0.048524,0.245986,0.017675,0.089128
6642,0.30989,0.022315,0.167765,0.02095,0.09886
6643,0.39276,0.049247,0.230868,0.017224,0.095421
6644,0.317679,0.044456,0.168021,0.021589,0.083613
6645,0.384211,0.02461,0.246466,0.019162,0.093973
6646,0.319372,0.024148,0.167401,0.02099,0.106833
6647,0.377433,0.027393,0.230521,0.017494,0.102025
6648,0.303802,0.045193,0.153905,0.02099,0.083714
6649,0.415456,0.047352,0.255069,0.017089,0.095946
6650,0.319744,0.046802,0.168386,0.02169,0.082866
6651,0.378973,0.047708,0.230348,0.017108,0.083809
6652,0.353528,0.049486,0.154213,0.020876,0.128953
6653,0.392893,0.047817,0.245423,0.017549,0.082104
6654,0.321173,0.050578,0.168772,0.021188,0.080635
6655,0.371365,0.02019,0.230618,0.020551,0.100006
6656,0.314282,0.032894,0.153178,0.020868,0.107342
6657,0.38609,0.022653,0.245767,0.017265,0.100405
6658,0.330464,0.050743,0.168442,0.021032,0.090247
6659,0.379508,0.049444,0.228583,0.020783,0.080698
6660,0.326987,0.02751,0.154283,0.021282,0.123912
6661,0.413004,0.046478,0.251074,0.017215,0.098237
6662,0.330595,0.048281,0.169479,0.021102,0.091733
6663,0.378228,0.04538,0.229069,0.016833,0.086946
6664,0.30641,0.044683,0.154373,0.02116,0.086194
6665,0.405189,0.044437,0.245324,0.017256,0.098172
6666,0.325355,0.024352,0.168116,0.025348,0.107539
6667,0.406334,0.050071,0.23196,0.018562,0.105741
6668,0.320784,0.022064,0.15388,0.021327,0.123513
6669,0.415191,0.044818,0.246703,0.017614,0.106056
6670,0.330425,0.028072,0.16856,0.029902,0.103891
6671,0.37869,0.04893,0.231311,0.016771,0.081678
6672,0.309849,0.022318,0.154112,0.020926,0.112493
6673,0.39352,0.022194,0.245587,0.017037,0.108702
6674,0.32116,0.0492,0.168748,0.020907,0.082305
6675,0.386666,0.050297,0.229922,0.017831,0.088616
6676,0.330602,0.062169,0.154214,0.021007,0.093212
6677,0.387903,0.051091,0.24611,0.017242,0.07346
6678,0.320448,0.048553,0.16796,0.021532,0.082403
6679,0.390136,0.04996,0.231449,0.017204,0.091523
6680,0.304569,0.049186,0.153527,0.02733,0.074526
6681,0.412229,0.050787,0.246694,0.017436,0.097312
6682,0.337791,0.024605,0.168344,0.032532,0.11231
6683,0.376597,0.045676,0.230277,0.018154,0.08249
6684,0.306442,0.025366,0.153779,0.020949,0.106348
6685,0.40735,0.022946,0.246234,0.021122,0.117048
6686,0.324297,0.026963,0.167767,0.025662,0.103905
6687,0.395191,0.044127,0.228769,0.017678,0.104617
6688,0.318602,0.024208,0.152798,0.021237,0.120359
6689,0.386949,0.049918,0.245568,0.017356,0.074107
6690,0.320269,0.020987,0.168589,0.02179,0.108903
6691,0.39626,0.052357,0.231296,0.01836,0.094247
6692,0.303007,0.046512,0.153266,0.021143,0.082086
6693,0.389918,0.046163,0.246086,0.017121,0.080548
6694,0.324867,0.028676,0.167411,0.024962,0.103818
6695,0.381814,0.050352,0.23527,0.017467,0.078725
6696,0.317519,0.024877,0.153192,0.021775,0.117675
6697,0.389252,0.045713,0.245467,0.017231,0.080841
6698,0.341325,0.028974,0.168135,0.033272,0.110944
6699,0.383631,0.048845,0.236539,0.017768,0.080479
6700,0.315286,0.050235,0.162548,0.02316,0.079343
6701,0.399193,0.050404,0.247524,0.019562,0.081703
6702,0.34642,0.026985,0.167753,0.032558,0.119124
6703,0.394115,0.04621,0.229709,0.017232,0.100964
6704,0.326176,0.045375,0.152925,0.020494,0.107382
6705,0.398857,0.04678,0.246217,0.024109,0.081751
6706,0.320149,0.024392,0.169288,0.020817,0.105652
6707,0.39456,0.024505,0.231912,0.017094,0.121049
6708,0.303282,0.051256,0.152936,0.021556,0.077534
6709,0.411273,0.049131,0.252114,0.018909,0.091119
6710,0.322364,0.049386,0.167804,0.021093,0.084081
6711,0.377947,0.048124,0.230832,0.01733,0.081661
6712,0.311734,0.051328,0.161348,0.022378,0.07668
6713,0.39354,0.04843,0.246058,0.018718,0.080334
6714,0.317045,0.050194,0.169127,0.021202,0.076522
6715,0.383014,0.025601,0.232517,0.017474,0.107422
6716,0.303906,0.046506,0.152116,0.021264,0.08402
6717,0.385747,0.023723,0.247401,0.020153,0.09447
6718,0.335648,0.051045,0.171073,0.02074,0.09279
6719,0.369935,0.022085,0.230989,0.017901,0.09896
6720,0.29456,0.022895,0.152166,0.020978,0.098521
6721,0.387395,0.024337,0.246104,0.017042,0.099912
6722,0.342629,0.029273,0.168587,0.020915,0.123854
6723,0.382719,0.02803,0.23303,0.016786,0.104873
6724,0.305702,0.048046,0.153556,0.021346,0.082754
6725,0.403746,0.046658,0.254953,0.017347,0.084788
6726,0.324535,0.04728,0.167643,0.021024,0.088588
6727,0.394229,0.045909,0.228427,0.017248,0.102645
6728,0.30632,0.046253,0.154835,0.021312,0.08392
6729,0.393769,0.046239,0.244656,0.019524,0.08335
6730,0.335199,0.044631,0.169118,0.021243,0.100207
6731,0.363959,0.024086,0.22881,0.017668,0.093395
6732,0.304725,0.02715,0.154114,0.021334,0.102127
6733,0.391118,0.02947,0.244559,0.017882,0.099207
6734,0.320013,0.021257,0.168065,0.02139,0.109301
6735,0.392173,0.045782,0.22874,0.017453,0.100198
6736,0.312873,0.046325,0.152857,0.02103,0.092661
6737,0.392629,0.046033,0.24589,0.017141,0.083565
6738,0.336635,0.045094,0.170085,0.021206,0.10025
6739,0.396597,0.047148,0.231515,0.01716,0.100774
6740,0.30356,0.045745,0.15507,0.021194,0.081551
6741,0.403066,0.04527,0.258695,0.016985,0.082116
6742,0.319176,0.046223,0.168091,0.021392,0.08347
6743,0.391252,0.044868,0.229758,0.016897,0.099729
6744,0.31547,0.044942,0.152808,0.020574,0.097146
6745,0.411489,0.04699,0.245422,0.017169,0.101908
6746,0.337986,0.049558,0.180792,0.02216,0.085476
6747,0.378749,0.022232,0.229437,0.017527,0.109553
6748,0.305788,0.029522,0.153426,0.02078,0.10206
6749,0.415539,0.048991,0.255043,0.018752,0.092753
6750,0.331931,0.056061,0.17011,0.028453,0.077307
6751,0.397667,0.056423,0.239394,0.01689,0.08496
6752,0.312858,0.051284,0.15372,0.022577,0.085277
6753,0.409698,0.047535,0.25059,0.016846,0.094727
6754,0.358671,0.025479,0.169785,0.031374,0.132033
6755,0.38102,0.02953,0.230113,0.01683,0.104547
6756,0.324975,0.049048,0.152766,0.0217,0.101461
6757,0.413532,0.049384,0.25688,0.017034,0.090234
6758,0.329532,0.04722,0.168602,0.021728,0.091982
6759,0.379911,0.050672,0.228372,0.017398,0.083469
6760,0.309134,0.048954,0.15417,0.021247,0.084763
6761,0.38674,0.047411,0.245759,0.017687,0.075883
6762,0.339073,0.031342,0.170212,0.03227,0.105249
6763,0.379365,0.04626,0.22813,0.017585,0.08739
6764,0.289402,0.023408,0.153278,0.020813,0.091903
6765,0.393375,0.050664,0.245316,0.017401,0.079994
6766,0.333421,0.026128,0.169211,0.031076,0.107006
6767,0.387911,0.045113,0.228631,0.01664,0.097527
6768,0.322022,0.045493,0.153155,0.020993,0.102381
6769,0.401831,0.04626,0.261154,0.017772,0.076645
6770,0.367925,0.085407,0.177855,0.021388,0.083275
6771,0.409884,0.049002,0.250023,0.017843,0.093016
6772,0.316496,0.029192,0.155056,0.020775,0.111473
6773,0.39067,0.025599,0.245005,0.017264,0.102802
6774,0.320628,0.024828,0.168337,0.020968,0.106495
6775,0.387829,0.051238,0.229381,0.023779,0.083431
6776,0.319207,0.026074,0.153293,0.021297,0.118543
6777,0.396033,0.046146,0.247662,0.018198,0.084027
6778,0.332137,0.046412,0.167219,0.021006,0.0975
6779,0.388246,0.044479,0.228087,0.016877,0.098803
6780,0.303044,0.045466,0.152514,0.020932,0.084132
6781,0.399482,0.028507,0.245691,0.017244,0.10804
6782,0.324172,0.022749,0.169184,0.021414,0.110825
6783,0.370974,0.0224,0.232208,0.017241,0.099125
6784,0.303793,0.028342,0.154029,0.020679,0.100743
6785,0.407058,0.048684,0.24675,0.017721,0.093903
6786,0.332204,0.049929,0.169115,0.02161,0.09155
6787,0.375675,0.048439,0.229032,0.017392,0.080812
6788,0.305103,0.024961,0.153055,0.021723,0.105364
6789,0.394991,0.047188,0.246419,0.017498,0.083886
6790,0.328697,0.02921,0.168008,0.020634,0.110845
6791,0.388602,0.048408,0.229809,0.016902,0.093483
6792,0.317699,0.049803,0.152972,0.021417,0.093507
6793,0.430393,0.024828,0.250438,0.017673,0.137454
6794,0.328937,0.044802,0.168824,0.0208,0.094511
6795,0.381384,0.047674,0.230247,0.017168,0.086295
6796,0.311026,0.04583,0.151905,0.021524,0.091767
6797,0.395938,0.046053,0.24581,0.017477,0.086598
6798,0.326173,0.028786,0.168854,0.025628,0.102905
6799,0.380296,0.026513,0.231204,0.018217,0.104362
6800,0.302522,0.028424,0.152106,0.021394,0.100598
6801,0.429,0.023305,0.245056,0.020066,0.140573
6802,0.31576,0.050783,0.168206,0.021315,0.075456
6803,0.390498,0.062637,0.233916,0.017648,0.076297
6804,0.306015,0.05104,0.154451,0.021722,0.078802
6805,0.393804,0.048029,0.245439,0.018281,0.082055
6806,0.330593,0.049997,0.168283,0.021125,0.091188
6807,0.37928,0.048338,0.230454,0.017352,0.083136
6808,0.303134,0.050156,0.154061,0.02125,0.077667
6809,0.385058,0.021967,0.246268,0.017284,0.099539
6810,0.32057,0.024958,0.168745,0.021834,0.105033
6811,0.385295,0.05022,0.229798,0.017163,0.088114
6812,0.31575,0.049829,0.153741,0.021154,0.091026
6813,0.409793,0.048519,0.252802,0.017071,0.091401
6814,0.324355,0.049349,0.170233,0.02073,0.084043
6815,0.388553,0.048416,0.228953,0.017138,0.094046
6816,0.317541,0.047125,0.153282,0.021574,0.09556
6817,0.392341,0.025329,0.244543,0.017104,0.105365
6818,0.329652,0.047967,0.16942,0.021308,0.090957
6819,0.388704,0.046668,0.2282,0.017709,0.096127
6820,0.313372,0.0445,0.153499,0.02837,0.087003
6821,0.390651,0.043977,0.24683,0.017507,0.082337
6822,0.321875,0.024958,0.168692,0.02121,0.107015
6823,0.40196,0.06405,0.231719,0.019451,0.08674
6824,0.309437,0.047819,0.153962,0.021768,0.085888
6825,0.406765,0.025558,0.256184,0.017663,0.10736
6826,0.318879,0.025143,0.16881,0.020966,0.10396
6827,0.394449,0.049905,0.231156,0.017154,0.096234
6828,0.3168,0.048406,0.153313,0.022237,0.092844
6829,0.406713,0.048999,0.24653,0.020447,0.090737
6830,0.327284,0.023941,0.16713,0.031774,0.104439
6831,0.379992,0.0451,0.230086,0.016807,0.087999
6832,0.321415,0.044845,0.154434,0.021685,0.100451
6833,0.382247,0.024694,0.246029,0.01781,0.093714
6834,0.313431,0.023029,0.167828,0.021645,0.100929
6835,0.386861,0.036259,0.228174,0.01652,0.105908
6836,0.325137,0.046341,0.152556,0.02101,0.10523
6837,0.388469,0.04384,0.245594,0.016964,0.082071
6838,0.319297,0.044755,0.167599,0.020892,0.086051
6839,0.40558,0.045101,0.237056,0.018615,0.104808
6840,0.365911,0.044535,0.158582,0.021208,0.141586
6841,0.397789,0.046595,0.246298,0.019946,0.08495
6842,0.313178,0.026018,0.167692,0.020956,0.098512
6843,0.381425,0.024935,0.238121,0.0173,0.101069
6844,0.307242,0.05919,0.152758,0.021117,0.074177
6845,0.418864,0.04429,0.246341,0.021638,0.106595
6846,0.318403,0.024674,0.169356,0.02098,0.103393
6847,0.385922,0.05024,0.232682,0.0167,0.0863
6848,0.338331,0.025152,0.154161,0.030716,0.128302
6849,0.413889,0.045042,0.245656,0.016116,0.107075
6850,0.321309,0.044646,0.1686,0.021147,0.086916
6851,0.387214,0.045013,0.229555,0.01651,0.096136
6852,0.30891,0.046099,0.153175,0.021103,0.088533
6853,0.406458,0.045173,0.248804,0.016697,0.095784
6854,0.326007,0.045805,0.168496,0.020964,0.090742
6855,0.410237,0.056301,0.244471,0.01819,0.091275
6856,0.339416,0.032245,0.159439,0.031061,0.116671
6857,0.402066,0.051384,0.254342,0.016685,0.079655
6858,0.331461,0.048252,0.175412,0.022796,0.085001
6859,0.380605,0.050823,0.230328,0.016851,0.082603
6860,0.312698,0.04776,0.154069,0.021618,0.089251
6861,0.383238,0.022576,0.245564,0.016932,0.098166
6862,0.325515,0.048673,0.167617,0.02142,0.087805
6863,0.381229,0.04905,0.231489,0.017921,0.082769
6864,0.322873,0.035975,0.155737,0.02167,0.109491
6865,0.394831,0.02516,0.245032,0.01728,0.107359
6866,0.327896,0.022601,0.167617,0.024347,0.113331
6867,0.383616,0.048726,0.229995,0.017325,0.08757
6868,0.321391,0.049115,0.152564,0.021554,0.098158
6869,0.409215,0.047542,0.259334,0.017824,0.084515
6870,0.331706,0.051957,0.168393,0.021516,0.08984
6871,0.440384,0.06928,0.235578,0.033746,0.10178
6872,0.308557,0.023651,0.153119,0.021661,0.110126
6873,0.401559,0.023792,0.247269,0.019087,0.111411
6874,0.331511,0.046233,0.170146,0.021725,0.093407
6875,0.405638,0.057103,0.230811,0.01983,0.097894
6876,0.305174,0.047309,0.151827,0.021414,0.084624
6877,0.412524,0.046015,0.245417,0.017077,0.104015
6878,0.345166,0.044908,0.168123,0.02094,0.111195
6879,0.384181,0.03464,0.239918,0.018117,0.091506
6880,0.308923,0.050802,0.152299,0.022084,0.083738
6881,0.405506,0.049087,0.255889,0.017273,0.083257
6882,0.333276,0.025296,0.167748,0.033164,0.107068
6883,0.383013,0.046068,0.231851,0.017446,0.087648
6884,0.322282,0.048314,0.1531,0.021105,0.099763
6885,0.407491,0.045864,0.252777,0.017181,0.091669
6886,0.320678,0.04566,0.168671,0.021647,0.0847
6887,0.372037,0.027182,0.229987,0.018329,0.096539
6888,0.32933,0.02538,0.156251,0.021228,0.126471
6889,0.400442,0.046283,0.246632,0.020322,0.087205
6890,0.330762,0.025243,0.168515,0.034153,0.102851
6891,0.38796,0.049015,0.231008,0.02304,0.084897
6892,0.325,0.026386,0.156842,0.021224,0.120548
6893,0.397447,0.046011,0.246404,0.017605,0.087427
6894,0.347103,0.055682,0.170379,0.02141,0.099632
6895,0.382533,0.04652,0.230717,0.017876,0.08742
6896,0.322312,0.041962,0.159978,0.02077,0.099602
6897,0.402642,0.02893,0.249361,0.018229,0.106122
6898,0.327809,0.046684,0.170146,0.021117,0.089862
6899,0.370257,0.045652,0.230115,0.01774,0.07675
6900,0.309732,0.022656,0.15256,0.022447,0.112069
6901,0.411713,0.024659,0.248863,0.018851,0.11934
6902,0.346153,0.029688,0.170711,0.021064,0.12469
6903,0.380082,0.044047,0.230046,0.01866,0.087329
6904,0.306828,0.044074,0.153265,0.021199,0.08829
6905,0.388273,0.044755,0.25097,0.0179,0.074648
6906,0.319875,0.047544,0.17479,0.022264,0.075277
6907,0.371544,0.043085,0.22904,0.019946,0.079473
6908,0.312633,0.04617,0.157032,0.021075,0.088356
6909,0.404056,0.026339,0.245341,0.017619,0.114757
6910,0.324913,0.02965,0.169345,0.021141,0.104777
6911,0.384607,0.044829,0.230559,0.018155,0.091064
6912,0.315549,0.047036,0.163,0.022323,0.08319
6913,0.393365,0.0474,0.246818,0.017883,0.081264
6914,0.328355,0.047281,0.169287,0.022084,0.089703
6915,0.366931,0.045717,0.228877,0.017744,0.074593
6916,0.305413,0.046502,0.154008,0.02142,0.083483
6917,0.393894,0.044577,0.252441,0.01807,0.078806
6918,0.328021,0.024999,0.168572,0.02185,0.1126
6919,0.372056,0.02462,0.232051,0.019901,0.095484
6920,0.315455,0.026235,0.152379,0.02138,0.115461
6921,0.396393,0.043571,0.247193,0.017651,0.087978
6922,0.311797,0.043818,0.168708,0.021762,0.077509
6923,0.38672,0.046816,0.231512,0.016895,0.091497
6924,0.311605,0.045991,0.15342,0.021104,0.09109
6925,0.403333,0.047284,0.246344,0.020412,0.089293
6926,0.313746,0.042237,0.169205,0.021207,0.081097
6927,0.378198,0.047033,0.23022,0.017736,0.083209
6928,0.297331,0.025,0.15559,0.021041,0.0957
6929,0.397104,0.051746,0.246499,0.017617,0.081242
6930,0.325257,0.022009,0.168632,0.03148,0.103136
6931,0.397019,0.049505,0.232137,0.017191,0.098186
6932,0.319726,0.04579,0.15445,0.020944,0.098542
6933,0.397125,0.048159,0.250432,0.01828,0.080254
6934,0.336418,0.029356,0.168985,0.032546,0.105531
6935,0.381285,0.049429,0.231844,0.017583,0.082429
6936,0.327555,0.021679,0.153878,0.03864,0.113358
6937,0.419069,0.04934,0.246655,0.017511,0.105563
6938,0.35498,0.024921,0.168351,0.021752,0.139956
6939,0.393311,0.046147,0.230426,0.017247,0.099491
6940,0.325313,0.044878,0.15203,0.02061,0.107795
6941,0.431498,0.024314,0.247224,0.017983,0.141977
6942,0.338515,0.04924,0.171142,0.021395,0.096738
6943,0.386934,0.049911,0.231491,0.017208,0.088324
6944,0.321135,0.048478,0.152548,0.0211,0.099009
6945,0.417362,0.049002,0.246262,0.017551,0.104547
6946,0.318156,0.051065,0.168625,0.02128,0.077186
6947,0.399362,0.050298,0.231815,0.018928,0.098321
6948,0.333162,0.050063,0.152965,0.02562,0.104514
6949,0.41896,0.02693,0.257922,0.017113,0.116995
6950,0.318502,0.047153,0.166647,0.02152,0.083182
6951,0.38631,0.048504,0.232462,0.016587,0.088757
6952,0.31392,0.046542,0.152927,0.02171,0.092741
6953,0.418006,0.044742,0.24518,0.018937,0.109147
6954,0.317611,0.045431,0.168826,0.021378,0.081976
6955,0.409973,0.044924,0.23973,0.017306,0.108013
6956,0.322353,0.047691,0.156375,0.02157,0.096717
6957,0.41136,0.029008,0.24671,0.017381,0.118261
6958,0.327853,0.025049,0.16767,0.021346,0.113788
6959,0.370151,0.027306,0.231629,0.017327,0.093889
6960,0.297316,0.021656,0.153079,0.02142,0.101161
6961,0.422196,0.046752,0.246,0.024552,0.104892
6962,0.350515,0.047497,0.167893,0.0212,0.113925
6963,0.381929,0.050646,0.230171,0.017477,0.083635
6964,0.345605,0.023451,0.154523,0.02136,0.146271
6965,0.415355,0.048937,0.258309,0.020763,0.087346
6966,0.354887,0.048798,0.168998,0.021148,0.115943
6967,0.383057,0.049223,0.231641,0.017236,0.084957
6968,0.308306,0.049716,0.15252,0.022202,0.083868
6969,0.40104,0.04926,0.248262,0.017897,0.085621
6970,0.343835,0.02681,0.171913,0.034904,0.110208
6971,0.402215,0.049361,0.228751,0.017623,0.10648
6972,0.317185,0.030634,0.15504,0.02109,0.110421
6973,0.383905,0.021061,0.244935,0.017337,0.100572
6974,0.351176,0.04626,0.172367,0.022122,0.110427
6975,0.404334,0.047529,0.230911,0.017397,0.108497
6976,0.31036,0.045462,0.153369,0.021362,0.090167
6977,0.414427,0.045324,0.245204,0.016779,0.10712
6978,0.321614,0.045608,0.169281,0.021862,0.084863
6979,0.392576,0.046973,0.228952,0.017927,0.098724
6980,0.298542,0.02527,0.153485,0.02122,0.098567
6981,0.395223,0.02534,0.245845,0.017464,0.106574
6982,0.347236,0.032982,0.167958,0.029606,0.11669
6983,0.393953,0.051076,0.230281,0.017815,0.094781
6984,0.311535,0.047923,0.156645,0.021372,0.085595
6985,0.39051,0.051215,0.245846,0.017488,0.075961
6986,0.349226,0.04783,0.16802,0.021465,0.111911
6987,0.420104,0.050422,0.23489,0.018127,0.116665
6988,0.310555,0.048583,0.153656,0.021094,0.087222
6989,0.392522,0.049874,0.248527,0.01755,0.076571
6990,0.318249,0.022185,0.168587,0.021255,0.106222
6991,0.376382,0.025103,0.234227,0.017023,0.100029
6992,0.310262,0.047346,0.152768,0.021124,0.089024
6993,0.402205,0.049525,0.245389,0.017285,0.090006
6994,0.321463,0.048469,0.169862,0.021399,0.081733
6995,0.400327,0.024507,0.230497,0.019482,0.125841
6996,0.309357,0.047974,0.153108,0.021234,0.087041
6997,0.393158,0.04983,0.245197,0.017478,0.080653
6998,0.32848,0.048162,0.171823,0.021118,0.087377
6999,0.381527,0.049451,0.228927,0.01763,0.085519
7000,0.308913,0.049013,0.153023,0.021222,0.085655
7001,0.395013,0.050349,0.245292,0.01829,0.081082
7002,0.327089,0.050562,0.168606,0.021066,0.086855
7003,0.386011,0.023542,0.240768,0.019942,0.101759
7004,0.306667,0.051846,0.153755,0.020996,0.08007
7005,0.407301,0.048941,0.248721,0.01737,0.092269
7006,0.325876,0.050174,0.167711,0.029428,0.078563
7007,0.400404,0.06136,0.232406,0.017058,0.08958
7008,0.30848,0.050718,0.152799,0.021146,0.083817
7009,0.394791,0.047645,0.24601,0.016915,0.084221
7010,0.329006,0.053356,0.167852,0.022782,0.085016
7011,0.48878,0.145112,0.230586,0.017626,0.095456
7012,0.323869,0.050087,0.156983,0.021563,0.095236
7013,0.396414,0.051007,0.245667,0.016974,0.082766
7014,0.32559,0.048951,0.167841,0.02151,0.087288
7015,0.382717,0.050061,0.230779,0.016545,0.085332
7016,0.313647,0.047087,0.153887,0.021091,0.091582
7017,0.400184,0.049364,0.248943,0.017469,0.084408
7018,0.337045,0.022839,0.170356,0.021928,0.121922
7019,0.383478,0.025028,0.230455,0.018764,0.109231
7020,0.309204,0.048889,0.153309,0.02124,0.085766
7021,0.409042,0.049927,0.25022,0.01681,0.092085
7022,0.32294,0.051011,0.170611,0.021132,0.080186
7023,0.38323,0.049575,0.230101,0.016799,0.086755
7024,0.311109,0.049611,0.152303,0.021092,0.088103
7025,0.393341,0.04864,0.245425,0.017253,0.082023
7026,0.331864,0.031707,0.169177,0.021693,0.109287
7027,0.378386,0.024901,0.238635,0.017221,0.097629
7028,0.318302,0.050232,0.152745,0.021203,0.094122
7029,0.411294,0.051708,0.254786,0.017128,0.087672
7030,0.32574,0.048601,0.16995,0.021918,0.085271
7031,0.387061,0.045646,0.232345,0.022389,0.086681
7032,0.320011,0.044984,0.152221,0.020607,0.102199
7033,0.40102,0.047004,0.247125,0.018285,0.088606
7034,0.336191,0.03165,0.168857,0.021744,0.11394
7035,0.37904,0.04989,0.22961,0.016854,0.082686
7036,0.30534,0.050543,0.153757,0.02112,0.07992
7037,0.39238,0.025883,0.246765,0.016526,0.103206
7038,0.344,0.044235,0.168344,0.02107,0.110351
7039,0.382573,0.047321,0.230608,0.016886,0.087758
7040,0.324032,0.045853,0.15681,0.020764,0.100605
7041,0.422537,0.024826,0.262688,0.032931,0.102092
7042,0.325338,0.051447,0.169325,0.021628,0.082938
7043,0.382869,0.048858,0.230492,0.017163,0.086356
7044,0.319011,0.02382,0.15339,0.021232,0.120569
7045,0.409525,0.046158,0.259903,0.02047,0.082994
7046,0.325368,0.02363,0.168354,0.021401,0.111983
7047,0.408906,0.049098,0.22976,0.01889,0.111158
7048,0.312335,0.04955,0.15394,0.021108,0.087737
7049,0.400901,0.025642,0.247049,0.017672,0.110538
7050,0.325798,0.044797,0.172467,0.02122,0.087314
7051,0.409519,0.048581,0.240846,0.017168,0.102924
7052,0.31182,0.045425,0.15396,0.021062,0.091373
7053,0.415602,0.04645,0.248886,0.018272,0.101994
7054,0.33124,0.047755,0.169267,0.021428,0.09279
7055,0.398769,0.046645,0.23121,0.019303,0.101611
7056,0.313687,0.04663,0.153666,0.021498,0.091893
7057,0.407545,0.025328,0.246,0.017764,0.118453
7058,0.340066,0.029502,0.168956,0.025024,0.116584
7059,0.383967,0.049505,0.23309,0.017059,0.084313
7060,0.306132,0.050184,0.153725,0.021096,0.081127
7061,0.41167,0.047708,0.257456,0.018077,0.088429
7062,0.320213,0.047422,0.167922,0.02113,0.083739
7063,0.379849,0.047834,0.230157,0.01767,0.084188
7064,0.315696,0.022349,0.166466,0.02174,0.105141
7065,0.431302,0.050201,0.245966,0.018163,0.116972
7066,0.344784,0.025784,0.167903,0.032078,0.119019
7067,0.381627,0.045939,0.230005,0.017429,0.088254
7068,0.323813,0.04724,0.156091,0.020358,0.100124
7069,0.384148,0.0249,0.246199,0.017855,0.095194
7070,0.333209,0.024868,0.168148,0.030795,0.109398
7071,0.378931,0.046088,0.227948,0.017193,0.087702
7072,0.327098,0.02538,0.154983,0.028114,0.118621
7073,0.421506,0.049806,0.249292,0.017338,0.10507
7074,0.359371,0.050444,0.168006,0.020974,0.119947
7075,0.379922,0.050842,0.238555,0.01745,0.073075
7076,0.316065,0.050678,0.154398,0.028887,0.082102
7077,0.404731,0.021531,0.244964,0.020321,0.117915
7078,0.354693,0.045467,0.169538,0.021562,0.118126
7079,0.401882,0.047091,0.231416,0.017881,0.105494
7080,0.318925,0.044417,0.153027,0.020773,0.100708
7081,0.398107,0.046729,0.244346,0.01954,0.087492
7082,0.32,0.024719,0.167683,0.02118,0.106418
7083,0.406722,0.048457,0.233627,0.017434,0.107204
7084,0.306938,0.049552,0.153144,0.021303,0.082939
7085,0.391827,0.048318,0.245455,0.017475,0.080579
7086,0.321349,0.02241,0.168189,0.021155,0.109595
7087,0.406372,0.04871,0.239449,0.018017,0.100196
7088,0.302685,0.022543,0.152295,0.020941,0.106906
7089,0.410797,0.048384,0.245362,0.020514,0.096537
7090,0.320925,0.050318,0.167556,0.02122,0.081831
7091,0.431415,0.046671,0.262337,0.017177,0.10523
7092,0.31688,0.028657,0.155983,0.020607,0.111633
7093,0.41229,0.048762,0.247468,0.020188,0.095872
7094,0.320174,0.050295,0.167662,0.020994,0.081223
7095,0.372303,0.0214,0.229548,0.019113,0.102242
7096,0.304002,0.046835,0.15271,0.020866,0.083591
7097,0.393805,0.045273,0.248216,0.016829,0.083487
7098,0.339471,0.047462,0.167859,0.02095,0.1032
7099,0.406687,0.044931,0.235755,0.016807,0.109194
7100,0.301927,0.04499,0.153107,0.021179,0.082651
7101,0.428627,0.049616,0.245524,0.023164,0.110323
7102,0.350116,0.052115,0.185485,0.022388,0.090128
7103,0.373577,0.023479,0.23309,0.017304,0.099704
7104,0.305673,0.029898,0.152868,0.020702,0.102205
7105,0.39318,0.048189,0.245474,0.016702,0.082815
7106,0.327773,0.049946,0.171898,0.02109,0.084839
7107,0.393544,0.02436,0.22847,0.019922,0.120792
7108,0.305218,0.028406,0.153343,0.020598,0.102871
7109,0.393604,0.024593,0.244971,0.017306,0.106734
7110,0.321282,0.044481,0.170396,0.02189,0.084515
7111,0.394129,0.046556,0.230938,0.016966,0.099669
7112,0.309635,0.045219,0.153477,0.020844,0.090095
7113,0.392493,0.044725,0.244402,0.016959,0.086407
7114,0.32022,0.047711,0.168025,0.02077,0.083714
7115,0.383913,0.045691,0.229271,0.017016,0.091935
7116,0.329831,0.045289,0.152803,0.020578,0.111161
7117,0.39563,0.047186,0.245183,0.017207,0.086054
7118,0.366426,0.026033,0.1745,0.021612,0.144281
7119,0.383975,0.022079,0.228984,0.0174,0.115512
7120,0.33316,0.044718,0.157222,0.020548,0.110672
7121,0.394975,0.046218,0.245262,0.017058,0.086437
7122,0.358791,0.04515,0.167961,0.034263,0.111417
7123,0.40976,0.048466,0.239413,0.017255,0.104626
7124,0.309576,0.051341,0.153321,0.02133,0.083584
7125,0.402549,0.049464,0.24867,0.019659,0.084756
7126,0.345912,0.02568,0.174729,0.031126,0.114377
7127,0.384782,0.048536,0.229728,0.016655,0.089863
7128,0.300943,0.04461,0.1531,0.021038,0.082195
7129,0.411671,0.049821,0.246743,0.017876,0.097231
7130,0.336448,0.024083,0.167814,0.030404,0.114147
7131,0.37711,0.052186,0.228445,0.01781,0.078669
7132,0.309049,0.022457,0.152488,0.021378,0.112726
7133,0.410106,0.048413,0.244615,0.018667,0.098411
7134,0.32475,0.045704,0.171486,0.021618,0.085942
7135,0.383817,0.048101,0.228984,0.018041,0.088691
7136,0.318248,0.045913,0.153052,0.021189,0.098094
7137,0.406809,0.04712,0.246178,0.017754,0.095757
7138,0.324237,0.024506,0.167487,0.031753,0.100491
7139,0.382033,0.049117,0.233681,0.017798,0.081437
7140,0.323277,0.024589,0.15263,0.021432,0.124626
7141,0.404971,0.053027,0.24716,0.017686,0.087098
7142,0.320717,0.045687,0.169624,0.02146,0.083946
7143,0.380938,0.046844,0.229507,0.01801,0.086577
7144,0.319155,0.026294,0.157723,0.021843,0.113295
7145,0.395635,0.050625,0.247128,0.017783,0.080099
7146,0.338945,0.024854,0.168262,0.037648,0.108181
7147,0.401509,0.045261,0.230071,0.024596,0.101581
7148,0.33244,0.04616,0.156315,0.02076,0.109205
7149,0.421513,0.030256,0.247645,0.017322,0.12629
7150,0.322621,0.050551,0.16847,0.021182,0.082418
7151,0.384667,0.049295,0.230752,0.017518,0.087102
7152,0.308764,0.04942,0.153096,0.020968,0.08528
7153,0.39528,0.049724,0.251176,0.017613,0.076767
7154,0.320013,0.051095,0.167999,0.021612,0.079307
7155,0.409646,0.049878,0.228664,0.020487,0.110617
7156,0.323038,0.05105,0.153068,0.029944,0.088976
7157,0.389787,0.022167,0.245563,0.017984,0.104073
7158,0.325298,0.046145,0.17106,0.021223,0.08687
7159,0.397726,0.045924,0.231231,0.017361,0.10321
7160,0.307883,0.046759,0.15337,0.021252,0.086502
7161,0.396624,0.04816,0.246441,0.017542,0.084481
7162,0.318725,0.048391,0.16852,0.021126,0.080688
7163,0.382976,0.047035,0.229682,0.017428,0.088831
7164,0.311138,0.046034,0.153566,0.021428,0.09011
7165,0.398645,0.024828,0.246406,0.018359,0.109052
7166,0.312915,0.023392,0.168419,0.021528,0.099576
7167,0.384982,0.027795,0.230815,0.020287,0.106085
7168,0.326,0.030922,0.152849,0.021167,0.121062
7169,0.398575,0.052038,0.2452,0.017622,0.083715
7170,0.353231,0.049507,0.166775,0.02151,0.115439
7171,0.40778,0.049869,0.237496,0.017785,0.10263
7172,0.349452,0.022894,0.157327,0.032756,0.136475
7173,0.404558,0.053151,0.244609,0.019709,0.087089
7174,0.341144,0.04901,0.167954,0.021078,0.103102
7175,0.390186,0.049881,0.228861,0.016923,0.094521
7176,0.311534,0.048971,0.155271,0.021318,0.085974
7177,0.40063,0.022795,0.245044,0.017093,0.115698
7178,0.358089,0.04963,0.16793,0.031945,0.108584
7179,0.378116,0.050966,0.229324,0.017657,0.080169
7180,0.299506,0.021742,0.154368,0.021317,0.102079
7181,0.411191,0.050877,0.258827,0.01738,0.084107
7182,0.319677,0.050696,0.16833,0.02107,0.079581
7183,0.391546,0.053372,0.229456,0.017606,0.091112
7184,0.310833,0.050254,0.152504,0.021314,0.086761
7185,0.393868,0.051936,0.246582,0.016933,0.078417
7186,0.328064,0.048584,0.171521,0.020944,0.087015
7187,0.387888,0.023567,0.230636,0.018806,0.114879
7188,0.325082,0.021411,0.152742,0.021393,0.129536
7189,0.38162,0.023704,0.245607,0.017004,0.095305
7190,0.317931,0.050268,0.169456,0.021058,0.077149
7191,0.394011,0.023424,0.241217,0.019076,0.110294
7192,0.328135,0.048835,0.152085,0.026943,0.100272
7193,0.418571,0.050968,0.251213,0.017967,0.098423
7194,0.323336,0.048392,0.167801,0.021356,0.085787
7195,0.432986,0.050837,0.258657,0.03195,0.091542
7196,0.310638,0.049634,0.152497,0.021265,0.087242
7197,0.395698,0.050586,0.246325,0.018516,0.080271
7198,0.336656,0.05141,0.169464,0.021118,0.094664
7199,0.37985,0.034986,0.229234,0.017501,0.098129
7200,0.297231,0.025567,0.154904,0.021007,0.095753
7201,0.420617,0.050311,0.244821,0.01728,0.108205
7202,0.357595,0.048595,0.167285,0.020854,0.120861
7203,0.380922,0.023175,0.239503,0.017299,0.100945
7204,0.310049,0.051187,0.156145,0.022597,0.08012
7205,0.398497,0.05047,0.249144,0.01701,0.081873
7206,0.339091,0.060604,0.168813,0.021773,0.087901
7207,0.381421,0.050478,0.230111,0.017427,0.083405
7208,0.341364,0.046375,0.153216,0.021077,0.120696
7209,0.396648,0.050888,0.245535,0.018445,0.08178
7210,0.344343,0.052822,0.167232,0.022768,0.101521
7211,0.399672,0.042066,0.234813,0.01948,0.103313
7212,0.32255,0.03108,0.152688,0.020752,0.11803
7213,0.409302,0.039966,0.246198,0.017401,0.105737
7214,0.328737,0.033424,0.168042,0.021185,0.106086
7215,0.388793,0.051294,0.231483,0.016996,0.08902
7216,0.314482,0.049303,0.153605,0.021246,0.090328
7217,0.407296,0.048427,0.253694,0.023139,0.082036
7218,0.362431,0.058741,0.174464,0.021657,0.107569
7219,0.385796,0.047345,0.230349,0.017724,0.090378
7220,0.304869,0.048608,0.156294,0.02143,0.078537
7221,0.393851,0.050419,0.246065,0.017811,0.079556
7222,0.318495,0.023247,0.167913,0.02125,0.106085
7223,0.377129,0.0247,0.237947,0.017463,0.097019
7224,0.316237,0.048854,0.152625,0.02099,0.093768
7225,0.391166,0.051422,0.244864,0.017313,0.077567
7226,0.345861,0.027631,0.169699,0.033214,0.115317
7227,0.412378,0.04824,0.23655,0.020027,0.107561
7228,0.31553,0.048708,0.153772,0.0211,0.09195
7229,0.397142,0.047105,0.251039,0.01725,0.081748
7230,0.342611,0.046691,0.168239,0.021313,0.106368
7231,0.397447,0.046742,0.238985,0.017239,0.094481
7232,0.307428,0.04965,0.153814,0.020886,0.083078
7233,0.424036,0.049473,0.245999,0.01909,0.109474
7234,0.3398,0.029283,0.172513,0.021432,0.116572
7235,0.382499,0.023081,0.22983,0.017738,0.11185
7236,0.299178,0.023019,0.1525,0.02148,0.102179
7237,0.39551,0.02477,0.245918,0.018028,0.106794
7238,0.336871,0.023128,0.16806,0.028843,0.11684
7239,0.400311,0.051681,0.233688,0.019023,0.095919
7240,0.319002,0.049121,0.152664,0.021709,0.095508
7241,0.404553,0.050891,0.246539,0.02173,0.085393
7242,0.319666,0.046468,0.17281,0.022767,0.077621
7243,0.392247,0.049513,0.230979,0.017973,0.093782
7244,0.31998,0.024936,0.154624,0.02132,0.1191
7245,0.386782,0.025115,0.245454,0.017779,0.098434
7246,0.332477,0.023441,0.166737,0.029523,0.112776
7247,0.394058,0.049721,0.230723,0.019262,0.094352
7248,0.320334,0.050012,0.152536,0.021352,0.096434
7249,0.440508,0.023897,0.246984,0.017107,0.15252
7250,0.328924,0.051055,0.167246,0.021482,0.089141
7251,0.381269,0.050812,0.229132,0.017167,0.084158
7252,0.307489,0.050132,0.152599,0.0213,0.083458
7253,0.413038,0.048997,0.25411,0.017232,0.092699
7254,0.328449,0.049808,0.168019,0.021199,0.089423
7255,0.388193,0.050058,0.229423,0.017149,0.091563
7256,0.310305,0.050744,0.155288,0.021175,0.083098
7257,0.399191,0.022699,0.246147,0.017175,0.11317
7258,0.352162,0.0454,0.169893,0.020612,0.116257
7259,0.380915,0.04656,0.230661,0.016887,0.086807
7260,0.3312,0.046152,0.153664,0.020833,0.110551
7261,0.410565,0.04744,0.250428,0.016724,0.095973
7262,0.362972,0.046462,0.171351,0.038808,0.106351
7263,0.389049,0.051146,0.230254,0.01684,0.090809
7264,0.34555,0.051,0.181066,0.021799,0.091685
7265,0.418029,0.025434,0.257533,0.017227,0.117835
7266,0.351675,0.0295,0.170515,0.032773,0.118887
7267,0.383073,0.049615,0.233033,0.016865,0.08356
7268,0.30864,0.050331,0.152811,0.021593,0.083905
7269,0.417124,0.048657,0.246633,0.017304,0.10453
7270,0.32468,0.051171,0.16855,0.021182,0.083777
7271,0.382499,0.047219,0.229621,0.016948,0.088711
7272,0.323587,0.02228,0.155021,0.021533,0.124753
7273,0.382493,0.025317,0.244838,0.016755,0.095583
7274,0.324788,0.050885,0.168179,0.02135,0.084374
7275,0.405553,0.050167,0.229814,0.034159,0.091413
7276,0.314018,0.048478,0.155149,0.021285,0.089106
7277,0.395057,0.050749,0.246348,0.016737,0.081223
7278,0.326217,0.050914,0.176719,0.022523,0.076061
7279,0.392113,0.050286,0.230077,0.018106,0.093644
7280,0.304291,0.022821,0.153222,0.021632,0.106616
7281,1.03143,0.029882,0.246119,0.017385,0.738041
7282,0.332658,0.022255,0.169959,0.02131,0.119134
7283,0.369682,0.024014,0.228916,0.01769,0.099062
7284,0.332148,0.029324,0.152738,0.029746,0.12034
7285,0.412112,0.05178,0.257588,0.019289,0.083455
7286,0.35178,0.027384,0.169377,0.027048,0.127971
7287,0.389524,0.046024,0.228555,0.02254,0.092405
7288,0.339693,0.044563,0.153382,0.020836,0.120912
7289,0.406268,0.045981,0.246825,0.016758,0.096704
7290,0.32489,0.045519,0.167708,0.021166,0.090497
7291,0.387014,0.047715,0.232805,0.017151,0.089343
7292,0.330755,0.047193,0.161814,0.021062,0.100686
7293,0.400951,0.047547,0.247749,0.019638,0.086017
7294,0.321931,0.03658,0.168698,0.021236,0.095417
7295,0.373838,0.022043,0.232392,0.01718,0.102223
7296,0.325118,0.02282,0.15523,0.021338,0.12573
7297,0.400522,0.046497,0.245373,0.017677,0.090975
7298,0.331825,0.02852,0.168978,0.031024,0.103303
7299,0.402789,0.049642,0.230502,0.017212,0.105433
7300,0.320489,0.050581,0.153612,0.021675,0.094621
7301,0.39768,0.051113,0.248675,0.018183,0.079709
7302,0.322218,0.051049,0.169453,0.02122,0.080496
7303,0.373868,0.021988,0.229989,0.017197,0.104694
7304,0.306225,0.023952,0.153574,0.02132,0.107379
7305,0.397328,0.028594,0.246083,0.016798,0.105853
7306,0.32614,0.046584,0.171454,0.021527,0.086575
7307,0.393498,0.047175,0.23129,0.018142,0.096891
7308,0.326071,0.028554,0.152958,0.021448,0.123111
7309,0.439388,0.059328,0.262166,0.020585,0.097309
7310,0.332062,0.050295,0.1724,0.021528,0.087839
7311,0.38867,0.049575,0.232007,0.017615,0.089473
7312,0.321615,0.048881,0.15409,0.020996,0.097648
7313,0.39808,0.050014,0.247376,0.017674,0.083016
7314,0.320591,0.021568,0.168178,0.021142,0.109703
7315,0.389823,0.048797,0.232603,0.017186,0.091237
7316,0.310779,0.046144,0.153549,0.02082,0.090266
7317,0.401758,0.025096,0.247387,0.017602,0.111673
7318,0.325811,0.052468,0.169043,0.02116,0.08314
7319,0.395575,0.050454,0.230518,0.017289,0.097314
7320,0.313369,0.050252,0.156387,0.021158,0.085572
7321,0.395162,0.049635,0.247269,0.017067,0.081191
7322,0.337325,0.050442,0.168235,0.021125,0.097523
7323,0.385864,0.051112,0.231156,0.017444,0.086152
7324,0.329869,0.049873,0.155923,0.021372,0.102701
7325,0.393687,0.0213,0.246875,0.017653,0.107859
7326,0.311643,0.024995,0.167434,0.021245,0.097969
7327,0.385865,0.022111,0.23163,0.017607,0.114517
7328,0.320611,0.022405,0.153954,0.0213,0.122952
7329,0.401231,0.046785,0.249047,0.017545,0.087854
7330,0.354223,0.047809,0.167918,0.032924,0.105572
7331,0.394827,0.046545,0.230558,0.016808,0.100916
7332,0.327469,0.0488,0.167444,0.027927,0.083298
7333,0.405291,0.048046,0.247394,0.017485,0.092366
7334,0.345785,0.047861,0.168883,0.021201,0.10784
7335,0.378138,0.046886,0.230123,0.017693,0.083436
7336,0.314461,0.024712,0.1527,0.020902,0.116147
7337,0.387297,0.021947,0.245705,0.019653,0.099992
7338,0.36924,0.049884,0.171591,0.032975,0.11479
7339,0.412951,0.050052,0.240247,0.017401,0.105251
7340,0.3265,0.025634,0.153589,0.03286,0.114417
7341,0.395111,0.046655,0.247022,0.017208,0.084226
7342,0.333086,0.04575,0.169511,0.020535,0.09729
7343,0.38733,0.047817,0.234978,0.01732,0.087215
7344,0.309424,0.04577,0.153537,0.021557,0.08856
7345,0.395909,0.047649,0.245787,0.018975,0.083498
7346,0.320077,0.046009,0.169496,0.021808,0.082764
7347,0.394086,0.047976,0.241375,0.01782,0.086915
7348,0.310845,0.02512,0.15355,0.02139,0.110785
7349,0.38566,0.0232,0.245052,0.018292,0.099116
7350,0.327891,0.028053,0.168177,0.027868,0.103793
7351,0.379458,0.0468,0.229096,0.016696,0.086866
7352,0.30674,0.045999,0.154652,0.020842,0.085247
7353,0.414978,0.032228,0.245702,0.016889,0.120159
7354,0.355424,0.049421,0.167757,0.021461,0.116785
7355,0.378391,0.049476,0.230384,0.017891,0.08064
7356,0.323495,0.050489,0.153792,0.021225,0.097989
7357,0.406804,0.051095,0.248625,0.025503,0.081581
7358,0.324923,0.04602,0.169129,0.021058,0.088716
7359,0.3796,0.047852,0.23152,0.017177,0.083051
7360,0.316454,0.047013,0.15207,0.020475,0.096896
7361,0.385517,0.026208,0.246245,0.017421,0.095643
7362,0.328213,0.022107,0.168317,0.021162,0.116627
7363,0.455916,0.02849,0.234527,0.034645,0.158254
7364,0.307438,0.050962,0.152595,0.021342,0.082539
7365,0.393626,0.05175,0.245563,0.016977,0.079336
7366,0.327534,0.048846,0.171508,0.021294,0.085886
7367,0.387933,0.051967,0.230228,0.017288,0.08845
7368,0.33207,0.049147,0.153078,0.020937,0.108908
7369,0.395831,0.048783,0.246346,0.017505,0.083197
7370,0.322043,0.020767,0.167508,0.021481,0.112287
7371,0.396104,0.02974,0.233906,0.016832,0.115626
7372,0.32672,0.025003,0.154073,0.020908,0.126736
7373,0.387054,0.02588,0.246273,0.017163,0.097738
7374,0.356674,0.049487,0.168511,0.02086,0.117816
7375,0.382469,0.052046,0.231657,0.017115,0.081651
7376,0.325033,0.05035,0.156338,0.02212,0.096225
7377,0.414087,0.049458,0.25204,0.017381,0.095208
7378,0.357436,0.049754,0.169035,0.0249,0.113747
7379,0.391149,0.053856,0.230274,0.017414,0.089605
7380,0.319566,0.024501,0.152291,0.021658,0.121116
7381,0.387822,0.026066,0.247379,0.018248,0.096129
7382,0.321576,0.021863,0.169261,0.021245,0.109207
7383,0.395004,0.046093,0.229167,0.019747,0.099997
7384,0.30547,0.046948,0.153325,0.021192,0.084005
7385,0.41143,0.047045,0.254187,0.017096,0.093102
7386,0.364483,0.038108,0.168624,0.027302,0.130449
7387,0.389844,0.051639,0.229841,0.017574,0.09079
7388,0.32864,0.048398,0.152138,0.023756,0.104348
7389,0.398885,0.055299,0.246361,0.017821,0.079404
7390,0.320384,0.021167,0.169796,0.021097,0.108324
7391,0.382205,0.02611,0.236346,0.017574,0.102175
7392,0.328387,0.049946,0.153172,0.020648,0.104621
7393,0.395046,0.052081,0.244732,0.01789,0.080343
7394,0.346449,0.023748,0.172244,0.03277,0.117687
7395,0.3959,0.047794,0.231119,0.017012,0.099975
7396,0.310766,0.047232,0.152845,0.021106,0.089583
7397,0.393826,0.047579,0.246146,0.017245,0.082856
7398,0.334011,0.04923,0.168638,0.021313,0.09483
7399,0.385609,0.051775,0.232063,0.019895,0.081876
7400,0.323227,0.048519,0.153327,0.020788,0.100593
7401,0.420638,0.051499,0.248963,0.018512,0.101664
7402,0.333635,0.026149,0.169392,0.02582,0.112274
7403,0.380522,0.024835,0.231275,0.023691,0.100721
7404,0.313753,0.023399,0.156026,0.021258,0.11307
7405,0.397394,0.046711,0.246381,0.017597,0.086705
7406,0.323357,0.025166,0.167526,0.03241,0.098255
7407,0.385273,0.049317,0.232142,0.017305,0.086509
7408,0.32856,0.051294,0.15913,0.022602,0.095534
7409,0.432873,0.049526,0.254477,0.033243,0.095627
7410,0.326098,0.051678,0.168431,0.02114,0.084849
7411,0.381177,0.049331,0.228953,0.01772,0.085173
7412,0.298756,0.022178,0.154025,0.020918,0.101635
7413,0.412779,0.050602,0.249073,0.020017,0.093087
7414,0.335326,0.026921,0.169421,0.026726,0.112258
7415,0.381871,0.048421,0.231091,0.017899,0.08446
7416,0.323402,0.028796,0.154018,0.032242,0.108346
7417,0.394891,0.023042,0.24635,0.01736,0.108139
7418,0.331915,0.050936,0.171816,0.021078,0.088085
7419,0.40198,0.048821,0.239279,0.017582,0.096298
7420,0.311013,0.052232,0.15418,0.021098,0.083503
7421,0.404771,0.046827,0.26009,0.017777,0.080077
7422,0.322813,0.051963,0.170967,0.021416,0.078467
7423,0.3964,0.049916,0.23135,0.019524,0.09561
7424,0.343822,0.050897,0.154584,0.030475,0.107866
7425,0.392717,0.021192,0.246912,0.017571,0.107042
7426,0.342153,0.04802,0.170493,0.02065,0.10299
7427,0.399593,0.06454,0.233652,0.017991,0.08341
7428,0.320616,0.05002,0.154536,0.022592,0.093468
7429,0.41516,0.050358,0.252791,0.019385,0.092626
7430,0.322006,0.050841,0.169643,0.021634,0.079888
7431,0.379304,0.050684,0.230209,0.016926,0.081485
7432,0.311864,0.050393,0.155015,0.021642,0.084814
7433,0.415144,0.025022,0.247613,0.017499,0.12501
7434,0.329322,0.024798,0.170524,0.031433,0.102567
7435,0.379599,0.049242,0.228859,0.017254,0.084244
7436,0.306939,0.024447,0.152273,0.021146,0.109073
7437,0.393263,0.048639,0.245198,0.017327,0.082099
7438,0.331355,0.030528,0.170752,0.025865,0.10421
7439,0.395807,0.049282,0.231393,0.01714,0.097992
7440,0.37759,0.0663,0.153953,0.029972,0.127365
7441,0.41874,0.050159,0.245258,0.017001,0.106322
7442,0.332762,0.057628,0.176193,0.022612,0.076329
7443,0.383559,0.050879,0.227947,0.017106,0.087627
7444,0.31598,0.051829,0.154052,0.022512,0.087587
7445,0.401587,0.026734,0.247384,0.017197,0.110272
7446,0.319358,0.046502,0.167951,0.021418,0.083487
7447,0.377936,0.046466,0.229792,0.020411,0.081267
7448,0.303747,0.025688,0.154016,0.028482,0.095561
7449,0.405547,0.050545,0.245197,0.017849,0.091956
7450,0.322706,0.050052,0.170849,0.021314,0.080491
7451,0.394628,0.049372,0.230958,0.017227,0.097071
7452,0.307287,0.050709,0.152537,0.020987,0.083054
7453,0.413395,0.049976,0.249687,0.017135,0.096597
7454,0.329089,0.051654,0.169495,0.023177,0.084763
7455,0.385122,0.050699,0.230352,0.01849,0.085581
7456,0.310662,0.021858,0.153172,0.021914,0.113718
7457,0.381355,0.02556,0.244337,0.017453,0.094005
7458,0.328025,0.022554,0.17061,0.02233,0.112531
7459,0.379651,0.030115,0.230411,0.019887,0.099238
7460,0.320934,0.045786,0.1521,0.020546,0.102502
7461,0.409743,0.048664,0.256282,0.018901,0.085896
7462,0.3281,0.045366,0.169501,0.020992,0.092241
7463,0.378553,0.046624,0.229686,0.017848,0.084395
7464,0.324097,0.046027,0.153968,0.021127,0.102975
7465,0.400159,0.046551,0.24827,0.017106,0.088232
7466,0.338784,0.046085,0.168665,0.021068,0.102966
7467,0.371875,0.0248,0.229789,0.017913,0.099373
7468,0.312735,0.024709,0.153367,0.021247,0.113412
7469,0.397204,0.04746,0.245909,0.018816,0.085019
7470,0.328864,0.024969,0.167707,0.021208,0.11498
7471,0.399284,0.037805,0.232753,0.017026,0.1117
7472,0.331569,0.029792,0.154922,0.027925,0.11893
7473,0.421356,0.049701,0.253104,0.022903,0.095648
7474,0.336019,0.05031,0.168917,0.021146,0.095646
7475,0.386218,0.050243,0.229984,0.019562,0.086429
7476,0.32508,0.049523,0.152582,0.021372,0.101603
7477,0.398066,0.051106,0.245828,0.017683,0.083449
7478,0.309501,0.022605,0.167899,0.021262,0.097735
7479,0.378571,0.025285,0.236845,0.018104,0.098337
7480,0.326701,0.045886,0.155734,0.02119,0.103891
7481,0.400738,0.046493,0.245491,0.017527,0.091227
7482,0.358576,0.04879,0.167617,0.026741,0.115428
7483,0.409054,0.050043,0.238989,0.018458,0.101564
7484,0.309009,0.051194,0.152818,0.021314,0.083683
7485,0.389526,0.050259,0.245528,0.017156,0.076583
7486,0.328938,0.051475,0.171525,0.023382,0.082556
7487,0.384384,0.022929,0.230417,0.018411,0.112627
7488,0.291847,0.023616,0.153295,0.021476,0.09346
7489,0.403044,0.05099,0.249298,0.017608,0.085148
7490,0.324788,0.02512,0.169289,0.021813,0.108566
7491,0.380122,0.02506,0.240028,0.020245,0.094789
7492,0.320122,0.049683,0.154039,0.021384,0.095016
7493,0.39604,0.049642,0.246252,0.017297,0.082849
7494,0.356546,0.050393,0.182764,0.021756,0.101633
7495,0.392565,0.05028,0.230751,0.017146,0.094388
7496,0.317767,0.049508,0.154105,0.021241,0.092913
7497,0.399191,0.04751,0.247266,0.017834,0.086581
7498,0.332226,0.024924,0.169412,0.02123,0.11666
7499,0.382002,0.028984,0.231519,0.019359,0.10214
7500,0.303842,0.027317,0.152486,0.021444,0.102595
7501,0.411268,0.045994,0.253628,0.017004,0.094642
7502,0.364931,0.024017,0.16839,0.021609,0.150915
7503,0.394785,0.050498,0.231596,0.017796,0.094895
7504,0.319305,0.050982,0.154107,0.021917,0.092299
7505,0.412145,0.049486,0.254262,0.017379,0.091018
7506,0.331388,0.050509,0.168343,0.022136,0.0904
7507,0.384188,0.050347,0.229897,0.017155,0.086789
7508,0.318571,0.050279,0.153591,0.02196,0.092741
7509,0.390046,0.050473,0.24983,0.018059,0.071684
7510,0.336914,0.022806,0.168929,0.031836,0.113343
7511,0.37216,0.050614,0.229243,0.018018,0.074285
7512,0.295093,0.021452,0.152744,0.02097,0.099927
7513,0.406247,0.047598,0.246052,0.020055,0.092542
7514,0.341753,0.029772,0.167403,0.032518,0.11206
7515,0.379748,0.051699,0.2292,0.016689,0.08216
7516,0.305216,0.049397,0.152491,0.020988,0.08234
7517,0.412336,0.053429,0.261149,0.01784,0.079918
7518,0.343191,0.046338,0.171014,0.029435,0.096404
7519,0.381847,0.052615,0.229834,0.020081,0.079317
7520,0.3169,0.026215,0.153371,0.022032,0.115282
7521,0.388811,0.050106,0.246702,0.01752,0.074483
7522,0.342347,0.02873,0.16758,0.032918,0.113119
7523,0.387518,0.053995,0.229489,0.016917,0.087117
7524,0.306636,0.049573,0.151804,0.020745,0.084514
7525,0.397811,0.054001,0.253363,0.017724,0.072723
7526,0.344005,0.061055,0.166622,0.023098,0.09323
7527,0.374326,0.0527,0.230549,0.017748,0.073329
7528,0.294468,0.022112,0.153369,0.020905,0.098082
7529,0.387423,0.050604,0.244232,0.017165,0.075422
7530,0.323266,0.021568,0.168217,0.022042,0.111439
7531,0.386364,0.049722,0.235417,0.017844,0.083381
7532,0.320717,0.046241,0.155183,0.021045,0.098248
7533,0.405153,0.04655,0.247153,0.017886,0.093564
7534,0.327654,0.026734,0.16907,0.02802,0.10383
7535,0.387772,0.049997,0.230749,0.017604,0.089422
7536,0.306344,0.022664,0.152615,0.02117,0.109895
7537,0.399967,0.050586,0.245135,0.017202,0.087044
7538,0.329175,0.028417,0.169003,0.025598,0.106157
7539,0.379492,0.046652,0.230706,0.016989,0.085145
7540,0.314353,0.046499,0.15293,0.020839,0.094085
7541,0.413341,0.047633,0.251671,0.01795,0.096087
7542,0.339374,0.035397,0.16918,0.021224,0.113573
7543,0.38535,0.027561,0.232967,0.024542,0.10028
7544,0.316038,0.046844,0.152995,0.0214,0.094799
7545,0.393409,0.047272,0.246077,0.017137,0.082923
7546,0.321365,0.048231,0.170024,0.021146,0.081964
7547,0.395545,0.048456,0.229262,0.017162,0.100665
7548,0.324511,0.044693,0.153099,0.020802,0.105917
7549,0.436749,0.023849,0.245558,0.017043,0.150299
7550,0.319255,0.051013,0.16908,0.022616,0.076546
7551,0.405852,0.049172,0.23544,0.020151,0.101089
7552,0.300466,0.047267,0.154464,0.02208,0.076655
7553,0.423868,0.048751,0.244229,0.01742,0.113468
7554,0.326243,0.051601,0.169526,0.022663,0.082453
7555,0.394122,0.048662,0.229697,0.01837,0.097393
7556,0.307562,0.051269,0.15258,0.021092,0.082621
7557,0.399178,0.022569,0.246121,0.017375,0.113113
7558,0.321107,0.047072,0.168662,0.021413,0.08396
7559,0.391738,0.046056,0.229604,0.017014,0.099064
7560,0.309711,0.047622,0.153173,0.021336,0.08758
7561,0.420299,0.049247,0.24508,0.017657,0.108315
7562,0.343136,0.051531,0.168724,0.021195,0.101686
7563,0.379571,0.048272,0.230143,0.017385,0.083771
7564,0.326115,0.051689,0.157353,0.02156,0.095513
7565,0.388004,0.022846,0.245577,0.017661,0.10192
7566,0.320124,0.03016,0.168253,0.02077,0.100941
7567,0.385087,0.047816,0.228988,0.017427,0.090856
7568,0.317435,0.048546,0.152997,0.02107,0.094822
7569,0.392947,0.025013,0.244754,0.017,0.10618
7570,0.338349,0.048208,0.168558,0.021172,0.100411
7571,0.395913,0.047028,0.228739,0.017218,0.102928
7572,0.304335,0.02468,0.155354,0.021876,0.102425
7573,0.404909,0.047375,0.253053,0.017623,0.086858
7574,0.330138,0.048922,0.16818,0.020927,0.092109
7575,0.380495,0.049085,0.231431,0.017029,0.08295
7576,0.31702,0.050368,0.153422,0.021082,0.092148
7577,0.392651,0.024468,0.245851,0.017055,0.105277
7578,0.318405,0.045987,0.168334,0.021085,0.082999
7579,0.394587,0.044871,0.231335,0.018512,0.099869
7580,0.323675,0.046187,0.165108,0.021368,0.091012
7581,0.406697,0.028966,0.24697,0.017806,0.112955
7582,0.341969,0.027725,0.168586,0.031223,0.114435
7583,0.393442,0.047276,0.230347,0.017289,0.09853
7584,0.308123,0.046156,0.152602,0.021178,0.088187
7585,0.393815,0.04615,0.246385,0.017765,0.083515
7586,0.317497,0.024032,0.168566,0.022015,0.102884
7587,0.387789,0.048348,0.230508,0.017527,0.091406
7588,0.356131,0.032433,0.153753,0.04215,0.127795
7589,0.41618,0.045654,0.244702,0.018787,0.107037
7590,0.356927,0.045776,0.169475,0.032558,0.109118
7591,0.408216,0.044864,0.238554,0.019382,0.105416
7592,0.304768,0.047095,0.153176,0.020906,0.083591
7593,0.392893,0.046066,0.246156,0.017117,0.083554
7594,0.355147,0.045296,0.16835,0.027906,0.113595
7595,0.38552,0.045433,0.229768,0.019099,0.09122
7596,0.320335,0.031152,0.153224,0.0212,0.114759
7597,0.409234,0.049332,0.252541,0.017436,0.089925
7598,0.319188,0.049409,0.167575,0.021175,0.081029
7599,0.380218,0.049744,0.230486,0.016849,0.083139
7600,0.305735,0.047142,0.153018,0.021624,0.083951
7601,0.385683,0.049943,0.245947,0.017631,0.072162
7602,0.327075,0.02482,0.168317,0.02796,0.105978
7603,0.406835,0.048945,0.230369,0.02148,0.106041
7604,0.318746,0.028958,0.153474,0.022198,0.114116
7605,0.400065,0.026078,0.245481,0.017874,0.110632
7606,0.324778,0.02912,0.167336,0.025285,0.103037
7607,0.381269,0.051104,0.227264,0.017982,0.084919
7608,0.314498,0.04961,0.153118,0.021476,0.090294
7609,0.387399,0.051757,0.245034,0.017478,0.07313
7610,0.333016,0.024,0.168302,0.028644,0.11207
7611,0.383186,0.050773,0.231487,0.017721,0.083205
7612,0.327227,0.048996,0.152574,0.021113,0.104544
7613,0.401113,0.047344,0.246048,0.025941,0.08178
7614,0.326678,0.028504,0.167634,0.02627,0.10427
7615,0.378433,0.048869,0.23228,0.017112,0.080172
7616,0.309564,0.050636,0.154421,0.021122,0.083385
7617,0.396988,0.04867,0.246859,0.019667,0.081792
7618,0.327595,0.027253,0.168091,0.030462,0.101789
7619,0.377009,0.045213,0.230844,0.017837,0.083115
7620,0.30905,0.029684,0.153827,0.020615,0.104924
7621,0.393852,0.022569,0.245216,0.01902,0.107047
7622,0.322327,0.045607,0.168808,0.020718,0.087194
7623,0.39235,0.048061,0.230398,0.017136,0.096755
7624,0.317036,0.045544,0.152577,0.020403,0.098512
7625,0.401569,0.045575,0.246793,0.017041,0.09216
7626,0.328847,0.048696,0.172196,0.022984,0.084971
7627,0.425033,0.049825,0.253336,0.017904,0.103968
7628,0.30471,0.0266,0.152789,0.02127,0.104051
7629,0.404215,0.031361,0.245317,0.019517,0.10802
7630,0.320518,0.02546,0.167845,0.021556,0.105657
7631,0.360278,0.02346,0.229149,0.017352,0.090317
7632,0.308418,0.049711,0.153215,0.022528,0.082964
7633,0.408184,0.049968,0.257196,0.018468,0.082552
7634,0.330144,0.05117,0.174438,0.025697,0.078839
7635,0.435664,0.065903,0.24065,0.019985,0.109126
7636,0.306789,0.04888,0.153669,0.021762,0.082478
7637,0.406293,0.048326,0.245061,0.017662,0.095244
7638,0.326656,0.022407,0.168663,0.028008,0.107578
7639,0.377182,0.046624,0.229862,0.017205,0.083491
7640,0.320583,0.025364,0.154055,0.020918,0.120246
7641,0.393516,0.047603,0.246254,0.017416,0.082243
7642,0.317888,0.045065,0.168603,0.02105,0.08317
7643,0.385753,0.029735,0.23099,0.017661,0.107367
7644,0.31443,0.050684,0.153758,0.021078,0.08891
7645,0.40965,0.046391,0.25069,0.017467,0.095102
7646,0.321326,0.049466,0.168461,0.021767,0.081632
7647,0.380494,0.049515,0.229428,0.01754,0.084011
7648,0.31084,0.049482,0.156166,0.022762,0.08243
7649,0.398396,0.047127,0.247493,0.017372,0.086404
7650,0.318484,0.048865,0.168983,0.022348,0.078288
7651,0.386935,0.02548,0.231999,0.017179,0.112277
7652,0.314309,0.045886,0.154316,0.02103,0.093077
7653,0.402929,0.045406,0.254012,0.020318,0.083193
7654,0.318449,0.0471,0.168885,0.020877,0.081587
7655,0.379002,0.044957,0.231782,0.017122,0.085141
7656,0.303897,0.045512,0.153105,0.0209,0.08438
7657,0.395228,0.0449,0.245851,0.019836,0.084641
7658,0.336215,0.046158,0.169118,0.032768,0.088171
7659,0.391055,0.030106,0.231594,0.023465,0.10589
7660,0.298809,0.049571,0.153755,0.021152,0.074331
7661,0.393237,0.04969,0.246174,0.019157,0.078216
7662,0.344002,0.051508,0.168971,0.020822,0.102701
7663,0.379573,0.049616,0.229072,0.01735,0.083535
7664,0.316618,0.051835,0.16783,0.022876,0.074077
7665,0.395703,0.050246,0.245524,0.017941,0.081992
7666,0.323923,0.048968,0.16839,0.021473,0.085092
7667,0.368898,0.023161,0.229888,0.017985,0.097864
7668,0.306567,0.031568,0.152225,0.021341,0.101433
7669,0.399282,0.023341,0.246701,0.018129,0.111111
7670,0.329364,0.030864,0.167516,0.026942,0.104042
7671,0.378308,0.050053,0.229035,0.017153,0.082067
7672,0.323649,0.025933,0.153924,0.021234,0.122558
7673,0.408768,0.045286,0.254306,0.01731,0.091866
7674,0.324284,0.047122,0.168596,0.021743,0.086823
7675,0.389713,0.045711,0.229974,0.017112,0.096916
7676,0.302338,0.048916,0.152414,0.021098,0.07991
7677,0.379802,0.024714,0.245525,0.017386,0.092177
7678,0.320398,0.050802,0.169028,0.02118,0.079388
7679,0.397028,0.049385,0.233498,0.019143,0.095002
7680,0.325712,0.049292,0.153981,0.021512,0.100927
7681,0.414113,0.04898,0.251945,0.01726,0.095928
7682,0.327077,0.049691,0.174179,0.022151,0.081056
7683,0.377517,0.02492,0.229624,0.017433,0.10554
7684,0.316491,0.02849,0.152659,0.021098,0.114244
7685,0.40514,0.048387,0.245024,0.018322,0.093407
7686,0.323266,0.022761,0.168647,0.021344,0.110514
7687,0.396216,0.047893,0.229103,0.016808,0.102412
7688,0.314419,0.049593,0.16122,0.02318,0.080426
7689,0.398129,0.048464,0.24705,0.020354,0.082261
7690,0.365765,0.029407,0.174147,0.022702,0.139509
7691,0.375011,0.045594,0.229271,0.017433,0.082713
7692,0.296106,0.026462,0.153518,0.021127,0.094999
7693,0.4052,0.048058,0.245701,0.016848,0.094593
7694,0.307128,0.022659,0.167708,0.021492,0.095269
7695,0.378563,0.048112,0.228952,0.016817,0.084682
7696,0.313243,0.050806,0.159293,0.022507,0.080637
7697,0.394726,0.048776,0.245098,0.017193,0.083659
7698,0.399371,0.022893,0.169774,0.021896,0.184808
7699,0.385807,0.049578,0.235662,0.017228,0.083339
7700,0.315713,0.050543,0.152882,0.021942,0.090346
7701,0.412859,0.04867,0.244646,0.017085,0.102458
7702,0.321689,0.02252,0.168828,0.021182,0.109159
7703,0.375518,0.048073,0.230233,0.01686,0.080352
7704,0.315578,0.049745,0.160548,0.030211,0.075074
7705,0.397979,0.048606,0.244614,0.017465,0.087294
7706,0.337522,0.026383,0.169798,0.021464,0.119877
7707,0.402009,0.0337,0.228932,0.01798,0.121397
7708,0.316755,0.023693,0.154665,0.021276,0.117121
7709,0.386386,0.029161,0.246608,0.019167,0.09145
7710,0.509109,0.243176,0.169405,0.021227,0.075301
7711,0.427172,0.062974,0.238737,0.029304,0.096157
7712,0.360794,0.031777,0.153136,0.033236,0.142645
7713,0.405141,0.025909,0.247722,0.016883,0.114627
7714,0.473362,0.044066,0.20975,0.039815,0.179731
7715,0.428136,0.047642,0.271601,0.019526,0.089367
7716,0.381189,0.051297,0.192305,0.02245,0.115137
7717,0.437664,0.051572,0.28886,0.017171,0.080061
7718,0.335297,0.048187,0.168075,0.021155,0.09788
7719,0.380927,0.049161,0.229301,0.017634,0.084831
7720,0.348411,0.06409,0.153903,0.02189,0.108528
7721,0.44672,0.05124,0.29085,0.017126,0.087504
7722,0.322843,0.049357,0.168657,0.022147,0.082682
7723,0.386197,0.049877,0.229419,0.017422,0.089479
7724,0.293409,0.020966,0.152334,0.02102,0.099089
7725,0.40459,0.049133,0.245458,0.020094,0.089905
7726,0.328624,0.033913,0.168127,0.0215,0.105084
7727,0.376637,0.042004,0.236451,0.018297,0.079885
7728,0.300814,0.027205,0.153625,0.021902,0.098082
7729,0.417393,0.048839,0.24548,0.023931,0.099143
7730,0.318442,0.051657,0.168064,0.021998,0.076723
7731,0.38092,0.04737,0.228774,0.01701,0.087766
7732,0.305707,0.046236,0.152859,0.0215,0.085112
7733,0.379178,0.024414,0.246132,0.017386,0.091246
7734,0.324357,0.04953,0.174927,0.022897,0.077003
7735,0.386301,0.047718,0.228821,0.020707,0.089055
7736,0.301089,0.023006,0.153949,0.021174,0.10296
7737,0.390937,0.048305,0.244524,0.017269,0.080839
7738,0.334911,0.049737,0.169987,0.021535,0.093652
7739,0.391296,0.048502,0.229103,0.017047,0.096644
7740,0.302389,0.04946,0.152584,0.022602,0.077743
7741,0.409764,0.047743,0.24626,0.017344,0.098417
7742,0.327462,0.022509,0.169246,0.0269,0.108807
7743,0.409173,0.048758,0.240139,0.01782,0.102456
7744,0.307162,0.0318,0.153342,0.020997,0.101023
7745,0.39759,0.030903,0.244851,0.020684,0.101152
7746,0.329151,0.049958,0.167613,0.021222,0.090358
7747,0.409358,0.047787,0.239021,0.016914,0.105636
7748,0.309424,0.049068,0.1595,0.023471,0.077385
7749,0.391462,0.047471,0.246383,0.01724,0.080368
7750,0.321932,0.050088,0.16889,0.022454,0.0805
7751,0.405124,0.049823,0.231907,0.020411,0.102983
7752,0.310851,0.024846,0.151693,0.021871,0.112441
7753,0.381607,0.025125,0.245255,0.017847,0.09338
7754,0.3201,0.024877,0.167877,0.021262,0.106084
7755,0.389216,0.030248,0.229994,0.017777,0.111197
7756,0.306729,0.02473,0.152562,0.021548,0.107889
7757,0.394331,0.047852,0.245199,0.016993,0.084287
7758,0.318935,0.045494,0.167426,0.021156,0.084859
7759,0.377964,0.05022,0.230869,0.017523,0.079352
7760,0.303731,0.044915,0.153291,0.021262,0.084263
7761,0.410315,0.046631,0.254848,0.016835,0.092001
7762,0.328271,0.045469,0.168518,0.020742,0.093542
7763,0.39258,0.048013,0.230154,0.017475,0.096938
7764,0.32583,0.029543,0.153695,0.031688,0.110904
7765,0.410762,0.049613,0.253128,0.017309,0.090712
7766,0.357453,0.048573,0.168797,0.031312,0.108771
7767,0.41414,0.049107,0.235023,0.018438,0.111572
7768,0.308331,0.022668,0.153545,0.021569,0.110549
7769,0.387925,0.04756,0.246796,0.017349,0.07622
7770,0.334633,0.047659,0.168548,0.02184,0.096586
7771,0.387928,0.048992,0.230826,0.01797,0.09014
7772,0.327026,0.026347,0.155337,0.021456,0.123886
7773,0.384518,0.024686,0.247334,0.017153,0.095345
7774,0.330179,0.049511,0.168384,0.027828,0.084456
7775,0.42619,0.029238,0.231204,0.016934,0.148814
7776,0.303542,0.045595,0.152845,0.021462,0.08364
7777,0.395195,0.04477,0.247109,0.019691,0.083625
7778,0.345811,0.047175,0.169048,0.02166,0.107928
7779,0.379446,0.0493,0.230732,0.016756,0.082658
7780,0.308371,0.048341,0.153967,0.021522,0.084541
7781,0.394868,0.049444,0.247699,0.016961,0.080764
7782,0.320076,0.048495,0.167702,0.021058,0.082821
7783,0.385261,0.022558,0.231686,0.017002,0.114015
7784,0.304047,0.051105,0.153243,0.021307,0.078392
7785,0.392926,0.048998,0.246159,0.016934,0.080835
7786,0.337759,0.052945,0.169341,0.02112,0.094353
7787,0.381302,0.044761,0.229634,0.016954,0.089953
7788,0.302556,0.046112,0.15236,0.021686,0.082398
7789,0.415599,0.045904,0.249422,0.015736,0.104537
7790,0.339804,0.046752,0.168998,0.021322,0.102732
7791,0.374691,0.036796,0.230149,0.017778,0.089968
7792,0.304092,0.026031,0.152154,0.021382,0.104525
7793,0.396849,0.028247,0.245094,0.017388,0.10612
7794,0.325497,0.021072,0.168314,0.025092,0.111019
7795,0.3777,0.046733,0.23007,0.016894,0.084003
7796,0.308239,0.051666,0.152702,0.021066,0.082805
7797,0.404898,0.045863,0.252635,0.016994,0.089406
7798,0.334435,0.049217,0.172719,0.024199,0.0883
7799,0.38426,0.050565,0.23066,0.022872,0.080163
7800,0.315166,0.048151,0.152556,0.021584,0.092875
7801,0.390406,0.051327,0.245705,0.01756,0.075814
7802,0.322515,0.021957,0.167586,0.021278,0.111694
7803,0.391329,0.044742,0.228259,0.018169,0.100159
7804,0.3161,0.044018,0.152731,0.020852,0.098499
7805,0.407084,0.045868,0.255497,0.017076,0.088643
7806,0.322033,0.044203,0.168796,0.021973,0.087061
7807,0.431555,0.025265,0.231028,0.065028,0.110234
7808,0.372148,0.02573,0.155824,0.021636,0.168958
7809,0.381156,0.023257,0.245628,0.017225,0.095046
7810,0.347271,0.030513,0.168774,0.038954,0.10903
7811,0.381086,0.045596,0.229411,0.017321,0.088758
7812,0.314285,0.047603,0.152465,0.02148,0.092737
7813,0.411278,0.045528,0.244564,0.017359,0.103827
7814,0.322313,0.025803,0.168683,0.020972,0.106855
7815,0.400271,0.050692,0.25024,0.020332,0.079007
7816,0.305439,0.023222,0.151898,0.02238,0.107939
7817,0.37864,0.024054,0.246087,0.017477,0.091022
7818,0.32242,0.050953,0.169242,0.021052,0.081173
7819,0.383159,0.048755,0.229188,0.017665,0.087551
7820,0.320642,0.049437,0.153027,0.021026,0.097152
7821,0.400636,0.049558,0.245614,0.01843,0.087034
7822,0.331984,0.056928,0.170139,0.02112,0.083797
7823,0.376291,0.048109,0.228612,0.017842,0.081728
7824,0.298602,0.050132,0.15305,0.021214,0.074206
7825,0.395549,0.021233,0.24559,0.017664,0.111062
7826,0.326966,0.024894,0.169562,0.028346,0.104164
7827,0.381274,0.051256,0.230233,0.018055,0.08173
7828,0.3216,0.049607,0.152612,0.0216,0.097781
7829,0.404913,0.048475,0.246684,0.018952,0.090802
7830,0.31368,0.026183,0.167996,0.021292,0.098209
7831,0.390938,0.031818,0.232036,0.017318,0.109766
7832,0.306305,0.049058,0.152514,0.021458,0.083275
7833,0.39581,0.047923,0.245554,0.019499,0.082834
7834,0.320548,0.049381,0.167573,0.020948,0.082646
7835,0.385026,0.051296,0.229133,0.017608,0.086989
7836,0.304177,0.050949,0.152787,0.021013,0.079428
7837,0.389951,0.049066,0.246909,0.018074,0.075902
7838,0.316669,0.04961,0.168707,0.021129,0.077223
7839,0.390274,0.048442,0.228199,0.018136,0.095497
7840,0.297557,0.02234,0.153485,0.02176,0.099972
7841,0.402305,0.048996,0.246555,0.017513,0.089241
7842,0.320893,0.022595,0.168498,0.021212,0.108588
7843,0.404549,0.049753,0.22927,0.020128,0.105398
7844,0.306684,0.049533,0.151858,0.028314,0.076979
7845,0.410654,0.048933,0.245994,0.018357,0.09737
7846,0.342067,0.028844,0.168576,0.032787,0.11186
7847,0.387875,0.046195,0.229316,0.017965,0.094399
7848,0.30404,0.029951,0.15321,0.021337,0.099542
7849,0.394946,0.051499,0.245935,0.019951,0.077561
7850,0.337346,0.026975,0.167332,0.033248,0.109791
7851,0.39342,0.045513,0.229659,0.017651,0.100597
7852,0.304574,0.047953,0.152934,0.020896,0.082791
7853,0.419962,0.04679,0.26052,0.017753,0.094899
7854,0.350205,0.044811,0.168798,0.021305,0.115291
7855,0.390983,0.044858,0.232499,0.017689,0.095937
7856,0.303624,0.030238,0.152259,0.020726,0.100401
7857,0.411967,0.049156,0.249661,0.017311,0.095839
7858,0.330818,0.061216,0.167712,0.021208,0.080682
7859,0.381051,0.051615,0.230385,0.01677,0.082281
7860,0.305843,0.0486,0.152628,0.020944,0.083671
7861,0.409191,0.023863,0.245926,0.017034,0.122368
7862,0.350375,0.045439,0.167619,0.020963,0.116354
7863,0.390162,0.044341,0.230904,0.016722,0.098195
7864,0.303118,0.045572,0.152018,0.02093,0.084598
7865,0.39372,0.046958,0.246756,0.01698,0.083026
7866,0.32596,0.046809,0.168214,0.021384,0.089553
7867,0.392204,0.046546,0.229877,0.01677,0.099011
7868,0.319378,0.045727,0.153502,0.02091,0.099239
7869,0.390687,0.024168,0.247416,0.022554,0.096549
7870,0.319434,0.049972,0.168852,0.021314,0.079296
7871,0.379346,0.049164,0.232192,0.016872,0.081118
7872,0.30472,0.022409,0.155214,0.021042,0.106055
7873,0.393173,0.048761,0.246622,0.017366,0.080424
7874,0.32118,0.048313,0.167786,0.02112,0.083961
7875,0.37751,0.049751,0.22925,0.017202,0.081307
7876,0.311657,0.020651,0.152166,0.021518,0.117322
7877,0.3976,0.024887,0.246097,0.019579,0.107037
7878,0.33528,0.049451,0.167632,0.021097,0.0971
7879,0.394436,0.049676,0.229764,0.017019,0.097977
7880,0.316829,0.050551,0.153689,0.020977,0.091612
7881,0.408173,0.047788,0.250822,0.01703,0.092533
7882,0.31434,0.048637,0.168198,0.021226,0.076279
7883,0.384624,0.050574,0.229721,0.016989,0.08734
7884,0.32038,0.047838,0.152921,0.021097,0.098524
7885,0.398195,0.022469,0.246622,0.01724,0.111864
7886,0.311129,0.024794,0.168316,0.02162,0.096399
7887,0.374695,0.021855,0.229771,0.017521,0.105548
7888,0.304719,0.024486,0.151944,0.021177,0.107112
7889,0.409693,0.048711,0.256193,0.016409,0.08838
7890,0.325962,0.045001,0.168106,0.023396,0.089459
7891,0.396584,0.045568,0.230024,0.016455,0.104537
7892,0.332349,0.045852,0.177244,0.021635,0.087618
7893,0.409531,0.046558,0.253321,0.016886,0.092766
7894,0.321366,0.046981,0.167561,0.021286,0.085538
7895,0.366344,0.026841,0.231104,0.017429,0.09097
7896,0.296302,0.022862,0.152462,0.021167,0.099811
7897,0.402115,0.046311,0.245653,0.020716,0.089435
7898,0.338438,0.030638,0.170831,0.031246,0.105723
7899,0.383993,0.048048,0.229828,0.017057,0.08906
7900,0.357459,0.02992,0.155326,0.021131,0.151082
7901,0.391671,0.047003,0.245573,0.017145,0.08195
7902,0.319097,0.044783,0.167975,0.020796,0.085543
7903,0.382571,0.049238,0.230997,0.018328,0.084008
7904,0.294618,0.024663,0.153987,0.021075,0.094893
7905,0.39473,0.048372,0.246743,0.017686,0.081929
7906,0.340166,0.025318,0.169167,0.031722,0.113959
7907,0.377515,0.047056,0.229197,0.019466,0.081796
7908,0.320326,0.030078,0.15301,0.021006,0.116232
7909,0.39659,0.048627,0.245874,0.018172,0.083917
7910,0.329287,0.049718,0.175582,0.022948,0.081039
7911,0.388882,0.048203,0.239032,0.017303,0.084344
7912,0.306722,0.051484,0.152979,0.021793,0.080466
7913,0.412245,0.04843,0.245975,0.017969,0.099871
7914,0.331122,0.048712,0.168037,0.025844,0.088529
7915,0.394137,0.048831,0.228693,0.023717,0.092896
7916,0.322468,0.025965,0.152484,0.02141,0.122609
7917,0.393214,0.049811,0.245347,0.017265,0.080791
7918,0.320516,0.046293,0.168503,0.021048,0.084672
7919,0.383076,0.047051,0.230166,0.017269,0.08859
7920,0.316829,0.044276,0.152688,0.021322,0.098543
7921,0.407531,0.0424,0.246478,0.017473,0.10118
7922,0.321969,0.02586,0.169006,0.02106,0.106043
7923,0.378244,0.047919,0.228707,0.01807,0.083548
7924,0.296338,0.025495,0.152904,0.021358,0.096581
7925,0.383855,0.02276,0.244831,0.01751,0.098754
7926,0.319855,0.02467,0.167756,0.021004,0.106425
7927,0.394249,0.049065,0.230115,0.017291,0.097778
7928,0.308738,0.049268,0.153487,0.021687,0.084296
7929,0.392952,0.0526,0.246562,0.01752,0.07627
7930,0.325433,0.025883,0.169048,0.025837,0.104665
7931,0.37778,0.047265,0.22923,0.017955,0.08333
7932,0.315729,0.061211,0.153715,0.021528,0.079275
7933,0.410512,0.046259,0.248842,0.017242,0.098169
7934,0.326731,0.045788,0.168637,0.02105,0.091256
7935,0.39636,0.045571,0.23429,0.019378,0.097121
7936,0.313725,0.046887,0.153591,0.020829,0.092418
7937,0.402029,0.049194,0.246272,0.017093,0.08947
7938,0.335562,0.046208,0.167561,0.02104,0.100753
7939,0.379415,0.045589,0.23061,0.018264,0.084952
7940,0.327553,0.045531,0.154077,0.021108,0.106837
7941,0.412729,0.046364,0.248481,0.016824,0.10106
7942,0.318,0.045379,0.171192,0.021172,0.080257
7943,0.39512,0.045892,0.229003,0.017153,0.103072
7944,0.30999,0.060849,0.152913,0.020986,0.075242
7945,0.409698,0.046738,0.246173,0.018933,0.097854
7946,0.322454,0.049546,0.168297,0.021207,0.083404
7947,0.423356,0.065342,0.230055,0.01821,0.109749
7948,0.296915,0.021594,0.151911,0.020994,0.102416
7949,0.385191,0.022471,0.248027,0.016908,0.097785
7950,0.324138,0.047631,0.168232,0.02111,0.087165
7951,0.387915,0.049898,0.230825,0.016933,0.090259
7952,0.327598,0.048753,0.152688,0.021104,0.105053
7953,0.392978,0.049893,0.245772,0.016988,0.080325
7954,0.339998,0.04767,0.176182,0.02359,0.092556
7955,0.386517,0.023222,0.238597,0.017997,0.106701
7956,0.310437,0.045598,0.152678,0.021155,0.091006
7957,0.395358,0.051054,0.247431,0.016914,0.079959
7958,0.335675,0.04882,0.167846,0.021748,0.097261
7959,0.406916,0.049665,0.238953,0.016746,0.101552
7960,0.315806,0.049924,0.152909,0.030156,0.082817
7961,0.39824,0.05001,0.245569,0.017083,0.085578
7962,0.34176,0.04753,0.187248,0.021675,0.085307
7963,0.381873,0.022866,0.231046,0.017316,0.110645
7964,0.306887,0.020816,0.155088,0.021212,0.109771
7965,0.390453,0.029028,0.249842,0.019702,0.091881
7966,0.325332,0.0248,0.16856,0.021123,0.110849
7967,0.378781,0.04992,0.23033,0.0171,0.081431
7968,0.328383,0.048251,0.152677,0.02142,0.106035
7969,0.407997,0.050821,0.256777,0.016743,0.083656
7970,0.332525,0.047724,0.170157,0.021464,0.09318
7971,0.378466,0.050345,0.234198,0.017495,0.076428
7972,0.315889,0.022281,0.154666,0.021925,0.117017
7973,0.384547,0.021818,0.249564,0.01687,0.096295
7974,0.341325,0.045216,0.167548,0.021364,0.107197
7975,0.378941,0.04528,0.23088,0.01694,0.085841
7976,0.302985,0.046011,0.151793,0.020895,0.084286
7977,0.390017,0.045557,0.245664,0.017131,0.081665
7978,0.376075,0.024992,0.170144,0.032387,0.148552
7979,0.390211,0.048584,0.229789,0.016881,0.094957
7980,0.308202,0.051072,0.15593,0.021248,0.079952
7981,0.38736,0.022861,0.245701,0.017142,0.101656
7982,0.34706,0.029088,0.168371,0.026998,0.122603
7983,0.381062,0.049043,0.23033,0.019419,0.08227
7984,0.306966,0.050005,0.153172,0.021735,0.082054
7985,0.412239,0.04795,0.255813,0.025025,0.083451
7986,0.327646,0.02717,0.168161,0.021018,0.111297
7987,0.395937,0.04747,0.231969,0.018806,0.097692
7988,0.326682,0.029317,0.154789,0.020622,0.121954
7989,0.383842,0.02246,0.247008,0.017029,0.097345
7990,0.323816,0.045317,0.168077,0.02086,0.089562
7991,0.393713,0.047433,0.229742,0.01771,0.098828
7992,0.321064,0.050467,0.153285,0.021141,0.096171
7993,0.393661,0.050281,0.250852,0.017635,0.074893
7994,0.344249,0.051395,0.170735,0.02284,0.099279
7995,0.391753,0.051109,0.246822,0.017495,0.076327
7996,0.31394,0.051863,0.159136,0.022756,0.080185
7997,0.398606,0.049116,0.248564,0.017268,0.083658
7998,0.339316,0.049711,0.172162,0.021176,0.096267
7999,0.384491,0.048147,0.231403,0.016877,0.088064
8000,0.30566,0.047501,0.1541,0.02132,0.082739
8001,0.409845,0.048289,0.246024,0.018234,0.097298
8002,0.319189,0.02371,0.169206,0.021565,0.104708
8003,0.367509,0.02433,0.230704,0.017676,0.094799
8004,0.297469,0.022653,0.152749,0.020998,0.101069
8005,0.405229,0.049293,0.250591,0.018271,0.087074
8006,0.339476,0.029178,0.171787,0.029873,0.108638
8007,0.407829,0.049061,0.230404,0.017059,0.111305
8008,0.307278,0.044766,0.152389,0.0209,0.089223
8009,0.440966,0.045694,0.250523,0.019127,0.125622
8010,0.323393,0.04545,0.168265,0.021073,0.088605
8011,0.394357,0.048758,0.23011,0.017907,0.097582
8012,0.29808,0.026016,0.151971,0.02146,0.098633
8013,0.399454,0.048614,0.248381,0.017997,0.084462
8014,0.324927,0.02514,0.167649,0.02131,0.110828
8015,0.380204,0.024564,0.237675,0.018867,0.099098
8016,0.320807,0.049909,0.152889,0.02133,0.096679
8017,0.404277,0.02855,0.246389,0.01763,0.111708
8018,0.320284,0.045635,0.168365,0.021256,0.085028
8019,0.387515,0.045299,0.237924,0.018842,0.08545
8020,0.310375,0.052295,0.153636,0.02167,0.082774
8021,0.411835,0.048456,0.259822,0.01755,0.086007
8022,0.328934,0.052264,0.168912,0.022534,0.085224
8023,0.397125,0.048195,0.229886,0.018061,0.100983
8024,0.326805,0.052848,0.153503,0.021702,0.098752
8025,0.391071,0.022733,0.246456,0.018263,0.103619
8026,0.320386,0.023905,0.168269,0.021226,0.106986
8027,0.406795,0.047297,0.233451,0.017259,0.108788
8028,0.308664,0.049862,0.152064,0.021211,0.085527
8029,0.412617,0.048356,0.249259,0.018318,0.096684
8030,0.329972,0.0491,0.169268,0.028946,0.082658
8031,0.415553,0.049104,0.237493,0.019294,0.109662
8032,0.336715,0.048259,0.158386,0.022689,0.107381
8033,0.395379,0.049547,0.24565,0.017346,0.082836
8034,0.345258,0.031378,0.167668,0.031982,0.11423
8035,0.375382,0.048368,0.230076,0.018549,0.078389
8036,0.299353,0.024581,0.155532,0.021073,0.098167
8037,0.415451,0.049434,0.249524,0.017174,0.099319
8038,0.330073,0.05083,0.166886,0.021224,0.091133
8039,0.407623,0.049493,0.235605,0.017035,0.10549
8040,0.310867,0.025286,0.15359,0.021183,0.110808
8041,0.410257,0.051845,0.246156,0.017521,0.094735
8042,0.32276,0.050183,0.167854,0.020875,0.083848
8043,0.382788,0.04945,0.230532,0.017231,0.085575
8044,0.322931,0.025426,0.153071,0.021485,0.122949
8045,0.407289,0.046517,0.256517,0.01693,0.087325
8046,0.320389,0.043658,0.167712,0.020947,0.088072
8047,0.398456,0.04942,0.242317,0.020035,0.086684
8048,0.319428,0.02913,0.15258,0.020862,0.116856
8049,0.402577,0.021751,0.244999,0.017087,0.11874
8050,0.335949,0.028639,0.170852,0.031199,0.105259
8051,0.385819,0.04882,0.233043,0.017465,0.086491
8052,0.324988,0.024955,0.152511,0.021288,0.126234
8053,0.406306,0.047288,0.254753,0.019195,0.08507
8054,0.320005,0.047687,0.167716,0.02113,0.083472
8055,0.38355,0.048981,0.229774,0.023974,0.080821
8056,0.322951,0.045909,0.152999,0.020985,0.103058
8057,0.388362,0.022767,0.244528,0.017029,0.104038
8058,0.33458,0.029035,0.170779,0.020595,0.114171
8059,0.385531,0.046795,0.230505,0.016845,0.091386
8060,0.317793,0.050446,0.15258,0.021398,0.093369
8061,0.405993,0.050052,0.246134,0.017031,0.092776
8062,0.334188,0.050595,0.169007,0.020977,0.093609
8063,0.432633,0.022571,0.240068,0.017578,0.152416
8064,0.312806,0.046347,0.153235,0.020924,0.0923
8065,0.410762,0.046708,0.251551,0.016924,0.095579
8066,0.327273,0.050463,0.169337,0.021148,0.086325
8067,0.381007,0.022518,0.239682,0.017662,0.101145
8068,0.308967,0.050567,0.1529,0.021316,0.084184
8069,0.411125,0.049049,0.256303,0.019761,0.086012
8070,0.323215,0.046607,0.167738,0.02105,0.08782
8071,0.395504,0.029634,0.23688,0.017234,0.111756
8072,0.330595,0.022117,0.157775,0.031553,0.11915
8073,0.401244,0.049226,0.246303,0.01763,0.088085
8074,0.333386,0.02479,0.168163,0.031428,0.109005
8075,0.383493,0.046107,0.230702,0.017941,0.088743
8076,0.311313,0.028888,0.151976,0.02064,0.109809
8077,0.40231,0.025719,0.246771,0.017572,0.112248
8078,0.323985,0.047538,0.168464,0.021793,0.08619
8079,0.407433,0.045725,0.234799,0.017296,0.109613
8080,0.31204,0.047466,0.153031,0.021146,0.090397
8081,0.409031,0.04671,0.254515,0.017316,0.09049
8082,0.337649,0.044956,0.168516,0.020977,0.1032
8083,0.420741,0.050964,0.23354,0.021373,0.114864
8084,0.316542,0.030696,0.154083,0.021525,0.110238
8085,0.428629,0.023972,0.247082,0.017846,0.139729
8086,0.329389,0.050473,0.167731,0.021623,0.089562
8087,0.390969,0.048327,0.232227,0.017606,0.092809
8088,0.310677,0.049407,0.153464,0.021292,0.086514
8089,0.409333,0.048145,0.246125,0.017579,0.097484
8090,0.327387,0.04945,0.169621,0.021382,0.086934
8091,0.385664,0.04815,0.231761,0.01928,0.086473
8092,0.314368,0.052875,0.154332,0.020953,0.086208
8093,0.388289,0.02386,0.24603,0.019989,0.09841
8094,0.339042,0.047987,0.172812,0.021146,0.097097
8095,0.393927,0.046757,0.229927,0.017496,0.099747
8096,0.310049,0.048846,0.154047,0.02124,0.085916
8097,0.421032,0.045971,0.25299,0.019366,0.102705
8098,0.339922,0.045575,0.169952,0.020955,0.10344
8099,0.410922,0.047221,0.237039,0.020337,0.106325
8100,0.357245,0.046558,0.158051,0.029046,0.12359
8101,0.40463,0.048198,0.246766,0.017565,0.092101
8102,0.328489,0.048305,0.170823,0.021275,0.088086
8103,0.383251,0.046751,0.229823,0.017782,0.088895
8104,0.338431,0.045235,0.15334,0.020758,0.119098
8105,0.396733,0.045331,0.256271,0.017648,0.077483
8106,0.320544,0.045511,0.168604,0.02108,0.085349
8107,0.40094,0.045206,0.229521,0.020947,0.105266
8108,0.324791,0.029724,0.154027,0.021772,0.119268
8109,0.400583,0.049039,0.249504,0.017656,0.084384
8110,0.341118,0.021596,0.168079,0.030215,0.121228
8111,0.381932,0.047613,0.22947,0.017448,0.087401
8112,0.322794,0.045584,0.154065,0.021046,0.102099
8113,0.407494,0.044314,0.246469,0.016481,0.10023
8114,0.312976,0.045194,0.167047,0.02087,0.079865
8115,0.399038,0.046304,0.230867,0.018438,0.103429
8116,0.302033,0.024942,0.155639,0.02124,0.100212
8117,0.388396,0.02196,0.249053,0.017045,0.100338
8118,0.34767,0.02845,0.168514,0.020879,0.129827
8119,0.410035,0.048591,0.238361,0.01897,0.104113
8120,0.319431,0.049535,0.152715,0.021229,0.095952
8121,0.410764,0.049199,0.24683,0.017716,0.097019
8122,0.355278,0.051232,0.16702,0.02083,0.116196
8123,0.414854,0.046675,0.229809,0.017303,0.121067
8124,0.314113,0.049868,0.155198,0.021412,0.087635
8125,0.417931,0.049488,0.24907,0.024526,0.094847
8126,0.330189,0.049403,0.168601,0.020936,0.091249
8127,0.381931,0.049129,0.231074,0.017376,0.084352
8128,0.299942,0.022025,0.152201,0.021176,0.10454
8129,0.415885,0.047584,0.245922,0.017002,0.105377
8130,0.335938,0.050079,0.169356,0.021113,0.09539
8131,0.382586,0.022274,0.238164,0.016792,0.105356
8132,0.314164,0.047919,0.152589,0.02118,0.092476
8133,0.40667,0.04868,0.24903,0.016903,0.092057
8134,0.335566,0.050015,0.169155,0.020872,0.095524
8135,0.383533,0.049861,0.230865,0.017029,0.085778
8136,0.314207,0.048583,0.15341,0.021075,0.091139
8137,0.409407,0.048101,0.246562,0.01688,0.097864
8138,0.333242,0.049982,0.172523,0.021656,0.089081
8139,0.385362,0.024903,0.231179,0.017281,0.111999
8140,0.311693,0.029331,0.152504,0.02075,0.109108
8141,0.41156,0.04884,0.24777,0.018915,0.096035
8142,0.323012,0.048497,0.167392,0.021082,0.086041
8143,0.378573,0.047739,0.229126,0.017033,0.084675
8144,0.321221,0.056933,0.152805,0.021106,0.090377
8145,0.3973,0.048582,0.248109,0.016801,0.083808
8146,0.394619,0.02315,0.175313,0.03209,0.164066
8147,0.401473,0.046849,0.23112,0.018987,0.104517
8148,0.312931,0.048284,0.15277,0.021266,0.090611
8149,0.417911,0.044743,0.245233,0.018796,0.109139
8150,0.333655,0.045728,0.181313,0.021239,0.085375
8151,0.385147,0.048744,0.229213,0.017263,0.089927
8152,0.328687,0.045834,0.155047,0.02087,0.106936
8153,0.401421,0.047086,0.249665,0.0177,0.08697
8154,0.335897,0.029252,0.167648,0.021346,0.117651
8155,0.384104,0.025603,0.230168,0.017389,0.110944
8156,0.3168,0.02862,0.15218,0.021552,0.114448
8157,0.411364,0.04706,0.246461,0.017527,0.100316
8158,0.323188,0.022335,0.167999,0.020885,0.111969
8159,0.391593,0.048486,0.231718,0.01669,0.094699
8160,0.322846,0.04989,0.155665,0.021064,0.096227
8161,0.422291,0.049012,0.247115,0.018419,0.107745
8162,0.321765,0.04996,0.167528,0.0213,0.082977
8163,0.379233,0.024704,0.233301,0.019949,0.101279
8164,0.330631,0.046894,0.152208,0.022016,0.109513
8165,0.407712,0.047764,0.245571,0.019316,0.095061
8166,0.332604,0.02874,0.167166,0.031226,0.105472
8167,0.395463,0.04829,0.231971,0.017995,0.097207
8168,0.32697,0.05,0.152939,0.021102,0.102929
8169,0.407063,0.027219,0.246025,0.017048,0.116771
8170,0.347116,0.045334,0.168603,0.025464,0.107715
8171,0.386902,0.045469,0.231323,0.022513,0.087597
8172,0.320502,0.025597,0.15411,0.020978,0.119817
8173,0.39442,0.049986,0.246482,0.017291,0.080661
8174,0.33238,0.05147,0.176236,0.022732,0.081942
8175,0.396357,0.050078,0.235056,0.01751,0.093713
8176,0.304804,0.022663,0.152997,0.021992,0.107152
8177,0.422611,0.045554,0.245852,0.01709,0.114115
8178,0.324546,0.04509,0.166871,0.021038,0.091547
8179,0.396307,0.048591,0.228037,0.020234,0.099445
8180,0.307789,0.049286,0.153057,0.021755,0.083691
8181,0.415125,0.048836,0.245723,0.017331,0.103235
8182,0.32642,0.050027,0.177636,0.022428,0.076329
8183,0.389991,0.049087,0.230739,0.017124,0.093041
8184,0.355393,0.040755,0.155643,0.022035,0.13696
8185,0.411459,0.047901,0.245621,0.021268,0.096669
8186,0.33104,0.028346,0.167594,0.021226,0.113874
8187,0.387302,0.024805,0.229965,0.01717,0.115362
8188,0.330791,0.045421,0.153184,0.020943,0.111243
8189,0.407271,0.045912,0.249566,0.01715,0.094643
8190,0.341526,0.046055,0.172095,0.020846,0.10253
8191,0.451648,0.044867,0.237013,0.017713,0.152055
8192,0.497048,0.047922,0.159507,0.021594,0.268025
8193,0.419527,0.045951,0.256963,0.018491,0.098122
8194,0.32222,0.04578,0.167979,0.021158,0.087303
8195,0.410532,0.046471,0.234834,0.019578,0.109649
8196,0.325251,0.067047,0.156458,0.021146,0.0806
8197,0.398824,0.045882,0.2507,0.019312,0.08293
8198,0.338663,0.046458,0.168288,0.020952,0.102965
8199,0.433666,0.037774,0.279509,0.017303,0.09908
8200,0.363466,0.049876,0.197508,0.02596,0.090122
8201,0.43981,0.050038,0.286447,0.016973,0.086352
8202,0.374767,0.048843,0.209453,0.032775,0.083696
8203,0.4133,0.050299,0.269827,0.016886,0.076288
8204,0.358411,0.048848,0.193556,0.02647,0.089537
8205,0.436006,0.049361,0.283182,0.017153,0.08631
8206,0.334044,0.023225,0.170251,0.027803,0.112765
8207,0.408675,0.048965,0.244112,0.019606,0.095992
8208,0.31234,0.045515,0.153281,0.021388,0.092156
8209,0.405292,0.046439,0.254399,0.016844,0.08761
8210,0.322625,0.045475,0.169048,0.020882,0.08722
8211,0.396025,0.049214,0.22798,0.017193,0.101638
8212,0.325996,0.046784,0.154152,0.02204,0.10302
8213,0.400451,0.051936,0.246083,0.017969,0.084463
8214,0.323504,0.023184,0.171334,0.021318,0.107668
8215,0.386006,0.022319,0.229725,0.017059,0.116903
8216,0.307336,0.02504,0.152671,0.029523,0.100102
8217,0.401955,0.025841,0.24535,0.017079,0.113685
8218,0.333211,0.030004,0.169601,0.031032,0.102574
8219,0.38684,0.050001,0.230121,0.017791,0.088927
8220,0.31301,0.049891,0.153877,0.021305,0.087937
8221,0.406405,0.050781,0.248208,0.020959,0.086457
8222,0.322774,0.050107,0.169372,0.021212,0.082083
8223,0.397774,0.049461,0.239192,0.017694,0.091427
8224,0.30852,0.022909,0.153074,0.02219,0.110347
8225,0.390539,0.021971,0.247089,0.017634,0.103845
8226,0.33669,0.025086,0.168546,0.031098,0.11196
8227,0.384363,0.049513,0.230074,0.017354,0.087422
8228,0.310471,0.021636,0.153457,0.021807,0.113571
8229,0.434449,0.024706,0.255715,0.017715,0.136313
8230,0.322524,0.050024,0.170995,0.02109,0.080415
8231,0.39279,0.049716,0.232439,0.017373,0.093262
8232,0.31042,0.049158,0.153204,0.02126,0.086798
8233,0.415984,0.049663,0.258129,0.020359,0.087833
8234,0.323475,0.050429,0.168264,0.021308,0.083474
8235,0.409566,0.050383,0.240744,0.017149,0.10129
8236,0.324471,0.048204,0.153984,0.029864,0.092419
8237,0.404288,0.02524,0.251039,0.017375,0.110634
8238,0.356968,0.04759,0.168684,0.021078,0.119616
8239,0.393638,0.045402,0.229616,0.017118,0.101502
8240,0.320582,0.045155,0.153459,0.020812,0.101156
8241,0.416649,0.045889,0.255545,0.02344,0.091775
8242,0.327722,0.045988,0.168762,0.021242,0.09173
8243,0.415849,0.04839,0.238153,0.01751,0.111796
8244,0.365693,0.048829,0.156818,0.031216,0.12883
8245,0.400057,0.04644,0.246196,0.020806,0.086615
8246,0.337358,0.035666,0.168381,0.02147,0.111841
8247,0.380472,0.049075,0.229492,0.01737,0.084535
8248,0.307615,0.050027,0.153889,0.021448,0.082251
8249,0.397395,0.048209,0.247142,0.017807,0.084237
8250,0.324358,0.021592,0.169088,0.021412,0.112266
8251,0.385596,0.045152,0.233353,0.018067,0.089024
8252,0.319889,0.025448,0.155177,0.02067,0.118594
8253,0.402615,0.026161,0.24614,0.019804,0.11051
8254,0.331789,0.048047,0.17157,0.021042,0.09113
8255,0.385193,0.048234,0.232116,0.017553,0.08729
8256,0.303562,0.045301,0.153134,0.02112,0.084007
8257,0.411562,0.047822,0.247016,0.016987,0.099737
8258,0.323291,0.045715,0.167933,0.021434,0.088209
8259,0.383142,0.04535,0.233389,0.018022,0.086381
8260,0.313087,0.024753,0.153986,0.021262,0.113086
8261,0.392747,0.022648,0.245974,0.020303,0.103822
8262,0.333346,0.02656,0.168448,0.021804,0.116534
8263,0.405066,0.030076,0.238985,0.017491,0.118514
8264,0.306555,0.048361,0.153276,0.021301,0.083617
8265,0.394089,0.050517,0.245875,0.017538,0.080159
8266,0.325705,0.048506,0.170148,0.020824,0.086227
8267,0.405381,0.0495,0.235812,0.01826,0.101809
8268,0.321952,0.049083,0.154344,0.021753,0.096772
8269,0.411613,0.049531,0.258033,0.017539,0.08651
8270,0.326217,0.048634,0.168225,0.021302,0.088056
8271,0.384677,0.021847,0.229519,0.017773,0.115538
8272,0.322005,0.028688,0.154961,0.02069,0.117666
8273,0.418078,0.049906,0.250842,0.017508,0.099822
8274,0.329581,0.04934,0.169074,0.021116,0.090051
8275,0.400202,0.028092,0.233131,0.0174,0.121579
8276,0.339111,0.046842,0.153629,0.020829,0.117811
8277,0.39756,0.045975,0.246201,0.017369,0.088015
8278,0.329696,0.047274,0.16892,0.021444,0.092058
8279,0.41432,0.06014,0.242975,0.016695,0.09451
8280,0.334578,0.044665,0.156424,0.020608,0.112881
8281,0.398758,0.045487,0.248963,0.017012,0.087296
8282,0.328749,0.044983,0.170171,0.021588,0.092007
8283,0.378926,0.02679,0.230979,0.017816,0.103341
8284,0.322482,0.023116,0.153892,0.021238,0.124236
8285,0.407777,0.046913,0.255272,0.016954,0.088638
8286,0.331386,0.049739,0.169666,0.02849,0.083491
8287,0.39883,0.048847,0.230551,0.016996,0.102436
8288,0.314228,0.048357,0.157269,0.021555,0.087047
8289,0.407267,0.048848,0.2478,0.01977,0.090849
8290,0.354719,0.025425,0.169508,0.021781,0.138005
8291,0.37972,0.045393,0.229811,0.017048,0.087468
8292,0.310393,0.04535,0.153329,0.021576,0.090138
8293,0.418302,0.048056,0.246123,0.017425,0.106698
8294,0.354142,0.045437,0.168616,0.021053,0.119036
8295,0.396812,0.044178,0.233294,0.016572,0.102768
8296,0.331611,0.046183,0.153212,0.020428,0.111788
8297,0.412842,0.045139,0.246703,0.017702,0.103298
8298,0.335214,0.027112,0.170346,0.021155,0.116601
8299,0.3783,0.031423,0.22941,0.017104,0.100363
8300,0.304168,0.045438,0.154368,0.021039,0.083323
8301,0.417627,0.046448,0.245704,0.016999,0.108476
8302,0.322372,0.0451,0.169904,0.021264,0.086104
8303,0.384324,0.044432,0.233075,0.016993,0.089824
8304,0.301112,0.044639,0.153909,0.02076,0.081804
8305,0.42435,0.044864,0.25133,0.019594,0.108562
8306,0.335779,0.044614,0.168387,0.021218,0.10156
8307,0.377835,0.026366,0.229376,0.019783,0.10231
8308,0.325389,0.022517,0.153824,0.021623,0.127425
8309,0.415189,0.044422,0.250108,0.019571,0.101088
8310,0.319685,0.045709,0.171706,0.021002,0.081268
8311,0.418486,0.044272,0.233657,0.024394,0.116163
8312,0.317189,0.045946,0.153308,0.020806,0.097129
8313,0.402898,0.036387,0.247144,0.017593,0.101774
8314,0.326076,0.049702,0.168169,0.021623,0.086582
8315,0.403782,0.049214,0.235267,0.0188,0.100501
8316,0.312264,0.050703,0.15351,0.020877,0.087174
8317,0.409929,0.04904,0.258176,0.017368,0.085345
8318,0.325386,0.049853,0.168752,0.021214,0.085567
8319,0.396595,0.04865,0.232191,0.017373,0.098381
8320,0.304615,0.052628,0.154646,0.021484,0.075857
8321,0.399377,0.028753,0.246607,0.017537,0.10648
8322,0.325091,0.028626,0.168321,0.021174,0.10697
8323,0.395746,0.035342,0.241997,0.020312,0.098095
8324,0.305703,0.048573,0.15539,0.021329,0.080411
8325,0.415633,0.045308,0.25538,0.0174,0.097545
8326,0.334284,0.045714,0.168004,0.02071,0.099856
8327,0.392722,0.045739,0.230763,0.017135,0.099085
8328,0.362355,0.049604,0.154315,0.032626,0.12581
8329,0.401821,0.048938,0.24685,0.018197,0.087836
8330,0.322807,0.050234,0.168777,0.02135,0.082446
8331,0.387311,0.049586,0.233271,0.017754,0.0867
8332,0.324182,0.02195,0.156811,0.021412,0.124009
8333,0.413425,0.029362,0.246968,0.017937,0.119158
8334,0.326079,0.048562,0.168567,0.021087,0.087863
8335,0.382851,0.049267,0.232459,0.017768,0.083357
8336,0.321456,0.030926,0.154363,0.021039,0.115128
8337,0.418855,0.045453,0.244971,0.017339,0.111092
8338,0.349484,0.045405,0.168036,0.021416,0.114627
8339,0.397402,0.046754,0.232545,0.017131,0.100972
8340,0.341089,0.045278,0.154679,0.020874,0.120258
8341,0.412078,0.04497,0.246081,0.01724,0.103787
8342,0.336197,0.045469,0.167682,0.021197,0.101849
8343,0.386113,0.044912,0.228618,0.018894,0.093689
8344,0.296821,0.026104,0.153822,0.022032,0.094863
8345,0.40168,0.032006,0.247343,0.016938,0.105393
8346,0.323968,0.045869,0.169107,0.021094,0.087898
8347,0.39688,0.044854,0.233344,0.018001,0.100681
8348,0.328993,0.045136,0.153979,0.020854,0.109024
8349,0.394231,0.045985,0.247406,0.017769,0.083071
8350,0.355535,0.044937,0.167813,0.03288,0.109905
8351,0.401675,0.025632,0.237843,0.017941,0.120259
8352,0.30826,0.051421,0.153613,0.021357,0.081869
8353,0.394948,0.050934,0.246714,0.017408,0.079892
8354,0.325148,0.048685,0.170584,0.02097,0.084909
8355,0.38784,0.048681,0.230591,0.01712,0.091448
8356,0.309964,0.04873,0.154091,0.027687,0.079456
8357,0.40175,0.049544,0.246503,0.017441,0.088262
8358,0.322546,0.048975,0.168379,0.021132,0.08406
8359,0.381224,0.022404,0.238571,0.017132,0.103117
8360,0.309524,0.047454,0.153804,0.02115,0.087116
8361,0.400873,0.045005,0.249204,0.019262,0.087402
8362,0.331662,0.048846,0.171897,0.02108,0.089839
8363,0.395327,0.048144,0.230758,0.017192,0.099233
8364,0.306984,0.044753,0.153457,0.02082,0.087954
8365,0.407937,0.044891,0.254271,0.01694,0.091835
8366,0.345605,0.045313,0.168486,0.020898,0.110908
8367,0.394688,0.037042,0.240919,0.016998,0.099729
8368,0.309684,0.050316,0.153113,0.021443,0.084812
8369,0.425598,0.0488,0.253892,0.01695,0.105956
8370,0.330591,0.049243,0.16914,0.021294,0.090914
8371,0.399173,0.050106,0.231928,0.017139,0.1
8372,0.308355,0.022934,0.155301,0.021056,0.109064
8373,0.386903,0.022074,0.246084,0.016755,0.10199
8374,0.328742,0.024669,0.169023,0.032148,0.102902
8375,0.411837,0.049581,0.235028,0.016747,0.110481
8376,0.310395,0.050149,0.157561,0.023172,0.079513
8377,0.410953,0.049581,0.259691,0.01692,0.084761
8378,0.330002,0.050217,0.170886,0.021517,0.087382
8379,0.382882,0.05073,0.229987,0.017072,0.085093
8380,0.309076,0.048524,0.152829,0.02155,0.086173
8381,0.412717,0.022226,0.245385,0.024412,0.120694
8382,0.342762,0.021982,0.1696,0.022094,0.129086
8383,0.396892,0.030802,0.23965,0.017009,0.109431
8384,0.310529,0.04898,0.160948,0.022501,0.0781
8385,0.392418,0.050469,0.247201,0.016879,0.077869
8386,0.327454,0.049077,0.17119,0.021397,0.08579
8387,0.422151,0.049732,0.241616,0.019536,0.111267
8388,0.3124,0.047383,0.152973,0.021218,0.090826
8389,0.405631,0.049517,0.247127,0.021262,0.087725
8390,0.324064,0.049122,0.168644,0.021609,0.084689
8391,0.390235,0.031772,0.23103,0.018818,0.108615
8392,0.297867,0.026312,0.151628,0.021452,0.098475
8393,0.42212,0.049057,0.248683,0.017265,0.107115
8394,0.323142,0.021813,0.168886,0.021243,0.1112
8395,0.38443,0.050388,0.231898,0.016818,0.085326
8396,0.330622,0.048574,0.152621,0.021025,0.108402
8397,0.416058,0.023432,0.247929,0.016876,0.127821
8398,0.318896,0.045203,0.16857,0.02131,0.083813
8399,0.396233,0.045573,0.232093,0.020022,0.098545
8400,0.333892,0.048071,0.153164,0.021332,0.111325
8401,0.40954,0.045623,0.257698,0.019357,0.086862
8402,0.328426,0.049158,0.169442,0.02479,0.085036
8403,0.418339,0.047519,0.237975,0.019848,0.112997
8404,0.31341,0.049642,0.155704,0.02222,0.085844
8405,0.414613,0.046143,0.246811,0.018855,0.102804
8406,0.337345,0.049675,0.169875,0.021516,0.096279
8407,0.381551,0.045108,0.230336,0.017233,0.088874
8408,0.304178,0.046425,0.155988,0.021198,0.080567
8409,0.421129,0.04549,0.247061,0.016956,0.111622
8410,0.315619,0.04542,0.169869,0.021604,0.078726
8411,0.383278,0.048118,0.230573,0.01704,0.087547
8412,0.3548,0.05027,0.154477,0.021903,0.12815
8413,0.40992,0.046701,0.246025,0.01743,0.099764
8414,0.312682,0.02545,0.168311,0.021472,0.097449
8415,0.387393,0.02299,0.233006,0.0204,0.110997
8416,0.333528,0.045669,0.153578,0.021098,0.113183
8417,0.393822,0.046912,0.246379,0.017462,0.083069
8418,0.324675,0.046198,0.170422,0.021178,0.086877
8419,0.380819,0.044709,0.231714,0.017422,0.086974
8420,0.320665,0.029283,0.154017,0.02144,0.115925
8421,0.399346,0.049033,0.246696,0.017368,0.086249
8422,0.328744,0.050256,0.174074,0.023476,0.080938
8423,0.396655,0.049463,0.236697,0.017153,0.093342
8424,0.327308,0.0482,0.154312,0.021322,0.103474
8425,0.414686,0.050407,0.251498,0.017267,0.095514
8426,0.330778,0.04883,0.168962,0.026116,0.08687
8427,0.387468,0.049197,0.229912,0.023552,0.084807
8428,0.300896,0.022358,0.153315,0.02144,0.103783
8429,0.393831,0.025259,0.246778,0.017384,0.10441
8430,0.32977,0.021721,0.169402,0.033568,0.105079
8431,0.407055,0.045881,0.23274,0.019275,0.109159
8432,0.309486,0.029006,0.153637,0.021136,0.105707
8433,0.40055,0.050057,0.247135,0.01759,0.085768
8434,0.338178,0.021732,0.16848,0.033897,0.114069
8435,0.412822,0.046323,0.248499,0.017219,0.100781
8436,0.322008,0.044933,0.153958,0.020976,0.102141
8437,0.42196,0.045616,0.246932,0.017431,0.111981
8438,0.327633,0.046753,0.172162,0.021438,0.08728
8439,0.394005,0.045315,0.229879,0.017728,0.101083
8440,0.324082,0.029481,0.153176,0.026302,0.115123
8441,0.419507,0.049327,0.246246,0.017084,0.10685
8442,0.356242,0.049041,0.16795,0.02119,0.118061
8443,0.390302,0.026934,0.232824,0.017036,0.113508
8444,0.307293,0.045354,0.153865,0.021248,0.086826
8445,0.40968,0.045284,0.258071,0.017149,0.089176
8446,0.354807,0.060491,0.169345,0.02078,0.104191
8447,0.393286,0.045334,0.230681,0.01693,0.100341
8448,0.309428,0.045625,0.152945,0.021068,0.08979
8449,0.412518,0.044572,0.245483,0.016671,0.105792
8450,0.353442,0.047155,0.185221,0.021502,0.099564
8451,0.375291,0.024024,0.22963,0.017999,0.103638
8452,0.322962,0.022553,0.156401,0.02135,0.122658
8453,0.3994,0.044689,0.246259,0.016792,0.09166
8454,0.323073,0.045266,0.1686,0.021042,0.088165
8455,0.391378,0.045217,0.230158,0.016775,0.099228
8456,0.305862,0.045793,0.153694,0.020745,0.08563
8457,0.409036,0.045732,0.245677,0.017068,0.100559
8458,0.349628,0.025033,0.170282,0.021598,0.132715
8459,0.385273,0.045492,0.230278,0.016708,0.092795
8460,0.32176,0.046607,0.156114,0.020852,0.098187
8461,0.411522,0.046632,0.257128,0.016823,0.090939
8462,0.32711,0.045464,0.169292,0.021076,0.091278
8463,0.393562,0.047067,0.23141,0.016905,0.09818
8464,0.300747,0.045199,0.153898,0.020896,0.080754
8465,0.419414,0.045131,0.254859,0.01797,0.101454
8466,0.337422,0.035051,0.168944,0.020981,0.112446
8467,0.377171,0.02344,0.233181,0.01727,0.10328
8468,0.326243,0.024415,0.154001,0.021446,0.126381
8469,0.412369,0.04583,0.256227,0.01704,0.093272
8470,0.319471,0.045206,0.168527,0.020984,0.084754
8471,0.379446,0.045082,0.231645,0.016831,0.085888
8472,0.320846,0.02459,0.155098,0.027882,0.113276
8473,0.411322,0.052753,0.247858,0.019564,0.091147
8474,0.339212,0.049439,0.171475,0.029638,0.08866
8475,0.384602,0.023413,0.241557,0.019147,0.100485
8476,0.315731,0.046001,0.153568,0.020867,0.095295
8477,0.412186,0.0456,0.256054,0.017109,0.093423
8478,0.332148,0.04513,0.1686,0.021231,0.097187
8479,0.377,0.044478,0.230753,0.0175,0.084269
8480,0.318088,0.028811,0.152425,0.021436,0.115416
8481,0.40051,0.023718,0.247857,0.016769,0.112166
8482,0.323002,0.050246,0.168428,0.02134,0.082988
8483,0.382897,0.048935,0.231928,0.016628,0.085406
8484,0.318548,0.048232,0.152847,0.02124,0.096229
8485,0.399221,0.050144,0.247544,0.019861,0.081672
8486,0.352462,0.049371,0.168861,0.020716,0.113514
8487,0.380776,0.048937,0.230373,0.017395,0.084071
8488,0.326495,0.050929,0.153382,0.02111,0.101074
8489,0.391373,0.021886,0.247031,0.017787,0.104669
8490,0.323055,0.028304,0.169144,0.021858,0.103749
8491,0.384913,0.049433,0.231213,0.017921,0.086346
8492,0.318246,0.028187,0.153265,0.02173,0.115064
8493,0.406539,0.04572,0.25675,0.017104,0.086965
8494,0.335384,0.047391,0.171632,0.021113,0.095248
8495,0.382673,0.045511,0.233185,0.017326,0.086651
8496,0.3205,0.045584,0.156277,0.022826,0.095813
8497,0.411831,0.045507,0.248938,0.025515,0.091871
8498,0.344698,0.03038,0.168085,0.03125,0.114983
8499,0.390613,0.049487,0.232379,0.017492,0.091255
8500,0.319939,0.02552,0.153192,0.022194,0.119033
8501,0.413635,0.045353,0.250295,0.016917,0.10107
8502,0.322391,0.045873,0.167952,0.020801,0.087765
8503,0.378071,0.045007,0.229414,0.017369,0.086281
8504,0.324191,0.024778,0.153989,0.021208,0.124216
8505,0.412935,0.048922,0.247035,0.016999,0.099979
8506,0.352626,0.049864,0.167647,0.02085,0.114265
8507,0.383247,0.049214,0.230172,0.0179,0.085961
8508,0.295783,0.021906,0.152919,0.02196,0.098998
8509,0.397402,0.049322,0.246272,0.019529,0.082279
8510,0.328063,0.048594,0.16946,0.020743,0.089266
8511,0.420357,0.049398,0.239838,0.018061,0.11306
8512,0.312245,0.02225,0.153631,0.021434,0.11493
8513,0.397666,0.031116,0.245039,0.017248,0.104263
8514,0.332934,0.049346,0.16807,0.021464,0.094054
8515,0.384103,0.049463,0.228115,0.019276,0.087249
8516,0.326233,0.047083,0.156609,0.021029,0.101512
8517,0.411525,0.050579,0.259173,0.018357,0.083416
8518,0.331542,0.0475,0.170838,0.02127,0.091934
8519,0.393553,0.051778,0.229188,0.018887,0.0937
8520,0.31496,0.04711,0.153313,0.02138,0.093157
8521,0.397859,0.02591,0.244543,0.018386,0.10902
8522,0.323431,0.024884,0.167657,0.021242,0.109648
8523,0.389687,0.049786,0.229762,0.017893,0.092246
8524,0.29553,0.022412,0.152338,0.020998,0.099782
8525,0.397755,0.045833,0.245948,0.01999,0.085984
8526,0.325597,0.030496,0.167738,0.024996,0.102367
8527,0.418669,0.053437,0.240087,0.01847,0.106675
8528,0.306004,0.047788,0.153198,0.0213,0.083718
8529,0.394578,0.049618,0.246429,0.017346,0.081185
8530,0.32056,0.049054,0.168418,0.021118,0.08197
8531,0.381779,0.05155,0.232581,0.017796,0.079852
8532,0.296805,0.026983,0.154322,0.022059,0.093441
8533,0.402816,0.045585,0.246778,0.019389,0.091064
8534,0.336185,0.050262,0.168823,0.02097,0.09613
8535,0.378153,0.023331,0.23963,0.017145,0.098047
8536,0.307765,0.048135,0.153728,0.021558,0.084344
8537,0.409425,0.050104,0.247389,0.019004,0.092928
8538,0.323564,0.048222,0.168083,0.021905,0.085354
8539,0.380073,0.049831,0.230061,0.016853,0.083328
8540,0.320722,0.048609,0.154028,0.02169,0.096395
8541,0.39626,0.049906,0.245421,0.017232,0.083701
8542,0.344646,0.020916,0.170975,0.029718,0.123037
8543,0.409309,0.040877,0.232324,0.017133,0.118975
8544,0.312438,0.048629,0.156222,0.021562,0.086025
8545,0.410367,0.04924,0.247353,0.016725,0.097049
8546,0.331302,0.047662,0.168958,0.02128,0.093402
8547,0.410582,0.049678,0.238756,0.016892,0.105256
8548,0.308953,0.04783,0.152684,0.021372,0.087067
8549,0.412583,0.047121,0.245797,0.016586,0.103079
8550,0.380772,0.066974,0.172585,0.02137,0.119843
8551,0.389814,0.025921,0.229972,0.017459,0.116462
8552,0.294897,0.024932,0.153439,0.021384,0.095142
8553,0.391806,0.04767,0.24427,0.017503,0.082363
8554,0.3259,0.024332,0.169731,0.026025,0.105812
8555,0.378071,0.045128,0.229395,0.016874,0.086674
8556,0.304422,0.045445,0.153893,0.02076,0.084324
8557,0.39201,0.045656,0.245889,0.016883,0.083582
8558,0.31242,0.025342,0.170068,0.021288,0.095722
8559,0.379196,0.046335,0.229996,0.017174,0.085691
8560,0.296277,0.024383,0.154204,0.02198,0.09571
8561,0.4099,0.048474,0.246341,0.017184,0.097901
8562,0.321508,0.022564,0.169251,0.021142,0.108551
8563,0.38057,0.049255,0.229472,0.019453,0.08239
8564,0.309831,0.050215,0.153728,0.021308,0.08458
8565,0.402423,0.050512,0.246491,0.017188,0.088232
8566,0.341257,0.024094,0.17157,0.03249,0.113103
8567,0.383528,0.047096,0.23056,0.023185,0.082687
8568,0.310527,0.025022,0.152687,0.021272,0.111546
8569,0.407304,0.044823,0.246111,0.017474,0.098896
8570,0.319816,0.024532,0.168296,0.021257,0.105731
8571,0.392496,0.048025,0.228694,0.017689,0.098088
8572,0.313148,0.024707,0.15505,0.021342,0.112049
8573,0.394149,0.024754,0.24593,0.017525,0.10594
8574,0.335069,0.028248,0.169547,0.030643,0.106631
8575,0.410614,0.04602,0.237233,0.019827,0.107534
8576,0.304359,0.044435,0.153084,0.021158,0.085682
8577,0.391397,0.046924,0.244613,0.017209,0.082651
8578,0.321557,0.045471,0.172196,0.020882,0.083008
8579,0.379467,0.046307,0.227993,0.017249,0.087918
8580,0.304465,0.045915,0.152835,0.021129,0.084586
8581,0.394202,0.047221,0.245028,0.017761,0.084192
8582,0.311396,0.032719,0.16894,0.021432,0.088305
8583,0.37942,0.022348,0.229876,0.016939,0.110257
8584,0.313102,0.044157,0.153551,0.020816,0.094578
8585,0.393964,0.047405,0.245765,0.016898,0.083896
8586,0.318224,0.046641,0.16816,0.021298,0.082125
8587,0.396462,0.044926,0.228773,0.017457,0.105306
8588,0.30847,0.048101,0.153483,0.02131,0.085576
8589,0.39476,0.049819,0.245829,0.017876,0.081236
8590,0.310871,0.025038,0.168322,0.021386,0.096125
8591,0.379842,0.025438,0.231739,0.017598,0.105067
8592,0.292768,0.024827,0.153974,0.021198,0.092769
8593,0.386788,0.024273,0.246084,0.020343,0.096088
8594,0.319327,0.024903,0.169214,0.021623,0.103587
8595,0.382295,0.050895,0.231607,0.017159,0.082634
8596,0.304698,0.049628,0.154354,0.021596,0.07912
8597,0.399974,0.049945,0.245964,0.020502,0.083563
8598,0.323192,0.045853,0.16899,0.02167,0.086679
8599,0.380902,0.052062,0.230199,0.018385,0.080256
8600,0.301754,0.049125,0.153353,0.021218,0.078058
8601,0.394809,0.028708,0.244303,0.017571,0.104227
8602,0.319768,0.024846,0.168714,0.02136,0.104848
8603,0.393953,0.050014,0.246324,0.017671,0.079944
8604,0.332688,0.022518,0.153024,0.03267,0.124476
8605,0.396527,0.049953,0.247144,0.017907,0.081523
8606,0.350475,0.048503,0.168381,0.02159,0.112001
8607,0.379195,0.049366,0.231288,0.017309,0.081232
8608,0.307425,0.049319,0.153917,0.021687,0.082502
8609,0.396236,0.025634,0.2453,0.018707,0.106595
8610,0.320036,0.024852,0.167953,0.021238,0.105993
8611,0.379875,0.049527,0.229519,0.017591,0.083238
8612,0.316489,0.021947,0.151832,0.029098,0.113612
8613,0.414375,0.044484,0.246804,0.020283,0.102804
8614,0.322817,0.047092,0.167634,0.021586,0.086505
8615,0.378671,0.02403,0.231151,0.032044,0.091446
8616,0.316877,0.023149,0.152878,0.021036,0.119814
8617,0.39188,0.049458,0.24894,0.01764,0.075842
8618,0.329682,0.023365,0.171438,0.026838,0.108041
8619,0.375088,0.048667,0.229355,0.017331,0.079735
8620,0.306831,0.022411,0.154016,0.021056,0.109348
8621,0.423768,0.046742,0.250017,0.033212,0.093797
8622,0.331842,0.051125,0.169372,0.021348,0.089997
8623,0.385475,0.047874,0.230953,0.017854,0.088794
8624,0.319666,0.022873,0.154535,0.021504,0.120754
8625,0.404352,0.04885,0.246034,0.019736,0.089732
8626,0.324868,0.023102,0.16933,0.02152,0.110916
8627,0.378564,0.046763,0.229243,0.017224,0.085334
8628,0.306937,0.045806,0.153386,0.021223,0.086522
8629,0.462369,0.069289,0.252851,0.016576,0.123653
8630,0.331606,0.046151,0.170456,0.021139,0.09386
8631,0.37851,0.045187,0.229892,0.016754,0.086677
8632,0.313217,0.045994,0.153674,0.021138,0.092411
8633,0.392723,0.045414,0.246169,0.017207,0.083933
8634,0.341665,0.02833,0.168286,0.02795,0.117099
8635,0.389569,0.049464,0.228729,0.017136,0.09424
8636,0.308197,0.050168,0.153613,0.021402,0.083014
8637,0.408315,0.027156,0.254704,0.022599,0.103856
8638,0.331466,0.047696,0.169227,0.020763,0.09378
8639,0.383528,0.047621,0.232526,0.016911,0.08647
8640,0.305132,0.046334,0.153137,0.021134,0.084527
8641,0.410115,0.05076,0.244782,0.020193,0.09438
8642,0.311178,0.047599,0.167452,0.021128,0.074999
8643,0.377,0.04562,0.228173,0.016825,0.086382
8644,0.320388,0.045174,0.15318,0.021217,0.100817
8645,0.404148,0.03053,0.245849,0.017451,0.110318
8646,0.33598,0.027848,0.167771,0.03332,0.107041
8647,0.388929,0.047516,0.23012,0.016466,0.094827
8648,0.313409,0.045602,0.154313,0.021098,0.092396
8649,0.392422,0.034624,0.249424,0.016722,0.091652
8650,0.322211,0.049623,0.169303,0.021581,0.081704
8651,0.381223,0.047843,0.229585,0.017611,0.086184
8652,0.305899,0.048159,0.158004,0.02308,0.076656
8653,0.41222,0.049401,0.250243,0.017989,0.094587
8654,0.322735,0.050229,0.168182,0.021583,0.082741
8655,0.379408,0.049205,0.228456,0.017175,0.084572
8656,0.316359,0.048608,0.152778,0.02134,0.093633
8657,0.40561,0.047321,0.246738,0.017349,0.094202
8658,0.341791,0.021808,0.168319,0.037664,0.114
8659,0.40216,0.048762,0.230866,0.017177,0.105355
8660,0.342387,0.045205,0.159276,0.02123,0.116676
8661,0.399239,0.024521,0.247226,0.017568,0.109924
8662,0.323433,0.049904,0.168354,0.021245,0.08393
8663,0.383598,0.048888,0.22915,0.019858,0.085702
8664,0.326846,0.048598,0.15237,0.020739,0.105139
8665,0.400973,0.049594,0.247187,0.017952,0.08624
8666,0.319698,0.022686,0.167729,0.021983,0.1073
8667,0.397141,0.046424,0.229719,0.017404,0.103594
8668,0.299289,0.02506,0.153686,0.021114,0.099429
8669,0.396294,0.049484,0.246162,0.017456,0.083192
8670,0.321273,0.021903,0.169412,0.021136,0.108822
8671,0.37979,0.045226,0.231774,0.0174,0.08539
8672,0.317771,0.034768,0.153852,0.020942,0.108209
8673,0.387358,0.02324,0.246224,0.017489,0.100405
8674,0.324774,0.02983,0.167636,0.024854,0.102454
8675,0.383603,0.048996,0.230877,0.017348,0.086382
8676,0.328724,0.025173,0.15445,0.0308,0.118301
8677,0.416213,0.048075,0.253296,0.018956,0.095886
8678,0.320253,0.049971,0.168481,0.021408,0.080393
8679,0.379551,0.046164,0.23074,0.017088,0.085559
8680,0.32105,0.045242,0.153222,0.02042,0.102166
8681,0.391812,0.04492,0.246211,0.017344,0.083337
8682,0.324498,0.024478,0.168164,0.038119,0.093737
8683,0.400162,0.053248,0.229289,0.025239,0.092386
8684,0.309936,0.029933,0.153984,0.02109,0.104929
8685,0.38068,0.024869,0.246051,0.017609,0.092151
8686,0.330739,0.020969,0.16782,0.03097,0.11098
8687,0.392402,0.044708,0.23038,0.019152,0.098162
8688,0.319284,0.046158,0.152951,0.020732,0.099443
8689,0.39172,0.045191,0.246663,0.017608,0.082258
8690,0.319633,0.024588,0.168611,0.020998,0.105436
8691,0.392435,0.049879,0.236351,0.019503,0.086702
8692,0.321791,0.045697,0.153965,0.021144,0.100985
8693,0.390993,0.052514,0.245048,0.017671,0.07576
8694,0.342515,0.02915,0.168392,0.033236,0.111737
8695,0.401872,0.050442,0.228914,0.017255,0.105261
8696,0.307727,0.047897,0.153855,0.021225,0.08475
8697,0.402953,0.049497,0.253782,0.017798,0.081876
8698,0.329748,0.02667,0.168606,0.029012,0.10546
8699,0.380566,0.045301,0.230484,0.019523,0.085258
8700,0.307424,0.047339,0.152774,0.021219,0.086092
8701,0.379381,0.023832,0.246092,0.017444,0.092013
8702,0.313486,0.023168,0.169504,0.02136,0.099454
8703,0.389792,0.029141,0.23254,0.019349,0.108762
8704,0.301701,0.023468,0.155234,0.020998,0.102001
8705,0.415846,0.04534,0.245952,0.016655,0.107899
8706,0.332117,0.046876,0.170039,0.021023,0.094179
8707,0.412562,0.045965,0.254612,0.018068,0.093917
8708,0.318726,0.047214,0.154894,0.021098,0.09552
8709,0.389257,0.045888,0.246267,0.016826,0.080276
8710,0.320555,0.045727,0.169425,0.021194,0.084209
8711,0.362802,0.025025,0.229876,0.0177,0.090201
8712,0.295094,0.022401,0.152579,0.022215,0.097899
8713,0.423351,0.049382,0.246129,0.017044,0.110796
8714,0.326036,0.031589,0.16807,0.02647,0.099907
8715,0.409238,0.048377,0.230073,0.017565,0.113223
8716,0.306255,0.049888,0.153075,0.021343,0.081949
8717,0.391284,0.048566,0.245596,0.017149,0.079973
8718,0.314508,0.049978,0.167735,0.021233,0.075562
8719,0.381297,0.048747,0.231249,0.019517,0.081784
8720,0.320141,0.049322,0.1532,0.021492,0.096127
8721,0.379888,0.021154,0.245502,0.016952,0.09628
8722,0.331228,0.04457,0.168777,0.020962,0.096919
8723,0.387602,0.025093,0.239043,0.017407,0.106059
8724,0.307327,0.050479,0.153665,0.021262,0.081921
8725,0.395144,0.049203,0.245977,0.018731,0.081233
8726,0.3159,0.049442,0.168169,0.021375,0.076914
8727,0.378167,0.04892,0.228254,0.017328,0.083665
8728,0.314911,0.050163,0.154051,0.028453,0.082244
8729,0.393338,0.023855,0.24533,0.016949,0.107204
8730,0.310475,0.024853,0.168314,0.02158,0.095728
8731,0.392375,0.025504,0.231047,0.01745,0.118374
8732,0.30612,0.025302,0.154562,0.021314,0.104942
8733,0.41308,0.048804,0.261537,0.019387,0.083352
8734,0.319162,0.049613,0.168679,0.021341,0.079529
8735,0.38096,0.049476,0.230616,0.017339,0.083529
8736,0.316851,0.051089,0.167589,0.023146,0.075027
8737,0.396922,0.025527,0.246487,0.01899,0.105918
8738,0.348389,0.048836,0.168439,0.038062,0.093052
8739,0.383473,0.030065,0.231577,0.017366,0.104465
8740,0.318424,0.051463,0.153704,0.021396,0.091861
8741,0.39492,0.048614,0.246499,0.01738,0.082427
8742,0.328639,0.048392,0.168662,0.02438,0.087205
8743,0.389884,0.055316,0.231168,0.017713,0.085687
8744,0.315297,0.050163,0.153363,0.021335,0.090436
8745,0.390159,0.050946,0.24672,0.017488,0.075005
8746,0.3342,0.049201,0.169357,0.02166,0.093982
8747,0.370657,0.022653,0.229321,0.01844,0.100243
8748,0.295492,0.02158,0.153752,0.021323,0.098837
8749,0.39444,0.029293,0.24525,0.017529,0.102368
8750,0.349391,0.030232,0.167833,0.024996,0.12633
8751,0.379608,0.051754,0.230353,0.017508,0.079993
8752,0.306492,0.047528,0.153453,0.021322,0.084189
8753,0.39908,0.048393,0.253085,0.023248,0.074354
8754,0.32299,0.049755,0.170064,0.022489,0.080682
8755,0.403804,0.063586,0.229888,0.017264,0.093066
8756,0.319075,0.045366,0.154693,0.02067,0.098346
8757,0.407778,0.044979,0.245712,0.018033,0.099054
8758,0.326901,0.028617,0.168903,0.028548,0.100833
8759,0.37952,0.050608,0.229466,0.017657,0.081789
8760,0.316247,0.048782,0.152738,0.020711,0.094016
8761,0.405598,0.050882,0.246505,0.02025,0.087961
8762,0.324753,0.026574,0.171553,0.021676,0.10495
8763,0.379744,0.029126,0.22951,0.01849,0.102618
8764,0.296075,0.024542,0.15207,0.02164,0.097823
8765,0.401581,0.04873,0.246382,0.01779,0.088679
8766,0.343426,0.025506,0.169831,0.031896,0.116193
8767,0.385973,0.048009,0.231213,0.017229,0.089522
8768,0.323436,0.046234,0.153401,0.021343,0.102458
8769,0.393753,0.04829,0.24613,0.017797,0.081536
8770,0.36417,0.026164,0.169173,0.02107,0.147763
8771,0.386589,0.049392,0.229218,0.017842,0.090137
8772,0.321002,0.028172,0.154928,0.021249,0.116653
8773,0.379665,0.024649,0.245897,0.017846,0.091273
8774,0.325769,0.02225,0.169213,0.021188,0.113118
8775,0.390455,0.048766,0.231194,0.017585,0.09291
8776,0.306265,0.051394,0.153133,0.02139,0.080348
8777,0.393837,0.029966,0.245665,0.017312,0.100894
8778,0.335387,0.030044,0.17112,0.02646,0.107763
8779,0.385346,0.050337,0.230458,0.01784,0.086711
8780,0.304453,0.050389,0.153348,0.02078,0.079936
8781,0.397451,0.047858,0.246812,0.02003,0.082751
8782,0.328028,0.023613,0.167707,0.029562,0.107146
8783,0.387669,0.04726,0.229825,0.017458,0.093126
8784,0.304964,0.050275,0.153013,0.021281,0.080395
8785,0.416067,0.047716,0.245313,0.017425,0.105613
8786,0.32644,0.023738,0.168063,0.026276,0.108363
8787,0.392261,0.047619,0.230658,0.017281,0.096703
8788,0.324171,0.045084,0.152442,0.020665,0.10598
8789,0.387928,0.045256,0.245505,0.016753,0.080414
8790,0.326115,0.04569,0.168576,0.020675,0.091174
8791,0.393049,0.049461,0.230432,0.01696,0.096196
8792,0.321329,0.062431,0.155554,0.023294,0.08005
8793,0.39401,0.048508,0.246256,0.018321,0.080925
8794,0.324669,0.023038,0.169134,0.021475,0.111022
8795,0.373309,0.024692,0.226981,0.017764,0.103872
8796,0.29611,0.02729,0.15275,0.021008,0.095062
8797,0.381868,0.022843,0.245219,0.017298,0.096508
8798,0.324676,0.024218,0.167273,0.037355,0.09583
8799,0.394005,0.051478,0.228992,0.017073,0.096462
8800,0.312993,0.05516,0.160354,0.022552,0.074927
8801,0.407746,0.050497,0.24644,0.018293,0.092516
8802,0.353209,0.06221,0.168809,0.021887,0.100303
8803,0.379751,0.049743,0.228792,0.016801,0.084415
8804,0.314078,0.04816,0.153065,0.022041,0.090812
8805,0.39928,0.049244,0.247538,0.02034,0.082158
8806,0.319865,0.023539,0.167085,0.021191,0.10805
8807,0.389508,0.045548,0.231412,0.017428,0.09512
8808,0.305298,0.029712,0.152579,0.0211,0.101907
8809,0.40051,0.049511,0.246123,0.018865,0.086011
8810,0.322598,0.022343,0.167742,0.021145,0.111368
8811,0.389682,0.049084,0.230813,0.017363,0.092422
8812,0.312602,0.02901,0.152683,0.02121,0.109699
8813,0.413775,0.048671,0.250376,0.017495,0.097233
8814,0.323355,0.04654,0.16889,0.021108,0.086817
8815,0.38307,0.050138,0.228964,0.017295,0.086673
8816,0.293876,0.02185,0.152829,0.021268,0.097929
8817,0.417644,0.045731,0.26185,0.01786,0.092203
8818,0.320175,0.045382,0.168881,0.021425,0.084487
8819,0.373084,0.045803,0.229293,0.017114,0.080874
8820,0.299942,0.025478,0.152502,0.021562,0.1004
8821,0.39483,0.051559,0.246927,0.017602,0.078742
8822,0.341871,0.021049,0.167819,0.033327,0.119676
8823,0.382968,0.05068,0.228742,0.022751,0.080795
8824,0.295415,0.021191,0.152371,0.021196,0.100657
8825,0.451288,0.066024,0.253752,0.01732,0.114192
8826,0.357244,0.061207,0.167712,0.020978,0.107347
8827,0.383734,0.048899,0.228455,0.017226,0.089154
8828,0.304981,0.045776,0.152259,0.02129,0.085656
8829,0.391953,0.049452,0.244906,0.017539,0.080056
8830,0.32372,0.048274,0.170724,0.021415,0.083307
8831,0.386154,0.049457,0.236419,0.017379,0.082899
8832,0.30534,0.028603,0.152834,0.021418,0.102485
8833,0.384724,0.021663,0.246548,0.017204,0.099309
8834,0.323248,0.047202,0.168677,0.021192,0.086177
8835,0.378628,0.044859,0.230419,0.017096,0.086254
8836,0.305073,0.047155,0.152337,0.02177,0.083811
8837,0.391337,0.046211,0.245974,0.017389,0.081763
8838,0.334858,0.046095,0.168049,0.021652,0.099062
8839,0.39394,0.047578,0.231109,0.017719,0.097534
8840,0.30925,0.044817,0.155029,0.02117,0.088234
8841,0.40035,0.029801,0.245414,0.018379,0.106756
8842,0.331787,0.050892,0.167553,0.021112,0.09223
8843,0.385869,0.048167,0.230144,0.01751,0.090048
8844,0.327015,0.052342,0.15858,0.02239,0.093703
8845,0.410616,0.046023,0.254613,0.017513,0.092467
8846,0.321849,0.048862,0.170059,0.021638,0.08129
8847,0.380024,0.048384,0.230034,0.018182,0.083424
8848,0.31768,0.049259,0.152472,0.021933,0.094016
8849,0.395825,0.023053,0.245918,0.01898,0.107874
8850,0.323889,0.049591,0.168918,0.02196,0.08342
8851,0.388655,0.057186,0.233608,0.017394,0.080467
8852,0.328872,0.051029,0.15414,0.022241,0.101462
8853,0.391728,0.047865,0.245336,0.017762,0.080765
8854,0.327015,0.022684,0.16652,0.029578,0.108233
8855,0.380636,0.048242,0.230117,0.017247,0.08503
8856,0.308995,0.048929,0.152924,0.021949,0.085193
8857,0.395273,0.022592,0.245083,0.017657,0.109941
8858,0.326631,0.0289,0.167048,0.02111,0.109573
8859,0.366524,0.02354,0.228751,0.017798,0.096435
8860,0.31122,0.028444,0.152152,0.020947,0.109677
8861,0.414676,0.048571,0.245282,0.017627,0.103196
8862,0.334868,0.050973,0.168242,0.021471,0.094182
8863,0.409072,0.047918,0.238163,0.016924,0.106067
8864,0.341033,0.049073,0.158816,0.021728,0.111416
8865,0.410701,0.046948,0.246018,0.017354,0.100381
8866,0.322557,0.049625,0.169276,0.021377,0.082279
8867,0.379704,0.022272,0.229115,0.017966,0.110351
8868,0.301335,0.024962,0.153219,0.029462,0.093692
8869,0.40916,0.047719,0.245389,0.017963,0.098089
8870,0.320538,0.022636,0.167096,0.021138,0.109668
8871,0.378997,0.04944,0.229865,0.017691,0.082001
8872,0.353882,0.028485,0.154806,0.03267,0.137921
8873,0.413226,0.047074,0.253293,0.018687,0.094172
8874,0.324713,0.046166,0.169476,0.02096,0.088111
8875,0.394762,0.048161,0.228655,0.017469,0.100477
8876,0.329016,0.04526,0.15184,0.021048,0.110868
8877,0.392064,0.045316,0.2459,0.016952,0.083896
8878,0.318915,0.045465,0.168854,0.021645,0.082951
8879,0.374818,0.044744,0.229936,0.017338,0.0828
8880,0.296646,0.025108,0.15426,0.020922,0.096356
8881,0.402029,0.049252,0.25423,0.01717,0.081377
8882,0.318857,0.049408,0.168655,0.021121,0.079673
8883,0.391035,0.04957,0.229604,0.017155,0.094706
8884,0.307012,0.047504,0.153672,0.021041,0.084795
8885,0.412638,0.048882,0.245659,0.017398,0.100699
8886,0.341029,0.024942,0.16934,0.032514,0.114233
8887,0.406946,0.055346,0.232175,0.040075,0.07935
8888,0.3,0.024932,0.156682,0.02125,0.097136
8889,0.406711,0.049114,0.246768,0.017228,0.093601
8890,0.329875,0.024848,0.170192,0.021473,0.113362
8891,0.36215,0.025597,0.229035,0.016983,0.090535
8892,0.305427,0.04944,0.154415,0.021388,0.080184
8893,0.414613,0.050472,0.249587,0.022789,0.091765
8894,0.333031,0.049371,0.170112,0.021468,0.09208
8895,0.39467,0.050334,0.23269,0.020149,0.091497
8896,0.320595,0.036658,0.154215,0.021754,0.107968
8897,0.401847,0.04886,0.244683,0.017455,0.090849
8898,0.325418,0.021566,0.169313,0.021393,0.113146
8899,0.38294,0.028517,0.229087,0.016859,0.108477
8900,0.320638,0.048685,0.153441,0.021362,0.09715
8901,0.391709,0.051717,0.245514,0.016949,0.077529
8902,0.321622,0.047761,0.169621,0.021189,0.083051
8903,0.388219,0.05073,0.231567,0.01765,0.088272
8904,0.310551,0.048965,0.154339,0.021297,0.08595
8905,0.406744,0.049834,0.245338,0.020305,0.091267
8906,0.319288,0.02727,0.169765,0.0211,0.101153
8907,0.377374,0.02406,0.229379,0.017128,0.106807
8908,0.307153,0.049466,0.15295,0.020805,0.083932
8909,0.39582,0.049629,0.24658,0.017604,0.082007
8910,0.323128,0.049473,0.168117,0.021374,0.084164
8911,0.391318,0.049121,0.230059,0.01798,0.094158
8912,0.307642,0.022768,0.152845,0.021653,0.110376
8913,0.395802,0.046903,0.246648,0.019629,0.082622
8914,0.317022,0.026956,0.169798,0.024404,0.095864
8915,0.383346,0.037456,0.229268,0.017712,0.09891
8916,0.299663,0.022712,0.153441,0.021713,0.101797
8917,0.394671,0.048697,0.245069,0.017504,0.083401
8918,0.337808,0.025123,0.169558,0.033528,0.109599
8919,0.38936,0.049007,0.231032,0.018061,0.09126
8920,0.302813,0.05169,0.153438,0.021031,0.076654
8921,0.39523,0.047411,0.246413,0.017956,0.08345
8922,0.321768,0.022366,0.16821,0.021092,0.1101
8923,0.392117,0.048796,0.228882,0.017365,0.097074
8924,0.309586,0.022292,0.152692,0.02094,0.113662
8925,0.415243,0.048254,0.24464,0.018067,0.104282
8926,0.307621,0.026423,0.167931,0.021516,0.091751
8927,0.408898,0.055591,0.23588,0.02127,0.096157
8928,0.297531,0.047993,0.153924,0.0211,0.074514
8929,0.403132,0.047656,0.244976,0.017439,0.093061
8930,0.32775,0.02599,0.167629,0.03191,0.102221
8931,0.406908,0.048592,0.229379,0.01789,0.111047
8932,0.294702,0.022385,0.152,0.021309,0.099008
8933,0.410293,0.048408,0.250325,0.017367,0.094193
8934,0.328102,0.05019,0.17886,0.022859,0.076193
8935,0.399224,0.02592,0.233324,0.017236,0.122744
8936,0.329155,0.045285,0.15826,0.020872,0.104738
8937,0.394798,0.046463,0.24718,0.01723,0.083925
8938,0.328424,0.045344,0.17006,0.026252,0.086768
8939,0.399349,0.047932,0.229465,0.02368,0.098272
8940,0.318596,0.044333,0.153779,0.020851,0.099633
8941,0.402132,0.047171,0.245986,0.019736,0.089239
8942,0.341645,0.046877,0.168207,0.025754,0.100807
8943,0.382318,0.030056,0.230659,0.018153,0.10345
8944,0.294873,0.022581,0.15266,0.021442,0.09819
8945,0.398669,0.049216,0.252418,0.018045,0.07899
8946,0.347736,0.053273,0.169566,0.02195,0.102947
8947,0.384264,0.050573,0.2302,0.017299,0.086192
8948,0.318186,0.049919,0.153694,0.021039,0.093534
8949,0.394453,0.049614,0.245488,0.017267,0.082084
8950,0.323907,0.048963,0.169864,0.021865,0.083215
8951,0.379422,0.025987,0.23043,0.018029,0.104976
8952,0.306391,0.02909,0.153483,0.021388,0.10243
8953,0.395181,0.022327,0.24567,0.017715,0.109469
8954,0.332715,0.025283,0.168624,0.030304,0.108504
8955,0.395957,0.049687,0.230341,0.019595,0.096334
8956,0.304505,0.048915,0.152441,0.021227,0.081922
8957,0.395667,0.049276,0.247409,0.01737,0.081612
8958,0.327167,0.048758,0.17051,0.021423,0.086476
8959,0.384149,0.049235,0.232542,0.01769,0.084682
8960,0.313222,0.048809,0.153582,0.0211,0.089731
8961,0.406011,0.049098,0.247319,0.020355,0.089239
8962,0.325917,0.027676,0.168347,0.028278,0.101616
8963,0.372781,0.045686,0.229437,0.01696,0.080698
8964,0.294364,0.024908,0.155314,0.020918,0.093224
8965,0.410854,0.051235,0.261866,0.019995,0.077758
8966,0.38038,0.048878,0.195339,0.021448,0.114715
8967,0.391771,0.049594,0.247128,0.01769,0.077359
8968,0.29609,0.022978,0.153701,0.021586,0.097825
8969,0.401842,0.0502,0.245294,0.017754,0.088594
8970,0.328091,0.020837,0.168426,0.021157,0.117671
8971,0.374772,0.046165,0.229672,0.017097,0.081838
8972,0.299667,0.024746,0.155159,0.02108,0.098682
8973,0.399653,0.051095,0.251891,0.017521,0.079146
8974,0.374019,0.048681,0.169606,0.025933,0.129799
8975,0.396618,0.048845,0.229232,0.017917,0.100624
8976,0.305596,0.0463,0.153716,0.020929,0.084651
8977,0.401922,0.046564,0.253665,0.017129,0.084564
8978,0.321491,0.047233,0.168375,0.021025,0.084858
8979,0.393702,0.044812,0.229249,0.017396,0.102245
8980,0.32444,0.02943,0.152662,0.030674,0.111674
8981,0.394807,0.050372,0.245729,0.019037,0.079669
8982,0.339818,0.023407,0.168825,0.032387,0.115199
8983,0.38209,0.047473,0.231625,0.019684,0.083308
8984,0.32346,0.048299,0.153364,0.028386,0.093411
8985,0.397453,0.045357,0.245393,0.017388,0.089315
8986,0.319282,0.047488,0.167364,0.021502,0.082928
8987,0.391758,0.047293,0.2295,0.016917,0.098048
8988,0.314587,0.045846,0.15313,0.022354,0.093257
8989,0.402891,0.047709,0.250419,0.018789,0.085974
8990,0.336062,0.035709,0.168447,0.020972,0.110934
8991,0.376577,0.021621,0.229788,0.017324,0.107844
8992,0.306477,0.028768,0.152531,0.020765,0.104413
8993,0.415682,0.056298,0.256244,0.01717,0.08597
8994,0.337574,0.048884,0.167786,0.021294,0.09961
8995,0.389418,0.047999,0.228897,0.016427,0.096095
8996,0.316783,0.047178,0.154128,0.020841,0.094636
8997,0.392855,0.050696,0.247522,0.017994,0.076643
8998,0.33362,0.049849,0.176088,0.022478,0.085205
8999,0.375745,0.025635,0.228874,0.017197,0.104039
9000,0.298327,0.026109,0.154787,0.021373,0.096058
9001,0.392651,0.021589,0.245307,0.01766,0.108095
9002,0.34948,0.02974,0.167746,0.032222,0.119772
9003,0.390273,0.048368,0.230176,0.017136,0.094593
9004,0.301923,0.049907,0.153249,0.02127,0.077497
9005,0.407527,0.048866,0.254316,0.02027,0.084075
9006,0.330009,0.049579,0.169761,0.022192,0.088477
9007,0.376995,0.048945,0.230042,0.01724,0.080768
9008,0.303471,0.049539,0.152852,0.02201,0.07907
9009,0.395946,0.025566,0.245148,0.028567,0.096665
9010,0.321952,0.029192,0.168363,0.02081,0.103587
9011,0.380572,0.022075,0.229149,0.017674,0.111674
9012,0.291766,0.02501,0.152559,0.021092,0.093105
9013,0.404711,0.048988,0.245679,0.017909,0.092135
9014,0.345296,0.052103,0.168022,0.021557,0.103614
9015,0.391882,0.047351,0.229471,0.019607,0.095453
9016,0.308973,0.050119,0.15364,0.021394,0.08382
9017,0.393962,0.048837,0.244524,0.017584,0.083017
9018,0.310277,0.022322,0.167872,0.021226,0.098857
9019,0.366502,0.023779,0.228457,0.01754,0.096726
9020,0.301316,0.024586,0.15353,0.021218,0.101982
9021,0.407555,0.047296,0.257987,0.018142,0.08413
9022,0.324148,0.021921,0.168579,0.02158,0.112068
9023,0.385451,0.047241,0.23317,0.017262,0.087778
9024,0.303962,0.047395,0.153237,0.021844,0.081486
9025,0.40578,0.04846,0.247592,0.017617,0.092111
9026,0.332648,0.025113,0.168986,0.030756,0.107793
9027,0.376022,0.045043,0.230165,0.017633,0.083181
9028,0.296758,0.029835,0.152945,0.021285,0.092693
9029,0.430115,0.052922,0.247708,0.018084,0.111401
9030,0.350732,0.04871,0.169127,0.022298,0.110597
9031,0.393215,0.049972,0.231922,0.0174,0.093921
9032,0.315446,0.048789,0.152039,0.021982,0.092636
9033,0.397633,0.049919,0.246598,0.017636,0.08348
9034,0.323464,0.048833,0.168566,0.02164,0.084425
9035,0.374918,0.025187,0.230662,0.016914,0.102155
9036,0.303607,0.047841,0.153176,0.021208,0.081382
9037,0.393909,0.024774,0.245798,0.017812,0.105525
9038,0.324631,0.047654,0.1683,0.021348,0.087329
9039,0.37756,0.050266,0.228147,0.017269,0.081878
9040,0.321924,0.047386,0.153028,0.02134,0.10017
9041,0.394206,0.050208,0.245117,0.01732,0.081561
9042,0.355591,0.047257,0.168128,0.03348,0.106726
9043,0.382343,0.049508,0.229334,0.017041,0.08646
9044,0.304826,0.046456,0.153308,0.021136,0.083926
9045,0.389678,0.025302,0.247341,0.019293,0.097742
9046,0.326988,0.024069,0.167897,0.025698,0.109324
9047,0.391682,0.045367,0.229018,0.016779,0.100518
9048,0.330773,0.047833,0.152264,0.020882,0.109794
9049,0.389016,0.049291,0.24795,0.016857,0.074918
9050,0.323082,0.053034,0.16967,0.02178,0.078598
9051,0.376745,0.051203,0.229242,0.016917,0.079383
9052,0.334899,0.052029,0.156688,0.042884,0.083298
9053,0.413229,0.025655,0.246647,0.017281,0.123646
9054,0.330416,0.02507,0.167508,0.041033,0.096805
9055,0.403217,0.049419,0.229502,0.020858,0.103438
9056,0.317555,0.023521,0.152687,0.021552,0.119795
9057,0.400129,0.045932,0.244834,0.017013,0.09235
9058,0.323277,0.045262,0.170107,0.021403,0.086505
9059,0.376682,0.045715,0.228632,0.016934,0.085401
9060,0.307341,0.045842,0.153054,0.022046,0.086399
9061,0.389554,0.033296,0.24574,0.017634,0.092884
9062,0.312283,0.026568,0.170077,0.021346,0.094292
9063,0.37248,0.021805,0.239012,0.01686,0.094803
9064,0.324926,0.054826,0.154054,0.021214,0.094832
9065,0.394824,0.046234,0.245331,0.017251,0.086008
9066,0.324895,0.028731,0.168252,0.02754,0.100372
9067,0.377141,0.048297,0.230409,0.017216,0.081219
9068,0.307147,0.0244,0.153287,0.021795,0.107665
9069,0.424679,0.046306,0.248296,0.016959,0.113118
9070,0.322613,0.047467,0.169745,0.021034,0.084367
9071,0.381998,0.049834,0.229495,0.016589,0.08608
9072,0.300062,0.024592,0.1547,0.021347,0.099423
9073,0.423995,0.060889,0.254358,0.016661,0.092087
9074,0.32336,0.048031,0.174935,0.022841,0.077553
9075,0.392503,0.049615,0.238126,0.017508,0.087254
9076,0.366426,0.024396,0.154005,0.03279,0.155235
9077,0.392933,0.027305,0.245125,0.016782,0.103721
9078,0.327664,0.055819,0.170541,0.02112,0.080184
9079,0.387147,0.047573,0.232524,0.023403,0.083647
9080,0.301265,0.045142,0.151629,0.021276,0.083218
9081,0.392478,0.045581,0.24551,0.017365,0.084022
9082,0.322829,0.044691,0.167491,0.02149,0.089157
9083,0.373591,0.045552,0.228516,0.017494,0.082029
9084,0.297348,0.025033,0.154099,0.021467,0.096749
9085,0.4027,0.059129,0.245246,0.017811,0.080514
9086,0.332155,0.02374,0.169122,0.025516,0.113777
9087,0.391755,0.057111,0.231888,0.017211,0.085545
9088,0.306532,0.047911,0.153235,0.02109,0.084296
9089,0.404426,0.04864,0.246192,0.017997,0.091597
9090,0.32112,0.028672,0.168262,0.02073,0.103456
9091,0.375762,0.022386,0.228256,0.017796,0.107324
9092,0.320344,0.025239,0.155377,0.021376,0.118352
9093,0.404642,0.046925,0.24576,0.017907,0.09405
9094,0.33984,0.04626,0.168172,0.020654,0.104754
9095,0.398884,0.04534,0.230242,0.016836,0.106466
9096,0.315557,0.048695,0.153167,0.021194,0.092501
9097,0.400433,0.048502,0.2504,0.017622,0.083909
9098,0.321679,0.048111,0.168811,0.021262,0.083495
9099,0.377227,0.048711,0.232906,0.018329,0.077281
9100,0.301196,0.023357,0.154187,0.021807,0.101845
9101,0.388555,0.023125,0.246265,0.018336,0.100829
9102,0.311574,0.025198,0.169944,0.021364,0.095068
9103,0.375962,0.025305,0.230051,0.017735,0.102871
9104,0.293946,0.024935,0.153219,0.021545,0.094247
9105,0.391934,0.052149,0.245347,0.01924,0.075198
9106,0.321644,0.048768,0.169627,0.021211,0.082038
9107,0.378618,0.052418,0.229941,0.017839,0.07842
9108,0.311029,0.048913,0.15408,0.021259,0.086777
9109,0.389231,0.050293,0.245072,0.017449,0.076417
9110,0.344515,0.047738,0.167403,0.020721,0.108653
9111,0.387648,0.052155,0.23044,0.017984,0.087069
9112,0.316013,0.025612,0.154023,0.021777,0.114601
9113,0.408564,0.045269,0.25357,0.017139,0.092586
9114,0.334524,0.04643,0.168496,0.020596,0.099002
9115,0.38722,0.045764,0.230248,0.017724,0.093484
9116,0.320064,0.030117,0.152691,0.021384,0.115872
9117,0.392497,0.025484,0.24603,0.017189,0.103794
9118,0.323884,0.026936,0.168768,0.021893,0.106287
9119,0.378278,0.050427,0.23629,0.017276,0.074285
9120,0.307107,0.049901,0.153832,0.021618,0.081756
9121,0.394755,0.049867,0.24633,0.017762,0.080796
9122,0.309759,0.021843,0.166884,0.02149,0.099542
9123,0.366755,0.026155,0.230138,0.018421,0.092041
9124,0.318255,0.049215,0.15431,0.029127,0.085603
9125,0.401691,0.048397,0.24627,0.019837,0.087187
9126,0.328155,0.027739,0.168228,0.029494,0.102694
9127,0.377271,0.046251,0.228916,0.017119,0.084985
9128,0.306104,0.044737,0.154249,0.021434,0.085684
9129,0.391144,0.047013,0.246118,0.018342,0.079671
9130,0.352063,0.034751,0.168879,0.020751,0.127682
9131,0.408451,0.048904,0.238281,0.018199,0.103067
9132,0.313687,0.050135,0.155259,0.021604,0.086689
9133,0.396506,0.022311,0.245081,0.02017,0.108944
9134,0.326284,0.045067,0.176404,0.020967,0.083846
9135,0.388731,0.046834,0.229429,0.016916,0.095552
9136,0.312622,0.047337,0.153047,0.020922,0.091316
9137,0.406925,0.046989,0.252389,0.016327,0.09122
9138,0.320473,0.043896,0.167567,0.02114,0.08787
9139,0.415523,0.024118,0.240466,0.017294,0.133645
9140,0.318237,0.051692,0.154024,0.021044,0.091477
9141,0.415697,0.04841,0.246495,0.016686,0.104106
9142,0.316622,0.048626,0.167674,0.02113,0.079192
9143,0.376151,0.048756,0.228862,0.017044,0.081489
9144,0.306566,0.049812,0.153189,0.021864,0.081701
9145,0.394334,0.048391,0.245988,0.017524,0.082431
9146,0.327104,0.049933,0.167968,0.02095,0.088253
9147,0.380223,0.022096,0.240492,0.017031,0.100604
9148,0.320657,0.047715,0.152561,0.021045,0.099336
9149,0.397634,0.045932,0.246235,0.022559,0.082908
9150,0.328806,0.045125,0.171005,0.021041,0.091635
9151,0.382061,0.046849,0.232588,0.016566,0.086058
9152,0.302449,0.045566,0.153183,0.020872,0.082828
9153,0.393457,0.046173,0.245876,0.0168,0.084608
9154,0.348291,0.049907,0.16927,0.039402,0.089712
9155,0.380015,0.025876,0.241274,0.017333,0.095532
9156,0.309919,0.052288,0.160175,0.022895,0.074561
9157,0.394542,0.048831,0.247187,0.017087,0.081437
9158,0.318235,0.050946,0.168717,0.021209,0.077363
9159,0.383337,0.048866,0.229392,0.017158,0.087921
9160,0.306738,0.049608,0.153095,0.021511,0.082524
9161,0.393722,0.049047,0.245144,0.017128,0.082403
9162,0.331604,0.050097,0.179858,0.022583,0.079066
9163,0.3934,0.02212,0.230445,0.019613,0.121222
9164,0.293937,0.025062,0.153409,0.021258,0.094208
9165,0.393571,0.022498,0.245324,0.017177,0.108572
9166,0.319494,0.021401,0.167795,0.02118,0.109118
9167,0.412616,0.044968,0.239489,0.01668,0.111479
9168,0.320806,0.044714,0.152835,0.021102,0.102155
9169,0.417966,0.045335,0.245957,0.018887,0.107787
9170,0.325654,0.045687,0.167699,0.025118,0.08715
9171,0.402894,0.048178,0.229384,0.017781,0.107551
9172,0.301071,0.026273,0.155202,0.021479,0.098117
9173,0.415937,0.052311,0.255998,0.017682,0.089946
9174,0.321979,0.048647,0.168346,0.02109,0.083896
9175,0.38952,0.048675,0.229064,0.024495,0.087286
9176,0.31402,0.058866,0.153336,0.021107,0.080711
9177,0.399878,0.051918,0.253973,0.017519,0.076468
9178,0.361788,0.023478,0.169965,0.022224,0.146121
9179,0.385289,0.050878,0.231476,0.017316,0.085619
9180,0.307204,0.049077,0.153086,0.021822,0.083219
9181,0.407009,0.04925,0.254971,0.020304,0.082484
9182,0.335764,0.029758,0.16914,0.031163,0.105703
9183,0.378473,0.047558,0.229767,0.01881,0.082338
9184,0.295524,0.021966,0.153762,0.021033,0.098763
9185,0.421555,0.047032,0.246737,0.022524,0.105262
9186,0.318006,0.022466,0.170366,0.021998,0.103176
9187,0.379793,0.045709,0.228482,0.018294,0.087308
9188,0.31802,0.04556,0.152942,0.020798,0.09872
9189,0.400057,0.044999,0.24553,0.017492,0.092036
9190,0.326195,0.024322,0.171566,0.02831,0.101997
9191,0.372233,0.050256,0.229117,0.017775,0.075085
9192,0.302006,0.027859,0.152647,0.020976,0.100524
9193,0.420189,0.050147,0.246102,0.017949,0.105991
9194,0.341805,0.0309,0.168774,0.035393,0.106738
9195,0.386684,0.051323,0.23126,0.023678,0.080423
9196,0.306146,0.04878,0.154046,0.021954,0.081366
9197,0.39542,0.023025,0.246136,0.017314,0.108945
9198,0.322144,0.047826,0.167827,0.021003,0.085488
9199,0.379868,0.052999,0.228974,0.017259,0.080636
9200,0.306073,0.049209,0.152453,0.021068,0.083343
9201,0.38835,0.023096,0.249834,0.017887,0.097533
9202,0.31582,0.026758,0.169756,0.021283,0.098023
9203,0.383478,0.021871,0.237822,0.017764,0.106021
9204,0.310685,0.047406,0.1549,0.02114,0.087239
9205,0.385929,0.047661,0.245544,0.017373,0.075351
9206,0.327613,0.049586,0.172773,0.02277,0.082484
9207,0.376511,0.047693,0.228962,0.017283,0.082573
9208,0.301858,0.049112,0.152298,0.02111,0.079338
9209,0.390437,0.048691,0.245423,0.018478,0.077845
9210,0.314338,0.023226,0.169018,0.021609,0.100485
9211,0.362793,0.024913,0.228787,0.017773,0.09132
9212,0.305942,0.022529,0.153228,0.020898,0.109287
9213,0.390448,0.048109,0.247928,0.01771,0.076701
9214,0.315593,0.050714,0.168989,0.020853,0.075037
9215,0.382831,0.047978,0.230653,0.017498,0.086702
9216,0.311602,0.050063,0.153713,0.021162,0.086664
9217,0.393915,0.047251,0.245193,0.017993,0.083478
9218,0.327856,0.022812,0.170522,0.021183,0.113339
9219,0.372951,0.023937,0.229036,0.018023,0.101955
9220,0.292662,0.024612,0.153651,0.021007,0.093392
9221,0.402725,0.050084,0.246344,0.01727,0.089027
9222,0.321846,0.049524,0.168794,0.020952,0.082576
9223,0.38016,0.049354,0.229479,0.019233,0.082094
9224,0.318691,0.048212,0.154184,0.021235,0.09506
9225,0.389416,0.024777,0.245577,0.017922,0.10114
9226,0.350873,0.071583,0.170762,0.022231,0.086297
9227,0.389071,0.050762,0.242006,0.016973,0.07933
9228,0.305565,0.050473,0.154454,0.022228,0.07841
9229,0.409854,0.049339,0.2486,0.019659,0.092256
9230,0.326174,0.025593,0.167325,0.02534,0.107916
9231,0.388431,0.046054,0.233771,0.01712,0.091486
9232,0.302193,0.045466,0.153586,0.02131,0.081831
9233,0.383866,0.02484,0.246036,0.017978,0.095012
9234,0.325871,0.023591,0.168208,0.02147,0.112602
9235,0.380349,0.024647,0.229018,0.016905,0.109779
9236,0.30769,0.049073,0.154071,0.021215,0.083331
9237,0.38942,0.053559,0.244301,0.017361,0.074199
9238,0.325124,0.022575,0.167508,0.025183,0.109858
9239,0.409171,0.05061,0.231134,0.02083,0.106597
9240,0.315722,0.046606,0.154349,0.028397,0.08637
9241,0.397944,0.050041,0.246817,0.018112,0.082974
9242,0.324563,0.049516,0.172887,0.022362,0.079798
9243,0.371804,0.023562,0.230283,0.017416,0.100543
9244,0.325793,0.024092,0.153483,0.021335,0.126883
9245,0.394975,0.050166,0.244787,0.018444,0.081578
9246,0.321644,0.023024,0.168782,0.021314,0.108524
9247,0.374227,0.044931,0.229673,0.017306,0.082317
9248,0.310614,0.030957,0.154002,0.02148,0.104175
9249,0.426167,0.050168,0.26151,0.034034,0.080455
9250,0.335087,0.049796,0.17011,0.020898,0.094283
9251,0.376825,0.050669,0.23266,0.017056,0.07644
9252,0.310829,0.048976,0.154026,0.021847,0.08598
9253,0.407195,0.032923,0.246728,0.017103,0.110441
9254,0.334,0.055878,0.170068,0.020798,0.087256
9255,0.384304,0.04704,0.230423,0.016874,0.089967
9256,0.292529,0.02453,0.152269,0.021124,0.094606
9257,0.449778,0.024657,0.247873,0.016583,0.160665
9258,0.330573,0.047068,0.168623,0.020808,0.094074
9259,0.399903,0.048801,0.240391,0.017697,0.093014
9260,0.317722,0.050041,0.153208,0.021313,0.09316
9261,0.408249,0.049392,0.252945,0.017836,0.088076
9262,0.332073,0.05224,0.17496,0.022708,0.082165
9263,0.384648,0.048531,0.230251,0.017481,0.088385
9264,0.339029,0.049598,0.169495,0.02311,0.096826
9265,0.401753,0.026782,0.246825,0.023071,0.105075
9266,0.323573,0.04469,0.168805,0.021294,0.088784
9267,0.378595,0.0487,0.230085,0.017316,0.082494
9268,0.307145,0.046783,0.153888,0.021242,0.085232
9269,0.402838,0.04724,0.251831,0.018081,0.085686
9270,0.319765,0.024222,0.169437,0.021092,0.105014
9271,0.378329,0.049418,0.230791,0.017138,0.080982
9272,0.317372,0.024053,0.155765,0.02168,0.115874
9273,0.398391,0.024787,0.244891,0.021009,0.107704
9274,0.323582,0.024158,0.169454,0.021234,0.108736
9275,0.380383,0.046231,0.230902,0.016969,0.086281
9276,0.322236,0.044688,0.152221,0.020555,0.104772
9277,0.383362,0.024875,0.246274,0.020641,0.091572
9278,0.318252,0.048091,0.169376,0.021176,0.079609
9279,0.378265,0.048418,0.230984,0.017783,0.08108
9280,0.299658,0.023786,0.152916,0.022174,0.100782
9281,0.408927,0.046711,0.247437,0.017242,0.097537
9282,0.34092,0.062152,0.172392,0.02239,0.083986
9283,0.407807,0.047871,0.231187,0.01715,0.111599
9284,0.314613,0.051746,0.161122,0.022644,0.079101
9285,0.394376,0.048153,0.245477,0.018195,0.082551
9286,0.323562,0.049674,0.167549,0.021547,0.084792
9287,0.391351,0.049462,0.228929,0.017386,0.095574
9288,0.353157,0.053305,0.154674,0.021742,0.123436
9289,0.41283,0.048788,0.245628,0.02012,0.098294
9290,0.328876,0.031839,0.168004,0.02111,0.107923
9291,0.386158,0.028855,0.230111,0.017757,0.109435
9292,0.307469,0.049056,0.153595,0.021722,0.083096
9293,0.415273,0.048164,0.24602,0.017095,0.103994
9294,0.350791,0.047271,0.168413,0.02123,0.113877
9295,0.394151,0.047907,0.230555,0.019255,0.096434
9296,0.29925,0.023124,0.153531,0.02195,0.100645
9297,0.393356,0.047348,0.245429,0.017144,0.083435
9298,0.319726,0.045288,0.169413,0.021118,0.083907
9299,0.379664,0.046502,0.229621,0.017191,0.08635
9300,0.305153,0.047745,0.153665,0.021124,0.082619
9301,0.403012,0.046697,0.246284,0.017824,0.092207
9302,0.325496,0.023833,0.168441,0.0213,0.111922
9303,0.394688,0.059662,0.230922,0.018059,0.086045
9304,0.309209,0.023806,0.153073,0.021722,0.110608
9305,0.383421,0.022637,0.245357,0.017198,0.098229
9306,0.320543,0.046359,0.168494,0.021189,0.084501
9307,0.399777,0.047408,0.246082,0.016666,0.089621
9308,0.305656,0.046921,0.153609,0.021438,0.083688
9309,0.430777,0.046742,0.279855,0.020059,0.084121
9310,0.324172,0.04575,0.168346,0.028081,0.081995
9311,0.382004,0.044714,0.229267,0.01807,0.089953
9312,0.33751,0.02788,0.153108,0.021395,0.135127
9313,0.384185,0.024942,0.247607,0.017533,0.094103
9314,0.319208,0.024484,0.168383,0.020912,0.105429
9315,0.381349,0.028538,0.230775,0.019901,0.102135
9316,0.293854,0.024288,0.152303,0.021234,0.096029
9317,0.394005,0.044703,0.247035,0.017245,0.085022
9318,0.321165,0.044947,0.168049,0.021222,0.086947
9319,0.388475,0.045634,0.232662,0.018217,0.091962
9320,0.302556,0.046768,0.153324,0.021176,0.081288
9321,0.389075,0.045444,0.244657,0.016904,0.08207
9322,0.318186,0.044846,0.168381,0.021188,0.083771
9323,0.364227,0.025216,0.2298,0.017881,0.09133
9324,0.303906,0.026381,0.152483,0.021052,0.10399
9325,0.379122,0.025108,0.245104,0.017097,0.091813
9326,0.351155,0.047471,0.168015,0.021245,0.114424
9327,0.373506,0.050278,0.230855,0.017999,0.074374
9328,0.305935,0.048575,0.153248,0.0214,0.082712
9329,0.390551,0.021903,0.247389,0.017179,0.10408
9330,0.323455,0.029358,0.167925,0.021168,0.105004
9331,0.382558,0.051945,0.231809,0.017409,0.081395
9332,0.30336,0.021962,0.153197,0.021162,0.107039
9333,0.39988,0.054945,0.246525,0.016715,0.081695
9334,0.353242,0.044455,0.168041,0.020806,0.11994
9335,0.383061,0.044737,0.230442,0.025317,0.082565
9336,0.320351,0.046222,0.153467,0.02127,0.099392
9337,0.381964,0.02467,0.246667,0.017821,0.092806
9338,0.322971,0.023236,0.168718,0.021332,0.109685
9339,0.388975,0.049485,0.230831,0.017007,0.091652
9340,0.31739,0.023331,0.155209,0.021428,0.117422
9341,0.394,0.046259,0.245974,0.017222,0.084545
9342,0.338089,0.03287,0.169688,0.020812,0.114719
9343,0.416455,0.048363,0.237619,0.017766,0.112707
9344,0.31728,0.061355,0.153843,0.021684,0.080398
9345,0.40814,0.0491,0.251241,0.017177,0.090622
9346,0.355586,0.050295,0.168803,0.021522,0.114966
9347,0.389207,0.048356,0.230645,0.01785,0.092356
9348,0.318951,0.049423,0.157761,0.020834,0.090933
9349,0.405501,0.047665,0.247075,0.017737,0.093024
9350,0.313901,0.022666,0.169913,0.020946,0.100376
9351,0.378897,0.025393,0.230944,0.017125,0.105435
9352,0.315282,0.045379,0.151927,0.021925,0.096051
9353,0.410167,0.046123,0.245345,0.017996,0.100703
9354,0.32455,0.048893,0.176167,0.021146,0.078344
9355,0.391391,0.048898,0.230607,0.017709,0.094177
9356,0.310551,0.051159,0.152661,0.021588,0.085143
9357,0.399927,0.049034,0.244929,0.01762,0.088344
9358,0.344617,0.049481,0.168145,0.021244,0.105747
9359,0.379167,0.021926,0.239496,0.017302,0.100443
9360,0.305449,0.05349,0.153149,0.021336,0.077474
9361,0.392776,0.047336,0.245591,0.017271,0.082578
9362,0.331936,0.046403,0.169358,0.020937,0.095238
9363,0.400013,0.047801,0.231369,0.020105,0.100738
9364,0.303282,0.045196,0.155116,0.020958,0.082012
9365,0.424693,0.025837,0.283217,0.0179,0.097739
9366,0.332609,0.049653,0.172678,0.023152,0.087126
9367,0.38951,0.04842,0.231413,0.017435,0.092242
9368,0.303503,0.052697,0.153398,0.021497,0.075911
9369,0.395375,0.04902,0.245782,0.017651,0.082922
9370,0.323082,0.050073,0.169514,0.021378,0.082117
9371,0.383218,0.048648,0.230423,0.017471,0.086676
9372,0.312504,0.024084,0.154338,0.02224,0.111842
9373,0.401835,0.047036,0.24802,0.020004,0.086775
9374,0.320885,0.045628,0.168127,0.021162,0.085968
9375,0.377553,0.024392,0.239974,0.017651,0.095536
9376,0.315689,0.050351,0.152438,0.02179,0.09111
9377,0.384746,0.04617,0.245874,0.017354,0.075348
9378,0.332812,0.050517,0.169002,0.021374,0.091919
9379,0.411809,0.049072,0.240125,0.017778,0.104834
9380,0.325291,0.049453,0.155025,0.029598,0.091215
9381,0.404398,0.022309,0.247253,0.017741,0.117095
9382,0.32066,0.024648,0.169048,0.021339,0.105625
9383,0.407787,0.048931,0.234904,0.017829,0.106123
9384,0.319877,0.021638,0.1549,0.021042,0.122297
9385,0.398142,0.046699,0.246193,0.020346,0.084904
9386,0.336802,0.029524,0.16858,0.03081,0.107888
9387,0.383436,0.049193,0.228959,0.017581,0.087703
9388,0.357385,0.05409,0.154784,0.020908,0.127603
9389,0.408909,0.049194,0.256706,0.017554,0.085455
9390,0.342744,0.049534,0.168722,0.021244,0.103244
9391,0.386523,0.048269,0.230247,0.016919,0.091088
9392,0.309006,0.049049,0.154781,0.021464,0.083712
9393,0.396717,0.02267,0.245844,0.019972,0.108231
9394,0.323923,0.049609,0.17598,0.022358,0.075976
9395,0.381648,0.02392,0.233874,0.01662,0.107234
9396,0.302206,0.022674,0.153842,0.021774,0.103916
9397,0.404384,0.04584,0.255438,0.017114,0.085992
9398,0.33356,0.04789,0.167575,0.021155,0.09694
9399,0.387574,0.050152,0.230184,0.017507,0.089731
9400,0.304542,0.047236,0.152627,0.021338,0.083341
9401,0.414155,0.051117,0.252575,0.017764,0.092699
9402,0.361975,0.045948,0.16722,0.030083,0.118724
9403,0.398159,0.050699,0.245964,0.019951,0.081545
9404,0.3067,0.03781,0.153519,0.02164,0.093731
9405,0.406431,0.029802,0.245495,0.022396,0.108738
9406,0.329569,0.058432,0.169054,0.021137,0.080946
9407,0.381608,0.049424,0.232648,0.017372,0.082164
9408,0.304087,0.04636,0.153154,0.021518,0.083055
9409,0.409198,0.050738,0.253189,0.017024,0.088247
9410,0.323524,0.048556,0.168786,0.021084,0.085098
9411,0.385968,0.050139,0.231343,0.01905,0.085436
9412,0.320088,0.058701,0.154049,0.021372,0.085966
9413,0.401795,0.054203,0.253982,0.017612,0.075998
9414,0.329966,0.02376,0.167402,0.021433,0.117371
9415,0.393042,0.056358,0.234993,0.018522,0.083169
9416,0.312447,0.030336,0.153229,0.021194,0.107688
9417,0.397717,0.049382,0.250885,0.017022,0.080428
9418,0.327991,0.050878,0.168189,0.021083,0.087841
9419,0.380178,0.04862,0.229205,0.018274,0.084079
9420,0.300659,0.023143,0.153681,0.02158,0.102255
9421,0.392952,0.045973,0.246542,0.017479,0.082958
9422,0.335064,0.03814,0.170089,0.021262,0.105573
9423,0.393202,0.047822,0.232918,0.017051,0.095411
9424,0.306371,0.051098,0.156595,0.022918,0.07576
9425,0.418331,0.048565,0.252668,0.019926,0.097172
9426,0.333941,0.051072,0.169574,0.02537,0.087925
9427,0.446022,0.067551,0.237294,0.017286,0.123891
9428,0.307265,0.046325,0.153727,0.021329,0.085884
9429,0.409727,0.045783,0.249638,0.017071,0.097235
9430,0.334442,0.046604,0.170422,0.02097,0.096446
9431,0.380762,0.02828,0.229539,0.017731,0.105212
9432,0.318095,0.024946,0.153871,0.021732,0.117546
9433,0.383386,0.043923,0.246915,0.017851,0.074697
9434,0.31334,0.042492,0.169756,0.021067,0.080025
9435,0.371919,0.02514,0.231717,0.018176,0.096886
9436,0.306433,0.04744,0.153179,0.021352,0.084462
9437,0.400744,0.04486,0.246191,0.01852,0.091173
9438,0.322646,0.046992,0.173562,0.023343,0.078749
9439,0.389895,0.045453,0.230342,0.018018,0.096082
9440,0.300358,0.050299,0.152698,0.020955,0.076406
9441,0.397141,0.04862,0.245544,0.020136,0.082841
9442,0.313649,0.050877,0.168203,0.021122,0.073447
9443,0.386271,0.025214,0.230996,0.01754,0.112521
9444,0.305864,0.046635,0.153093,0.021003,0.085133
9445,0.415645,0.046043,0.24786,0.017155,0.104587
9446,0.321282,0.045342,0.170947,0.021208,0.083785
9447,0.379558,0.045657,0.228613,0.017365,0.087923
9448,0.307125,0.046117,0.153485,0.02143,0.086093
9449,0.397233,0.045527,0.252222,0.0174,0.082084
9450,0.351266,0.04454,0.178183,0.026944,0.101599
9451,0.394865,0.02906,0.230355,0.024311,0.111139
9452,0.304597,0.025563,0.152894,0.021783,0.104357
9453,0.396471,0.028885,0.245352,0.017665,0.104569
9454,0.317531,0.050009,0.167818,0.02243,0.077274
9455,0.380111,0.04975,0.229026,0.017277,0.084058
9456,0.299037,0.049202,0.153384,0.022965,0.073486
9457,0.407791,0.049661,0.246387,0.017308,0.094435
9458,0.335626,0.048896,0.169196,0.02193,0.095604
9459,0.372876,0.022938,0.229628,0.018669,0.101641
9460,0.294344,0.030789,0.153283,0.02096,0.089312
9461,0.409135,0.048718,0.251235,0.017399,0.091783
9462,0.341244,0.049191,0.168056,0.02103,0.102967
9463,0.381011,0.048261,0.230836,0.019689,0.082225
9464,0.307962,0.048236,0.153511,0.0215,0.084715
9465,0.411009,0.048359,0.246991,0.01785,0.097809
9466,0.314953,0.021605,0.167899,0.021646,0.103803
9467,0.391679,0.045133,0.229508,0.01769,0.099348
9468,0.293315,0.026128,0.153445,0.021305,0.092437
9469,0.39372,0.048767,0.244771,0.018256,0.081926
9470,0.322847,0.048778,0.170822,0.02115,0.082097
9471,0.386103,0.050047,0.22976,0.017526,0.08877
9472,0.305901,0.021888,0.155155,0.02133,0.107528
9473,0.394315,0.046508,0.246324,0.017998,0.083485
9474,0.330395,0.026618,0.186498,0.021556,0.095723
9475,0.37922,0.049651,0.229731,0.01759,0.082248
9476,0.312718,0.050509,0.153494,0.021544,0.087171
9477,0.400546,0.027031,0.246378,0.01672,0.110417
9478,0.331599,0.045875,0.167058,0.020949,0.097717
9479,0.396611,0.044543,0.22819,0.018881,0.104997
9480,0.304155,0.024926,0.153214,0.021692,0.104323
9481,0.413466,0.045049,0.246686,0.017627,0.104104
9482,0.344891,0.025057,0.169673,0.043746,0.106415
9483,0.378198,0.05021,0.229837,0.017064,0.081087
9484,0.301513,0.048768,0.152511,0.021052,0.079182
9485,0.39316,0.049708,0.246882,0.017356,0.079214
9486,0.34562,0.02992,0.167972,0.033323,0.114405
9487,0.373307,0.044754,0.229937,0.017339,0.081277
9488,0.294611,0.024466,0.151604,0.021268,0.097273
9489,0.401784,0.048792,0.246127,0.017195,0.08967
9490,0.328825,0.021877,0.168163,0.026641,0.112144
9491,0.378217,0.051639,0.229578,0.016721,0.080279
9492,0.302934,0.051272,0.152948,0.020996,0.077718
9493,0.39223,0.0485,0.244547,0.017287,0.081896
9494,0.33272,0.025685,0.16765,0.029115,0.11027
9495,0.383226,0.060775,0.229908,0.017526,0.075017
9496,0.335218,0.028827,0.153448,0.041174,0.111769
9497,0.429358,0.0492,0.245741,0.019455,0.114962
9498,0.347682,0.025365,0.16892,0.032286,0.121111
9499,0.383502,0.048581,0.229493,0.017145,0.088283
9500,0.3154,0.045469,0.154034,0.021688,0.094209
9501,0.391199,0.045952,0.245475,0.018003,0.081769
9502,0.321029,0.02655,0.169388,0.021212,0.103879
9503,0.397289,0.071485,0.229284,0.01746,0.07906
9504,0.30106,0.022219,0.155689,0.020991,0.102161
9505,0.394183,0.024663,0.245421,0.01778,0.106319
9506,0.356792,0.059744,0.17133,0.021135,0.104583
9507,0.389962,0.048972,0.231302,0.01668,0.093008
9508,0.314922,0.046061,0.153288,0.02104,0.094533
9509,0.392555,0.050474,0.24717,0.017201,0.07771
9510,0.327665,0.060476,0.169021,0.021012,0.077156
9511,0.393035,0.047061,0.2303,0.016344,0.09933
9512,0.312773,0.045513,0.153507,0.020783,0.09297
9513,0.402593,0.023933,0.246118,0.019953,0.112589
9514,0.329494,0.02754,0.176379,0.02133,0.104245
9515,0.362953,0.024198,0.229624,0.017521,0.09161
9516,0.326571,0.025083,0.162948,0.031843,0.106697
9517,0.410237,0.046632,0.243942,0.033082,0.086581
9518,0.32592,0.045063,0.16777,0.021246,0.091841
9519,0.380835,0.045625,0.229331,0.017478,0.088401
9520,0.308706,0.058052,0.152587,0.021191,0.076876
9521,0.451651,0.054002,0.247817,0.039478,0.110354
9522,0.317751,0.04474,0.168226,0.02114,0.083645
9523,0.377784,0.047343,0.230675,0.017955,0.081811
9524,0.294426,0.024726,0.153983,0.021085,0.094632
9525,0.394893,0.030175,0.245472,0.01796,0.101286
9526,0.332393,0.048117,0.168682,0.021948,0.093646
9527,0.37968,0.048146,0.228664,0.017244,0.085626
9528,0.316584,0.049979,0.154432,0.020718,0.091455
9529,0.405744,0.02736,0.246816,0.017433,0.114135
9530,0.349562,0.04937,0.169389,0.021326,0.109477
9531,0.379547,0.050176,0.231508,0.017229,0.080634
9532,0.307705,0.049554,0.153245,0.020955,0.083951
9533,0.386767,0.02094,0.245505,0.017508,0.102814
9534,0.332953,0.0452,0.170074,0.02095,0.096729
9535,0.392731,0.047251,0.23065,0.016996,0.097834
9536,0.304755,0.047214,0.153254,0.021073,0.083214
9537,0.390798,0.024856,0.247266,0.018671,0.100005
9538,0.335238,0.052322,0.170161,0.021087,0.091668
9539,0.38091,0.049744,0.231901,0.017472,0.081793
9540,0.309548,0.049469,0.153942,0.021398,0.084739
9541,0.41046,0.049519,0.246053,0.017153,0.097735
9542,0.355518,0.048658,0.16849,0.02064,0.11773
9543,0.393093,0.049721,0.23041,0.017323,0.095639
9544,0.325182,0.048353,0.154481,0.02197,0.100378
9545,0.395051,0.023656,0.246159,0.020587,0.104649
9546,0.313302,0.027088,0.169421,0.02105,0.095743
9547,0.379221,0.027038,0.231264,0.017872,0.103047
9548,0.325198,0.024222,0.153613,0.032134,0.115229
9549,0.399379,0.048777,0.246133,0.019547,0.084922
9550,0.334143,0.048394,0.170842,0.021312,0.093595
9551,0.386098,0.055596,0.236711,0.01744,0.076351
9552,0.312177,0.05059,0.15403,0.023578,0.083979
9553,0.40508,0.04907,0.245736,0.019266,0.091008
9554,0.346064,0.021975,0.169414,0.032661,0.122014
9555,0.384855,0.056559,0.233329,0.018057,0.07691
9556,0.297715,0.03154,0.154479,0.020816,0.09088
9557,0.400875,0.048879,0.247833,0.019846,0.084317
9558,0.351702,0.048182,0.167976,0.020558,0.114986
9559,0.378792,0.049598,0.23055,0.017353,0.081291
9560,0.329612,0.025586,0.154232,0.030734,0.11906
9561,0.398604,0.046343,0.246526,0.020089,0.085646
9562,0.321678,0.045769,0.168404,0.021135,0.08637
9563,0.392177,0.046204,0.230156,0.017418,0.098399
9564,0.304654,0.045937,0.152487,0.021278,0.084952
9565,0.394918,0.048047,0.245689,0.016903,0.084279
9566,0.339553,0.045875,0.168262,0.028866,0.09655
9567,0.408885,0.046772,0.228328,0.023785,0.11
9568,0.2976,0.02429,0.153894,0.021414,0.098002
9569,0.395677,0.046545,0.246212,0.017856,0.085064
9570,0.327138,0.024725,0.167992,0.021023,0.113398
9571,0.384922,0.050636,0.238416,0.017948,0.077922
9572,0.304338,0.022476,0.15542,0.021562,0.10488
9573,0.394941,0.02891,0.245535,0.019667,0.100829
9574,0.322289,0.04897,0.168355,0.02092,0.084044
9575,0.385757,0.052046,0.2342,0.018127,0.081384
9576,0.337172,0.06092,0.152911,0.021523,0.101818
9577,0.410156,0.051812,0.252496,0.017607,0.088241
9578,0.338413,0.050099,0.169945,0.032094,0.086275
9579,0.385631,0.050519,0.231176,0.017324,0.086612
9580,0.30978,0.047432,0.154066,0.021319,0.086963
9581,0.424413,0.049813,0.24829,0.020612,0.105698
9582,0.335268,0.026062,0.169692,0.032456,0.107058
9583,0.39718,0.047792,0.236513,0.017985,0.09489
9584,0.328944,0.031497,0.155845,0.021276,0.120326
9585,0.414685,0.05028,0.246577,0.018393,0.099435
9586,0.323667,0.020788,0.168643,0.02124,0.112996
9587,0.407108,0.059818,0.236296,0.017021,0.093973
9588,0.31346,0.045508,0.153346,0.021533,0.093073
9589,0.406591,0.044935,0.247809,0.016926,0.096921
9590,0.321431,0.045613,0.16885,0.02128,0.085688
9591,0.394813,0.025178,0.234111,0.022781,0.112743
9592,0.303103,0.050741,0.152647,0.021205,0.07851
9593,0.392087,0.048974,0.24569,0.017386,0.080037
9594,0.323115,0.048927,0.168144,0.021066,0.084978
9595,0.376318,0.048812,0.229608,0.017193,0.080705
9596,0.308205,0.049229,0.15299,0.021541,0.084445
9597,0.406936,0.048993,0.252316,0.016966,0.088661
9598,0.325386,0.05141,0.171046,0.02136,0.08157
9599,0.379553,0.022072,0.241052,0.017014,0.099415
9600,0.308678,0.046349,0.154224,0.02098,0.087125
9601,0.394219,0.045444,0.246296,0.019266,0.083213
9602,0.337378,0.02922,0.170169,0.031626,0.106363
9603,0.384753,0.048635,0.230348,0.016911,0.088859
9604,0.303501,0.051813,0.154132,0.02096,0.076596
9605,0.393851,0.048394,0.246107,0.017307,0.082043
9606,0.337516,0.052011,0.169378,0.02099,0.095137
9607,0.380509,0.022158,0.240894,0.017244,0.100213
9608,0.299718,0.04771,0.153668,0.02138,0.07696
9609,0.39252,0.046592,0.246947,0.017349,0.081632
9610,0.327553,0.050344,0.169735,0.02082,0.086654
9611,0.408322,0.046928,0.239469,0.017106,0.104819
9612,0.313926,0.0464,0.152958,0.02121,0.093358
9613,0.415112,0.045426,0.24786,0.018183,0.103643
9614,0.326376,0.045655,0.168964,0.021512,0.090245
9615,0.375645,0.024782,0.232069,0.017814,0.10098
9616,0.307922,0.023904,0.152997,0.021563,0.109458
9617,0.382758,0.021346,0.244161,0.01765,0.099601
9618,0.321847,0.029624,0.168305,0.020814,0.103104
9619,0.381155,0.026302,0.229196,0.017773,0.107884
9620,0.322665,0.031788,0.154072,0.021066,0.115739
9621,0.400534,0.021496,0.24505,0.017584,0.116404
9622,0.317233,0.043059,0.170089,0.0217,0.082385
9623,0.383282,0.045036,0.230482,0.017954,0.08981
9624,0.297326,0.041839,0.154178,0.021404,0.079905
9625,0.391665,0.043564,0.24871,0.0189,0.080491
9626,0.322727,0.043516,0.168037,0.021183,0.089991
9627,0.379155,0.042591,0.229583,0.017909,0.089072
9628,0.325795,0.045337,0.154875,0.021014,0.104569
9629,0.396877,0.0478,0.247747,0.017435,0.083895
9630,0.357715,0.045065,0.180345,0.021654,0.110651
9631,0.371548,0.024771,0.229864,0.020913,0.096
9632,0.31951,0.021536,0.153513,0.021614,0.122847
9633,0.396289,0.04623,0.24638,0.017999,0.08568
9634,0.333372,0.028373,0.169714,0.031245,0.10404
9635,0.381638,0.051465,0.231852,0.017447,0.080874
9636,0.322109,0.048609,0.154226,0.027648,0.091626
9637,0.420482,0.049932,0.246552,0.017399,0.106599
9638,0.348182,0.026543,0.169956,0.031523,0.12016
9639,0.391652,0.046778,0.231065,0.018061,0.095748
9640,0.298744,0.03136,0.153783,0.02167,0.091931
9641,0.400922,0.049614,0.24675,0.020062,0.084496
9642,0.327057,0.023949,0.169479,0.028015,0.105614
9643,0.379571,0.045771,0.229958,0.017521,0.086321
9644,0.304291,0.045573,0.153092,0.021044,0.084582
9645,0.394073,0.045431,0.246401,0.019811,0.08243
9646,0.326505,0.025742,0.171665,0.031899,0.097199
9647,0.380804,0.049433,0.231398,0.017764,0.082209
9648,0.294745,0.021773,0.153697,0.021083,0.098192
9649,0.3932,0.048407,0.245325,0.017556,0.081912
9650,0.333115,0.031417,0.16858,0.020687,0.112431
9651,0.37832,0.049884,0.231134,0.01805,0.079252
9652,0.305604,0.04897,0.153412,0.020766,0.082456
9653,0.421953,0.028823,0.246419,0.040238,0.106473
9654,0.347084,0.026745,0.168806,0.02116,0.130373
9655,0.426324,0.046588,0.235377,0.028283,0.116076
9656,0.385083,0.062684,0.177719,0.030587,0.114093
9657,0.450647,0.064963,0.273915,0.018192,0.093577
9658,0.355666,0.044693,0.168918,0.021268,0.120787
9659,0.379171,0.044066,0.23106,0.017064,0.086981
9660,0.309533,0.046067,0.154121,0.021602,0.087743
9661,0.414571,0.028953,0.248583,0.026243,0.110792
9662,0.37532,0.050387,0.210043,0.030384,0.084506
9663,0.419266,0.04974,0.271946,0.017282,0.080298
9664,0.309449,0.050479,0.159271,0.022385,0.077314
9665,0.412896,0.050394,0.26048,0.018808,0.083214
9666,0.345646,0.048274,0.171102,0.021632,0.104638
9667,0.395393,0.048293,0.228737,0.017607,0.100756
9668,0.307162,0.049908,0.153354,0.021812,0.082088
9669,0.414448,0.037938,0.251266,0.017481,0.107763
9670,0.329089,0.02857,0.167789,0.021293,0.111437
9671,0.383502,0.022504,0.241784,0.016959,0.102255
9672,0.300222,0.022455,0.15526,0.020847,0.10166
9673,0.396449,0.049547,0.246598,0.017141,0.083163
9674,0.323419,0.048601,0.168949,0.021284,0.084585
9675,0.404089,0.04874,0.22929,0.017742,0.108317
9676,0.377675,0.067478,0.154686,0.027508,0.128003
9677,0.397458,0.04855,0.245732,0.017629,0.085547
9678,0.32234,0.048351,0.168608,0.021245,0.084136
9679,0.377515,0.048808,0.229557,0.017669,0.081481
9680,0.298868,0.021905,0.153487,0.021185,0.102291
9681,0.394969,0.02187,0.246033,0.017292,0.109774
9682,0.329613,0.024523,0.167073,0.034995,0.103022
9683,0.390806,0.050337,0.229149,0.017717,0.093603
9684,0.329568,0.026026,0.154213,0.021482,0.127847
9685,0.400835,0.04548,0.254773,0.017178,0.083404
9686,0.325927,0.047867,0.168843,0.02139,0.087827
9687,0.385781,0.048885,0.229189,0.01716,0.090547
9688,0.312949,0.048819,0.156089,0.022198,0.085843
9689,0.397047,0.050599,0.2471,0.017488,0.08186
9690,0.35232,0.021677,0.173691,0.043093,0.113859
9691,0.397652,0.045985,0.23163,0.025895,0.094142
9692,0.318186,0.030194,0.155039,0.021853,0.1111
9693,0.408758,0.025204,0.245156,0.01928,0.119118
9694,0.342148,0.046153,0.170334,0.021139,0.104522
9695,0.383307,0.048701,0.229127,0.017318,0.088161
9696,0.320236,0.047037,0.153431,0.020942,0.098826
9697,0.406355,0.044885,0.256521,0.017187,0.087762
9698,0.322988,0.04751,0.168867,0.021245,0.085366
9699,0.393704,0.04465,0.233326,0.019491,0.096237
9700,0.31005,0.029358,0.153619,0.020824,0.106249
9701,0.392356,0.028446,0.24466,0.017332,0.101918
9702,0.32426,0.046451,0.167869,0.028345,0.081595
9703,0.379386,0.046974,0.228202,0.01764,0.08657
9704,0.307254,0.047502,0.152787,0.021032,0.085933
9705,0.407007,0.046316,0.246811,0.017112,0.096768
9706,0.340716,0.04544,0.168552,0.025369,0.101355
9707,0.412875,0.048966,0.246446,0.023707,0.093756
9708,0.300223,0.023576,0.153794,0.022111,0.100742
9709,0.396862,0.02208,0.245512,0.017351,0.111919
9710,0.323782,0.026142,0.16826,0.021194,0.108186
9711,0.416216,0.060467,0.232935,0.018076,0.104738
9712,0.326122,0.045761,0.157482,0.021295,0.101584
9713,0.393183,0.04986,0.248449,0.017349,0.077525
9714,0.325491,0.047795,0.167917,0.021134,0.088645
9715,0.395798,0.023466,0.237814,0.017343,0.117175
9716,0.305724,0.048251,0.154227,0.021392,0.081854
9717,0.397478,0.047289,0.246598,0.017442,0.086149
9718,0.319473,0.047399,0.168065,0.021126,0.082883
9719,0.392828,0.049743,0.229927,0.017252,0.095906
9720,0.344845,0.047935,0.153153,0.021075,0.122682
9721,0.406676,0.048412,0.255697,0.017237,0.08533
9722,0.33451,0.050184,0.169858,0.025896,0.088572
9723,0.382232,0.023003,0.238309,0.017481,0.103439
9724,0.308618,0.047988,0.153673,0.02149,0.085467
9725,0.415989,0.049135,0.24572,0.017312,0.103822
9726,0.327165,0.04811,0.16903,0.021118,0.088907
9727,0.392475,0.049445,0.230738,0.017305,0.094987
9728,0.313035,0.049118,0.157019,0.021141,0.085757
9729,0.424384,0.049939,0.248287,0.019185,0.106973
9730,0.341591,0.049414,0.168343,0.021638,0.102196
9731,0.381379,0.024856,0.229165,0.017457,0.109901
9732,0.329087,0.028277,0.153432,0.032124,0.115254
9733,0.405175,0.048692,0.24536,0.01792,0.093203
9734,0.333036,0.022855,0.168166,0.02829,0.113725
9735,0.397198,0.048589,0.232146,0.01759,0.098873
9736,0.311755,0.049028,0.15508,0.021156,0.086491
9737,0.407437,0.048025,0.248004,0.01751,0.093898
9738,0.372263,0.02964,0.168996,0.021299,0.152328
9739,0.385184,0.046433,0.228662,0.016817,0.093272
9740,0.312327,0.045591,0.153435,0.021056,0.092245
9741,0.403728,0.045657,0.255063,0.016793,0.086215
9742,0.323216,0.045841,0.167437,0.020816,0.089122
9743,0.391011,0.045399,0.228715,0.017571,0.099326
9744,0.320003,0.045234,0.154334,0.020942,0.099493
9745,0.39112,0.04798,0.24535,0.017312,0.080478
9746,0.355377,0.029202,0.175529,0.020982,0.129664
9747,0.382834,0.049261,0.230619,0.017056,0.085898
9748,0.328459,0.049688,0.152208,0.021014,0.105549
9749,0.406813,0.048167,0.256592,0.016969,0.085085
9750,0.326327,0.049984,0.170294,0.021215,0.084834
9751,0.377785,0.049243,0.231289,0.016388,0.080865
9752,0.332029,0.049528,0.154357,0.027956,0.100188
9753,0.424945,0.049143,0.245101,0.017771,0.11293
9754,0.329286,0.025303,0.169768,0.021508,0.112707
9755,0.38279,0.024744,0.228586,0.018363,0.111097
9756,0.325829,0.022707,0.154165,0.021284,0.127673
9757,0.42103,0.059166,0.266126,0.017988,0.07775
9758,0.327935,0.049797,0.172852,0.02262,0.082666
9759,0.407871,0.047649,0.230449,0.018656,0.111117
9760,0.319916,0.049588,0.153824,0.021235,0.095269
9761,0.457806,0.063581,0.246683,0.017642,0.1299
9762,0.331395,0.060114,0.170018,0.022398,0.078865
9763,0.382113,0.049034,0.230899,0.018885,0.083295
9764,0.311124,0.050563,0.153795,0.020848,0.085918
9765,0.400452,0.024548,0.249077,0.017403,0.109424
9766,0.340287,0.047213,0.170733,0.021202,0.101139
9767,0.391682,0.045567,0.232871,0.016936,0.096308
9768,0.32818,0.045296,0.157192,0.021977,0.103715
9769,0.416186,0.03003,0.253975,0.017302,0.114879
9770,0.329353,0.053219,0.16763,0.02159,0.086914
9771,0.385158,0.04777,0.229723,0.017541,0.090124
9772,0.326338,0.024722,0.154261,0.021305,0.12605
9773,0.409347,0.046922,0.255837,0.019031,0.087557
9774,0.353696,0.046264,0.167999,0.021564,0.117869
9775,0.378428,0.044484,0.229255,0.017512,0.087177
9776,0.318082,0.02449,0.168781,0.022596,0.102215
9777,0.414609,0.048879,0.254819,0.02325,0.087661
9778,0.327675,0.052727,0.168883,0.021376,0.084689
9779,0.380353,0.048695,0.229107,0.017748,0.084803
9780,0.329395,0.025133,0.153383,0.031657,0.119222
9781,0.397659,0.046057,0.245699,0.019237,0.086666
9782,0.352569,0.04524,0.168051,0.02136,0.117918
9783,0.374704,0.046039,0.22888,0.017434,0.082351
9784,0.328842,0.029334,0.154365,0.028198,0.116945
9785,0.413124,0.049371,0.24733,0.017957,0.098466
9786,0.326448,0.047595,0.167509,0.021072,0.090272
9787,0.395265,0.049008,0.231275,0.017212,0.09777
9788,0.319349,0.045685,0.15336,0.021092,0.099212
9789,0.395164,0.04639,0.246142,0.017393,0.085239
9790,0.329584,0.044773,0.172694,0.021042,0.091075
9791,0.386413,0.050778,0.232956,0.018017,0.084662
9792,0.304231,0.025708,0.158274,0.021359,0.09889
9793,0.401315,0.027291,0.246054,0.02039,0.10758
9794,0.323976,0.02398,0.16807,0.020992,0.110934
9795,0.39022,0.048617,0.229762,0.017806,0.094035
9796,0.30527,0.022503,0.154381,0.021282,0.107104
9797,0.408049,0.047863,0.245955,0.017575,0.096656
9798,0.32448,0.049385,0.167478,0.021196,0.086421
9799,0.391433,0.04622,0.230555,0.018159,0.096499
9800,0.30739,0.046606,0.153597,0.021108,0.086079
9801,0.417533,0.049056,0.246072,0.017678,0.104727
9802,0.343066,0.025745,0.166939,0.032548,0.117834
9803,0.379983,0.047095,0.230403,0.020814,0.081671
9804,0.291475,0.0234,0.153166,0.021064,0.093845
9805,0.413329,0.050096,0.246226,0.017115,0.099892
9806,0.324809,0.050011,0.177764,0.022717,0.074317
9807,0.40267,0.048407,0.250341,0.01807,0.085852
9808,0.303293,0.023058,0.157753,0.021769,0.100713
9809,0.402152,0.048244,0.253021,0.017867,0.08302
9810,0.339585,0.044348,0.172437,0.02125,0.10155
9811,0.397711,0.048191,0.230527,0.016996,0.101997
9812,0.296339,0.023512,0.153464,0.021406,0.097957
9813,0.406335,0.048139,0.255202,0.017471,0.085523
9814,0.323958,0.049443,0.169862,0.021621,0.083032
9815,0.390078,0.024429,0.239639,0.020143,0.105867
9816,0.325077,0.047485,0.157248,0.021478,0.098866
9817,0.398113,0.048985,0.245629,0.017351,0.086148
9818,0.327098,0.045808,0.168752,0.021366,0.091172
9819,0.399637,0.04552,0.242585,0.017147,0.094385
9820,0.323819,0.047713,0.153978,0.021223,0.100905
9821,0.404517,0.04542,0.254809,0.017032,0.087256
9822,0.346848,0.05195,0.179936,0.02847,0.086492
9823,0.388702,0.024838,0.229499,0.01769,0.116675
9824,0.309309,0.053876,0.153047,0.021263,0.081123
9825,0.411052,0.048327,0.244743,0.017407,0.100575
9826,0.327217,0.05027,0.168911,0.021105,0.086931
9827,0.405818,0.047859,0.233227,0.017161,0.107571
9828,0.309769,0.049412,0.152986,0.020757,0.086614
9829,0.38792,0.049514,0.246676,0.017216,0.074514
9830,0.327251,0.052026,0.169163,0.022023,0.084039
9831,0.385918,0.028466,0.231371,0.01668,0.109401
9832,0.32071,0.050133,0.154623,0.020813,0.095141
9833,0.406824,0.047891,0.258835,0.017292,0.082806
9834,0.321366,0.049157,0.166314,0.021132,0.084763
9835,0.395577,0.047939,0.229762,0.017153,0.100723
9836,0.318207,0.049308,0.151161,0.021498,0.09624
9837,0.426172,0.048006,0.260736,0.017183,0.100247
9838,0.334477,0.025677,0.168854,0.025128,0.114818
9839,0.402896,0.045355,0.246728,0.017132,0.093681
9840,0.3231,0.045973,0.170386,0.021005,0.085736
9841,0.408971,0.044396,0.255847,0.01685,0.091878
9842,0.322793,0.043912,0.164652,0.021172,0.093057
9843,0.389567,0.048905,0.226261,0.016915,0.097486
9844,0.320587,0.04606,0.15104,0.021569,0.101918
9845,0.409849,0.050019,0.249992,0.018586,0.091252
9846,0.33624,0.023857,0.166031,0.021797,0.124555
9847,0.38671,0.024589,0.226455,0.02547,0.110196
9848,0.313572,0.022454,0.151662,0.020922,0.118534
9849,0.409208,0.049966,0.259642,0.017544,0.082056
9850,0.357731,0.022182,0.182204,0.021278,0.132067
9851,0.378736,0.049744,0.227272,0.017148,0.084572
9852,0.304658,0.050324,0.150507,0.021034,0.082793
9853,0.405871,0.049006,0.24923,0.021451,0.086184
9854,0.329191,0.060694,0.168314,0.021926,0.078257
9855,0.404891,0.048176,0.232379,0.018793,0.105543
9856,0.30761,0.027623,0.152825,0.02121,0.105952
9857,0.41659,0.04651,0.259314,0.017304,0.093462
9858,0.330393,0.028656,0.166146,0.021155,0.114436
9859,0.384391,0.050069,0.227001,0.016902,0.090419
9860,0.301443,0.048313,0.151021,0.021218,0.080891
9861,0.428748,0.023538,0.243806,0.017823,0.143581
9862,0.344806,0.049695,0.164707,0.02098,0.109424
9863,0.382411,0.048152,0.230027,0.018395,0.085837
9864,0.319348,0.049518,0.153799,0.020983,0.095048
9865,0.414766,0.048821,0.257888,0.018582,0.089475
9866,0.361436,0.049434,0.168,0.033952,0.11005
9867,0.388835,0.048985,0.232503,0.017708,0.089639
9868,0.331116,0.052438,0.156638,0.025981,0.096059
9869,0.426789,0.02543,0.264099,0.021079,0.116181
9870,0.370728,0.028883,0.197889,0.02132,0.122636
9871,0.398477,0.048622,0.239358,0.017762,0.092735
9872,0.3053,0.02335,0.15256,0.02114,0.10825
9873,0.417293,0.048186,0.249982,0.019092,0.100033
9874,0.325578,0.048021,0.166766,0.020927,0.089864
9875,0.420729,0.048274,0.237475,0.018177,0.116803
9876,0.352588,0.021097,0.153861,0.021423,0.156207
9877,0.412557,0.04537,0.259566,0.017657,0.089964
9878,0.342846,0.024502,0.185736,0.033602,0.099006
9879,0.412534,0.048733,0.235319,0.01856,0.109922
9880,0.310836,0.058698,0.15321,0.022493,0.076435
9881,0.418071,0.047761,0.245567,0.020444,0.104299
9882,0.324477,0.049647,0.168494,0.021278,0.085058
9883,0.406414,0.048444,0.245305,0.018015,0.09465
9884,0.355657,0.022845,0.181515,0.020886,0.130411
9885,0.39583,0.05131,0.243781,0.017552,0.083187
9886,0.323417,0.049592,0.165596,0.020975,0.087254
9887,0.378333,0.048141,0.22719,0.018159,0.084843
9888,0.290897,0.022323,0.150178,0.021035,0.097361
9889,0.396111,0.046509,0.242323,0.017917,0.089362
9890,0.330327,0.022241,0.167484,0.038407,0.102195
9891,0.389171,0.04796,0.233255,0.01807,0.089886
9892,0.321291,0.050714,0.155626,0.026953,0.087998
9893,0.412602,0.049727,0.246176,0.017778,0.098921
9894,0.335002,0.049846,0.167814,0.021004,0.096338
9895,0.391786,0.046463,0.228583,0.0181,0.09864
9896,0.320506,0.032677,0.153594,0.020826,0.113409
9897,0.417323,0.057709,0.25515,0.017697,0.086767
9898,0.329289,0.050265,0.168803,0.02148,0.088741
9899,0.439555,0.052811,0.245706,0.017583,0.123455
9900,0.334033,0.049249,0.179308,0.021206,0.08427
9901,0.394774,0.046284,0.24304,0.017565,0.087885
9902,0.313818,0.044209,0.164927,0.021375,0.083307
9903,0.39431,0.048595,0.229826,0.017444,0.098445
9904,0.320271,0.044176,0.154055,0.020928,0.101112
9905,0.385811,0.02496,0.245318,0.017479,0.098054
9906,0.321902,0.049741,0.167993,0.021237,0.082931
9907,0.459647,0.029858,0.257643,0.032727,0.139419
9908,0.336401,0.074472,0.15295,0.02064,0.088339
9909,0.389464,0.048871,0.244939,0.017081,0.078573
9910,0.339377,0.055597,0.168543,0.02122,0.094017
9911,0.41242,0.054895,0.243808,0.016958,0.096759
9912,0.334351,0.052504,0.173757,0.02317,0.08492
9913,0.406764,0.048787,0.254179,0.017553,0.086245
9914,0.401089,0.028004,0.182864,0.032706,0.157515
9915,0.374511,0.048153,0.22598,0.01829,0.082088
9916,0.32912,0.029286,0.169387,0.021134,0.109313
9917,0.403367,0.033115,0.24525,0.024984,0.100018
9918,0.329409,0.045812,0.169657,0.020694,0.093246
9919,0.379642,0.047936,0.230093,0.017275,0.084338
9920,0.312333,0.045228,0.153509,0.020762,0.092834
9921,0.39474,0.047198,0.245655,0.017324,0.084563
9922,0.334313,0.02853,0.176106,0.02072,0.108957
9923,0.379024,0.027108,0.229668,0.017552,0.104696
9924,0.324142,0.02469,0.167549,0.032842,0.099061
9925,0.402459,0.051209,0.250642,0.019508,0.0811
9926,0.351462,0.049631,0.165849,0.021266,0.114716
9927,0.400217,0.048869,0.226131,0.019169,0.106048
9928,0.303046,0.048986,0.150409,0.02089,0.082761
9929,0.39859,0.048959,0.241728,0.01798,0.089923
9930,0.333412,0.049934,0.166278,0.021318,0.095882
9931,0.388271,0.02427,0.231084,0.017952,0.114965
9932,0.29602,0.031327,0.152635,0.020875,0.091183
9933,0.415295,0.051476,0.264218,0.017229,0.082372
9934,0.364933,0.0613,0.189003,0.022869,0.091761
9935,0.379138,0.048477,0.226644,0.017319,0.086698
9936,0.299971,0.050728,0.150116,0.021502,0.077625
9937,0.44611,0.046386,0.271798,0.026509,0.101417
9938,0.355433,0.055443,0.167033,0.02424,0.108717
9939,0.390276,0.049233,0.23047,0.017615,0.092958
9940,0.316101,0.033897,0.152502,0.02103,0.108672
9941,0.398658,0.049066,0.24625,0.017074,0.086268
9942,0.334693,0.050116,0.167798,0.02129,0.095489
9943,0.387248,0.048991,0.230669,0.016803,0.090785
9944,0.308885,0.049686,0.156472,0.021298,0.081429
9945,0.410993,0.021489,0.264625,0.017135,0.107744
9946,0.333251,0.045122,0.171672,0.021187,0.09527
9947,0.41802,0.045625,0.24414,0.0169,0.111355
9948,0.334282,0.045985,0.168197,0.020893,0.099207
9949,0.409124,0.045523,0.252241,0.017202,0.094158
9950,0.350708,0.044845,0.166561,0.021062,0.11824
9951,0.381195,0.046659,0.226683,0.017168,0.090685
9952,0.310033,0.044841,0.150473,0.02171,0.093009
9953,0.382668,0.024784,0.242301,0.017886,0.097697
9954,0.327325,0.024051,0.169514,0.033093,0.100667
9955,0.398369,0.048097,0.2278,0.020636,0.101836
9956,0.321164,0.023466,0.165882,0.02149,0.110326
9957,0.400478,0.045524,0.242694,0.01746,0.0948
9958,0.325313,0.028214,0.165475,0.028562,0.103062
9959,0.380153,0.049311,0.226177,0.017377,0.087288
9960,0.367476,0.048765,0.156345,0.022336,0.14003
9961,0.394557,0.048237,0.245105,0.017505,0.08371
9962,0.320824,0.049616,0.167196,0.025982,0.07803
9963,0.391199,0.050214,0.226251,0.023664,0.09107
9964,0.312798,0.02476,0.150349,0.02164,0.116049
9965,0.396493,0.04585,0.243278,0.018554,0.088811
9966,0.328746,0.023339,0.168212,0.031725,0.10547
9967,0.38575,0.049003,0.231224,0.017782,0.087741
9968,0.32387,0.025319,0.1548,0.021776,0.121975
9969,0.399267,0.045665,0.243183,0.019416,0.091003
9970,0.3256,0.046064,0.167261,0.020954,0.091321
9971,0.381435,0.045934,0.22672,0.017501,0.09128
9972,0.314755,0.02442,0.153499,0.021136,0.1157
9973,0.386882,0.023568,0.244827,0.016955,0.101532
9974,0.323719,0.046416,0.165581,0.021407,0.090315
9975,0.391802,0.049278,0.23416,0.017716,0.090648
9976,0.320582,0.025048,0.151688,0.021524,0.122322
9977,0.407504,0.061188,0.244568,0.020448,0.0813
9978,0.325133,0.049096,0.166774,0.021266,0.087997
9979,0.381816,0.050607,0.226962,0.01692,0.087327
9980,0.303098,0.049124,0.149663,0.021215,0.083096
9981,0.394795,0.052001,0.243406,0.017718,0.08167
9982,0.319811,0.021263,0.16666,0.023135,0.108753
9983,0.40342,0.049488,0.231479,0.018286,0.104167
9984,0.310367,0.02194,0.150918,0.021506,0.116003
9985,0.406708,0.027201,0.243617,0.019754,0.116136
9986,0.322471,0.029485,0.165548,0.02102,0.106418
9987,0.379785,0.022146,0.237857,0.017238,0.102544
9988,0.304591,0.047479,0.150155,0.02102,0.085937
9989,0.39593,0.04629,0.246249,0.017203,0.086188
9990,0.320033,0.044903,0.169313,0.021018,0.084799
9991,0.392937,0.045335,0.232122,0.018134,0.097346
9992,0.319422,0.044517,0.154917,0.021145,0.098843
9993,0.400756,0.029201,0.243092,0.020078,0.108385
9994,0.330985,0.029871,0.165833,0.026768,0.108513
9995,0.385113,0.046965,0.227694,0.021263,0.089191
9996,0.308946,0.024321,0.154212,0.021368,0.109045
9997,0.397367,0.049927,0.246469,0.017103,0.083868
9998,0.327469,0.021906,0.168761,0.032444,0.104358
9999,0.431661,0.026549,0.24598,0.017386,0.141746
10000,0.323124,0.049446,0.167051,0.021464,0.085163
10001,0.41324,0.049633,0.242797,0.016796,0.104014
10002,0.326953,0.048566,0.165663,0.02121,0.091514
10003,0.382066,0.04975,0.228827,0.019356,0.084133
10004,0.321949,0.051648,0.16304,0.023268,0.083993
10005,0.409206,0.049783,0.245643,0.01966,0.09412
10006,0.341591,0.048804,0.167132,0.02101,0.104645
10007,0.380944,0.021779,0.24237,0.016812,0.099983
10008,0.32355,0.046227,0.15035,0.027758,0.099215
10009,0.427031,0.04521,0.244886,0.017118,0.119817
10010,0.317515,0.047442,0.168347,0.021286,0.08044
10011,0.390416,0.044384,0.243307,0.017196,0.085529
10012,0.3399,0.047959,0.178702,0.021372,0.091867
10013,0.406089,0.046688,0.253591,0.017072,0.088738
10014,0.352156,0.052969,0.186748,0.022755,0.089684
10015,0.368617,0.023158,0.227974,0.01773,0.099755
10016,0.328864,0.02132,0.150844,0.042454,0.114246
10017,0.395263,0.046312,0.245559,0.017181,0.086211
10018,0.319198,0.04988,0.170381,0.022077,0.07686
10019,0.380659,0.04988,0.230014,0.017145,0.08362
10020,0.309958,0.047482,0.152535,0.021232,0.088709
10021,0.416853,0.049301,0.248701,0.017443,0.101408
10022,0.35701,0.02333,0.180008,0.031447,0.122225
10023,0.39762,0.045956,0.229365,0.018079,0.10422
10024,0.32803,0.029428,0.155495,0.029362,0.113745
10025,0.412276,0.051563,0.24952,0.017584,0.093609
10026,0.328303,0.024518,0.172027,0.03285,0.098908
10027,0.391559,0.057695,0.230908,0.017138,0.085818
10028,0.312419,0.048556,0.153702,0.02083,0.089331
10029,0.432429,0.049039,0.260709,0.018112,0.104569
10030,0.346884,0.021264,0.166831,0.033142,0.125647
10031,0.383905,0.046876,0.225727,0.01763,0.093672
10032,0.325604,0.028352,0.150027,0.03266,0.114565
10033,0.41222,0.052135,0.243751,0.02388,0.092454
10034,0.319791,0.021972,0.164193,0.021337,0.112289
10035,0.384381,0.049141,0.231381,0.017602,0.086257
10036,0.326695,0.046111,0.152869,0.020865,0.10685
10037,0.414882,0.046691,0.260869,0.020903,0.086419
10038,0.357157,0.045597,0.168175,0.020944,0.122441
10039,0.3852,0.031426,0.242894,0.018125,0.092755
10040,0.308249,0.020904,0.15002,0.021509,0.115816
10041,0.416338,0.045302,0.242659,0.020031,0.108346
10042,0.325944,0.028416,0.164938,0.025652,0.106938
10043,0.379109,0.050934,0.229063,0.017519,0.081593
10044,0.316509,0.047821,0.152922,0.021073,0.094693
10045,0.448351,0.02479,0.261244,0.017832,0.144485
10046,0.360655,0.048205,0.19448,0.031512,0.086458
10047,0.394686,0.049375,0.230293,0.017428,0.09759
10048,0.310156,0.04864,0.154271,0.021145,0.0861
10049,0.389023,0.047644,0.24635,0.017244,0.077785
10050,0.329798,0.049757,0.171259,0.022864,0.085918
10051,0.393291,0.05085,0.234124,0.017705,0.090612
10052,0.332903,0.049229,0.156031,0.02096,0.106683
10053,0.405035,0.023526,0.247617,0.018651,0.115241
10054,0.330285,0.025673,0.165472,0.021444,0.117696
10055,0.391305,0.045072,0.228563,0.017293,0.100377
10056,0.3167,0.049559,0.153512,0.020982,0.092647
10057,0.416995,0.046137,0.245837,0.017769,0.107252
10058,0.349502,0.04601,0.181808,0.021066,0.100618
10059,0.378888,0.045355,0.226761,0.017134,0.089638
10060,0.305402,0.047351,0.151349,0.021697,0.085005
10061,0.38624,0.045018,0.246892,0.017753,0.076577
10062,0.312933,0.02618,0.166729,0.020955,0.099069
10063,0.378599,0.025289,0.229801,0.017358,0.106151
10064,0.31778,0.044849,0.167419,0.021102,0.08441
10065,0.409522,0.048874,0.244668,0.018327,0.097653
10066,0.321129,0.047041,0.166023,0.02159,0.086475
10067,0.385639,0.048278,0.229195,0.017525,0.090641
10068,0.328455,0.04689,0.156848,0.022028,0.102689
10069,0.392819,0.047881,0.242714,0.017654,0.08457
10070,0.340501,0.033874,0.166247,0.02138,0.119
10071,0.394393,0.048383,0.241461,0.017632,0.086917
10072,0.30599,0.023031,0.156164,0.021546,0.105249
10073,0.38754,0.02082,0.248124,0.017105,0.101491
10074,0.348102,0.044244,0.171676,0.020974,0.111208
10075,0.39623,0.04771,0.232035,0.017381,0.099104
10076,0.307485,0.024997,0.156084,0.02121,0.105194
10077,0.425911,0.047733,0.261346,0.016681,0.100151
10078,0.355956,0.04935,0.169567,0.028365,0.108674
10079,0.414503,0.049023,0.25232,0.017079,0.096081
10080,0.302113,0.050049,0.150294,0.021298,0.080472
10081,0.390254,0.048563,0.242724,0.01695,0.082017
10082,0.319991,0.049816,0.16671,0.021463,0.082002
10083,0.400142,0.048725,0.228752,0.018322,0.104343
10084,0.303382,0.025777,0.151672,0.02122,0.104713
10085,0.400729,0.028898,0.243173,0.017069,0.111589
10086,0.316711,0.022677,0.168509,0.021362,0.104163
10087,0.392146,0.027564,0.243538,0.016727,0.104317
10088,0.32606,0.024768,0.172531,0.030968,0.097793
10089,0.401017,0.049283,0.251794,0.018409,0.081531
10090,0.321433,0.04961,0.167012,0.021408,0.083403
10091,0.386455,0.048737,0.232138,0.017948,0.087632
10092,0.321878,0.050981,0.167376,0.022956,0.080565
10093,0.431411,0.048604,0.248627,0.017791,0.116389
10094,0.328362,0.023694,0.169839,0.021208,0.113621
10095,0.378389,0.04592,0.229869,0.017036,0.085564
10096,0.305204,0.028202,0.15018,0.02106,0.105762
10097,0.405247,0.023632,0.246879,0.017096,0.11764
10098,0.336564,0.024376,0.16801,0.03188,0.112298
10099,0.430581,0.023474,0.231148,0.017129,0.15883
10100,0.318333,0.051833,0.15253,0.021465,0.092505
10101,0.398929,0.047715,0.249579,0.016991,0.084644
10102,0.322649,0.04973,0.164923,0.021318,0.086678
10103,0.39064,0.048304,0.230636,0.02229,0.08941
10104,0.317809,0.049994,0.168265,0.02112,0.07843
10105,0.410034,0.048809,0.246785,0.016941,0.097499
10106,0.319498,0.053102,0.165072,0.021206,0.080118
10107,0.384701,0.022349,0.230422,0.016948,0.114982
10108,0.306498,0.052098,0.150788,0.021283,0.082329
10109,0.412418,0.048959,0.245718,0.016401,0.10134
10110,0.32239,0.048771,0.168146,0.021496,0.083977
10111,0.3996,0.04927,0.231652,0.017044,0.101634
10112,0.307809,0.051565,0.152541,0.021243,0.08246
10113,0.433409,0.049116,0.261721,0.016916,0.105656
10114,0.340675,0.049652,0.181906,0.02156,0.087557
10115,0.368611,0.021253,0.228374,0.017563,0.101421
10116,0.303067,0.02863,0.149121,0.020592,0.104724
10117,0.420538,0.048362,0.245063,0.017428,0.109685
10118,0.323821,0.022374,0.16715,0.021184,0.113113
10119,0.395302,0.048683,0.238138,0.018449,0.090032
10120,0.319131,0.024984,0.16676,0.021928,0.105459
10121,0.394607,0.046147,0.243552,0.017425,0.087483
10122,0.368828,0.050298,0.16719,0.021211,0.130129
10123,0.391676,0.047673,0.22956,0.017135,0.097308
10124,0.314902,0.049464,0.152611,0.020995,0.091832
10125,0.405694,0.048732,0.248724,0.017717,0.090521
10126,0.340045,0.025365,0.171017,0.033543,0.11012
10127,0.382414,0.046283,0.232482,0.017317,0.086332
10128,0.317664,0.044366,0.154357,0.021152,0.097789
10129,0.418708,0.028984,0.260273,0.017524,0.111927
10130,0.358131,0.029033,0.167448,0.022225,0.139425
10131,0.409831,0.048909,0.240182,0.019288,0.101452
10132,0.320545,0.047242,0.152555,0.021162,0.099586
10133,0.392089,0.045672,0.24356,0.017402,0.085455
10134,0.318056,0.046639,0.165797,0.021223,0.084397
10135,0.393913,0.048742,0.227673,0.017054,0.100444
10136,0.318209,0.044204,0.150765,0.020917,0.102323
10137,0.395557,0.046028,0.244952,0.017712,0.086865
10138,0.314671,0.024363,0.169211,0.021455,0.099642
10139,0.368502,0.02215,0.227898,0.01742,0.101034
10140,0.301704,0.02493,0.153789,0.022016,0.100969
10141,0.385974,0.023882,0.245153,0.017057,0.099882
10142,0.317786,0.044501,0.16951,0.021264,0.082511
10143,0.37788,0.045945,0.22947,0.017344,0.085121
10144,0.309244,0.047684,0.154291,0.021234,0.086035
10145,0.394155,0.045544,0.245502,0.017664,0.085445
10146,0.326427,0.046921,0.170098,0.02156,0.087848
10147,0.380727,0.024987,0.232764,0.018058,0.104918
10148,0.331782,0.025054,0.155991,0.032958,0.117779
10149,0.414939,0.028995,0.249338,0.017741,0.118865
10150,0.32186,0.048666,0.172101,0.021272,0.079821
10151,0.380165,0.045483,0.22946,0.017517,0.087705
10152,0.31096,0.049583,0.153411,0.02119,0.086776
10153,0.455707,0.048394,0.253465,0.017765,0.136083
10154,0.332728,0.049483,0.168203,0.022033,0.093009
10155,0.383977,0.049389,0.231545,0.017634,0.085409
10156,0.325325,0.024696,0.153613,0.029788,0.117228
10157,0.407691,0.045335,0.247094,0.017349,0.097913
10158,0.333088,0.023652,0.167779,0.032181,0.109476
10159,0.403039,0.048569,0.229151,0.017784,0.107535
10160,0.305458,0.024766,0.153113,0.021144,0.106435
10161,0.412135,0.029176,0.248734,0.017606,0.116619
10162,0.325238,0.052052,0.167907,0.021786,0.083493
10163,0.426917,0.04657,0.23481,0.027313,0.118224
10164,0.340441,0.070673,0.153597,0.020988,0.095183
10165,0.405638,0.049499,0.245275,0.019022,0.091842
10166,0.328254,0.049321,0.168426,0.021278,0.089229
10167,0.39168,0.048886,0.22911,0.016743,0.096941
10168,0.348729,0.050669,0.181297,0.021567,0.095196
10169,0.40324,0.049771,0.246287,0.018159,0.089023
10170,0.336469,0.023339,0.171048,0.027214,0.114868
10171,0.381263,0.047249,0.231396,0.018118,0.0845
10172,0.320302,0.029515,0.158837,0.020796,0.111154
10173,0.398662,0.049829,0.247897,0.02312,0.077816
10174,0.318289,0.021689,0.171327,0.021208,0.104065
10175,0.383562,0.024635,0.240284,0.016779,0.101864
10176,0.32699,0.025433,0.15388,0.021472,0.126205
10177,0.408551,0.04506,0.255752,0.017199,0.09054
10178,0.322402,0.044821,0.168358,0.021227,0.087996
10179,0.383863,0.045528,0.22892,0.019274,0.090141
10180,0.306585,0.048244,0.153448,0.02103,0.083863
10181,0.410957,0.044804,0.246414,0.01748,0.102259
10182,0.354553,0.044578,0.168811,0.030972,0.110192
10183,0.426895,0.047353,0.240046,0.03197,0.107526
10184,0.31418,0.025307,0.155684,0.021422,0.111767
10185,0.450584,0.026669,0.245467,0.031866,0.146582
10186,0.310073,0.02645,0.168719,0.022011,0.092893
10187,0.383987,0.023534,0.228724,0.018681,0.113048
10188,0.302498,0.026006,0.153537,0.021166,0.101789
10189,0.412431,0.052837,0.260644,0.017339,0.081611
10190,0.354319,0.050277,0.167678,0.021942,0.114422
10191,0.390348,0.048259,0.237731,0.017942,0.086416
10192,0.32429,0.049809,0.15342,0.021162,0.099899
10193,0.469986,0.048511,0.245805,0.030684,0.144986
10194,0.3548,0.048948,0.167969,0.024505,0.113378
10195,0.391339,0.051383,0.232335,0.0184,0.089221
10196,0.299482,0.022369,0.152256,0.02139,0.103467
10197,0.413765,0.045027,0.247557,0.018108,0.103073
10198,0.313661,0.025056,0.170542,0.021243,0.09682
10199,0.389373,0.025509,0.233612,0.01747,0.112782
10200,0.3192,0.047388,0.155681,0.021872,0.094259
10201,0.389009,0.042701,0.24938,0.017487,0.079441
10202,0.316111,0.043382,0.168864,0.02118,0.082685
10203,0.383192,0.0432,0.231138,0.017287,0.091567
10204,0.32065,0.042405,0.166989,0.021126,0.09013
10205,0.401364,0.043676,0.247308,0.018061,0.092319
10206,0.32388,0.044706,0.167698,0.021678,0.089798
10207,0.388858,0.037645,0.23183,0.018168,0.101215
10208,0.310006,0.050152,0.15393,0.021808,0.084116
10209,0.384698,0.045763,0.246278,0.017682,0.074975
10210,0.313658,0.046097,0.168375,0.02253,0.076656
10211,0.375762,0.046486,0.231282,0.017666,0.080328
10212,0.305997,0.045224,0.152345,0.020925,0.087503
10213,0.38372,0.021856,0.24487,0.017687,0.099307
10214,0.321115,0.021531,0.168338,0.021983,0.109263
10215,0.375131,0.0272,0.230701,0.017918,0.099312
10216,0.301273,0.046124,0.153339,0.021615,0.080195
10217,0.382815,0.047657,0.245365,0.017501,0.072292
10218,0.324204,0.045558,0.168566,0.025732,0.084348
10219,0.37794,0.04718,0.231534,0.02481,0.074416
10220,0.310268,0.04489,0.158942,0.02255,0.083886
10221,0.384473,0.046893,0.246295,0.017673,0.073612
10222,0.320973,0.022046,0.172795,0.021866,0.104266
10223,0.369859,0.032868,0.230234,0.017904,0.088853
10224,0.309727,0.029388,0.152255,0.021512,0.106572
10225,0.382053,0.023355,0.245214,0.017637,0.095847
10226,0.322614,0.04678,0.167811,0.021048,0.086975
10227,0.370351,0.045721,0.229546,0.017495,0.077589
10228,0.315233,0.046715,0.162191,0.022785,0.083542
10229,0.393412,0.045213,0.246323,0.017788,0.084088
10230,0.320255,0.046747,0.170688,0.02254,0.08028
10231,0.381792,0.046613,0.236196,0.017417,0.081566
10232,0.312851,0.047671,0.157935,0.022271,0.084974
10233,0.38318,0.045065,0.246684,0.017328,0.074103
10234,0.335423,0.030891,0.168538,0.021346,0.114648
10235,0.36728,0.043597,0.230105,0.017085,0.076493
10236,0.306604,0.04117,0.152585,0.020873,0.091976
10237,0.392443,0.025072,0.245884,0.017549,0.103938
10238,0.320704,0.022596,0.171786,0.02166,0.104662
10239,0.387529,0.044651,0.232384,0.017133,0.093361
10240,0.317711,0.046888,0.156736,0.02217,0.091917
10241,0.410799,0.045571,0.249891,0.017604,0.097733
10242,0.325852,0.047047,0.172563,0.021355,0.084887
10243,0.381382,0.045603,0.231696,0.017909,0.086174
10244,0.308197,0.046168,0.155406,0.021859,0.084764
10245,0.399229,0.044993,0.24582,0.017567,0.090849
10246,0.331144,0.04629,0.173174,0.022187,0.089493
10247,0.387947,0.026217,0.229301,0.01774,0.114689
10248,0.29918,0.025155,0.152947,0.021234,0.099844
10249,0.416853,0.04785,0.246396,0.017674,0.104933
10250,0.326847,0.02465,0.167521,0.025894,0.108782
10251,0.382108,0.045677,0.230322,0.017838,0.088271
10252,0.295229,0.024588,0.152541,0.020811,0.097289
10253,0.396904,0.048733,0.245314,0.017133,0.085724
10254,0.364191,0.052992,0.168914,0.021082,0.121203
10255,0.403644,0.049075,0.231015,0.017315,0.106239
10256,0.321021,0.050076,0.152473,0.020798,0.097674
10257,0.396844,0.048854,0.245811,0.01769,0.084489
10258,0.327964,0.022667,0.167953,0.02726,0.110084
10259,0.397933,0.04655,0.231454,0.017192,0.102737
10260,0.30639,0.045172,0.152973,0.020474,0.087771
10261,0.399547,0.024036,0.245752,0.017269,0.11249
10262,0.333418,0.02409,0.168332,0.025447,0.115549
10263,0.383096,0.048614,0.229179,0.017546,0.087757
10264,0.325759,0.049158,0.155562,0.030624,0.090415
10265,0.404522,0.050795,0.246802,0.017538,0.089387
10266,0.323526,0.049191,0.16922,0.021129,0.083986
10267,0.386071,0.052738,0.233436,0.017338,0.082559
10268,0.316317,0.051464,0.153572,0.021547,0.089734
10269,0.395507,0.05218,0.246459,0.018392,0.078476
10270,0.327593,0.025199,0.169215,0.021494,0.111685
10271,0.385096,0.030108,0.232439,0.017365,0.105184
10272,0.338043,0.021836,0.157187,0.030248,0.128772
10273,0.400177,0.049225,0.250455,0.017269,0.083228
10274,0.353605,0.045537,0.171411,0.020993,0.115664
10275,0.394247,0.045388,0.233221,0.016884,0.098754
10276,0.31272,0.04588,0.154246,0.021276,0.091318
10277,0.443976,0.04614,0.254011,0.017649,0.126176
10278,0.343949,0.044847,0.169547,0.021028,0.108527
10279,0.381049,0.045474,0.230089,0.017296,0.08819
10280,0.313508,0.025686,0.152752,0.020672,0.114398
10281,0.399689,0.050311,0.248252,0.017358,0.083768
10282,0.322383,0.021547,0.168619,0.02103,0.111187
10283,0.379242,0.044709,0.230166,0.01707,0.087297
10284,0.313078,0.045482,0.15295,0.021045,0.093601
10285,0.388293,0.023817,0.247703,0.017127,0.099646
10286,0.332768,0.049367,0.169558,0.02126,0.092583
10287,0.379827,0.047071,0.231008,0.017188,0.08456
10288,0.308047,0.045724,0.153821,0.021822,0.08668
10289,0.39736,0.046693,0.251075,0.023132,0.07646
10290,0.32054,0.023147,0.169236,0.021763,0.106394
10291,0.380447,0.044961,0.231547,0.017411,0.086528
10292,0.306376,0.042539,0.153874,0.020782,0.089181
10293,0.406662,0.025538,0.247921,0.01783,0.115373
10294,0.327006,0.025008,0.168358,0.021905,0.111735
10295,0.370035,0.042979,0.230119,0.017136,0.079801
10296,0.30055,0.043603,0.153447,0.021775,0.081725
10297,0.399255,0.042394,0.249016,0.017356,0.090489
10298,0.330313,0.030382,0.171169,0.020915,0.107847
10299,0.382122,0.04556,0.232916,0.018052,0.085594
10300,0.323927,0.021855,0.158404,0.021828,0.12184
10301,0.402317,0.041415,0.24619,0.0174,0.097312
10302,0.315197,0.042786,0.170026,0.021482,0.080903
10303,0.38263,0.041686,0.233069,0.017613,0.090262
10304,0.29584,0.043101,0.153308,0.021002,0.078429
10305,0.393944,0.041622,0.245956,0.017294,0.089072
10306,0.31116,0.042872,0.168105,0.021268,0.078915
10307,0.376049,0.042057,0.230241,0.017372,0.086379
10308,0.310913,0.044008,0.15451,0.022604,0.089791
10309,0.407129,0.022374,0.245209,0.017974,0.121572
10310,0.32206,0.022034,0.168121,0.021476,0.110429
10311,0.379878,0.02719,0.229272,0.017836,0.10558
10312,0.29826,0.045303,0.153325,0.020853,0.078779
10313,0.409978,0.027205,0.24662,0.017664,0.118489
10314,0.314261,0.024643,0.168048,0.020952,0.100618
10315,0.365867,0.045034,0.229468,0.017139,0.074226
10316,0.313111,0.047444,0.153809,0.021625,0.090233
10317,0.385128,0.045498,0.246014,0.017886,0.07573
10318,0.320701,0.046524,0.16954,0.022412,0.082225
10319,0.365435,0.045309,0.230073,0.017229,0.072824
10320,0.316164,0.047058,0.158895,0.022589,0.087622
10321,0.382693,0.021427,0.246733,0.017624,0.096909
10322,0.321025,0.041152,0.168254,0.020654,0.090965
10323,0.38296,0.043358,0.23002,0.017496,0.092086
10324,0.307948,0.04182,0.1533,0.020977,0.091851
10325,0.3888,0.024796,0.245467,0.018214,0.100323
10326,0.323473,0.024439,0.168058,0.021502,0.109474
10327,0.386487,0.046111,0.232196,0.017576,0.090604
10328,0.310729,0.046488,0.155436,0.022328,0.086477
10329,0.394635,0.045336,0.245416,0.017477,0.086406
10330,0.325839,0.022711,0.1711,0.021095,0.110933
10331,0.384968,0.021129,0.23332,0.01739,0.113129
10332,0.337198,0.04949,0.161751,0.021698,0.104259
10333,0.408544,0.044441,0.255808,0.017257,0.091038
10334,0.352642,0.044035,0.168139,0.029243,0.111225
10335,0.386698,0.045463,0.230735,0.017092,0.093408
10336,0.309038,0.04818,0.15221,0.020766,0.087882
10337,0.395767,0.045846,0.244848,0.017727,0.087346
10338,0.311776,0.025028,0.168559,0.020739,0.09745
10339,0.376789,0.021425,0.237918,0.016709,0.100737
10340,0.322198,0.028977,0.154261,0.021152,0.117808
10341,0.395893,0.048162,0.245411,0.017808,0.084512
10342,0.32072,0.049647,0.167741,0.021113,0.082219
10343,0.408144,0.048486,0.237128,0.016918,0.105612
10344,0.322951,0.048966,0.152658,0.021154,0.100173
10345,0.416155,0.048436,0.251848,0.016882,0.098989
10346,0.323428,0.049641,0.16878,0.021539,0.083468
10347,0.386366,0.048979,0.236827,0.017791,0.082769
10348,0.317926,0.025424,0.152646,0.02183,0.118026
10349,0.414151,0.032055,0.246173,0.017176,0.118747
10350,0.322078,0.050029,0.168799,0.021203,0.082047
10351,0.385051,0.051948,0.230576,0.017083,0.085444
10352,0.310386,0.05129,0.159538,0.022318,0.07724
10353,0.409018,0.049541,0.252028,0.017427,0.090022
10354,0.323603,0.04982,0.168861,0.020875,0.084047
10355,0.378793,0.052834,0.230511,0.018081,0.077367
10356,0.312055,0.04685,0.160304,0.02263,0.082271
10357,0.389597,0.023002,0.246627,0.017851,0.102117
10358,0.330849,0.02605,0.167606,0.021516,0.115677
10359,0.386935,0.026816,0.239809,0.023143,0.097167
10360,0.308839,0.04848,0.152929,0.021122,0.086308
10361,0.427469,0.023331,0.252247,0.026307,0.125584
10362,0.356018,0.043439,0.171622,0.03061,0.110347
10363,0.43999,0.03325,0.232561,0.01705,0.157129
10364,0.317155,0.045305,0.156944,0.0208,0.094106
10365,0.411581,0.045249,0.256104,0.017181,0.093047
10366,0.326702,0.045963,0.169513,0.02125,0.089976
10367,0.391209,0.045146,0.231779,0.017052,0.097232
10368,0.333418,0.050288,0.152858,0.021245,0.109027
10369,0.406289,0.049293,0.25544,0.017029,0.084527
10370,0.340984,0.049905,0.169323,0.031272,0.090484
10371,0.382691,0.025452,0.231244,0.017355,0.10864
10372,0.30686,0.025012,0.155281,0.020826,0.105741
10373,0.397111,0.046398,0.246503,0.017597,0.086613
10374,0.322264,0.052495,0.174698,0.02244,0.072631
10375,0.379536,0.045778,0.230414,0.017245,0.086099
10376,0.306661,0.046607,0.152296,0.021353,0.086405
10377,0.398031,0.022143,0.24518,0.017404,0.113304
10378,0.316664,0.021771,0.16754,0.021791,0.105562
10379,0.372395,0.042497,0.231473,0.017566,0.080859
10380,0.300933,0.042636,0.152399,0.021377,0.084521
10381,0.407716,0.041653,0.24626,0.01766,0.102143
10382,0.317329,0.042641,0.167958,0.021378,0.085352
10383,0.370744,0.042255,0.231654,0.017548,0.079287
10384,0.292651,0.042094,0.153004,0.020958,0.076595
10385,0.383424,0.042386,0.24546,0.017329,0.078249
10386,0.332197,0.02979,0.171959,0.021456,0.108992
10387,0.380257,0.048139,0.239407,0.017694,0.075017
10388,0.303524,0.047403,0.15414,0.022486,0.079495
10389,0.404392,0.02603,0.246594,0.017412,0.114356
10390,0.310496,0.043933,0.167985,0.021052,0.077526
10391,0.379614,0.041883,0.23107,0.017114,0.089547
10392,0.297593,0.043287,0.15513,0.020875,0.078301
10393,0.398164,0.043076,0.254247,0.018749,0.082092
10394,0.322029,0.044148,0.168363,0.021653,0.087865
10395,0.375346,0.020716,0.23174,0.017916,0.104974
10396,0.305065,0.023336,0.154536,0.021345,0.105848
10397,0.397348,0.022492,0.24781,0.017314,0.109732
10398,0.340142,0.029081,0.170518,0.021024,0.119519
10399,0.372044,0.04372,0.230397,0.017545,0.080382
10400,0.306685,0.04321,0.154481,0.021054,0.08794
10401,0.382375,0.042884,0.245156,0.017358,0.076977
10402,0.326885,0.041373,0.170655,0.02125,0.093607
10403,0.368019,0.04344,0.230111,0.017242,0.077226
10404,0.317325,0.025663,0.153988,0.028582,0.109092
10405,0.398791,0.045101,0.249088,0.017501,0.087101
10406,0.326106,0.02402,0.167875,0.021995,0.112216
10407,0.379706,0.047055,0.230606,0.017396,0.084649
10408,0.306274,0.047358,0.152901,0.020977,0.085038
10409,0.395858,0.026399,0.245733,0.017294,0.106432
10410,0.351987,0.042846,0.174502,0.02242,0.112219
10411,0.36596,0.044528,0.22803,0.017614,0.075788
10412,0.295726,0.041272,0.152498,0.021156,0.0808
10413,0.381112,0.042974,0.245234,0.017472,0.075432
10414,0.311606,0.02458,0.167709,0.02131,0.098007
10415,0.387873,0.024591,0.229088,0.017271,0.116923
10416,0.295251,0.042872,0.154041,0.021456,0.076882
10417,0.391506,0.042895,0.245613,0.017,0.085998
10418,0.37087,0.02484,0.173272,0.021192,0.151566
10419,0.395181,0.049027,0.232813,0.016987,0.096354
10420,0.303757,0.049663,0.154572,0.022592,0.07693
10421,0.408313,0.048009,0.256489,0.016819,0.086996
10422,0.340125,0.050591,0.167885,0.021679,0.09997
10423,0.378715,0.024311,0.229006,0.016846,0.108552
10424,0.303262,0.044068,0.152748,0.021072,0.085374
10425,0.401615,0.04626,0.249074,0.017173,0.089108
10426,0.338564,0.022704,0.171783,0.031773,0.112304
10427,0.399482,0.048453,0.239544,0.017243,0.094242
10428,0.30649,0.050721,0.156714,0.02113,0.077925
10429,0.41984,0.047907,0.247494,0.027941,0.096498
10430,0.337878,0.050205,0.168896,0.02154,0.097237
10431,0.381042,0.04906,0.231911,0.017346,0.082725
10432,0.306513,0.05028,0.153847,0.020952,0.081434
10433,0.410306,0.049729,0.245242,0.017734,0.097601
10434,0.326291,0.023032,0.168484,0.021118,0.113657
10435,0.419606,0.022095,0.228007,0.03186,0.137644
10436,0.303891,0.023837,0.152229,0.021382,0.106443
10437,0.39674,0.04625,0.245185,0.018063,0.087242
10438,0.341678,0.025026,0.171059,0.030686,0.114907
10439,0.388784,0.049656,0.231056,0.017571,0.090501
10440,0.30829,0.050419,0.153481,0.021124,0.083266
10441,0.395693,0.048654,0.245458,0.018164,0.083417
10442,0.357313,0.05145,0.168437,0.03225,0.105176
10443,0.452477,0.048693,0.228747,0.031735,0.143302
10444,0.294827,0.022714,0.152227,0.021156,0.09873
10445,0.398037,0.045916,0.245369,0.018034,0.088718
10446,0.330244,0.030514,0.167887,0.02743,0.104413
10447,0.38717,0.049713,0.231308,0.016874,0.089275
10448,0.311856,0.049872,0.157106,0.021045,0.083833
10449,0.437098,0.031363,0.250054,0.016672,0.139009
10450,0.333066,0.045261,0.172483,0.024092,0.09123
10451,0.394157,0.046616,0.22934,0.016709,0.101492
10452,0.303931,0.046451,0.153683,0.020753,0.083044
10453,0.396461,0.045219,0.246781,0.017109,0.087352
10454,0.349707,0.045092,0.168626,0.020918,0.115071
10455,0.379251,0.044357,0.231051,0.017148,0.086695
10456,0.304393,0.046153,0.15373,0.020966,0.083544
10457,0.393539,0.025215,0.246383,0.017503,0.104438
10458,0.314473,0.047644,0.169666,0.02114,0.076023
10459,0.380566,0.04656,0.230656,0.017372,0.085978
10460,0.306833,0.049064,0.152931,0.021477,0.083361
10461,0.385506,0.045748,0.245895,0.017376,0.076487
10462,0.322744,0.045548,0.167918,0.021358,0.08792
10463,0.369499,0.04571,0.230388,0.017365,0.076036
10464,0.319226,0.051938,0.152867,0.022667,0.091754
10465,0.410367,0.032826,0.24681,0.017638,0.113093
10466,0.313324,0.025066,0.167381,0.021433,0.099444
10467,0.379777,0.025109,0.228824,0.017236,0.108608
10468,0.308195,0.046695,0.166235,0.021198,0.074067
10469,0.384613,0.043253,0.245801,0.018346,0.077213
10470,0.310359,0.046838,0.168193,0.021264,0.074064
10471,0.368278,0.042182,0.230697,0.01815,0.077249
10472,0.318442,0.028877,0.163728,0.021773,0.104064
10473,0.396569,0.047308,0.247637,0.01741,0.084214
10474,0.33096,0.021765,0.167149,0.02586,0.116186
10475,0.388464,0.02939,0.22944,0.024781,0.104853
10476,0.296625,0.044498,0.153187,0.021341,0.077599
10477,0.407357,0.04752,0.258898,0.017723,0.083216
10478,0.322034,0.04566,0.167636,0.022365,0.086373
10479,0.370137,0.047462,0.235812,0.017601,0.069262
10480,0.306906,0.046712,0.154012,0.022064,0.084118
10481,0.385614,0.046956,0.246616,0.0177,0.074342
10482,0.32468,0.047795,0.172276,0.022145,0.082464
10483,0.377662,0.04625,0.229971,0.017723,0.083718
10484,0.308717,0.02554,0.153952,0.021362,0.107863
10485,0.38252,0.043835,0.245973,0.017377,0.075335
10486,0.327126,0.037014,0.169051,0.020857,0.100204
10487,0.373784,0.044954,0.231768,0.01748,0.079582
10488,0.300342,0.024348,0.152609,0.02249,0.100895
10489,0.396093,0.04444,0.246495,0.017538,0.08762
10490,0.308984,0.046347,0.167098,0.021579,0.07396
10491,0.372606,0.04572,0.229035,0.01722,0.080631
10492,0.302153,0.04686,0.154558,0.02245,0.078285
10493,0.384252,0.046968,0.245568,0.017589,0.074127
10494,0.359468,0.065922,0.178736,0.02471,0.0901
10495,0.370056,0.046905,0.232677,0.01704,0.073434
10496,0.310104,0.024606,0.15364,0.02193,0.109928
10497,0.404651,0.025225,0.245826,0.017615,0.115985
10498,0.327867,0.030774,0.167946,0.023071,0.106076
10499,0.406386,0.04104,0.22784,0.04579,0.091716
10500,0.359715,0.043349,0.153372,0.040936,0.122058
10501,0.425562,0.041461,0.245679,0.0465,0.091922
10502,0.372175,0.047279,0.167294,0.040702,0.1169
10503,0.412245,0.042499,0.23681,0.047514,0.085422
10504,0.352387,0.023839,0.154243,0.048314,0.125991
10505,0.467244,0.048145,0.288231,0.016989,0.113879
10506,0.38712,0.067805,0.203097,0.024716,0.091502
10507,0.459419,0.078812,0.255613,0.046469,0.078525
10508,0.379007,0.028239,0.153869,0.060063,0.136836
10509,0.435875,0.030464,0.250147,0.057365,0.097899
10510,0.391424,0.02814,0.16822,0.060206,0.134858
10511,0.432896,0.026787,0.252005,0.046195,0.107909
10512,0.497606,0.070646,0.204921,0.048572,0.173467
10513,0.49631,0.068171,0.293439,0.04568,0.08902
10514,0.503326,0.078385,0.223468,0.060889,0.140584
10515,0.495218,0.070163,0.288272,0.046266,0.090517
10516,0.500987,0.06855,0.204321,0.074489,0.153627
10517,0.450443,0.040052,0.25608,0.045789,0.108522
10518,0.48952,0.078789,0.173825,0.074587,0.162319
10519,0.483332,0.067919,0.262655,0.062229,0.090529
10520,0.430032,0.086454,0.162672,0.05247,0.128436
10521,0.49827,0.067156,0.289765,0.0458,0.095549
10522,0.465285,0.076396,0.213026,0.049188,0.126675
10523,0.419555,0.053054,0.268711,0.017947,0.079843
10524,0.46389,0.061401,0.199963,0.044872,0.157654
10525,0.436558,0.023673,0.247446,0.04604,0.119399
10526,0.450229,0.061868,0.170214,0.052414,0.165733
10527,0.463057,0.069482,0.239309,0.059806,0.09446
10528,0.430212,0.063619,0.153038,0.068801,0.144754
10529,0.495522,0.049648,0.274452,0.046031,0.125391
10530,0.359613,0.039838,0.174668,0.03843,0.106677
10531,0.509444,0.069828,0.285202,0.046207,0.108207
10532,0.489638,0.078573,0.194809,0.067767,0.148489
10533,0.510619,0.078512,0.2923,0.04657,0.093237
10534,0.476175,0.069358,0.215191,0.061923,0.129703
10535,0.448781,0.099623,0.237334,0.017618,0.094206
10536,0.303871,0.047056,0.156191,0.023416,0.077208
10537,0.452367,0.062439,0.253742,0.048112,0.088074
10538,0.383204,0.046427,0.169663,0.04099,0.126124
10539,0.408497,0.041486,0.229027,0.046789,0.091195
10540,0.439035,0.066826,0.163659,0.062673,0.145877
10541,0.429338,0.045474,0.246255,0.043771,0.093838
10542,0.396166,0.026228,0.167596,0.060373,0.141969
10543,0.411895,0.06514,0.240694,0.017818,0.088243
10544,0.398111,0.047784,0.173092,0.040873,0.136362
10545,0.468584,0.061695,0.251304,0.06813,0.087455
10546,0.429818,0.046137,0.168285,0.040358,0.175038
10547,0.396456,0.043233,0.230013,0.043377,0.079833
10548,0.371531,0.044052,0.152944,0.040944,0.133591
10549,0.436958,0.046954,0.268022,0.047938,0.074044
10550,0.3528,0.041168,0.175445,0.038398,0.097789
10551,0.423057,0.041906,0.23141,0.046032,0.103709
10552,0.35308,0.04148,0.151828,0.040426,0.119346
10553,0.426124,0.043387,0.244791,0.049591,0.088355
10554,0.371864,0.042163,0.168445,0.04049,0.120766
10555,0.409233,0.042363,0.229955,0.045891,0.091024
10556,0.372872,0.042383,0.153019,0.045106,0.132364
10557,0.418731,0.047525,0.244474,0.04383,0.082902
10558,0.350075,0.024141,0.172155,0.038541,0.115238
10559,0.38672,0.042067,0.235421,0.017831,0.091401
10560,0.369593,0.0419,0.156789,0.040288,0.130616
10561,0.420842,0.044038,0.2484,0.042908,0.085496
10562,0.346973,0.026437,0.171483,0.038573,0.11048
10563,0.379498,0.046318,0.233447,0.017187,0.082546
10564,0.31386,0.025309,0.15263,0.023566,0.112355
10565,0.406182,0.04732,0.246789,0.01775,0.094323
10566,0.378177,0.027067,0.168171,0.029564,0.153375
10567,0.386591,0.023115,0.229232,0.017332,0.116912
10568,0.298894,0.04274,0.153504,0.02209,0.08056
10569,0.401393,0.043172,0.246301,0.01722,0.0947
10570,0.327076,0.025155,0.168456,0.021008,0.112457
10571,0.369829,0.021605,0.229404,0.01731,0.10151
10572,0.317199,0.027179,0.154365,0.02075,0.114905
10573,0.399609,0.027631,0.260475,0.018601,0.092902
10574,0.330525,0.03044,0.167704,0.023182,0.109199
10575,0.379571,0.029251,0.229361,0.017293,0.103666
10576,0.299487,0.045803,0.153367,0.022255,0.078062
10577,0.40608,0.042666,0.244556,0.042776,0.076082
10578,0.347674,0.024392,0.167856,0.038578,0.116848
10579,0.44785,0.041769,0.270029,0.045553,0.090499
10580,0.470966,0.057068,0.160346,0.076283,0.177269
10581,0.448697,0.057982,0.254305,0.047622,0.088788
10582,0.496764,0.057939,0.17811,0.070306,0.190409
10583,0.458737,0.069565,0.249382,0.059633,0.080157
10584,0.465926,0.076053,0.162719,0.08101,0.146144
10585,0.490671,0.069117,0.259347,0.068278,0.093929
10586,0.496195,0.07795,0.21467,0.039657,0.163918
10587,0.440273,0.039695,0.232985,0.059815,0.107778
10588,0.508682,0.07938,0.206715,0.049615,0.172972
10589,0.50984,0.068103,0.301051,0.045242,0.095444
10590,0.526806,0.077616,0.219333,0.089792,0.140065
10591,0.468075,0.068368,0.23657,0.060106,0.103031
10592,0.503159,0.078653,0.206128,0.0726,0.145778
10593,0.475991,0.077404,0.257814,0.060008,0.080765
10594,0.475058,0.079054,0.177039,0.061027,0.157938
10595,0.500704,0.069125,0.234683,0.060122,0.136774
10596,0.491207,0.078723,0.233022,0.047558,0.131904
10597,0.504031,0.067945,0.29646,0.046915,0.092711
10598,0.490448,0.053244,0.223486,0.06281,0.150908
10599,0.370616,0.024846,0.23286,0.01837,0.09454
10600,0.451899,0.060201,0.206011,0.040452,0.145235
10601,0.437353,0.026693,0.249238,0.046779,0.114643
10602,0.454144,0.049312,0.177483,0.04327,0.184079
10603,0.446993,0.068204,0.240686,0.059902,0.078201
10604,0.469284,0.081824,0.163339,0.074973,0.149148
10605,0.476606,0.07005,0.254046,0.061697,0.090813
10606,0.481185,0.045993,0.171363,0.06245,0.201379
10607,0.502697,0.068068,0.30026,0.045586,0.088783
10608,0.529715,0.091173,0.209175,0.061473,0.167894
10609,0.618988,0.068083,0.399203,0.045507,0.106195
10610,0.481178,0.070678,0.218691,0.050382,0.141427
10611,0.415767,0.048774,0.23299,0.047862,0.086141
10612,0.405182,0.04313,0.162073,0.077436,0.122543
10613,0.424107,0.041437,0.248341,0.046131,0.088198
10614,0.417534,0.042435,0.167751,0.06667,0.140678
10615,0.419085,0.04127,0.233974,0.054528,0.089313
10616,0.398214,0.042241,0.189754,0.04062,0.125599
10617,0.44834,0.041163,0.288119,0.043948,0.07511
10618,0.428371,0.024642,0.210154,0.041288,0.152287
10619,0.452393,0.061956,0.23702,0.048619,0.104798
10620,0.3988,0.05114,0.192249,0.04063,0.114781
10621,0.424346,0.047773,0.244033,0.046929,0.085611
10622,0.377494,0.041298,0.169525,0.040626,0.126045
10623,0.411242,0.04307,0.23142,0.046992,0.08976
10624,0.353491,0.042086,0.152234,0.040511,0.11866
10625,0.422426,0.043452,0.245421,0.046235,0.087318
10626,0.347044,0.044925,0.174722,0.03829,0.089107
10627,0.403322,0.048249,0.230264,0.044568,0.080241
10628,0.323357,0.030956,0.152078,0.03872,0.101603
10629,0.425142,0.043434,0.244914,0.047645,0.089149
10630,0.408311,0.043893,0.164658,0.06248,0.13728
10631,0.406991,0.042846,0.23004,0.04558,0.088525
10632,0.406585,0.042178,0.153697,0.062464,0.148246
10633,0.401957,0.043221,0.242311,0.044864,0.071561
10634,0.34154,0.024037,0.169652,0.038378,0.109473
10635,0.375031,0.042468,0.234251,0.01877,0.079542
10636,0.310962,0.0415,0.153005,0.024975,0.091482
10637,0.403311,0.043126,0.244651,0.017878,0.097656
10638,0.311178,0.02371,0.167732,0.022669,0.097067
10639,0.376749,0.037124,0.230311,0.017463,0.091851
10640,0.301289,0.046387,0.150839,0.021462,0.082601
10641,0.381643,0.023547,0.246528,0.017596,0.093972
10642,0.321202,0.040324,0.168368,0.022986,0.089524
10643,0.363764,0.046928,0.22648,0.017606,0.07275
10644,0.29576,0.02362,0.155,0.0213,0.09584
10645,0.381594,0.022668,0.245316,0.017484,0.096126
10646,0.331324,0.02785,0.170281,0.021325,0.111868
10647,0.379673,0.03244,0.22781,0.017322,0.102101
10648,0.305989,0.047107,0.156664,0.022598,0.07962
10649,0.382287,0.043179,0.246539,0.017196,0.075373
10650,0.310218,0.02443,0.168203,0.022266,0.095319
10651,0.363296,0.04545,0.229095,0.017123,0.071628
10652,0.299649,0.023501,0.152862,0.021484,0.101802
10653,0.394002,0.046114,0.246713,0.017049,0.084126
10654,0.318467,0.025966,0.169192,0.021083,0.102226
10655,0.367565,0.041605,0.227979,0.017934,0.080047
10656,0.33151,0.049734,0.160853,0.02269,0.098233
10657,0.46148,0.067696,0.252013,0.049841,0.09193
10658,0.354666,0.032731,0.16854,0.038289,0.115106
10659,0.365007,0.028653,0.228822,0.017609,0.089923
10660,0.30932,0.020827,0.151777,0.035007,0.101709
10661,0.440536,0.047861,0.254542,0.032038,0.106095
10662,0.423089,0.076655,0.174129,0.040333,0.131972
10663,0.403842,0.025607,0.229112,0.045601,0.103522
10664,0.411305,0.066454,0.163519,0.04062,0.140712
10665,0.438734,0.069111,0.261628,0.019402,0.088593
10666,0.39742,0.046937,0.169741,0.049162,0.13158
10667,0.455464,0.046245,0.24766,0.060832,0.100727
10668,0.472591,0.075333,0.16249,0.061233,0.173535
10669,0.483744,0.068125,0.291564,0.045734,0.078321
10670,0.379337,0.026378,0.168944,0.060196,0.123819
10671,0.406689,0.031729,0.22947,0.046879,0.098611
10672,0.414668,0.028302,0.160664,0.07232,0.153382
10673,0.529493,0.045287,0.298946,0.08164,0.10362
10674,0.454073,0.028815,0.211487,0.039127,0.174644
10675,0.415725,0.022506,0.234444,0.046664,0.112111
10676,0.464805,0.068899,0.163241,0.072756,0.159909
10677,0.486587,0.066773,0.268838,0.066627,0.084349
10678,0.463211,0.067794,0.199412,0.051495,0.14451
10679,0.434197,0.025599,0.23498,0.059267,0.114351
10680,0.403631,0.068273,0.152315,0.049006,0.134037
10681,0.593027,0.046578,0.369808,0.045552,0.131089
10682,0.541007,0.091912,0.180317,0.06534,0.203438
10683,0.582377,0.065992,0.331903,0.058832,0.12565
10684,0.508376,0.077514,0.218054,0.043711,0.169097
10685,0.530729,0.026574,0.290473,0.070378,0.143304
10686,0.58284,0.068104,0.216672,0.086137,0.211927
10687,0.582513,0.074817,0.284438,0.060432,0.162826
10688,0.579557,0.067443,0.214277,0.079745,0.218092
10689,0.516971,0.06689,0.293549,0.046612,0.10992
10690,0.378706,0.046633,0.187289,0.04542,0.099364
10691,0.484131,0.06211,0.279609,0.046824,0.095588
10692,0.419586,0.046557,0.198041,0.043042,0.131946
10693,0.490066,0.061284,0.294959,0.046971,0.086852
10694,0.417501,0.046147,0.21309,0.040714,0.11755
10695,0.443926,0.061076,0.240256,0.043751,0.098843
10696,0.410341,0.046725,0.20123,0.041183,0.121203
10697,0.447784,0.048143,0.252951,0.045883,0.100807
10698,0.411614,0.041956,0.167659,0.062566,0.139433
10699,0.408642,0.025259,0.231668,0.046189,0.105526
10700,0.434779,0.041965,0.193527,0.06238,0.136907
10701,0.416593,0.041749,0.283322,0.017792,0.07373
10702,0.416334,0.042034,0.214806,0.040628,0.118866
10703,0.367779,0.04307,0.232525,0.017736,0.074448
10704,0.30504,0.041274,0.161053,0.023187,0.079526
10705,0.41935,0.04538,0.245536,0.045641,0.082793
10706,0.351167,0.024269,0.168621,0.044048,0.114229
10707,0.421466,0.035855,0.229899,0.045881,0.109831
10708,0.359033,0.045307,0.153307,0.04093,0.119489
10709,0.387496,0.042248,0.248411,0.018492,0.078345
10710,0.321918,0.043695,0.166953,0.024983,0.086287
10711,0.363936,0.04186,0.226355,0.017972,0.077749
10712,0.317132,0.032165,0.154331,0.022728,0.107908
10713,0.416904,0.046698,0.246492,0.044062,0.079652
10714,0.356066,0.026678,0.16766,0.03848,0.123248
10715,0.413421,0.041901,0.229476,0.056377,0.085667
10716,0.361924,0.026915,0.152881,0.06026,0.121868
10717,0.387374,0.042793,0.245919,0.017076,0.081586
10718,0.314671,0.042041,0.167516,0.025055,0.080059
10719,0.400438,0.041628,0.228032,0.043803,0.086975
10720,0.330545,0.024936,0.153085,0.0386,0.113924
10721,0.393806,0.056656,0.246324,0.01861,0.072216
10722,0.385541,0.046082,0.169093,0.040395,0.129971
10723,0.393935,0.04803,0.229013,0.043763,0.073129
10724,0.326293,0.024772,0.152133,0.03862,0.110768
10725,0.390973,0.04497,0.245898,0.017637,0.082468
10726,0.375188,0.04298,0.175909,0.040739,0.11556
10727,0.366964,0.042205,0.23027,0.01828,0.076209
10728,0.324947,0.026835,0.152269,0.02383,0.122013
10729,0.430624,0.022574,0.248474,0.045958,0.113618
10730,0.387922,0.04777,0.168985,0.048614,0.122553
10731,0.426113,0.045975,0.227967,0.053732,0.098439
10732,0.39826,0.040998,0.152088,0.062617,0.142557
10733,0.431552,0.046075,0.242849,0.058524,0.084104
10734,0.420501,0.041687,0.165348,0.073594,0.139872
10735,0.421009,0.02414,0.255334,0.047033,0.094502
10736,0.473867,0.078102,0.162713,0.073676,0.159376
10737,0.485374,0.065576,0.268591,0.059922,0.091285
10738,0.468828,0.080091,0.178018,0.071674,0.139045
10739,0.463993,0.071165,0.252239,0.059318,0.081271
10740,0.467949,0.073759,0.165013,0.088029,0.141148
10741,0.47971,0.068158,0.281472,0.044637,0.085443
10742,0.459386,0.024841,0.246717,0.039472,0.148356
10743,0.443227,0.022258,0.269366,0.046228,0.105375
10744,0.410115,0.032013,0.193621,0.065126,0.119355
10745,0.504971,0.067541,0.298136,0.045673,0.093621
10746,0.479302,0.066802,0.176023,0.085439,0.151038
10747,0.438231,0.066758,0.239583,0.046051,0.085839
10748,0.430616,0.032681,0.194692,0.040238,0.163005
10749,0.478022,0.04676,0.258709,0.068362,0.104191
10750,0.516113,0.067164,0.219633,0.062703,0.166613
10751,0.513651,0.066447,0.296468,0.057471,0.093265
10752,0.484402,0.064964,0.207892,0.050157,0.161389
10753,0.549735,0.068715,0.31072,0.059063,0.111237
10754,0.35694,0.039505,0.17959,0.038542,0.099303
10755,0.40908,0.05046,0.230693,0.04704,0.080887
10756,0.462775,0.046619,0.163611,0.073546,0.178999
10757,0.484172,0.067316,0.257792,0.074793,0.084271
10758,0.483702,0.098607,0.187913,0.044899,0.152283
10759,0.487134,0.068998,0.293515,0.045797,0.078824
10760,0.424484,0.03075,0.201194,0.06117,0.13137
10761,0.540698,0.077276,0.297557,0.047036,0.118829
10762,0.486964,0.069829,0.177761,0.06924,0.170134
10763,0.460696,0.066918,0.254038,0.059494,0.080246
10764,0.490183,0.079419,0.200367,0.068459,0.141938
10765,0.560188,0.066695,0.309761,0.059943,0.123789
10766,0.458997,0.087082,0.178999,0.038988,0.153928
10767,0.472465,0.042203,0.284328,0.047012,0.098922
10768,0.48398,0.045895,0.215675,0.040034,0.182376
10769,0.458449,0.046299,0.286499,0.046103,0.079548
10770,0.422082,0.041659,0.210667,0.040698,0.129058
10771,0.425866,0.058634,0.236816,0.044685,0.085731
10772,0.351099,0.038972,0.167482,0.038704,0.105941
10773,0.398138,0.048463,0.247575,0.019258,0.082842
10774,0.377699,0.044508,0.169548,0.040803,0.12284
10775,0.404368,0.04702,0.227425,0.044841,0.085082
10776,0.337904,0.027077,0.152915,0.049948,0.107964
10777,0.420167,0.02279,0.246472,0.045926,0.104979
10778,0.377323,0.046768,0.169164,0.040709,0.120682
10779,0.429191,0.06165,0.237393,0.043084,0.087064
10780,0.363929,0.04661,0.157407,0.040568,0.119344
10781,0.432629,0.026962,0.247887,0.047364,0.110416
10782,0.382903,0.044531,0.172184,0.040515,0.125673
10783,0.383049,0.040384,0.231979,0.01907,0.091616
10784,0.383051,0.041789,0.154544,0.044418,0.1423
10785,0.416287,0.041998,0.246963,0.04637,0.080956
10786,0.443637,0.039861,0.169987,0.062227,0.171562
10787,0.406708,0.052394,0.231814,0.0467,0.0758
10788,0.346076,0.023673,0.161939,0.038604,0.12186
10789,0.414009,0.042027,0.246618,0.043388,0.081976
10790,0.416142,0.061577,0.18056,0.041784,0.132221
10791,0.394737,0.050415,0.225676,0.04461,0.074036
10792,0.471878,0.041579,0.154263,0.046104,0.229932
10793,0.470306,0.04226,0.287469,0.043268,0.097309
10794,0.499532,0.045625,0.209186,0.060893,0.183828
10795,0.396262,0.042739,0.231984,0.043647,0.077892
10796,0.41568,0.042198,0.157721,0.06275,0.153011
10797,0.411463,0.044313,0.245511,0.046749,0.07489
10798,0.443762,0.041612,0.168355,0.062913,0.170882
10799,0.408786,0.041134,0.230687,0.043853,0.093112
10800,0.404486,0.042546,0.153263,0.071636,0.137041
10801,0.41034,0.048977,0.248472,0.029607,0.083284
10802,0.421188,0.073827,0.179607,0.039912,0.127842
10803,0.442499,0.076053,0.238018,0.04392,0.084508
10804,0.416223,0.046645,0.155204,0.062704,0.15167
10805,0.44206,0.04475,0.255184,0.049896,0.09223
10806,0.379111,0.041336,0.168582,0.0407,0.128493
10807,0.427882,0.042146,0.236792,0.046309,0.102635
10808,0.373731,0.033812,0.154052,0.041224,0.144643
10809,0.467607,0.053346,0.283068,0.050505,0.080688
10810,0.452866,0.042635,0.213134,0.04098,0.156117
10811,0.411107,0.04196,0.231681,0.046032,0.091434
10812,0.400347,0.047825,0.160813,0.040676,0.151033
10813,0.460386,0.07915,0.252027,0.049654,0.079555
10814,0.455579,0.080225,0.225774,0.039031,0.110549
10815,0.54658,0.089252,0.286709,0.048023,0.122596
10816,0.426424,0.0805,0.172704,0.040916,0.132304
10817,0.49878,0.067818,0.292779,0.046712,0.091471
10818,0.487086,0.078031,0.178357,0.071587,0.159111
10819,0.40668,0.067682,0.238759,0.01808,0.082159
10820,0.361258,0.067206,0.163475,0.022737,0.10784
10821,0.48137,0.024876,0.255321,0.07021,0.130963
10822,0.53075,0.084507,0.223068,0.056251,0.166924
10823,0.491583,0.067771,0.272769,0.047179,0.103864
10824,0.523384,0.083838,0.210627,0.04012,0.188799
10825,0.576378,0.066143,0.378489,0.017819,0.113927
10826,0.446982,0.082876,0.228156,0.023918,0.112032
10827,0.483053,0.078028,0.268346,0.047111,0.089568
10828,0.480746,0.055244,0.168444,0.07212,0.184938
10829,0.477357,0.071303,0.25481,0.060832,0.090412
10830,0.446769,0.079603,0.195319,0.040776,0.131071
10831,0.503957,0.071732,0.240342,0.063603,0.12828
10832,0.40926,0.069443,0.16249,0.043542,0.133785
10833,0.506558,0.02543,0.295566,0.04853,0.137032
10834,0.506106,0.091856,0.223432,0.040383,0.150435
10835,0.485797,0.067516,0.272466,0.045989,0.099826
10836,0.476353,0.077819,0.224757,0.044112,0.129665
10837,0.501604,0.068112,0.296652,0.045577,0.091263
10838,0.547875,0.08037,0.231735,0.075843,0.159927
10839,0.433475,0.025514,0.237944,0.046076,0.123941
10840,0.415511,0.078486,0.15998,0.040715,0.13633
10841,0.468748,0.06754,0.247512,0.047308,0.106388
10842,0.444295,0.068248,0.181243,0.044613,0.150191
10843,0.502987,0.07156,0.274163,0.046874,0.11039
10844,0.449405,0.088135,0.164645,0.044068,0.152557
10845,0.453037,0.026941,0.26271,0.046153,0.117233
10846,0.536677,0.057671,0.213204,0.08104,0.184762
10847,0.511614,0.066876,0.280108,0.047162,0.117468
10848,0.479466,0.076937,0.202987,0.050746,0.148796
10849,0.490402,0.082271,0.266408,0.060401,0.081322
10850,0.432245,0.080592,0.177536,0.04007,0.134047
10851,0.463297,0.048761,0.236504,0.045526,0.132506
10852,0.443691,0.047538,0.195947,0.054163,0.146043
10853,0.589704,0.079598,0.357332,0.047747,0.105027
10854,0.542319,0.088419,0.222739,0.062397,0.168764
10855,0.48919,0.067531,0.281563,0.045986,0.09411
10856,0.49947,0.089076,0.205876,0.0389,0.165618
10857,0.517524,0.061257,0.291589,0.049012,0.115666
10858,0.478811,0.056881,0.182754,0.073776,0.1654
10859,0.474989,0.077383,0.239647,0.070106,0.087853
10860,0.45802,0.079377,0.164203,0.068453,0.145987
10861,0.483226,0.0682,0.265441,0.059959,0.089626
10862,0.432909,0.069901,0.219313,0.038434,0.105261
10863,0.525823,0.079107,0.282123,0.047733,0.11686
10864,0.4916,0.089496,0.210012,0.045642,0.14645
10865,0.578687,0.069732,0.353659,0.045792,0.109504
10866,0.483357,0.079442,0.179491,0.069173,0.155251
10867,0.497776,0.067376,0.28301,0.047976,0.099414
10868,0.417758,0.075748,0.189484,0.03846,0.114066
10869,0.495466,0.080445,0.25374,0.070306,0.090975
10870,0.491517,0.08114,0.185361,0.074954,0.150062
10871,0.690409,0.068382,0.23816,0.066476,0.317391
10872,0.417466,0.041659,0.195489,0.040667,0.139651
10873,0.468471,0.068883,0.2949,0.017939,0.086749
10874,0.446217,0.081379,0.22329,0.039598,0.10195
10875,1.03233,0.598823,0.27636,0.047562,0.109586
10876,0.446433,0.048877,0.200294,0.059973,0.137289
10877,0.473262,0.046623,0.290826,0.046188,0.089625
10878,0.49513,0.046289,0.208399,0.041652,0.19879
10879,0.442242,0.049481,0.285744,0.017206,0.089811
10880,0.341656,0.023002,0.160519,0.03004,0.128095
10881,0.543877,0.051707,0.37581,0.017062,0.099298
10882,0.466293,0.049372,0.210198,0.04095,0.165773
10883,0.411746,0.04784,0.235788,0.017437,0.110681
10884,0.488661,0.050405,0.228515,0.040995,0.168746
10885,0.52375,0.04811,0.299137,0.03102,0.145483
10886,0.462989,0.065339,0.192884,0.047829,0.156937
10887,0.4724,0.050855,0.272584,0.045481,0.10348
10888,0.567908,0.128631,0.207178,0.040554,0.191545
10889,0.550583,0.130369,0.262609,0.063312,0.094293
10890,0.610176,0.130654,0.223265,0.075417,0.18084
10891,0.51554,0.077405,0.238484,0.016911,0.18274
10892,0.492688,0.057498,0.226991,0.041804,0.166395
10893,0.527653,0.080613,0.301964,0.016811,0.128265
10894,0.468995,0.105028,0.230207,0.026553,0.107207
10895,0.552462,0.103058,0.302747,0.017691,0.128966
10896,0.504242,0.079722,0.205308,0.04097,0.178242
10897,0.451473,0.07676,0.254656,0.017029,0.103028
10898,0.405893,0.036679,0.187633,0.050043,0.131538
10899,0.470093,0.077317,0.247143,0.031596,0.114037
10900,0.450944,0.105112,0.211535,0.021428,0.112869
10901,0.601513,0.08023,0.299205,0.016498,0.20558
10902,0.439124,0.07764,0.217759,0.02109,0.122635
10903,0.512077,0.07781,0.286093,0.026967,0.121207
10904,0.442609,0.056567,0.224733,0.021632,0.139677
10905,0.481635,0.096211,0.255317,0.016517,0.11359
10906,0.430196,0.080226,0.216431,0.031242,0.102297
10907,0.46782,0.078853,0.251078,0.032156,0.105733
10908,0.426906,0.106648,0.18589,0.020708,0.11366
10909,0.454913,0.049858,0.291212,0.017093,0.09675
10910,0.404369,0.052773,0.222067,0.027265,0.102264
10911,0.523864,0.082306,0.282961,0.046026,0.112571
10912,0.608571,0.131389,0.205859,0.076808,0.194515
10913,0.535971,0.083891,0.306056,0.047745,0.098279
10914,0.541875,0.106637,0.230926,0.044126,0.160186
10915,0.585688,0.106946,0.302743,0.048449,0.12755
10916,0.589507,0.131518,0.217982,0.074867,0.16514
10917,0.548589,0.088606,0.305157,0.050483,0.104343
10918,0.448542,0.109731,0.179204,0.039768,0.119839
10919,0.571384,0.119468,0.290724,0.052348,0.108844
10920,0.459626,0.032907,0.205624,0.041244,0.179851
10921,0.506814,0.080141,0.305121,0.01935,0.102202
10922,1.18537,0.075371,0.241097,0.040908,0.827995
10923,0.5615,0.107668,0.289848,0.047607,0.116377
10924,0.505442,0.132311,0.204023,0.038702,0.130406
10925,0.562604,0.1134,0.303025,0.045796,0.100383
10926,0.534589,0.117376,0.203792,0.04024,0.173181
10927,0.568571,0.143335,0.27898,0.045952,0.100304
10928,0.516609,0.133633,0.200253,0.051866,0.130857
10929,0.541869,0.1177,0.262849,0.060404,0.100916
10930,0.548442,0.106067,0.191101,0.04057,0.210704
10931,0.483951,0.064348,0.277171,0.047881,0.094551
10932,0.443729,0.052835,0.201163,0.064134,0.125597
10933,0.497311,0.067813,0.299945,0.017876,0.111677
10934,0.495024,0.078809,0.233005,0.04085,0.14236
10935,0.44674,0.086411,0.247379,0.018308,0.094642
10936,0.43982,0.062329,0.248868,0.027288,0.101335
10937,0.538593,0.115284,0.263531,0.046713,0.113065
10938,0.401837,0.050186,0.175384,0.058828,0.117439
10939,0.533094,0.1255,0.236278,0.060132,0.111184
10940,0.55606,0.129476,0.211993,0.040803,0.173788
10941,0.503738,0.061722,0.291616,0.057719,0.092681
10942,0.407487,0.049329,0.211728,0.038716,0.107714
10943,0.457443,0.0247,0.278662,0.046432,0.107649
10944,0.532847,0.114259,0.209826,0.048999,0.159763
10945,0.501222,0.086432,0.270035,0.046322,0.098433
10946,0.558402,0.13037,0.216023,0.045498,0.166511
10947,0.523687,0.115882,0.246233,0.058645,0.102927
10948,0.552802,0.117963,0.210687,0.040212,0.18394
10949,0.512566,0.037707,0.307278,0.048445,0.119136
10950,0.572753,0.138536,0.219429,0.040221,0.174567
10951,0.510143,0.088215,0.285977,0.045888,0.090063
10952,0.526233,0.08754,0.207714,0.040675,0.190304
10953,0.502973,0.08169,0.266227,0.04563,0.109426
10954,0.499582,0.0883,0.23976,0.062526,0.108996
10955,0.490925,0.06753,0.278916,0.027807,0.116672
10956,0.400404,0.088132,0.170531,0.023045,0.118696
10957,0.536667,0.129981,0.29494,0.017717,0.094029
10958,0.532448,0.077582,0.228262,0.042428,0.184176
10959,0.524193,0.106907,0.287622,0.017046,0.112618
10960,0.409195,0.078901,0.201807,0.023778,0.104709
10961,0.440226,0.034364,0.255428,0.045868,0.104566
10962,0.620757,0.136772,0.217975,0.07149,0.19452
10963,0.592177,0.127494,0.28722,0.04708,0.130383
10964,0.524116,0.133227,0.200641,0.063107,0.127141
10965,0.577671,0.111629,0.305264,0.045265,0.115513
10966,0.513257,0.128497,0.221004,0.038346,0.12541
10967,0.53814,0.117701,0.25644,0.060233,0.103766
10968,0.544244,0.140763,0.210946,0.048547,0.143988
10969,0.497715,0.090725,0.266328,0.045668,0.094994
10970,0.478676,0.050909,0.217715,0.04487,0.165182
10971,0.419442,0.053922,0.259556,0.01774,0.088224
10972,0.317811,0.029533,0.158529,0.02357,0.106179
10973,0.460488,0.031388,0.293415,0.016928,0.118757
10974,0.495746,0.076764,0.22278,0.041016,0.155186
10975,0.490479,0.082484,0.297158,0.017385,0.093452
10976,0.4505,0.103668,0.213701,0.023314,0.109817
10977,0.502725,0.108161,0.263391,0.017058,0.114115
10978,0.451414,0.10619,0.224405,0.021357,0.099462
10979,0.538851,0.109873,0.248738,0.059224,0.121016
10980,0.491997,0.126525,0.161274,0.060847,0.143351
10981,0.524326,0.084057,0.29823,0.048073,0.093966
10982,0.478475,0.055783,0.214188,0.045393,0.163111
10983,0.453442,0.05496,0.286192,0.018231,0.094059
10984,0.468295,0.059836,0.205174,0.041452,0.161833
10985,0.479602,0.076541,0.261118,0.018094,0.123849
10986,0.547909,0.142149,0.229564,0.059025,0.117171
10987,0.487602,0.102048,0.246985,0.025974,0.112595
10988,0.454995,0.10758,0.210489,0.022285,0.114641
10989,0.560537,0.118841,0.281729,0.061745,0.098222
10990,0.547381,0.130322,0.214263,0.04052,0.162276
10991,0.43704,0.050092,0.276784,0.018947,0.091217
10992,0.440173,0.049538,0.195051,0.043024,0.15256
10993,0.492953,0.055628,0.302451,0.046745,0.088129
10994,0.546602,0.143979,0.185431,0.050726,0.166466
10995,0.48179,0.080984,0.283061,0.01745,0.100295
10996,0.376137,0.077408,0.166228,0.032762,0.099739
10997,0.452782,0.081316,0.260652,0.017389,0.093425
10998,0.362031,0.035527,0.175059,0.031675,0.11977
10999,0.4049,0.059108,0.233646,0.019642,0.092504
11000,0.332571,0.060095,0.158264,0.021676,0.092536
11001,0.468739,0.084008,0.258225,0.016841,0.109665
11002,0.401324,0.07781,0.179692,0.02092,0.122902
11003,0.425297,0.052521,0.235059,0.017058,0.120659
11004,0.374847,0.059196,0.167557,0.0207,0.127394
11005,0.541837,0.114387,0.26364,0.05958,0.10423
11006,0.509919,0.11724,0.186774,0.040578,0.165327
11007,0.453709,0.054752,0.247257,0.046493,0.105207
11008,0.551546,0.120249,0.209217,0.047922,0.174158
11009,0.542431,0.085799,0.299629,0.046962,0.110041
11010,0.507639,0.050918,0.225876,0.04095,0.189895
11011,0.509306,0.077723,0.257665,0.063845,0.110073
11012,0.542553,0.11621,0.229067,0.047656,0.14962
11013,0.527486,0.089555,0.294745,0.0488,0.094386
11014,0.497445,0.133023,0.174989,0.03977,0.149663
11015,0.520273,0.110503,0.247151,0.059581,0.103038
11016,0.466987,0.142684,0.169229,0.039637,0.115437
11017,0.440663,0.054341,0.259966,0.018273,0.108083
11018,0.357129,0.049994,0.176029,0.026746,0.10436
11019,0.444823,0.054788,0.274318,0.017028,0.098689
11020,0.415656,0.106184,0.171872,0.032402,0.105198
11021,0.513593,0.10543,0.262029,0.016941,0.129193
11022,0.396369,0.080618,0.180944,0.032212,0.102595
11023,0.512229,0.101429,0.247578,0.020015,0.143207
11024,0.407999,0.036956,0.159422,0.029136,0.182485
11025,0.494014,0.075394,0.297195,0.017061,0.104364
11026,0.398461,0.048225,0.214646,0.033577,0.102013
11027,0.507333,0.088227,0.285785,0.016793,0.116528
11028,0.378427,0.05074,0.198986,0.031526,0.097175
11029,0.500591,0.08507,0.267251,0.031098,0.117172
11030,0.495077,0.106209,0.230839,0.023582,0.134447
11031,0.438892,0.066291,0.248681,0.017604,0.106316
11032,0.391177,0.059401,0.164108,0.04111,0.126558
11033,0.574622,0.116382,0.265093,0.059008,0.134139
11034,0.572931,0.13128,0.250222,0.040388,0.151041
11035,0.575998,0.116257,0.292701,0.046889,0.120151
11036,0.478596,0.110152,0.177652,0.060973,0.129819
11037,0.484535,0.034832,0.300418,0.046003,0.103282
11038,0.534149,0.122232,0.221756,0.043143,0.147018
11039,0.56,0.120353,0.277413,0.045353,0.116881
11040,0.513312,0.131572,0.212024,0.039994,0.129722
11041,0.576414,0.115517,0.308931,0.04539,0.106576
11042,0.62885,0.151769,0.258674,0.07559,0.142817
11043,0.58134,0.115173,0.296726,0.047649,0.121792
11044,0.547178,0.118118,0.220378,0.05065,0.158032
11045,0.58663,0.126611,0.321279,0.046172,0.092568
11046,0.551613,0.124923,0.222839,0.040968,0.162883
11047,0.566775,0.115463,0.290583,0.052744,0.107985
11048,0.439453,0.035243,0.210063,0.04025,0.153897
11049,0.524789,0.106937,0.302568,0.018443,0.096841
11050,0.530258,0.106857,0.239429,0.047978,0.135994
11051,0.568665,0.13356,0.281332,0.045988,0.107785
11052,0.545731,0.12949,0.215859,0.051123,0.149259
11053,0.614284,0.11198,0.326089,0.046249,0.129966
11054,0.603752,0.118807,0.239541,0.04941,0.195994
11055,0.548766,0.125975,0.276691,0.046611,0.099489
11056,0.544927,0.116995,0.210964,0.050494,0.166474
11057,0.587237,0.12707,0.301517,0.051915,0.106735
11058,0.478191,0.122738,0.181666,0.03989,0.133897
11059,0.575539,0.107815,0.297371,0.047041,0.123312
11060,0.554922,0.127982,0.208434,0.0398,0.178706
11061,0.579455,0.120217,0.30707,0.046703,0.105465
11062,0.596538,0.141429,0.216653,0.071844,0.166612
11063,0.55788,0.126941,0.286565,0.04765,0.096724
11064,0.464562,0.059984,0.175464,0.04026,0.188854
11065,0.599415,0.138354,0.30999,0.047777,0.103294
11066,0.550851,0.126834,0.227384,0.041218,0.155415
11067,0.561978,0.135756,0.292686,0.01992,0.113616
11068,0.484602,0.104732,0.212286,0.038563,0.129021
11069,0.525633,0.110286,0.299657,0.018593,0.097097
11070,0.548846,0.11815,0.22855,0.048428,0.153718
11071,0.571085,0.112039,0.295088,0.046174,0.117784
11072,0.552857,0.10966,0.214461,0.058942,0.169794
11073,0.582612,0.132091,0.300441,0.046457,0.103623
11074,0.567422,0.118223,0.245027,0.050512,0.15366
11075,0.44191,0.038165,0.243825,0.04609,0.11383
11076,0.562282,0.129049,0.215166,0.041148,0.176919
11077,0.576877,0.110483,0.307792,0.046849,0.111753
11078,0.599381,0.126548,0.217137,0.06044,0.195256
11079,0.571889,0.109277,0.304282,0.046573,0.111757
11080,0.565015,0.128701,0.2292,0.063734,0.14338
11081,0.558856,0.119121,0.296085,0.045554,0.098096
11082,0.547212,0.125288,0.217424,0.04048,0.16402
11083,0.578149,0.117849,0.291652,0.045643,0.123005
11084,0.511582,0.116191,0.181923,0.04068,0.172788
11085,0.574873,0.112778,0.304963,0.047676,0.109456
11086,0.490838,0.059922,0.229466,0.051456,0.149994
11087,0.599881,0.131125,0.298756,0.069703,0.100297
11088,0.594837,0.12069,0.212164,0.050993,0.21099
11089,0.569111,0.10653,0.31115,0.046502,0.104929
11090,0.557865,0.128571,0.221881,0.040622,0.166791
11091,0.515143,0.085071,0.248353,0.068905,0.112814
11092,0.54888,0.11817,0.213229,0.041188,0.176293
11093,0.568477,0.126097,0.29657,0.045419,0.100391
11094,0.567675,0.128454,0.22322,0.04102,0.174981
11095,0.598658,0.11829,0.31737,0.045311,0.117687
11096,0.558334,0.115031,0.226993,0.06159,0.15472
11097,0.602393,0.10914,0.297262,0.08109,0.114901
11098,0.545482,0.126747,0.221567,0.040673,0.156495
11099,0.55092,0.110532,0.287647,0.05975,0.092991
11100,0.527421,0.08818,0.238374,0.04109,0.159777
11101,0.590847,0.108745,0.306011,0.067631,0.10846
11102,0.491964,0.036471,0.217103,0.053669,0.184721
11103,0.539362,0.122676,0.287624,0.020579,0.108483
11104,0.491236,0.080669,0.205504,0.042216,0.162847
11105,0.534311,0.122091,0.297696,0.018429,0.096095
11106,0.509651,0.079353,0.222462,0.05235,0.155486
11107,0.493889,0.078733,0.287002,0.018572,0.109582
11108,0.533357,0.155261,0.214208,0.039662,0.124226
11109,0.51242,0.097162,0.304105,0.017659,0.093494
11110,0.467718,0.105811,0.228954,0.024092,0.108861
11111,0.435343,0.077375,0.243118,0.016915,0.097935
11112,0.397169,0.078484,0.171277,0.031715,0.115693
11113,0.52288,0.108949,0.266469,0.018503,0.128959
11114,0.468224,0.09293,0.169886,0.056552,0.148856
11115,0.532902,0.095376,0.251874,0.062122,0.12353
11116,0.561957,0.147922,0.216674,0.040747,0.156614
11117,0.494649,0.051544,0.292682,0.047195,0.103228
11118,0.547443,0.110567,0.22563,0.040873,0.170373
11119,0.622156,0.11397,0.314375,0.081692,0.112119
11120,0.558662,0.125943,0.206716,0.040918,0.185085
11121,0.602435,0.121337,0.306502,0.046403,0.128193
11122,0.606656,0.129134,0.227674,0.075173,0.174675
11123,0.556369,0.129927,0.284268,0.045706,0.096468
11124,0.600569,0.149123,0.214077,0.06924,0.168129
11125,0.591947,0.117213,0.30548,0.04648,0.122774
11126,0.565049,0.118305,0.24352,0.052095,0.151129
11127,0.569149,0.134671,0.276961,0.051561,0.105956
11128,0.493404,0.126444,0.202392,0.039757,0.124811
11129,0.55873,0.114011,0.314454,0.018001,0.112264
11130,0.465676,0.036177,0.17844,0.041398,0.209661
11131,0.556938,0.120923,0.280737,0.046312,0.108966
11132,0.595285,0.120713,0.225829,0.07213,0.176613
11133,0.574778,0.125345,0.306009,0.048122,0.095302
11134,0.539449,0.124175,0.221755,0.045935,0.147584
11135,0.550895,0.118824,0.309351,0.019556,0.103164
11136,0.524038,0.120031,0.206295,0.040767,0.156945
11137,0.525497,0.084584,0.299981,0.04686,0.094072
11138,0.55666,0.119569,0.240785,0.046186,0.15012
11139,0.53226,0.10931,0.26752,0.047769,0.107661
11140,0.507073,0.108751,0.172491,0.040148,0.185683
11141,0.5286,0.070821,0.259068,0.062465,0.136246
11142,0.578807,0.131455,0.2271,0.040242,0.18001
11143,0.589071,0.123406,0.284995,0.06029,0.12038
11144,0.546237,0.111154,0.20378,0.047492,0.183811
11145,0.564421,0.126375,0.299702,0.045236,0.093108
11146,0.516149,0.129574,0.221502,0.039137,0.125936
11147,0.561571,0.12148,0.296344,0.018787,0.12496
11148,0.538316,0.115597,0.199642,0.044832,0.178245
11149,0.577804,0.111175,0.299601,0.045388,0.12164
11150,0.556325,0.119127,0.251046,0.045066,0.141086
11151,0.445808,0.054246,0.27903,0.017547,0.094985
11152,0.334291,0.02928,0.156869,0.031242,0.1169
11153,0.443275,0.049135,0.28657,0.016706,0.090864
11154,0.38948,0.048994,0.215392,0.021486,0.103608
11155,0.459713,0.070846,0.284212,0.016649,0.088006
11156,0.387489,0.066405,0.201429,0.022895,0.09676
11157,0.474915,0.079973,0.262322,0.048712,0.083908
11158,0.529452,0.07915,0.181571,0.063007,0.205724
11159,0.434637,0.024916,0.232659,0.060588,0.116474
11160,0.381558,0.045264,0.153945,0.059637,0.122712
11161,0.419686,0.021425,0.245752,0.049406,0.103103
11162,0.484122,0.077297,0.17051,0.07347,0.162845
11163,0.444035,0.066624,0.231993,0.049072,0.096346
11164,0.416982,0.068821,0.16381,0.060624,0.123727
11165,0.427508,0.06927,0.25054,0.01802,0.089678
11166,0.387124,0.075847,0.176683,0.029038,0.105556
11167,0.484628,0.067477,0.238514,0.059802,0.118835
11168,0.483173,0.076633,0.198891,0.040802,0.166847
11169,0.425868,0.02446,0.24838,0.046012,0.107016
11170,0.470049,0.057837,0.177995,0.074019,0.160198
11171,0.464587,0.080864,0.247901,0.046346,0.089476
11172,0.447013,0.02531,0.196938,0.053413,0.171352
11173,0.5872,0.077321,0.351843,0.04645,0.111586
11174,0.505991,0.090756,0.227253,0.040786,0.147196
11175,0.506222,0.080562,0.290965,0.046404,0.088291
11176,0.51042,0.077872,0.206285,0.073577,0.152686
11177,0.464026,0.057487,0.248907,0.050241,0.107391
11178,0.560357,0.026178,0.21844,0.040849,0.27489
11179,0.467268,0.056478,0.240796,0.061154,0.10884
11180,0.422477,0.081095,0.159919,0.040572,0.140891
11181,0.49608,0.069047,0.258201,0.067936,0.100896
11182,0.478159,0.078316,0.212391,0.056648,0.130804
11183,0.499774,0.0677,0.281102,0.046259,0.104713
11184,0.374546,0.038683,0.161868,0.03861,0.135385
11185,0.508611,0.081717,0.292608,0.046311,0.087975
11186,0.501428,0.078765,0.225997,0.050446,0.14622
11187,0.51266,0.089556,0.27584,0.046516,0.100748
11188,0.528226,0.077581,0.156199,0.040854,0.253592
11189,0.49369,0.078503,0.258962,0.070956,0.085269
11190,0.441464,0.044666,0.176162,0.050006,0.17063
11191,0.526717,0.082038,0.29469,0.048236,0.101753
11192,0.518261,0.090715,0.200707,0.0679,0.158939
11193,0.516547,0.079585,0.297107,0.046483,0.093372
11194,0.488019,0.077812,0.222147,0.047282,0.140778
11195,0.503524,0.06725,0.284773,0.049598,0.101903
11196,0.44013,0.042156,0.157388,0.064713,0.175873
11197,0.487951,0.072074,0.263108,0.06921,0.083559
11198,0.603155,0.077586,0.215852,0.045228,0.264489
11199,0.52,0.080492,0.290154,0.04746,0.101894
11200,0.4707,0.078725,0.204676,0.05371,0.133589
11201,0.510002,0.089464,0.290253,0.047162,0.083123
11202,0.44516,0.042033,0.173149,0.062217,0.167761
11203,0.481089,0.067208,0.271785,0.04736,0.094736
11204,0.536396,0.119862,0.207854,0.04282,0.16586
11205,0.485399,0.068794,0.252043,0.064591,0.099971
11206,0.430604,0.081718,0.177686,0.041014,0.130186
11207,0.510781,0.089839,0.275519,0.061016,0.084407
11208,0.57465,0.074113,0.164559,0.039716,0.296262
11209,0.575369,0.077821,0.350725,0.046692,0.100131
11210,0.527384,0.089264,0.228825,0.044295,0.165
11211,0.512465,0.067053,0.296919,0.045877,0.102616
11212,0.473835,0.081563,0.20484,0.052,0.135432
11213,0.469211,0.068827,0.253152,0.05179,0.095442
11214,0.511859,0.085838,0.206329,0.043532,0.17616
11215,0.469981,0.081772,0.237725,0.060684,0.0898
11216,0.496762,0.080495,0.206316,0.047688,0.162263
11217,0.511049,0.080348,0.284796,0.04592,0.099985
11218,0.609344,0.065253,0.215219,0.056636,0.272236
11219,0.531647,0.095115,0.283079,0.049281,0.104172
11220,0.437589,0.024577,0.174242,0.041196,0.197574
11221,0.582727,0.08221,0.311794,0.06227,0.126453
11222,0.520339,0.102891,0.21297,0.051727,0.152751
11223,0.516399,0.078976,0.28972,0.045453,0.10225
11224,0.502375,0.076655,0.201995,0.06676,0.156965
11225,0.509678,0.06415,0.29567,0.025414,0.124444
11226,0.454222,0.025697,0.21165,0.045022,0.171853
11227,0.518331,0.081535,0.288607,0.046939,0.10125
11228,0.444023,0.067962,0.197903,0.048656,0.129502
11229,0.525549,0.078782,0.304379,0.046169,0.096219
11230,0.510282,0.078519,0.217292,0.060116,0.154355
11231,0.478555,0.067652,0.294817,0.019771,0.096315
11232,0.389793,0.038619,0.186113,0.050927,0.114134
11233,0.508277,0.083145,0.293248,0.046641,0.085243
11234,0.423693,0.076875,0.179543,0.040846,0.126429
11235,0.462378,0.068074,0.230877,0.062027,0.1014
11236,0.470785,0.077576,0.159453,0.081313,0.152443
11237,0.471358,0.068222,0.254104,0.060319,0.088713
11238,0.38352,0.038615,0.172401,0.050564,0.12194
11239,0.472122,0.065005,0.279558,0.019353,0.108206
11240,0.43754,0.063419,0.220322,0.018672,0.135127
11241,0.480002,0.067569,0.300181,0.01788,0.094372
11242,0.361609,0.032519,0.213486,0.021752,0.093852
11243,0.424698,0.031328,0.262997,0.023356,0.107017
11244,0.298891,0.021534,0.154431,0.018033,0.104893
11245,0.401411,0.021758,0.250835,0.018186,0.110632
11246,0.343063,0.048967,0.173701,0.018013,0.102382
11247,0.419355,0.067962,0.237252,0.018336,0.095805
11248,0.332767,0.069164,0.161958,0.017947,0.083698
11249,0.440463,0.067538,0.259173,0.035023,0.078729
11250,0.342906,0.065899,0.177245,0.019888,0.079874
11251,0.418698,0.066044,0.248016,0.018546,0.086092
11252,0.300186,0.026586,0.156421,0.017972,0.099207
11253,0.393942,0.022186,0.246056,0.018223,0.107477
11254,0.311948,0.022792,0.166816,0.017371,0.104969
11255,0.408584,0.047868,0.23952,0.0178,0.103396
11256,0.335245,0.077167,0.15799,0.017677,0.082411
11257,0.391944,0.025516,0.247494,0.017951,0.100983
11258,0.328876,0.032269,0.169598,0.01811,0.108899
11259,0.383017,0.021698,0.230009,0.018685,0.112625
11260,0.322909,0.066547,0.153868,0.018235,0.084259
11261,0.445597,0.068307,0.257419,0.032653,0.087218
11262,0.356131,0.066826,0.182159,0.018643,0.088503
11263,0.398626,0.067359,0.231645,0.018195,0.081427
11264,0.309727,0.024288,0.153686,0.0182,0.113553
11265,0.403832,0.02883,0.246056,0.017964,0.110982
11266,0.326744,0.031338,0.16972,0.017985,0.107701
11267,0.376706,0.021887,0.229217,0.01746,0.108142
11268,0.346473,0.047252,0.172338,0.017717,0.109166
11269,0.442187,0.06993,0.258485,0.034263,0.079509
11270,0.348889,0.069129,0.177297,0.019392,0.083071
11271,0.411409,0.070949,0.24027,0.017639,0.082551
11272,0.307421,0.028567,0.156872,0.019863,0.102119
11273,0.387471,0.027057,0.247063,0.018483,0.094868
11274,0.366076,0.022091,0.176209,0.018442,0.149334
11275,0.403969,0.048313,0.235803,0.017782,0.102071
11276,0.331197,0.06991,0.159523,0.017912,0.083852
11277,0.449456,0.06797,0.25337,0.032494,0.095622
11278,0.352335,0.069271,0.179479,0.017625,0.08596
11279,0.374993,0.025025,0.231923,0.018329,0.099716
11280,0.306606,0.024895,0.154538,0.017599,0.109574
11281,0.420584,0.031885,0.265846,0.018614,0.104239
11282,0.324984,0.034664,0.169673,0.019366,0.101281
11283,0.464833,0.080669,0.24297,0.061857,0.079337
11284,0.364798,0.081169,0.154161,0.045439,0.084029
11285,0.451864,0.03164,0.245507,0.053114,0.121603
11286,0.362709,0.035591,0.173441,0.054388,0.099289
11287,0.505004,0.023642,0.232725,0.052541,0.196096
11288,0.381169,0.05489,0.162506,0.02753,0.136243
11289,0.499867,0.089815,0.255641,0.048588,0.105823
11290,0.407086,0.081762,0.19608,0.046462,0.082782
11291,0.460144,0.078783,0.23292,0.060733,0.087708
11292,0.368424,0.079509,0.155813,0.052302,0.0808
11293,0.472591,0.067108,0.305911,0.01773,0.081842
11294,0.318353,0.026379,0.169681,0.020756,0.101537
11295,0.39547,0.034335,0.230953,0.017944,0.112238
11296,0.382687,0.081441,0.167147,0.046735,0.087364
11297,0.569068,0.070057,0.255684,0.060401,0.182926
11298,0.41581,0.077344,0.172531,0.072974,0.092961
11299,0.50792,0.068746,0.259683,0.066387,0.113104
11300,0.388229,0.049889,0.159043,0.047541,0.131756
11301,0.548404,0.079303,0.316852,0.022418,0.129831
11302,0.401625,0.078472,0.180217,0.046209,0.096727
11303,0.504451,0.081956,0.276182,0.062369,0.083944
11304,0.425676,0.076593,0.202779,0.054196,0.092108
11305,0.544933,0.079534,0.330628,0.049379,0.085392
11306,0.402057,0.080393,0.179256,0.052852,0.089556
11307,0.542569,0.067272,0.239632,0.05268,0.182985
11308,0.303456,0.025124,0.156967,0.018309,0.103056
11309,0.572693,0.086355,0.298556,0.059993,0.127789
11310,0.463614,0.062567,0.235118,0.046874,0.119055
11311,0.504653,0.055997,0.283355,0.05515,0.110151
11312,0.432325,0.067044,0.203791,0.054388,0.107102
11313,0.5165,0.077673,0.29357,0.051682,0.093575
11314,0.401806,0.085163,0.186819,0.018163,0.111661
11315,0.413691,0.07133,0.240272,0.018067,0.084022
11316,0.381084,0.067515,0.174501,0.044028,0.09504
11317,0.54455,0.054587,0.258485,0.022962,0.208516
11318,0.333462,0.023241,0.171482,0.018717,0.120022
11319,0.421125,0.047512,0.236119,0.020501,0.116993
11320,0.350969,0.078163,0.161068,0.02154,0.090198
11321,0.427755,0.073404,0.248948,0.01872,0.086683
11322,0.34488,0.068345,0.177559,0.018027,0.080949
11323,0.427704,0.067591,0.237132,0.020147,0.102834
11324,0.32188,0.068323,0.154723,0.018462,0.080372
11325,0.394412,0.023426,0.246897,0.020894,0.103195
11326,0.329437,0.03184,0.174469,0.018589,0.104539
11327,0.418929,0.02741,0.241177,0.018233,0.132109
11328,0.331507,0.029167,0.158965,0.018885,0.12449
11329,0.461767,0.068064,0.26024,0.01794,0.115523
11330,0.36448,0.069296,0.179212,0.018661,0.097311
11331,0.447726,0.070215,0.240821,0.018454,0.118236
11332,0.369219,0.06682,0.165225,0.018607,0.118567
11333,0.431015,0.025706,0.251294,0.018146,0.135869
11334,0.346898,0.031369,0.172217,0.017947,0.125365
11335,0.407584,0.02734,0.235446,0.018769,0.126029
11336,0.342318,0.047349,0.16626,0.018337,0.110372
11337,0.462715,0.069962,0.257613,0.019905,0.115235
11338,0.381402,0.066671,0.192837,0.01876,0.103134
11339,0.433308,0.070307,0.246344,0.021239,0.095418
11340,0.326829,0.026959,0.158473,0.018448,0.122949
11341,0.413977,0.032164,0.248984,0.021517,0.111312
11342,0.345285,0.033996,0.173436,0.019339,0.118514
11343,0.442817,0.0464,0.241455,0.033212,0.12175
11344,0.34734,0.069365,0.163969,0.018124,0.095882
11345,0.440871,0.068543,0.259126,0.018247,0.094955
11346,0.344379,0.025918,0.179373,0.018566,0.120522
11347,0.391078,0.022244,0.236164,0.018225,0.114445
11348,0.350131,0.047801,0.164945,0.018039,0.119346
11349,0.448764,0.066389,0.258703,0.018723,0.104949
11350,0.380262,0.069479,0.181951,0.018338,0.110494
11351,0.443198,0.065879,0.242511,0.03281,0.101998
11352,0.352429,0.070585,0.161545,0.018014,0.102285
11353,0.442615,0.06885,0.261916,0.018722,0.093127
11354,0.337691,0.024354,0.170686,0.018326,0.124325
11355,0.445759,0.046682,0.238009,0.018391,0.142677
11356,0.333335,0.023001,0.154748,0.019527,0.136059
11357,0.466686,0.069508,0.262109,0.018007,0.117062
11358,0.37732,0.076864,0.179025,0.02587,0.095561
11359,0.426451,0.067985,0.241651,0.018334,0.098481
11360,0.340153,0.024603,0.157664,0.018072,0.139814
11361,0.491243,0.059673,0.273067,0.046364,0.112139
11362,0.335027,0.026707,0.174634,0.025483,0.108203
11363,0.413213,0.032153,0.233702,0.020963,0.126395
11364,0.403122,0.078366,0.164277,0.050437,0.110042
11365,0.498002,0.078615,0.257117,0.071082,0.091188
11366,0.411089,0.07678,0.177395,0.053967,0.102947
11367,0.496442,0.077446,0.249863,0.067862,0.101271
11368,0.432593,0.082565,0.170819,0.06186,0.117349
11369,0.562477,0.067936,0.28911,0.046053,0.159378
11370,0.436636,0.04304,0.212541,0.045077,0.135978
11371,0.507715,0.0587,0.280098,0.048239,0.120678
11372,0.451622,0.07718,0.201683,0.069028,0.103731
11373,0.547812,0.077852,0.32006,0.04588,0.10402
11374,0.458744,0.079082,0.218684,0.060591,0.100387
11375,0.51177,0.077612,0.289695,0.053277,0.091186
11376,0.38613,0.02524,0.161293,0.080539,0.119058
11377,0.509693,0.079422,0.26032,0.052725,0.117226
11378,0.402722,0.076804,0.182415,0.053498,0.090005
11379,0.479689,0.07762,0.242258,0.061978,0.097833
11380,0.45899,0.067307,0.205269,0.069303,0.117111
11381,0.519614,0.079237,0.303018,0.047278,0.090081
11382,0.398922,0.07685,0.182017,0.018878,0.121177
11383,0.531597,0.077847,0.289269,0.052889,0.111592
11384,0.426897,0.07821,0.203244,0.047181,0.098262
11385,0.485131,0.025994,0.291783,0.052766,0.114588
11386,0.402247,0.055874,0.177296,0.053607,0.11547
11387,0.471529,0.075186,0.23661,0.04805,0.111683
11388,0.427164,0.08028,0.169229,0.077663,0.099992
11389,0.510791,0.034424,0.28998,0.046802,0.139585
11390,0.483598,0.045993,0.241114,0.06751,0.128981
11391,0.515385,0.081289,0.287788,0.046803,0.099505
11392,0.392011,0.06829,0.203085,0.021848,0.098788
11393,0.481676,0.067561,0.298417,0.017764,0.097934
11394,0.432116,0.067412,0.229222,0.024561,0.110921
11395,0.428077,0.040777,0.249719,0.033245,0.104336
11396,0.347448,0.069266,0.161639,0.018028,0.098515
11397,0.459776,0.071815,0.263323,0.017295,0.107343
11398,0.362748,0.070878,0.183266,0.018234,0.09037
11399,0.426732,0.068598,0.24325,0.018461,0.096423
11400,0.318406,0.027147,0.159778,0.018128,0.113353
11401,0.408178,0.023666,0.250508,0.019175,0.114829
11402,0.372593,0.024849,0.174296,0.032701,0.140747
11403,0.446429,0.070944,0.24776,0.034983,0.092742
11404,0.340925,0.067782,0.158264,0.018318,0.096561
11405,0.426661,0.025181,0.249341,0.020829,0.13131
11406,0.440017,0.032904,0.173565,0.017922,0.215626
11407,0.392901,0.02792,0.233681,0.017847,0.113453
11408,0.362743,0.078081,0.164504,0.017923,0.102235
11409,0.463886,0.077107,0.259908,0.018373,0.108498
11410,0.367713,0.066732,0.17749,0.017681,0.10581
11411,0.447935,0.068668,0.234277,0.020818,0.124172
11412,0.342706,0.065791,0.164397,0.017973,0.094545
11413,0.467931,0.068438,0.260048,0.019264,0.120181
11414,0.361235,0.071926,0.181686,0.017844,0.089779
11415,0.420878,0.068326,0.241349,0.017894,0.093309
11416,0.474831,0.02583,0.168302,0.018429,0.26227
11417,0.408117,0.021378,0.249024,0.019775,0.11794
11418,0.340986,0.023113,0.173342,0.032416,0.112115
11419,0.445659,0.0469,0.246316,0.032891,0.119552
11420,0.357762,0.070152,0.172839,0.017809,0.096962
11421,0.421423,0.038278,0.252082,0.018346,0.112717
11422,0.342104,0.031705,0.176417,0.018041,0.115941
11423,0.406367,0.02066,0.234469,0.018374,0.132864
11424,0.354286,0.048936,0.171406,0.018394,0.11555
11425,0.457501,0.067495,0.262793,0.019408,0.107805
11426,0.365142,0.065629,0.181619,0.020371,0.097523
11427,0.437498,0.067556,0.246165,0.032645,0.091132
11428,0.355629,0.067121,0.1635,0.025988,0.09902
11429,0.44024,0.067966,0.258007,0.018835,0.095432
11430,0.362421,0.0239,0.175429,0.018844,0.144248
11431,0.396953,0.023757,0.23287,0.017788,0.122538
11432,0.354989,0.067682,0.16523,0.018091,0.103986
11433,0.456863,0.068704,0.258773,0.017273,0.112113
11434,0.371539,0.065431,0.188869,0.018182,0.099057
11435,0.496615,0.071161,0.258753,0.046318,0.120383
11436,0.371882,0.068884,0.163187,0.045821,0.09399
11437,0.484966,0.025565,0.272028,0.047132,0.140241
11438,0.410326,0.082407,0.180384,0.047945,0.09959
11439,0.512317,0.075672,0.283906,0.045767,0.106972
11440,0.453773,0.077506,0.202919,0.069214,0.104134
11441,0.541717,0.077502,0.320842,0.053853,0.08952
11442,0.463967,0.065931,0.222964,0.062082,0.11299
11443,0.548598,0.04895,0.295505,0.063026,0.141117
11444,0.462976,0.07606,0.206773,0.066305,0.113838
11445,0.486891,0.077185,0.254241,0.054692,0.100773
11446,0.398336,0.048144,0.178278,0.048604,0.12331
11447,0.50078,0.080718,0.245092,0.06588,0.10909
11448,0.389027,0.116932,0.161138,0.019431,0.091526
11449,0.463278,0.077805,0.263051,0.021222,0.1012
11450,0.488852,0.065853,0.235099,0.06579,0.12211
11451,0.513951,0.061378,0.283763,0.04525,0.12356
11452,0.400507,0.075406,0.161468,0.046276,0.117357
11453,0.571277,0.080601,0.303061,0.088807,0.098808
11454,0.431882,0.078381,0.191525,0.046673,0.115303
11455,0.443819,0.067877,0.246323,0.029185,0.100434
11456,0.332653,0.053801,0.161727,0.018606,0.098519
11457,0.496108,0.077848,0.255735,0.045684,0.116841
11458,0.405691,0.078139,0.181132,0.052403,0.094017
11459,0.527337,0.079291,0.281969,0.06633,0.099747
11460,0.409784,0.077986,0.178065,0.045971,0.107762
11461,0.526746,0.111656,0.300938,0.020928,0.093224
11462,0.403331,0.025435,0.177408,0.06106,0.139428
11463,0.514859,0.081103,0.279161,0.053473,0.101122
11464,0.392151,0.061047,0.165822,0.053885,0.111397
11465,0.53352,0.079702,0.300702,0.046268,0.106848
11466,0.426381,0.070657,0.220826,0.023583,0.111315
11467,0.478387,0.065903,0.289398,0.017746,0.10534
11468,0.41042,0.08862,0.164996,0.019056,0.137748
11469,0.486343,0.069983,0.295041,0.018598,0.102721
11470,0.415167,0.067642,0.230787,0.018149,0.098589
11471,0.467706,0.071958,0.28465,0.018298,0.0928
11472,0.341726,0.024438,0.163434,0.017786,0.136068
11473,0.454343,0.068659,0.255094,0.020061,0.110529
11474,0.368697,0.065195,0.174298,0.023782,0.105422
11475,0.412306,0.034465,0.235663,0.019907,0.122271
11476,0.362374,0.070664,0.165833,0.01885,0.107027
11477,0.421238,0.024207,0.25069,0.018193,0.128148
11478,0.357477,0.023131,0.173664,0.032629,0.128053
11479,0.440355,0.069144,0.241915,0.032702,0.096594
11480,0.349833,0.07054,0.165824,0.017967,0.095502
11481,0.421106,0.023987,0.25155,0.018568,0.127001
11482,0.348353,0.027903,0.174705,0.020135,0.12561
11483,0.387936,0.026872,0.234248,0.018233,0.108583
11484,0.329751,0.022895,0.167248,0.018057,0.121551
11485,0.470382,0.068634,0.272226,0.017281,0.112241
11486,0.368567,0.070488,0.184903,0.017879,0.095297
11487,0.405979,0.023955,0.239534,0.01811,0.12438
11488,0.322618,0.03254,0.157722,0.017772,0.114584
11489,0.423813,0.020806,0.249108,0.033788,0.120111
11490,0.356157,0.047733,0.17768,0.01759,0.113154
11491,0.438169,0.069028,0.240692,0.033572,0.094877
11492,0.353656,0.069372,0.164379,0.019598,0.100307
11493,0.438809,0.069664,0.256821,0.018418,0.093906
11494,0.329324,0.025541,0.174073,0.018363,0.111347
11495,0.401501,0.021984,0.234167,0.018067,0.127283
11496,0.333702,0.023505,0.167502,0.018857,0.123838
11497,0.469298,0.072479,0.262519,0.017216,0.117084
11498,0.372795,0.067158,0.178019,0.021933,0.105685
11499,0.444033,0.069027,0.244749,0.037665,0.092592
11500,0.35188,0.067974,0.169975,0.018387,0.095544
11501,0.424495,0.026117,0.250523,0.018598,0.129257
11502,0.339287,0.030576,0.173394,0.018112,0.117205
11503,0.401147,0.024215,0.234205,0.018715,0.124012
11504,0.349445,0.029694,0.159514,0.01795,0.142287
11505,0.507122,0.068963,0.2517,0.017749,0.16871
11506,0.338927,0.054577,0.173164,0.017993,0.093193
11507,0.433448,0.047097,0.240775,0.032858,0.112718
11508,0.353098,0.0693,0.166086,0.018048,0.099664
11509,0.409387,0.023054,0.2515,0.02076,0.114073
11510,0.323308,0.022904,0.171524,0.017265,0.111615
11511,0.413573,0.025569,0.233995,0.046949,0.10706
11512,0.311629,0.022355,0.15612,0.018652,0.114502
11513,0.460452,0.046505,0.268408,0.019768,0.125771
11514,0.40048,0.078985,0.180081,0.045444,0.09597
11515,0.497844,0.027,0.23587,0.017802,0.217172
11516,0.384239,0.032797,0.157513,0.06256,0.131369
11517,0.509475,0.079209,0.260521,0.060429,0.109316
11518,0.44772,0.026101,0.217699,0.067935,0.135985
11519,0.595576,0.09556,0.320223,0.045789,0.134004
11520,0.479169,0.080781,0.205719,0.061543,0.131126
11521,0.555248,0.085591,0.300987,0.046696,0.121974
11522,0.457176,0.076854,0.222093,0.060264,0.097965
11523,0.483,0.078409,0.290623,0.019712,0.094256
11524,0.423656,0.071476,0.196994,0.067119,0.088067
11525,0.530559,0.048815,0.299022,0.046025,0.136697
11526,0.468727,0.077996,0.22818,0.061455,0.101096
11527,0.474145,0.067761,0.243053,0.060755,0.102576
11528,0.386762,0.066635,0.163859,0.054176,0.102092
11529,0.487389,0.075959,0.253357,0.0664,0.091673
11530,0.397976,0.027742,0.172891,0.083687,0.113656
11531,0.515742,0.057895,0.286918,0.045686,0.125243
11532,0.388462,0.077957,0.165178,0.052634,0.092693
11533,0.513375,0.074383,0.259835,0.052348,0.126809
11534,0.410337,0.077725,0.185173,0.052924,0.094515
11535,0.484525,0.070145,0.244906,0.071273,0.098201
11536,0.389402,0.042515,0.162296,0.029516,0.155075
11537,0.544198,0.081104,0.308057,0.045982,0.109055
11538,0.459715,0.080153,0.224267,0.060246,0.095049
11539,0.52584,0.057873,0.282849,0.053854,0.131264
11540,0.440787,0.067554,0.20278,0.068287,0.102166
11541,0.498355,0.078055,0.293817,0.01994,0.106543
11542,0.373819,0.070818,0.186501,0.018895,0.097605
11543,0.427785,0.069585,0.24138,0.018422,0.098398
11544,0.327637,0.026745,0.160453,0.023129,0.11731
11545,0.478787,0.047915,0.272007,0.03234,0.126525
11546,0.367324,0.067463,0.185275,0.018025,0.096561
11547,0.439092,0.070595,0.242349,0.032901,0.093247
11548,0.350682,0.069002,0.167197,0.017968,0.096515
11549,0.451471,0.069903,0.256671,0.019776,0.105121
11550,0.362218,0.067134,0.179174,0.017965,0.097945
11551,0.403802,0.027526,0.237668,0.018651,0.119957
11552,0.316505,0.021307,0.157846,0.017804,0.119548
11553,0.41274,0.022655,0.256829,0.018032,0.115224
11554,0.366273,0.067716,0.184116,0.018222,0.096219
11555,0.446635,0.069386,0.241767,0.032645,0.102837
11556,0.354647,0.06734,0.177951,0.01793,0.091426
11557,0.444231,0.066615,0.253773,0.017599,0.106244
11558,0.367498,0.068008,0.181692,0.017921,0.099877
11559,0.435399,0.065692,0.237507,0.033259,0.098941
11560,0.338739,0.067294,0.159647,0.019536,0.092262
11561,0.408012,0.022623,0.250756,0.018635,0.115998
11562,0.347581,0.02546,0.175737,0.017602,0.128782
11563,0.409273,0.030666,0.233324,0.01879,0.126493
11564,0.358244,0.068001,0.177787,0.017652,0.094804
11565,0.466412,0.069357,0.261985,0.017096,0.117974
11566,0.369906,0.067636,0.180633,0.018208,0.103429
11567,0.437764,0.0687,0.251123,0.018499,0.099442
11568,0.328764,0.026815,0.162385,0.018855,0.120709
11569,0.421174,0.024597,0.249551,0.02345,0.123576
11570,0.366077,0.031729,0.180227,0.018453,0.135668
11571,0.431061,0.072341,0.235192,0.017537,0.105991
11572,0.358922,0.077837,0.159939,0.018302,0.102844
11573,0.463458,0.068776,0.255416,0.017514,0.121752
11574,0.356386,0.0667,0.179039,0.01796,0.092687
11575,0.43907,0.074052,0.242344,0.032528,0.090146
11576,0.344238,0.067374,0.163975,0.017742,0.095147
11577,0.410908,0.024049,0.252129,0.019097,0.115633
11578,0.339153,0.025584,0.171988,0.018493,0.123088
11579,0.406791,0.031031,0.233482,0.017766,0.124512
11580,0.334263,0.025195,0.156553,0.018278,0.134237
11581,0.454219,0.046285,0.261009,0.019949,0.126976
11582,0.3757,0.06616,0.191159,0.01839,0.099991
11583,0.394296,0.024909,0.235775,0.017909,0.115703
11584,0.308086,0.021162,0.156603,0.017614,0.112707
11585,0.422304,0.031851,0.254635,0.016989,0.118829
11586,0.392086,0.022779,0.172109,0.06066,0.136538
11587,0.484442,0.058188,0.243722,0.061623,0.120909
11588,0.410986,0.078702,0.168117,0.052841,0.111326
11589,0.537343,0.079878,0.304766,0.046665,0.106034
11590,0.474702,0.076995,0.227006,0.072959,0.097742
11591,0.547384,0.067845,0.294338,0.084347,0.100854
11592,0.445024,0.078486,0.204683,0.048163,0.113692
11593,0.499691,0.079168,0.259956,0.055233,0.105334
11594,0.446368,0.079316,0.185031,0.071922,0.110099
11595,0.504796,0.07325,0.25375,0.061377,0.116419
11596,0.394547,0.047648,0.165844,0.046371,0.134684
11597,0.455131,0.079532,0.259247,0.020836,0.095516
11598,0.461089,0.091727,0.200113,0.049181,0.120068
11599,0.480306,0.026206,0.279689,0.045358,0.129053
11600,0.449763,0.079591,0.209499,0.060467,0.100206
11601,0.535217,0.079727,0.299253,0.053048,0.103189
11602,0.406195,0.064282,0.181076,0.05572,0.105117
11603,0.511197,0.057933,0.239904,0.079694,0.133666
11604,0.40885,0.06693,0.162953,0.062235,0.116732
11605,0.536322,0.087643,0.270747,0.046,0.131932
11606,0.482157,0.086644,0.191058,0.061289,0.143166
11607,0.525789,0.085036,0.255267,0.046575,0.138911
11608,0.451651,0.074485,0.210184,0.060108,0.106874
11609,0.528502,0.082249,0.296107,0.052661,0.097485
11610,0.435935,0.031193,0.214754,0.045926,0.144062
11611,0.513246,0.058519,0.280869,0.053849,0.120009
11612,0.460709,0.075646,0.212416,0.080492,0.092155
11613,0.53447,0.077282,0.296334,0.053095,0.107759
11614,0.497122,0.079353,0.176143,0.053143,0.188483
11615,0.476344,0.078893,0.240575,0.053162,0.103714
11616,0.39015,0.025255,0.20716,0.019328,0.138407
11617,0.514171,0.070215,0.304822,0.018034,0.1211
11618,0.407044,0.068937,0.223324,0.017964,0.096819
11619,0.47756,0.070077,0.28121,0.017789,0.108484
11620,0.392334,0.069565,0.207913,0.018265,0.096591
11621,0.496646,0.068409,0.310114,0.019849,0.098274
11622,0.372895,0.068,0.180367,0.018444,0.106084
11623,0.43288,0.067706,0.243392,0.020046,0.101736
11624,0.426684,0.025265,0.16174,0.017797,0.221882
11625,0.47696,0.071023,0.26336,0.017505,0.125072
11626,0.376049,0.068337,0.192636,0.017951,0.097125
11627,0.445482,0.068239,0.242372,0.033219,0.101652
11628,0.337089,0.066671,0.158828,0.018142,0.093448
11629,0.410989,0.021062,0.253741,0.018749,0.117437
11630,0.356471,0.045033,0.182009,0.018105,0.111324
11631,0.424256,0.067425,0.239939,0.017737,0.099155
11632,0.325225,0.023375,0.157905,0.020132,0.123813
11633,0.455235,0.068027,0.255675,0.019256,0.112277
11634,0.447946,0.128904,0.176422,0.017895,0.124725
11635,0.408693,0.035709,0.237316,0.019771,0.115897
11636,0.332181,0.026263,0.159143,0.019233,0.127542
11637,0.457969,0.048871,0.261885,0.017817,0.129396
11638,0.362082,0.067997,0.180145,0.0178,0.09614
11639,0.452772,0.069964,0.251049,0.03779,0.093969
11640,0.346993,0.069385,0.165504,0.017876,0.094228
11641,0.444897,0.069032,0.261292,0.020203,0.09437
11642,0.345456,0.023026,0.174084,0.018099,0.130247
11643,0.402885,0.023433,0.234601,0.018423,0.126428
11644,0.347729,0.048853,0.169507,0.01776,0.111609
11645,0.466615,0.067551,0.25801,0.019633,0.121421
11646,0.368447,0.070287,0.181835,0.020025,0.0963
11647,0.427722,0.068076,0.243941,0.018069,0.097636
11648,0.313062,0.026852,0.160548,0.018114,0.107548
11649,0.408817,0.022439,0.250337,0.018327,0.117714
11650,0.355776,0.030123,0.176726,0.018049,0.130878
11651,0.400384,0.035284,0.235396,0.017407,0.112297
11652,0.359351,0.068936,0.177663,0.018057,0.094695
11653,0.455461,0.067976,0.262185,0.017166,0.108134
11654,0.372847,0.069965,0.18525,0.017807,0.099825
11655,0.439431,0.069516,0.241578,0.032927,0.09541
11656,0.348556,0.06721,0.164362,0.017944,0.09904
11657,0.445419,0.06789,0.25687,0.018624,0.102035
11658,0.375666,0.069264,0.183896,0.018204,0.104302
11659,0.453475,0.069426,0.245726,0.04568,0.092643
11660,0.344609,0.02923,0.160103,0.030703,0.124573
11661,0.482206,0.033556,0.252705,0.052926,0.143019
11662,0.418935,0.078176,0.177899,0.05403,0.10883
11663,0.435877,0.068207,0.241469,0.033005,0.093196
11664,0.371033,0.075649,0.181621,0.017681,0.096082
11665,0.593697,0.11854,0.301039,0.059143,0.114975
11666,0.463085,0.078939,0.222223,0.068287,0.093636
11667,0.517802,0.0577,0.28022,0.045514,0.134368
11668,0.436499,0.076309,0.207811,0.045999,0.10638
11669,0.518448,0.078936,0.300378,0.045937,0.093197
11670,0.363191,0.067073,0.184052,0.018376,0.09369
11671,0.494609,0.078357,0.239192,0.081953,0.095107
11672,0.449135,0.079212,0.161248,0.093427,0.115248
11673,0.518764,0.081106,0.256397,0.059543,0.121718
11674,0.388277,0.068954,0.178306,0.046467,0.09455
11675,0.546939,0.12324,0.249109,0.0459,0.12869
11676,0.3546,0.068115,0.161157,0.019712,0.105616
11677,0.488929,0.0699,0.294562,0.017069,0.107398
11678,0.514464,0.113567,0.223611,0.069669,0.107617
11679,0.499275,0.080033,0.242096,0.053695,0.123451
11680,0.453297,0.067784,0.208991,0.070342,0.10618
11681,0.520542,0.075377,0.297804,0.052745,0.094616
11682,0.444089,0.068412,0.178679,0.071534,0.125464
11683,0.433145,0.028795,0.247287,0.045392,0.111671
11684,0.397719,0.071155,0.165042,0.060578,0.100944
11685,0.515371,0.081033,0.278856,0.046718,0.108764
11686,0.475456,0.090724,0.197984,0.060883,0.125865
11687,0.494853,0.080844,0.245461,0.065672,0.102876
11688,0.406684,0.078236,0.169843,0.053463,0.105142
11689,0.491457,0.025512,0.290152,0.046113,0.12968
11690,0.428654,0.06905,0.214991,0.032856,0.111757
11691,0.491905,0.068139,0.294338,0.018295,0.111133
11692,0.388913,0.070499,0.203163,0.018025,0.097226
11693,0.498791,0.071191,0.300304,0.019698,0.107598
11694,0.413014,0.067488,0.21509,0.03238,0.098056
11695,0.460047,0.088825,0.236253,0.018069,0.1169
11696,0.356535,0.068084,0.16648,0.021223,0.100748
11697,0.43674,0.069297,0.258769,0.017972,0.090702
11698,0.371859,0.025291,0.172835,0.017708,0.156025
11699,0.439447,0.048763,0.241794,0.032836,0.116054
11700,0.347464,0.070145,0.168052,0.018025,0.091242
11701,0.441737,0.06823,0.260618,0.017906,0.094983
11702,0.340239,0.024892,0.185441,0.019954,0.109952
11703,0.449134,0.068656,0.249664,0.033312,0.097502
11704,0.348691,0.069077,0.168451,0.018004,0.093159
11705,0.460939,0.068231,0.263132,0.01738,0.112196
11706,0.369686,0.068947,0.183617,0.018062,0.09906
11707,0.438762,0.067662,0.246303,0.032544,0.092253
11708,0.341682,0.069685,0.165393,0.017735,0.088869
11709,0.473182,0.023695,0.263505,0.024846,0.161136
11710,0.344495,0.023045,0.173835,0.021009,0.126606
11711,0.40528,0.021203,0.235371,0.017576,0.13113
11712,0.346669,0.070201,0.165843,0.017522,0.093103
11713,0.47246,0.069365,0.273309,0.035112,0.094674
11714,0.368042,0.069283,0.181673,0.020336,0.09675
11715,0.443975,0.069128,0.243087,0.032844,0.098916
11716,0.378549,0.067942,0.165779,0.019856,0.124972
11717,0.409867,0.025936,0.249142,0.018267,0.116522
11718,0.330255,0.022051,0.17216,0.020041,0.116003
11719,0.387895,0.026317,0.233781,0.018142,0.109655
11720,0.35073,0.047628,0.164225,0.020125,0.118752
11721,0.443242,0.069373,0.250313,0.01782,0.105736
11722,0.366929,0.068922,0.18455,0.018099,0.095358
11723,0.426345,0.070965,0.239265,0.01811,0.098005
11724,0.345509,0.068993,0.165174,0.01778,0.093562
11725,0.456103,0.070285,0.263997,0.017289,0.104532
11726,0.371646,0.070426,0.188869,0.017797,0.094554
11727,0.425104,0.069563,0.245386,0.017382,0.092773
11728,0.326957,0.024087,0.158021,0.018273,0.126576
11729,0.441135,0.047599,0.261738,0.017909,0.113889
11730,0.364191,0.025358,0.173412,0.026246,0.139175
11731,0.395646,0.022313,0.235655,0.017683,0.119995
11732,0.349402,0.072552,0.161049,0.017732,0.098069
11733,0.577267,0.078774,0.251824,0.047402,0.199267
11734,0.486461,0.110054,0.182417,0.063025,0.130965
11735,0.476187,0.08043,0.237464,0.060537,0.097756
11736,0.384389,0.078947,0.166149,0.048825,0.090468
11737,0.533924,0.069923,0.293103,0.04893,0.121968
11738,0.430858,0.02585,0.213538,0.053311,0.138159
11739,0.477518,0.033429,0.275866,0.046134,0.122089
11740,0.419998,0.025833,0.197626,0.053149,0.14339
11741,0.524964,0.058712,0.297651,0.046109,0.122492
11742,0.458518,0.07854,0.218756,0.06389,0.097332
11743,0.533873,0.081153,0.236276,0.021758,0.194686
11744,0.383642,0.068076,0.164055,0.047061,0.10445
11745,0.500163,0.080512,0.25992,0.067899,0.091832
11746,0.403614,0.068306,0.176827,0.053408,0.105073
11747,0.470239,0.077952,0.243887,0.046954,0.101446
11748,0.338044,0.029737,0.157826,0.020568,0.129913
11749,0.505296,0.058148,0.270268,0.060354,0.116526
11750,0.446462,0.039207,0.176579,0.083946,0.14673
11751,0.511104,0.076477,0.274782,0.065204,0.094641
11752,0.456627,0.078492,0.206917,0.068957,0.102261
11753,0.628866,0.068846,0.306833,0.046915,0.206272
11754,0.46864,0.082623,0.220432,0.063544,0.102041
11755,0.516254,0.078625,0.281151,0.053551,0.102927
11756,0.438959,0.039778,0.172536,0.078136,0.148509
11757,0.493671,0.077603,0.261594,0.046077,0.108397
11758,0.46571,0.081363,0.226722,0.060257,0.097368
11759,0.519664,0.081027,0.2795,0.051958,0.107179
11760,0.458078,0.080228,0.20743,0.069826,0.100594
11761,0.494473,0.077565,0.260883,0.047887,0.108138
11762,0.432313,0.070176,0.244537,0.02347,0.09413
11763,0.631259,0.072344,0.276738,0.068363,0.213814
11764,0.377764,0.068633,0.170515,0.018377,0.120239
11765,0.489948,0.08027,0.270136,0.017936,0.121606
11766,0.393244,0.025412,0.186716,0.017854,0.163262
11767,0.447526,0.071076,0.240797,0.03152,0.104133
11768,0.360805,0.068701,0.169662,0.018011,0.104431
11769,0.431844,0.026864,0.252732,0.01863,0.133618
11770,0.347655,0.033665,0.172495,0.01816,0.123335
11771,0.421018,0.022798,0.234328,0.02007,0.143822
11772,0.364094,0.070572,0.167336,0.017893,0.108293
11773,0.469493,0.068373,0.2611,0.01842,0.1216
11774,0.364623,0.070832,0.17758,0.01811,0.098101
11775,0.426895,0.068617,0.240245,0.018954,0.099079
11776,0.366042,0.066181,0.16778,0.019292,0.112789
11777,0.4468,0.068752,0.260473,0.018115,0.09946
11778,0.339444,0.024895,0.174907,0.018103,0.121539
11779,0.430147,0.069989,0.248232,0.01816,0.093766
11780,0.319215,0.025288,0.15853,0.018133,0.117264
11781,0.468877,0.0692,0.273847,0.017228,0.108602
11782,0.377022,0.070221,0.180154,0.025234,0.101413
11783,0.45256,0.070946,0.243756,0.034643,0.103215
11784,0.350482,0.067714,0.169775,0.017998,0.094995
11785,0.4188,0.025065,0.251717,0.017922,0.124096
11786,0.332772,0.021019,0.174359,0.018361,0.119033
11787,0.402468,0.032075,0.233047,0.017755,0.119591
11788,0.348002,0.068706,0.165384,0.021275,0.092637
11789,0.481986,0.069568,0.261367,0.018595,0.132456
11790,0.369209,0.033194,0.186369,0.017007,0.132639
11791,0.435071,0.049125,0.239692,0.032837,0.113417
11792,0.356255,0.069224,0.177928,0.018214,0.090889
11793,0.422857,0.023922,0.256593,0.017969,0.124373
11794,0.367258,0.070392,0.17861,0.017557,0.100699
11795,0.449278,0.068123,0.244751,0.034571,0.101833
11796,0.367304,0.069718,0.17044,0.018127,0.109019
11797,0.42248,0.032424,0.267351,0.017876,0.104829
11798,0.373695,0.070185,0.181814,0.017852,0.103844
11799,0.443789,0.067636,0.245301,0.033633,0.097219
11800,0.353486,0.069504,0.165455,0.023592,0.094935
11801,0.43228,0.028248,0.250562,0.018214,0.135256
11802,0.326485,0.030446,0.171687,0.018032,0.10632
11803,0.401793,0.023431,0.23336,0.018291,0.126711
11804,0.31569,0.02337,0.158902,0.017935,0.115483
11805,0.469357,0.068855,0.267646,0.03248,0.100376
11806,0.359533,0.069045,0.181146,0.017764,0.091578
11807,0.442602,0.026838,0.234282,0.048488,0.132994
11808,0.338018,0.024246,0.157136,0.02937,0.127266
11809,0.445216,0.028887,0.259243,0.052708,0.104378
11810,0.322453,0.025631,0.172648,0.018261,0.105913
11811,0.431868,0.024885,0.250528,0.046249,0.110206
11812,0.395758,0.077187,0.168499,0.054729,0.095343
11813,0.462187,0.071012,0.262638,0.017404,0.111133
11814,0.452715,0.078052,0.222342,0.054942,0.097379
11815,0.469031,0.027146,0.275373,0.046188,0.120324
11816,0.430011,0.036329,0.19453,0.054211,0.144941
11817,0.506915,0.080109,0.29609,0.019803,0.110913
11818,0.45164,0.067394,0.215291,0.060251,0.108704
11819,0.488365,0.080373,0.246116,0.062323,0.099553
11820,0.392737,0.077454,0.167591,0.053429,0.094263
11821,0.44486,0.025534,0.256365,0.052481,0.11048
11822,0.343813,0.032753,0.172992,0.031024,0.107044
11823,0.432247,0.024591,0.234189,0.053259,0.120208
11824,0.349405,0.055977,0.164225,0.018527,0.110676
11825,0.538677,0.081956,0.30123,0.053029,0.102462
11826,0.466355,0.078185,0.21797,0.060489,0.109711
11827,0.470353,0.083411,0.248282,0.049835,0.088825
11828,0.408776,0.080043,0.175328,0.054653,0.098752
11829,0.530333,0.078483,0.301567,0.045796,0.104487
11830,0.423933,0.072182,0.241142,0.018148,0.092461
11831,0.470551,0.027749,0.276296,0.018907,0.147599
11832,0.347951,0.049517,0.162544,0.017847,0.118043
11833,0.498202,0.083917,0.260685,0.062658,0.090942
11834,0.409404,0.077421,0.181478,0.053591,0.096914
11835,0.488882,0.077341,0.248928,0.061525,0.101088
11836,0.402654,0.079598,0.169741,0.053283,0.100032
11837,0.455728,0.070232,0.263665,0.020468,0.101363
11838,0.450107,0.024985,0.235843,0.045617,0.143662
11839,0.53892,0.080994,0.29223,0.060506,0.10519
11840,0.392251,0.06908,0.20908,0.020215,0.093876
11841,0.487274,0.068291,0.302155,0.017657,0.099171
11842,0.401898,0.07013,0.218033,0.017997,0.095738
11843,0.452668,0.068693,0.263114,0.018388,0.102473
11844,0.371745,0.079998,0.168996,0.018353,0.104398
11845,0.457782,0.068929,0.255566,0.017681,0.115606
11846,0.369709,0.068763,0.186011,0.017933,0.097002
11847,0.434879,0.069139,0.25246,0.01832,0.09496
11848,0.311168,0.025962,0.158815,0.018386,0.108005
11849,0.411456,0.023215,0.248723,0.018512,0.121006
11850,0.32596,0.020904,0.171644,0.018185,0.115227
11851,0.410657,0.03312,0.23581,0.017856,0.123871
11852,0.435611,0.06932,0.159269,0.017669,0.189353
11853,0.457171,0.070026,0.258097,0.017579,0.111469
11854,0.361609,0.068568,0.180959,0.018067,0.094015
11855,0.444273,0.069951,0.244067,0.033779,0.096476
11856,0.349924,0.0703,0.169755,0.017827,0.092042
11857,0.449409,0.068287,0.256171,0.018476,0.106475
11858,0.355505,0.031473,0.17487,0.019148,0.130014
11859,0.399913,0.024946,0.234948,0.017817,0.122202
11860,0.315706,0.030009,0.164631,0.017898,0.103168
11861,0.454784,0.068298,0.272896,0.017617,0.095973
11862,0.464882,0.024888,0.173575,0.030002,0.236417
11863,0.430093,0.068615,0.235437,0.017543,0.108498
11864,0.34807,0.0698,0.167591,0.019252,0.091427
11865,0.427581,0.023748,0.25117,0.020295,0.132368
11866,0.336882,0.025279,0.17233,0.01792,0.121353
11867,0.424529,0.068279,0.245097,0.017627,0.093526
11868,0.311162,0.023635,0.15841,0.018035,0.111082
11869,0.456955,0.068238,0.261863,0.017352,0.109502
11870,0.370224,0.06967,0.184594,0.023758,0.092202
11871,0.406689,0.025717,0.233928,0.020122,0.126922
11872,0.329408,0.030033,0.160811,0.018273,0.120291
11873,0.408577,0.020904,0.249928,0.018066,0.119679
11874,0.350602,0.02622,0.175468,0.032823,0.116091
11875,0.438044,0.047777,0.238596,0.03438,0.117291
11876,0.363584,0.0688,0.180419,0.017874,0.096491
11877,0.400689,0.026925,0.256614,0.018084,0.099066
11878,0.329843,0.021218,0.1727,0.017757,0.118168
11879,0.440346,0.03355,0.240412,0.019607,0.146777
11880,0.359984,0.065586,0.167784,0.019669,0.106945
11881,0.471021,0.069055,0.264546,0.020222,0.117198
11882,0.368302,0.06808,0.178606,0.019686,0.10193
11883,0.473007,0.080525,0.243443,0.059883,0.089156
11884,0.394024,0.080151,0.165234,0.052678,0.095961
11885,0.537715,0.078172,0.310673,0.050821,0.098049
11886,0.429543,0.026859,0.21846,0.045994,0.13823
11887,0.460504,0.032229,0.274875,0.047891,0.105509
11888,0.415846,0.025877,0.197823,0.067717,0.124429
11889,0.55452,0.058861,0.314571,0.064699,0.116389
11890,0.41356,0.078698,0.172779,0.053505,0.108578
11891,0.525023,0.081392,0.286613,0.049875,0.107143
11892,0.399292,0.041305,0.166807,0.083322,0.107858
11893,0.499922,0.077817,0.262161,0.046036,0.113908
11894,0.409098,0.08015,0.187057,0.048116,0.093775
11895,0.550775,0.080597,0.291534,0.06115,0.117494
11896,0.450257,0.08007,0.204718,0.069069,0.0964
11897,0.544164,0.081519,0.296191,0.06491,0.101544
11898,0.468367,0.087607,0.182196,0.068528,0.130036
11899,0.494284,0.079507,0.242318,0.04872,0.123739
11900,0.466611,0.077038,0.218962,0.052984,0.117627
11901,0.495117,0.079736,0.259325,0.066364,0.089692
11902,0.443847,0.071311,0.21607,0.053097,0.103369
11903,0.533535,0.05482,0.297869,0.047169,0.133677
11904,0.422155,0.077772,0.165435,0.060832,0.118116
11905,0.535991,0.077993,0.313213,0.045968,0.098817
11906,0.469682,0.080743,0.227706,0.060188,0.101045
11907,0.511615,0.080336,0.287784,0.045825,0.09767
11908,0.455664,0.077966,0.210273,0.068465,0.09896
11909,0.498997,0.078773,0.26381,0.049686,0.106728
11910,0.374612,0.068042,0.189115,0.018324,0.099131
11911,0.498593,0.079877,0.2767,0.047511,0.094505
11912,0.336827,0.060772,0.160213,0.021841,0.094001
11913,0.496503,0.089841,0.254771,0.020305,0.131586
11914,0.358297,0.068093,0.182811,0.018358,0.089035
11915,0.430653,0.068491,0.243131,0.018179,0.100852
11916,0.331151,0.023471,0.159215,0.020899,0.127566
11917,0.46586,0.025022,0.256107,0.018204,0.166527
11918,0.415975,0.046996,0.22297,0.018103,0.127906
11919,0.46832,0.069347,0.277581,0.017534,0.103858
11920,0.327306,0.057242,0.160962,0.017653,0.091449
11921,0.454944,0.048926,0.261229,0.017667,0.127122
11922,0.364959,0.06915,0.180239,0.017931,0.097639
11923,0.456042,0.069787,0.252348,0.03448,0.099427
11924,0.370486,0.04085,0.159725,0.019901,0.15001
11925,0.437315,0.06812,0.255619,0.018134,0.095442
11926,0.347374,0.026309,0.173976,0.018352,0.128737
11927,0.404845,0.02703,0.233887,0.019291,0.124637
11928,0.350715,0.049281,0.162779,0.018268,0.120387
11929,0.439647,0.069152,0.249858,0.017984,0.102653
11930,0.3667,0.06976,0.182354,0.018204,0.096382
11931,0.435844,0.068072,0.239907,0.018397,0.109468
11932,0.344242,0.069371,0.165838,0.018321,0.090712
11933,0.456624,0.069739,0.257805,0.017358,0.111722
11934,0.367442,0.069756,0.179574,0.017854,0.100258
11935,0.418557,0.024641,0.237964,0.021084,0.134868
11936,0.31262,0.020324,0.157376,0.017686,0.117234
11937,0.429869,0.031818,0.250934,0.01976,0.127357
11938,0.336854,0.01923,0.183747,0.018193,0.115684
11939,0.44907,0.067092,0.241132,0.032687,0.108159
11940,0.366179,0.06997,0.169502,0.023613,0.103094
11941,0.540409,0.070085,0.251343,0.017598,0.201383
11942,0.361133,0.068798,0.177595,0.017884,0.096856
11943,0.446197,0.069688,0.241122,0.033088,0.102299
11944,0.352326,0.068557,0.165635,0.017926,0.100208
11945,0.422052,0.026481,0.25137,0.018918,0.125283
11946,0.351777,0.025143,0.173713,0.019587,0.133334
11947,0.402895,0.030492,0.234732,0.018004,0.119667
11948,0.316831,0.02151,0.157844,0.019012,0.118465
11949,0.468115,0.069419,0.274391,0.020168,0.104137
11950,0.363388,0.050478,0.183282,0.019856,0.109772
11951,0.488475,0.024585,0.234899,0.017619,0.211372
11952,0.337874,0.020975,0.157014,0.018056,0.141829
11953,0.438213,0.03398,0.259955,0.017927,0.126351
11954,0.369707,0.025775,0.171906,0.017588,0.154438
11955,0.417545,0.04711,0.244734,0.017554,0.108147
11956,0.33269,0.026808,0.156854,0.018344,0.130684
11957,0.444653,0.031314,0.253321,0.045422,0.114596
11958,0.408605,0.081226,0.180827,0.052614,0.093938
11959,0.469244,0.077078,0.247089,0.024173,0.120904
11960,0.325662,0.026043,0.158843,0.025402,0.115374
11961,0.486013,0.068249,0.255637,0.045929,0.116198
11962,0.409693,0.079333,0.186835,0.046062,0.097463
11963,0.48796,0.081219,0.243749,0.060953,0.102039
11964,0.438816,0.08026,0.206782,0.046277,0.105497
11965,0.537417,0.080322,0.263675,0.070323,0.123097
11966,0.518243,0.06355,0.24144,0.071198,0.142055
11967,0.533352,0.07261,0.311486,0.048476,0.10078
11968,0.448917,0.057618,0.214953,0.061558,0.114788
11969,0.529509,0.08168,0.306256,0.046961,0.094612
11970,0.455587,0.079957,0.223753,0.061083,0.090794
11971,0.503555,0.071762,0.283214,0.021176,0.127403
11972,0.465739,0.077609,0.205557,0.061521,0.121052
11973,0.54968,0.080265,0.309176,0.046584,0.113655
11974,0.404756,0.080824,0.180853,0.053294,0.089785
11975,0.481155,0.080268,0.243371,0.061628,0.095888
11976,0.39625,0.079374,0.162689,0.055517,0.09867
11977,0.479238,0.078071,0.253958,0.0455,0.101709
11978,0.386741,0.039231,0.174707,0.071514,0.101289
11979,0.467128,0.029464,0.274003,0.053478,0.110183
11980,0.450049,0.059515,0.207593,0.067133,0.115808
11981,0.528249,0.069687,0.301231,0.060446,0.096885
11982,0.463172,0.080935,0.224006,0.063181,0.09505
11983,0.525422,0.080858,0.283173,0.054106,0.107285
11984,0.419649,0.041007,0.161148,0.060814,0.15668
11985,0.521519,0.078801,0.27417,0.045582,0.122966
11986,0.462797,0.059338,0.221879,0.062405,0.119175
11987,0.497595,0.081194,0.283408,0.022619,0.110374
11988,0.387445,0.066363,0.200652,0.018538,0.101892
11989,0.452111,0.069983,0.262009,0.01957,0.100549
11990,0.365467,0.023448,0.174965,0.018278,0.148776
11991,0.447876,0.046638,0.247079,0.035094,0.119065
11992,0.346791,0.069147,0.168833,0.018307,0.090504
11993,0.447109,0.068554,0.254667,0.032391,0.091497
11994,0.377075,0.069944,0.180706,0.018401,0.108024
11995,0.388693,0.02511,0.235212,0.018221,0.11015
11996,0.308508,0.021598,0.157052,0.017871,0.111987
11997,0.427626,0.0323,0.24918,0.025652,0.120494
11998,0.360518,0.022998,0.174039,0.034847,0.128634
11999,0.458162,0.068216,0.246271,0.033405,0.11027
12000,0.353386,0.072044,0.165291,0.017845,0.098206
12001,0.422926,0.023698,0.262605,0.017569,0.119054
12002,0.368676,0.069433,0.182402,0.017806,0.099035
12003,0.4509,0.068509,0.243914,0.034179,0.104298
12004,0.369239,0.069421,0.158386,0.0411,0.100332
12005,0.428782,0.025896,0.252481,0.017632,0.132773
12006,0.365791,0.047901,0.180501,0.018294,0.119095
12007,0.457047,0.069855,0.254659,0.032934,0.099599
12008,0.352993,0.067791,0.168964,0.01838,0.097858
12009,0.429284,0.024685,0.252173,0.020537,0.131889
12010,0.340309,0.030758,0.172394,0.020963,0.116194
12011,0.410064,0.023023,0.235121,0.02379,0.12813
12012,0.362216,0.069903,0.162248,0.018024,0.112041
12013,0.462282,0.072311,0.258276,0.032281,0.099414
12014,0.367769,0.069172,0.183253,0.018211,0.097133
12015,0.427638,0.067419,0.246937,0.018489,0.094793
12016,0.313388,0.023245,0.15855,0.017597,0.113996
12017,0.437653,0.067583,0.258674,0.01771,0.093686
12018,0.346466,0.025243,0.171485,0.020067,0.129671
12019,0.4054,0.027545,0.246428,0.017565,0.113862
12020,0.358929,0.068806,0.164355,0.018273,0.107495
12021,0.466769,0.067665,0.267314,0.017202,0.114588
12022,0.365165,0.070815,0.180699,0.017676,0.095975
12023,0.420693,0.069131,0.236668,0.018404,0.09649
12024,0.322174,0.026232,0.157491,0.017665,0.120786
12025,0.411494,0.024297,0.256011,0.018101,0.113085
12026,0.339797,0.033532,0.172338,0.018541,0.115386
12027,0.453122,0.068237,0.246747,0.032788,0.10535
12028,0.352318,0.070319,0.168883,0.018177,0.094939
12029,0.44156,0.067531,0.263659,0.01796,0.09241
12030,0.429206,0.027096,0.275413,0.018019,0.108678
12031,0.441999,0.021769,0.241759,0.049619,0.128852
12032,0.330444,0.023764,0.157492,0.01853,0.130658
12033,0.480424,0.034248,0.254933,0.06805,0.123193
12034,0.403727,0.063906,0.17774,0.060589,0.101492
12035,0.513085,0.059445,0.286812,0.045332,0.121496
12036,0.454814,0.077141,0.209479,0.063273,0.104921
12037,0.55477,0.094886,0.299707,0.04655,0.113627
12038,0.461919,0.082041,0.219457,0.060705,0.099716
12039,0.445624,0.040445,0.235852,0.046224,0.123103
12040,0.543436,0.07956,0.201459,0.067194,0.195223
12041,0.561456,0.062256,0.331613,0.047498,0.120089
12042,0.537645,0.095582,0.231535,0.046786,0.163742
12043,0.529448,0.089622,0.284505,0.052922,0.102399
12044,0.460471,0.070749,0.206527,0.06605,0.117145
12045,0.546872,0.05219,0.304753,0.045548,0.144381
12046,0.411368,0.081486,0.17996,0.052687,0.097235
12047,0.513903,0.081202,0.256138,0.075411,0.101152
12048,0.461783,0.094337,0.175437,0.061756,0.130253
12049,0.51922,0.094403,0.255416,0.048628,0.120773
12050,0.493931,0.122316,0.212999,0.020825,0.137791
12051,0.532247,0.068131,0.253488,0.05135,0.159278
12052,0.5172,0.092619,0.229386,0.060504,0.134691
12053,0.547581,0.090031,0.303921,0.052871,0.100758
12054,0.484169,0.069017,0.222023,0.082991,0.110138
12055,0.516631,0.07983,0.282039,0.052865,0.101897
12056,0.435926,0.06977,0.220207,0.036798,0.109151
12057,0.54165,0.080452,0.297429,0.045915,0.117854
12058,0.457491,0.080576,0.224583,0.060777,0.091555
12059,0.490262,0.079786,0.243143,0.068323,0.09901
12060,0.484579,0.073056,0.167506,0.046845,0.197172
12061,0.456179,0.069208,0.262823,0.033667,0.090481
12062,0.364056,0.068916,0.184088,0.018841,0.092211
12063,0.423368,0.026032,0.237869,0.018416,0.141051
12064,0.393913,0.068597,0.208744,0.018081,0.098491
12065,0.499631,0.069516,0.30844,0.019431,0.102244
12066,0.399755,0.069344,0.218685,0.017998,0.093728
12067,0.477787,0.069339,0.278726,0.017377,0.112345
12068,0.351118,0.07116,0.164612,0.018321,0.097025
12069,0.450512,0.068083,0.257698,0.018529,0.106202
12070,0.481249,0.07065,0.179596,0.018637,0.212366
12071,0.407933,0.023999,0.242878,0.020088,0.120968
12072,0.330275,0.022709,0.161674,0.018164,0.127728
12073,0.420331,0.022783,0.251437,0.017909,0.128202
12074,0.360238,0.049501,0.178136,0.018426,0.114175
12075,0.438919,0.071396,0.240304,0.032981,0.094238
12076,0.374602,0.072103,0.175369,0.027876,0.099254
12077,0.419922,0.02478,0.260474,0.018129,0.116539
12078,0.383454,0.07046,0.183448,0.018125,0.111421
12079,0.453553,0.068183,0.251582,0.033858,0.09993
12080,0.343772,0.068832,0.164512,0.017953,0.092475
12081,0.472825,0.070727,0.260693,0.024006,0.117399
12082,0.379458,0.068617,0.178135,0.017863,0.114843
12083,0.427831,0.070255,0.240877,0.018721,0.097978
12084,0.35024,0.069139,0.168703,0.018041,0.094357
12085,0.450267,0.068594,0.264327,0.01798,0.099366
12086,0.347096,0.025604,0.175632,0.020987,0.124873
12087,0.404959,0.03074,0.240981,0.018354,0.114884
12088,0.352343,0.047397,0.163243,0.017874,0.123829
12089,0.453891,0.069623,0.254264,0.018484,0.11152
12090,0.368943,0.069895,0.17943,0.018193,0.101425
12091,0.443116,0.068666,0.243451,0.033144,0.097855
12092,0.3543,0.070601,0.164459,0.017891,0.101349
12093,0.455582,0.068534,0.258497,0.019534,0.109017
12094,0.368135,0.0691,0.185919,0.020756,0.09236
12095,0.428626,0.067648,0.242084,0.017734,0.10116
12096,0.325497,0.024978,0.162146,0.018122,0.120251
12097,0.418519,0.020779,0.249943,0.018013,0.129784
12098,0.374382,0.045723,0.188246,0.02051,0.119903
12099,0.447518,0.069693,0.242079,0.033338,0.102408
12100,0.367426,0.071916,0.165879,0.019001,0.11063
12101,0.45852,0.069787,0.25863,0.032562,0.097541
12102,0.376042,0.067674,0.185956,0.017947,0.104465
12103,0.521016,0.068735,0.2475,0.091186,0.113595
12104,0.432679,0.024273,0.165737,0.087852,0.154817
12105,0.503071,0.060089,0.251785,0.05967,0.131527
12106,0.466442,0.08213,0.221281,0.060264,0.102767
12107,0.583075,0.091205,0.30511,0.045729,0.141031
12108,0.445045,0.079852,0.205343,0.045813,0.114037
12109,0.530225,0.080857,0.300305,0.046675,0.102388
12110,0.397174,0.037246,0.177956,0.041578,0.140394
12111,0.519075,0.063554,0.280239,0.045756,0.129526
12112,0.448236,0.080682,0.204833,0.068563,0.094158
12113,0.500186,0.080878,0.257957,0.04807,0.113281
12114,0.415664,0.080548,0.19118,0.045691,0.098245
12115,0.548057,0.07971,0.278039,0.07145,0.118858
12116,0.412917,0.07782,0.181103,0.03554,0.118454
12117,0.546795,0.057496,0.31276,0.046574,0.129965
12118,0.476287,0.07639,0.221192,0.060471,0.118234
12119,0.514336,0.081209,0.28536,0.046078,0.101689
12120,0.443538,0.070789,0.217906,0.046756,0.108087
12121,0.529944,0.079662,0.306474,0.047455,0.096353
12122,0.374583,0.079968,0.18658,0.01826,0.089775
12123,0.486104,0.080108,0.243642,0.060704,0.10165
12124,0.403967,0.082738,0.173545,0.047562,0.100122
12125,0.526699,0.079983,0.296446,0.053372,0.096898
12126,0.446995,0.026977,0.216218,0.071629,0.132171
12127,0.532519,0.05943,0.298571,0.052118,0.1224
12128,0.40328,0.075393,0.166149,0.035725,0.126013
12129,0.484102,0.035941,0.291658,0.045301,0.111202
12130,0.427555,0.060507,0.214557,0.053093,0.099398
12131,0.516644,0.058663,0.288027,0.045928,0.124026
12132,0.395944,0.075023,0.166774,0.053575,0.100572
12133,0.529968,0.077345,0.314324,0.047939,0.09036
12134,0.407605,0.067299,0.224938,0.019887,0.095481
12135,0.455464,0.027347,0.288635,0.018367,0.121115
12136,0.347965,0.047005,0.165384,0.018102,0.117474
12137,0.469296,0.069319,0.260619,0.018293,0.121065
12138,0.374709,0.067403,0.193485,0.018302,0.095519
12139,0.441095,0.069339,0.242774,0.033715,0.095267
12140,0.353991,0.068692,0.164411,0.018209,0.102679
12141,0.439884,0.06938,0.25433,0.018391,0.097783
12142,0.371426,0.07138,0.180156,0.018217,0.101673
12143,0.427707,0.069433,0.242628,0.017909,0.097737
12144,0.342066,0.02407,0.163794,0.018362,0.13584
12145,0.4587,0.068679,0.259462,0.017415,0.113144
12146,0.36996,0.070348,0.184991,0.01793,0.096691
12147,0.441217,0.06963,0.258815,0.017872,0.0949
12148,0.342995,0.024195,0.15859,0.027124,0.133086
12149,0.409997,0.024894,0.253107,0.01807,0.113926
12150,0.364771,0.049099,0.18615,0.01811,0.111412
12151,0.450946,0.068441,0.24699,0.038253,0.097262
12152,0.350422,0.067316,0.168071,0.018242,0.096793
12153,0.454226,0.069352,0.256706,0.01746,0.110708
12154,0.365746,0.068352,0.18242,0.01784,0.097134
12155,0.407315,0.024663,0.235819,0.01823,0.128603
12156,0.323793,0.024255,0.163515,0.018565,0.117458
12157,0.41736,0.032805,0.250329,0.018594,0.115632
12158,0.343975,0.023958,0.174941,0.03261,0.112466
12159,0.436411,0.048931,0.241648,0.03242,0.113412
12160,0.350882,0.069939,0.169985,0.018559,0.092399
12161,0.457251,0.067952,0.260092,0.032325,0.096882
12162,0.392362,0.068478,0.181972,0.020811,0.121101
12163,0.403277,0.027192,0.236873,0.018451,0.120761
12164,0.316011,0.029507,0.157475,0.018085,0.110944
12165,0.437111,0.068166,0.256332,0.020172,0.092441
12166,0.353482,0.030531,0.172833,0.033027,0.117091
12167,0.423506,0.046536,0.240257,0.017695,0.119018
12168,0.314702,0.024976,0.158607,0.017979,0.11314
12169,0.439289,0.067936,0.257991,0.017916,0.095446
12170,0.353884,0.025838,0.175205,0.018431,0.13441
12171,0.431793,0.068339,0.243008,0.01784,0.102606
12172,0.346015,0.023855,0.16091,0.018236,0.143014
12173,0.483851,0.067313,0.27135,0.017613,0.127575
12174,0.367228,0.070199,0.182681,0.017727,0.096621
12175,0.447935,0.071693,0.24661,0.032789,0.096843
12176,0.351386,0.068338,0.165178,0.017734,0.100136
12177,0.458224,0.032101,0.256135,0.046561,0.123427
12178,0.406409,0.058794,0.177999,0.054253,0.115363
12179,0.527829,0.08411,0.292031,0.04553,0.106158
12180,0.453364,0.080364,0.208026,0.06804,0.096934
12181,0.551916,0.080756,0.299482,0.06445,0.107228
12182,0.425816,0.086104,0.181627,0.063822,0.094263
12183,0.50217,0.058753,0.249596,0.068001,0.12582
12184,0.470766,0.078946,0.213901,0.082398,0.095521
12185,0.541108,0.082158,0.307051,0.052088,0.099811
12186,0.416427,0.078935,0.183627,0.055272,0.098593
12187,0.511509,0.077339,0.279123,0.047507,0.10754
12188,0.452661,0.078656,0.208549,0.067956,0.0975
12189,0.580389,0.075137,0.342422,0.061188,0.101642
12190,0.418186,0.027281,0.192389,0.047539,0.150977
12191,0.488769,0.07691,0.244185,0.061248,0.106426
12192,0.384172,0.080926,0.167129,0.046677,0.08944
12193,0.512922,0.080078,0.265299,0.064934,0.102611
12194,0.399468,0.077921,0.177819,0.05342,0.090308
12195,0.489854,0.079549,0.242695,0.071478,0.096132
12196,0.418128,0.028985,0.195798,0.052329,0.141016
12197,0.556159,0.081993,0.307639,0.055601,0.110926
12198,0.451587,0.077195,0.214966,0.06307,0.096356
12199,0.522986,0.079904,0.281342,0.052845,0.108895
12200,0.451322,0.076724,0.210708,0.048754,0.115136
12201,0.538213,0.113839,0.300202,0.020849,0.103323
12202,0.409047,0.025709,0.179401,0.066479,0.137458
12203,0.491827,0.079187,0.259374,0.063556,0.08971
12204,0.392538,0.079999,0.171846,0.046252,0.094441
12205,0.483882,0.080362,0.258415,0.053,0.092105
12206,0.408807,0.025786,0.218381,0.052028,0.112612
12207,0.504604,0.061627,0.282321,0.046037,0.114619
12208,0.400565,0.073102,0.215269,0.018545,0.093649
12209,0.583605,0.067526,0.401992,0.017879,0.096208
12210,0.426957,0.069396,0.223562,0.018364,0.115635
12211,0.484346,0.069955,0.28723,0.019688,0.107473
12212,0.356647,0.070779,0.166868,0.018439,0.100561
12213,0.471788,0.068969,0.268082,0.017636,0.117101
12214,0.362939,0.069686,0.181444,0.017773,0.094036
12215,0.416715,0.027059,0.238939,0.018063,0.132654
12216,0.34352,0.049694,0.165477,0.017866,0.110483
12217,0.459575,0.06982,0.261807,0.017305,0.110643
12218,0.380477,0.067879,0.179089,0.017629,0.11588
12219,0.510511,0.027126,0.342438,0.017704,0.123243
12220,0.347877,0.047642,0.16085,0.017992,0.121393
12221,0.451213,0.071978,0.261972,0.023313,0.09395
12222,0.367362,0.024994,0.179999,0.034473,0.127896
12223,0.440034,0.050149,0.24081,0.032648,0.116427
12224,0.357458,0.069609,0.174235,0.017958,0.095656
12225,0.416812,0.024386,0.254846,0.020471,0.117109
12226,0.336813,0.026402,0.17319,0.018648,0.118573
12227,0.404873,0.031595,0.235145,0.020282,0.117851
12228,0.346491,0.024371,0.156134,0.032202,0.133784
12229,0.539287,0.047763,0.252519,0.017531,0.221474
12230,0.368433,0.071558,0.181068,0.017906,0.097901
12231,0.440219,0.068558,0.243435,0.032537,0.095689
12232,0.348904,0.069376,0.167344,0.018366,0.093818
12233,0.459429,0.067635,0.259789,0.01926,0.112745
12234,0.359604,0.069169,0.17807,0.017971,0.094394
12235,0.3968,0.023528,0.236516,0.020218,0.116538
12236,0.323318,0.023012,0.158727,0.018145,0.123434
12237,0.421626,0.030188,0.250187,0.018421,0.12283
12238,0.337936,0.022554,0.173345,0.020052,0.121985
12239,0.462245,0.070428,0.255637,0.032684,0.103496
12240,0.34494,0.067817,0.169879,0.017745,0.089499
12241,0.457411,0.069083,0.259678,0.032681,0.095969
12242,0.371156,0.068394,0.17895,0.020239,0.103573
12243,0.445423,0.025201,0.243819,0.017792,0.158611
12244,0.337164,0.04753,0.157545,0.019909,0.11218
12245,0.464,0.070515,0.26021,0.03393,0.099345
12246,0.385889,0.06825,0.181643,0.020622,0.115374
12247,0.411125,0.026909,0.248786,0.017849,0.117581
12248,0.35168,0.069109,0.168388,0.017439,0.096744
12249,0.437136,0.069359,0.258205,0.018044,0.091528
12250,0.360114,0.027595,0.175595,0.033144,0.12378
12251,0.476649,0.067582,0.243397,0.059652,0.106018
12252,0.392179,0.07937,0.168439,0.053761,0.090609
12253,0.475974,0.023485,0.291363,0.05255,0.108576
12254,0.424426,0.031269,0.214608,0.05227,0.126279
12255,0.470962,0.03092,0.276144,0.046583,0.117315
12256,0.428767,0.061437,0.206847,0.021244,0.139239
12257,0.439018,0.032898,0.25673,0.045673,0.103717
12258,0.411731,0.079336,0.185271,0.05471,0.092414
12259,0.445583,0.054567,0.236288,0.046401,0.108327
12260,0.455057,0.057128,0.21162,0.060187,0.126122
12261,0.508727,0.070735,0.261847,0.045907,0.130238
12262,0.442162,0.079133,0.221078,0.0469,0.095051
12263,0.444193,0.025857,0.288815,0.017578,0.111943
12264,0.464562,0.081263,0.209604,0.06102,0.112675
12265,0.551484,0.079977,0.3069,0.045843,0.118764
12266,0.473612,0.081668,0.220221,0.06565,0.106073
12267,0.457086,0.0608,0.235524,0.049855,0.110907
12268,0.439154,0.056023,0.203544,0.068827,0.11076
12269,0.528142,0.040408,0.308826,0.05935,0.119558
12270,0.437174,0.069476,0.183917,0.063379,0.120402
12271,0.507,0.05789,0.283,0.046634,0.119476
12272,0.45644,0.078383,0.207436,0.06989,0.100731
12273,0.51977,0.080887,0.298423,0.046578,0.093882
12274,0.473745,0.075683,0.228253,0.070409,0.0994
12275,0.553335,0.079887,0.306266,0.046444,0.120738
12276,0.384192,0.078813,0.16595,0.048233,0.091196
12277,0.518879,0.077084,0.256336,0.081167,0.104292
12278,0.457435,0.094739,0.197797,0.046201,0.118698
12279,0.475551,0.069844,0.237671,0.060747,0.107289
12280,0.470946,0.079238,0.209221,0.090385,0.092102
12281,0.528796,0.025151,0.304345,0.03336,0.16594
12282,0.448073,0.080239,0.221938,0.0182,0.127696
12283,0.475612,0.06579,0.277092,0.017598,0.115132
12284,0.413546,0.067355,0.224807,0.017953,0.103431
12285,0.49476,0.066385,0.302882,0.019703,0.10579
12286,0.405404,0.070414,0.225906,0.017744,0.09134
12287,0.442886,0.030214,0.249274,0.018087,0.145311
12288,0.356894,0.071456,0.167097,0.017538,0.100803
12289,0.461774,0.069505,0.252846,0.035186,0.104237
12290,0.365962,0.068048,0.180645,0.018954,0.098315
12291,0.430002,0.069559,0.24912,0.017752,0.093571
12292,0.31358,0.025712,0.162892,0.01812,0.106856
12293,0.430562,0.035845,0.261079,0.01826,0.115378
12294,0.343013,0.039064,0.174654,0.021158,0.108137
12295,0.43574,0.067967,0.240722,0.017797,0.109254
12296,0.356422,0.068436,0.165402,0.018396,0.104188
12297,0.451791,0.070609,0.265371,0.017834,0.097977
12298,0.361854,0.023491,0.180516,0.033297,0.12455
12299,0.446507,0.080202,0.241247,0.034934,0.090124
12300,0.348704,0.067536,0.1619,0.019964,0.099304
12301,0.454098,0.025166,0.264931,0.017992,0.146009
12302,0.370184,0.071198,0.182938,0.017824,0.098224
12303,0.441963,0.066677,0.242707,0.033447,0.099132
12304,0.355706,0.067925,0.167604,0.017977,0.1022
12305,0.434399,0.066045,0.253426,0.018057,0.096871
12306,0.342743,0.02277,0.173184,0.020506,0.126283
12307,0.416725,0.066885,0.235338,0.017864,0.096638
12308,0.328353,0.02516,0.158053,0.019877,0.125263
12309,0.424755,0.022676,0.264819,0.017889,0.119371
12310,0.372116,0.06915,0.183274,0.01798,0.101712
12311,0.442388,0.07003,0.246406,0.032802,0.09315
12312,0.358724,0.066108,0.166002,0.023085,0.103529
12313,0.441544,0.069019,0.25533,0.01749,0.099705
12314,0.34178,0.0252,0.173627,0.017719,0.125234
12315,0.443408,0.039051,0.238655,0.017831,0.147871
12316,0.337407,0.067255,0.157313,0.017874,0.094965
12317,0.457608,0.069533,0.259309,0.017114,0.111652
12318,0.358222,0.06845,0.175489,0.018039,0.096244
12319,0.456127,0.069165,0.247275,0.03492,0.104767
12320,0.35954,0.065686,0.177574,0.020295,0.095985
12321,0.410357,0.025844,0.252505,0.018164,0.113844
12322,0.386609,0.048754,0.175229,0.032541,0.130085
12323,0.391475,0.027408,0.233944,0.020985,0.109138
12324,0.330237,0.020368,0.158355,0.022523,0.128991
12325,0.510873,0.079355,0.26352,0.052406,0.115592
12326,0.37108,0.066201,0.181674,0.027077,0.096128
12327,0.479627,0.068624,0.293398,0.017396,0.100209
12328,0.546587,0.079855,0.200302,0.064742,0.201688
12329,0.554344,0.06173,0.329226,0.017284,0.146104
12330,0.415978,0.078198,0.181104,0.045772,0.110904
12331,0.465955,0.068583,0.244919,0.053071,0.099382
12332,0.394919,0.066766,0.164065,0.052587,0.111501
12333,0.498991,0.081347,0.266892,0.060271,0.090481
12334,0.41233,0.076936,0.178703,0.053916,0.102775
12335,0.481253,0.076275,0.240405,0.053985,0.110588
12336,0.459378,0.077757,0.201687,0.083715,0.096219
12337,0.540573,0.079336,0.297724,0.058798,0.104715
12338,0.511378,0.027356,0.216784,0.04636,0.220878
12339,0.529,0.082512,0.283041,0.05296,0.110487
12340,0.446909,0.077033,0.203909,0.073499,0.092468
12341,0.504341,0.06768,0.266347,0.052311,0.118003
12342,0.411538,0.076542,0.179254,0.053414,0.102328
12343,0.513261,0.074181,0.256351,0.083344,0.099385
12344,0.453736,0.077963,0.204837,0.065004,0.105932
12345,0.537543,0.07238,0.31135,0.046917,0.106896
12346,0.45528,0.058993,0.224659,0.061084,0.110544
12347,0.483946,0.069668,0.282688,0.017925,0.113665
12348,0.496727,0.080568,0.202977,0.045137,0.168045
12349,0.52863,0.081261,0.299573,0.045247,0.102549
12350,0.402508,0.075545,0.178556,0.052817,0.09559
12351,0.49666,0.077244,0.246603,0.071439,0.101374
12352,0.405546,0.067117,0.160435,0.055131,0.122863
12353,0.486408,0.080749,0.261563,0.019087,0.125009
12354,0.364228,0.027864,0.17598,0.035044,0.12534
12355,0.466129,0.079078,0.243574,0.035601,0.107876
12356,0.359786,0.066989,0.164533,0.018781,0.109483
12357,0.420685,0.023923,0.251705,0.018361,0.126696
12358,0.438351,0.025464,0.172218,0.017994,0.222675
12359,0.399025,0.027592,0.234126,0.01816,0.119147
12360,0.308526,0.02106,0.15702,0.018516,0.11193
12361,0.420958,0.021899,0.254262,0.019519,0.125278
12362,0.355209,0.065769,0.179142,0.01795,0.092348
12363,0.446146,0.069267,0.250552,0.033043,0.093284
12364,0.348233,0.067781,0.163268,0.017615,0.099569
12365,0.437622,0.06992,0.259011,0.017636,0.091055
12366,0.3287,0.02571,0.172809,0.018136,0.112045
12367,0.405011,0.022089,0.237857,0.017631,0.127434
12368,0.337249,0.034301,0.160064,0.018429,0.124455
12369,0.466617,0.072446,0.258008,0.017292,0.118871
12370,0.358578,0.068955,0.179521,0.017929,0.092173
12371,0.423028,0.069577,0.243751,0.017649,0.092051
12372,0.342784,0.025703,0.161477,0.017953,0.137651
12373,0.410341,0.022241,0.249886,0.017742,0.120472
12374,0.337245,0.027787,0.172817,0.018341,0.1183
12375,0.414767,0.026367,0.243245,0.018314,0.126841
12376,0.357706,0.057616,0.167048,0.018191,0.114851
12377,0.450755,0.06646,0.25968,0.018239,0.106376
12378,0.364463,0.067927,0.17828,0.019791,0.098465
12379,0.441427,0.067575,0.246006,0.017703,0.110143
12380,0.357617,0.06816,0.172643,0.01775,0.099064
12381,0.454651,0.069227,0.255201,0.024793,0.10543
12382,0.337025,0.025954,0.176,0.024147,0.110924
12383,0.40315,0.024413,0.235619,0.021271,0.121847
12384,0.311609,0.028705,0.158119,0.018068,0.106717
12385,0.440462,0.067807,0.249195,0.017441,0.106019
12386,0.360323,0.067981,0.181957,0.018042,0.092343
12387,0.445109,0.068753,0.241388,0.033128,0.10184
12388,0.337004,0.066912,0.159357,0.018013,0.092722
12389,0.426591,0.02465,0.255707,0.017994,0.12824
12390,0.3708,0.06792,0.18304,0.017644,0.102196
12391,0.442393,0.068097,0.247525,0.032588,0.094183
12392,0.357969,0.068043,0.17576,0.017777,0.096389
12393,0.469762,0.070579,0.261737,0.017576,0.11987
12394,0.358327,0.070234,0.180191,0.018011,0.089891
12395,0.401086,0.024877,0.235863,0.018632,0.121714
12396,0.320018,0.027258,0.158642,0.018941,0.115177
12397,0.406413,0.020743,0.251432,0.018286,0.115952
12398,0.397744,0.025817,0.173798,0.080678,0.117451
12399,0.474934,0.076584,0.234012,0.060767,0.103571
12400,0.41165,0.08561,0.159698,0.064908,0.101434
12401,0.550214,0.064464,0.299855,0.052085,0.13381
12402,0.380307,0.078174,0.184151,0.020967,0.097015
12403,0.528303,0.078309,0.284721,0.048456,0.116817
12404,0.403666,0.07763,0.171093,0.046918,0.108025
12405,0.510948,0.07854,0.271235,0.060484,0.100689
12406,0.408423,0.075093,0.179136,0.054837,0.099357
12407,0.664367,0.119685,0.368496,0.07208,0.104106
12408,0.418972,0.068727,0.219512,0.021922,0.108811
12409,0.544985,0.081816,0.275025,0.046502,0.141642
12410,0.450988,0.04074,0.225644,0.052667,0.131937
12411,0.472102,0.032867,0.235874,0.054249,0.149112
12412,0.450775,0.07868,0.207242,0.067976,0.096877
12413,0.527039,0.079062,0.29795,0.048198,0.101829
12414,0.411622,0.07545,0.181004,0.05324,0.101928
12415,0.438998,0.029866,0.238044,0.045953,0.125135
12416,0.396378,0.047274,0.167553,0.052646,0.128905
12417,0.508609,0.073095,0.259887,0.054153,0.121474
12418,0.416247,0.079857,0.182669,0.052908,0.100813
12419,0.503385,0.078678,0.251559,0.045744,0.127404
12420,0.389275,0.083087,0.168411,0.04619,0.091587
12421,0.45756,0.067975,0.257241,0.018366,0.113978
12422,0.412793,0.078674,0.193995,0.046841,0.093283
12423,0.435906,0.026116,0.236949,0.052738,0.120103
12424,0.451389,0.057726,0.202372,0.06834,0.122951
12425,0.483844,0.076832,0.253651,0.04627,0.107091
12426,0.41692,0.079715,0.194208,0.0467,0.096297
12427,0.459075,0.07503,0.235338,0.052542,0.096165
12428,0.354457,0.027877,0.160407,0.038665,0.127508
12429,0.539298,0.057186,0.298928,0.048118,0.135066
12430,0.405637,0.066091,0.218392,0.019078,0.102076
12431,0.478724,0.068516,0.285928,0.017709,0.106571
12432,0.38754,0.070207,0.2092,0.017932,0.090201
12433,0.488945,0.069241,0.300535,0.018843,0.100326
12434,0.368009,0.068544,0.184065,0.018521,0.096879
12435,0.453061,0.069847,0.252685,0.034754,0.095775
12436,0.3573,0.077193,0.165081,0.020593,0.094433
12437,0.545035,0.068537,0.257969,0.017353,0.201176
12438,0.360467,0.067949,0.181626,0.017629,0.093263
12439,0.390486,0.026274,0.236323,0.01994,0.107949
12440,0.336642,0.025964,0.163438,0.017977,0.129263
12441,0.410494,0.027111,0.250306,0.018541,0.114536
12442,0.368373,0.068033,0.179012,0.018203,0.103125
12443,0.441002,0.068686,0.24049,0.032883,0.098943
12444,0.336664,0.068255,0.158599,0.018338,0.091472
12445,0.450419,0.066722,0.260146,0.025677,0.097874
12446,0.346995,0.026312,0.172649,0.017564,0.13047
12447,0.544498,0.021853,0.235469,0.046725,0.240451
12448,0.31504,0.028232,0.157793,0.019127,0.109888
12449,0.408277,0.046926,0.249831,0.017887,0.093633
12450,0.378833,0.048251,0.199693,0.018423,0.112466
12451,0.448177,0.067782,0.249139,0.032838,0.098418
12452,0.363347,0.069117,0.17616,0.02406,0.09401
12453,0.463015,0.067488,0.262196,0.018125,0.115206
12454,0.371113,0.070445,0.182289,0.018204,0.100175
12455,0.397804,0.025737,0.242417,0.019431,0.110219
12456,0.316551,0.023504,0.158764,0.018053,0.11623
12457,0.531853,0.030665,0.250518,0.020474,0.230196
12458,0.368251,0.02621,0.172452,0.03528,0.134309
12459,0.445555,0.047865,0.248119,0.033412,0.116159
12460,0.34706,0.06748,0.166187,0.018449,0.094944
12461,0.420339,0.026791,0.250245,0.018109,0.125194
12462,0.362864,0.03282,0.173512,0.021909,0.134623
12463,0.407153,0.023469,0.239336,0.01868,0.125668
12464,0.338784,0.02608,0.156577,0.01885,0.137277
12465,0.454365,0.049282,0.252813,0.017265,0.135005
12466,0.383186,0.076908,0.178209,0.018137,0.109932
12467,0.407297,0.027727,0.236732,0.018277,0.124561
12468,0.341138,0.02545,0.157696,0.018231,0.139761
12469,0.450457,0.045741,0.256788,0.018231,0.129697
12470,0.33239,0.036744,0.175224,0.01812,0.102302
12471,0.44162,0.06993,0.237153,0.03348,0.101057
12472,0.315134,0.046342,0.160052,0.018591,0.090149
12473,0.423791,0.042431,0.250174,0.018106,0.11308
12474,0.367626,0.070584,0.177347,0.018256,0.101439
12475,0.445817,0.067327,0.243837,0.033603,0.10105
12476,0.397894,0.081656,0.177667,0.0461,0.092471
12477,0.502007,0.066308,0.254265,0.054321,0.127113
12478,0.402129,0.07047,0.180581,0.053997,0.097081
12479,0.470861,0.07598,0.24025,0.056844,0.097787
12480,0.416477,0.066144,0.166038,0.071898,0.112397
12481,0.561718,0.095986,0.273379,0.067536,0.124817
12482,0.442473,0.082092,0.218636,0.046726,0.095019
12483,0.466949,0.025877,0.278641,0.047275,0.115156
12484,0.45772,0.07824,0.206799,0.060207,0.112474
12485,0.544071,0.076318,0.304267,0.047687,0.115799
12486,0.471015,0.081739,0.235602,0.062566,0.091108
12487,0.497976,0.068036,0.251807,0.068023,0.11011
12488,0.455117,0.078802,0.201196,0.071378,0.103741
12489,0.542381,0.075497,0.315386,0.04946,0.102038
12490,0.414128,0.05843,0.188672,0.053991,0.113035
12491,0.479125,0.075633,0.239078,0.063797,0.100617
12492,0.383592,0.078938,0.166294,0.046988,0.091372
12493,0.498051,0.078626,0.256441,0.061463,0.101521
12494,0.416899,0.075997,0.17864,0.054003,0.108259
12495,0.455745,0.041152,0.236149,0.017815,0.160629
12496,0.411208,0.068769,0.217193,0.03218,0.093066
12497,0.52155,0.06823,0.293386,0.03524,0.124694
12498,0.490007,0.090189,0.221468,0.063262,0.115088
12499,0.537755,0.077283,0.284235,0.065549,0.110688
12500,0.448863,0.074188,0.20966,0.068677,0.096338
12501,0.476901,0.042231,0.254179,0.052149,0.128342
12502,0.416387,0.076539,0.173044,0.062775,0.104029
12503,0.519217,0.059558,0.2895,0.052569,0.11759
12504,0.463914,0.066899,0.209254,0.070889,0.116872
12505,0.551072,0.095947,0.270926,0.065363,0.118836
12506,0.415015,0.069954,0.229001,0.02052,0.09554
12507,0.407886,0.040113,0.238148,0.017937,0.111688
12508,0.392644,0.069603,0.209637,0.018208,0.095196
12509,0.486255,0.067259,0.298712,0.017909,0.102375
12510,0.362016,0.068923,0.179907,0.018196,0.09499
12511,0.4463,0.070018,0.244057,0.033286,0.098939
12512,0.353531,0.069095,0.171832,0.018059,0.094545
12513,0.436787,0.069059,0.25686,0.018035,0.092833
12514,0.343305,0.025514,0.175501,0.018304,0.123986
12515,0.392099,0.022019,0.2322,0.018589,0.119291
12516,0.335542,0.020666,0.157634,0.032495,0.124747
12517,0.449562,0.046505,0.258445,0.033068,0.111544
12518,0.366188,0.066265,0.179916,0.020228,0.099779
12519,0.439826,0.068963,0.245054,0.032843,0.092966
12520,0.356621,0.068773,0.167236,0.018107,0.102505
12521,0.429084,0.025849,0.252887,0.018252,0.132096
12522,0.334682,0.022965,0.172948,0.021584,0.117185
12523,0.413709,0.028284,0.23434,0.025184,0.125901
12524,0.357806,0.070939,0.169779,0.020692,0.096396
12525,0.452475,0.066953,0.257523,0.0326,0.095399
12526,0.367057,0.068675,0.182215,0.017823,0.098344
12527,0.442491,0.070519,0.254309,0.017685,0.099978
12528,0.333504,0.024512,0.161726,0.017807,0.129459
12529,0.409488,0.021651,0.251531,0.017944,0.118362
12530,0.328444,0.027942,0.172285,0.017792,0.110425
12531,0.434204,0.083919,0.238192,0.017956,0.094137
12532,0.338662,0.02399,0.157613,0.021244,0.135815
12533,0.46542,0.069176,0.264463,0.019396,0.112385
12534,0.40944,0.078644,0.181147,0.017741,0.131908
12535,0.471983,0.078969,0.263809,0.018225,0.11098
12536,0.427645,0.024051,0.256534,0.021016,0.126044
12537,0.47748,0.069712,0.29047,0.018007,0.099291
12538,0.372089,0.068942,0.183468,0.017878,0.101801
12539,0.448216,0.068628,0.245331,0.033904,0.100353
12540,0.343383,0.067932,0.163038,0.0183,0.094113
12541,0.505202,0.069403,0.320304,0.020197,0.095298
12542,0.384879,0.067126,0.181673,0.020676,0.115404
12543,0.441819,0.068373,0.247107,0.033413,0.092926
12544,0.356815,0.068286,0.164753,0.017808,0.105968
12545,0.429263,0.024237,0.252015,0.018836,0.134175
12546,0.443494,0.026871,0.185233,0.021076,0.210314
12547,0.413456,0.031332,0.234686,0.018181,0.129257
12548,0.326237,0.021187,0.158268,0.01857,0.128212
12549,0.478849,0.039663,0.262997,0.046643,0.129546
12550,0.419333,0.080664,0.181258,0.052498,0.104913
12551,0.482471,0.081702,0.24485,0.060747,0.095172
12552,0.382749,0.076945,0.159108,0.054815,0.091881
12553,0.477804,0.06205,0.253351,0.045696,0.116707
12554,0.41663,0.030992,0.177777,0.055485,0.152376
12555,0.406798,0.047882,0.235239,0.020735,0.102942
12556,0.480882,0.067157,0.16763,0.046224,0.199871
12557,0.541202,0.079309,0.303521,0.045973,0.112399
12558,0.460829,0.07942,0.228461,0.060533,0.092415
12559,0.48028,0.080102,0.239826,0.06206,0.098292
12560,0.400771,0.081314,0.164637,0.055446,0.099374
12561,0.481019,0.079528,0.258743,0.019981,0.122767
12562,0.393388,0.026325,0.18747,0.046756,0.132837
12563,0.43432,0.022855,0.246507,0.046386,0.118572
12564,0.348911,0.03228,0.156993,0.025282,0.134356
12565,0.516616,0.081766,0.269115,0.066795,0.09894
12566,0.401625,0.068942,0.18375,0.046544,0.102389
12567,0.519016,0.080263,0.286844,0.047215,0.104694
12568,0.451159,0.063457,0.161065,0.096041,0.130596
12569,0.559614,0.057796,0.32848,0.047139,0.126199
12570,0.476896,0.078514,0.226886,0.061606,0.10989
12571,0.534101,0.079301,0.28659,0.065994,0.102216
12572,0.454104,0.082734,0.203735,0.053441,0.114194
12573,0.522011,0.078302,0.262386,0.065802,0.115521
12574,0.432887,0.077026,0.177278,0.061817,0.116766
12575,0.518743,0.078372,0.240624,0.081544,0.118203
12576,0.447394,0.078388,0.201223,0.063683,0.1041
12577,0.548429,0.060567,0.30161,0.053116,0.133136
12578,0.460479,0.082711,0.222433,0.060749,0.094586
12579,0.494431,0.081638,0.283759,0.022583,0.106451
12580,0.319488,0.040893,0.159829,0.01925,0.099516
12581,0.481515,0.069008,0.297293,0.01845,0.096764
12582,0.408322,0.067955,0.223903,0.01848,0.097984
12583,0.43975,0.070712,0.245927,0.033153,0.089958
12584,0.350631,0.06962,0.163693,0.019124,0.098194
12585,0.439757,0.067979,0.260552,0.018336,0.09289
12586,0.350358,0.02857,0.176844,0.017951,0.126993
12587,0.399545,0.038604,0.234926,0.017947,0.108068
12588,0.348344,0.070425,0.162603,0.017842,0.097474
12589,0.408198,0.023176,0.251346,0.018748,0.114928
12590,0.3383,0.023468,0.172717,0.017957,0.124158
12591,0.426966,0.067085,0.247196,0.020285,0.0924
12592,0.322301,0.028538,0.158064,0.018082,0.117617
12593,0.445051,0.031584,0.257722,0.027236,0.128509
12594,0.357838,0.040904,0.173861,0.018676,0.124397
12595,0.449233,0.06865,0.247884,0.032535,0.100164
12596,0.351444,0.069291,0.169336,0.017694,0.095123
12597,0.463116,0.070979,0.266376,0.020021,0.10574
12598,0.36664,0.068584,0.182397,0.018785,0.096874
12599,0.4433,0.069145,0.252878,0.018553,0.102724
12600,0.31361,0.02605,0.159068,0.018201,0.110291
12601,0.408644,0.022803,0.25179,0.018199,0.115852
12602,0.34669,0.021041,0.176108,0.03393,0.115611
12603,0.43671,0.049253,0.239216,0.032992,0.115249
12604,0.350367,0.066817,0.169277,0.017787,0.096486
12605,0.420538,0.024044,0.255804,0.018088,0.122602
12606,0.345722,0.027814,0.173187,0.018,0.126721
12607,0.390736,0.026289,0.235962,0.018755,0.10973
12608,0.362744,0.032332,0.158861,0.0328,0.138751
12609,0.452951,0.049181,0.257936,0.032283,0.113551
12610,0.369202,0.069655,0.181959,0.018289,0.099299
12611,0.420789,0.068258,0.241337,0.018464,0.09273
12612,0.337593,0.026378,0.158836,0.020224,0.132155
12613,0.414755,0.027905,0.249975,0.01776,0.119115
12614,0.354993,0.02648,0.173108,0.036019,0.119386
12615,0.438631,0.068169,0.24086,0.01955,0.110052
12616,0.352482,0.069249,0.166027,0.020106,0.0971
12617,0.441606,0.067473,0.253637,0.017982,0.102514
12618,0.368538,0.069965,0.18582,0.017876,0.094877
12619,0.433799,0.067048,0.238419,0.032801,0.095531
12620,0.352536,0.069182,0.165869,0.017785,0.0997
12621,0.406849,0.023296,0.252726,0.017738,0.113089
12622,0.333694,0.022284,0.174357,0.018272,0.118781
12623,0.458333,0.049096,0.245059,0.047818,0.11636
12624,0.344793,0.028913,0.158267,0.028829,0.128784
12625,0.511255,0.079229,0.252354,0.079896,0.099776
12626,0.426957,0.078776,0.195574,0.053737,0.09887
12627,0.494344,0.062825,0.242753,0.070339,0.118427
12628,0.399238,0.076811,0.167988,0.046082,0.108357
12629,0.503282,0.077628,0.257028,0.052634,0.115992
12630,0.469277,0.075854,0.223755,0.062796,0.106872
12631,0.50052,0.08054,0.286674,0.046723,0.086583
12632,0.43584,0.06005,0.207021,0.053054,0.115715
12633,0.495705,0.027553,0.291718,0.054194,0.12224
12634,0.459226,0.057936,0.221554,0.060657,0.119079
12635,0.55541,0.081644,0.23504,0.036723,0.202003
12636,0.421307,0.090348,0.168395,0.04951,0.113054
12637,0.567691,0.119061,0.273837,0.045581,0.129212
12638,0.477637,0.081533,0.224153,0.065799,0.106152
12639,0.518122,0.080457,0.284488,0.046756,0.106421
12640,0.399355,0.081828,0.168422,0.047402,0.101703
12641,0.500792,0.082607,0.30092,0.022456,0.094809
12642,0.407148,0.081954,0.186189,0.04628,0.092725
12643,0.564202,0.08182,0.283898,0.04591,0.152574
12644,0.456346,0.080278,0.209882,0.068144,0.098042
12645,0.57572,0.080417,0.252791,0.046964,0.195548
12646,0.350959,0.030501,0.17391,0.029605,0.116943
12647,0.434384,0.079024,0.237723,0.019547,0.09809
12648,0.455322,0.069431,0.219449,0.062179,0.104263
12649,0.50493,0.080638,0.259789,0.045283,0.11922
12650,0.401491,0.078903,0.180858,0.047225,0.094505
12651,0.481126,0.080282,0.24494,0.061187,0.094717
12652,0.392812,0.080416,0.166263,0.054732,0.091401
12653,0.477057,0.028921,0.29174,0.046845,0.109551
12654,0.360971,0.045378,0.174901,0.018799,0.121893
12655,0.543271,0.069708,0.276971,0.018501,0.178091
12656,0.373176,0.024219,0.202712,0.017777,0.128468
12657,0.471733,0.070141,0.290248,0.017822,0.093522
12658,0.368333,0.023989,0.212506,0.018421,0.113417
12659,0.397793,0.025162,0.235107,0.020095,0.117429
12660,0.356367,0.068652,0.165613,0.018046,0.104056
12661,0.412111,0.023162,0.255551,0.018137,0.115261
12662,0.377231,0.069544,0.193748,0.018173,0.095766
12663,0.439899,0.067973,0.244794,0.037787,0.089345
12664,0.346873,0.069734,0.162251,0.018199,0.096689
12665,0.475568,0.071072,0.264481,0.019616,0.120399
12666,0.369061,0.070803,0.183538,0.017957,0.096763
12667,0.413604,0.02389,0.235363,0.018004,0.136347
12668,0.318012,0.02318,0.158617,0.018184,0.118031
12669,0.41922,0.031802,0.249564,0.01856,0.119294
12670,0.344439,0.023459,0.17705,0.032714,0.111216
12671,0.443898,0.067606,0.245735,0.031154,0.099403
12672,0.356009,0.068007,0.174983,0.017859,0.09516
12673,0.411142,0.024529,0.255078,0.018501,0.113034
12674,0.32534,0.023969,0.172818,0.017676,0.110877
12675,0.396653,0.026709,0.235331,0.018769,0.115844
12676,0.337687,0.024997,0.157681,0.018223,0.136786
12677,0.469515,0.046744,0.268713,0.017274,0.136784
12678,0.3662,0.067982,0.17788,0.018102,0.102236
12679,0.389783,0.024783,0.235866,0.019625,0.109509
12680,0.326358,0.037823,0.158832,0.018179,0.111524
12681,0.408453,0.025911,0.253875,0.019772,0.108895
12682,0.375382,0.020151,0.180448,0.018829,0.155954
12683,0.442362,0.048699,0.247785,0.034931,0.110947
12684,0.352685,0.068522,0.163737,0.020142,0.100284
12685,0.482966,0.06748,0.26918,0.020113,0.126193
12686,0.376626,0.068049,0.185781,0.018141,0.104655
12687,0.476504,0.068512,0.284222,0.017659,0.106111
12688,0.402922,0.069141,0.222893,0.018374,0.092514
12689,0.433274,0.026805,0.260039,0.017941,0.128489
12690,0.407167,0.070496,0.215563,0.019884,0.101224
12691,0.466498,0.067411,0.279565,0.019395,0.100127
12692,0.384815,0.067377,0.206699,0.019822,0.090917
12693,0.455213,0.069818,0.25438,0.019743,0.111272
12694,0.362684,0.06866,0.182792,0.018219,0.093013
12695,0.418004,0.023692,0.245367,0.01863,0.130315
12696,0.367542,0.077058,0.167235,0.018175,0.105074
12697,0.482762,0.08213,0.256857,0.045996,0.097779
12698,0.396159,0.028049,0.173358,0.072488,0.122264
12699,0.492966,0.080111,0.257641,0.061588,0.093626
12700,0.388871,0.081401,0.162762,0.04747,0.097238
12701,0.525302,0.078538,0.261483,0.064881,0.1204
12702,0.38768,0.079189,0.186742,0.026929,0.09482
12703,0.51909,0.078491,0.282232,0.052066,0.106301
12704,0.447355,0.080645,0.20341,0.053114,0.110186
12705,0.511873,0.069512,0.296015,0.045808,0.100538
12706,0.466412,0.079179,0.215533,0.061318,0.110382
12707,0.530553,0.078719,0.281363,0.065099,0.105372
12708,0.400265,0.068934,0.208102,0.025382,0.097847
12709,0.520013,0.068849,0.300427,0.046804,0.103933
12710,0.40878,0.075829,0.179996,0.053508,0.099447
12711,0.493682,0.079379,0.252847,0.060924,0.100532
12712,0.378607,0.076978,0.167368,0.045917,0.088344
12713,0.525513,0.079916,0.262924,0.089276,0.093397
12714,0.354987,0.035433,0.177278,0.021918,0.120358
12715,0.456805,0.068384,0.235468,0.047022,0.105931
12716,0.395346,0.05753,0.165371,0.053538,0.118907
12717,0.527517,0.083581,0.295327,0.047539,0.10107
12718,0.419502,0.07976,0.194862,0.053775,0.091105
12719,0.488868,0.080317,0.249056,0.063821,0.095674
12720,0.386302,0.076043,0.16853,0.046292,0.095437
12721,0.529599,0.088686,0.266839,0.06258,0.111494
12722,0.473771,0.070985,0.220104,0.061232,0.12145
12723,0.51295,0.086129,0.281986,0.048225,0.09661
12724,0.413246,0.024417,0.199035,0.067713,0.122081
12725,0.550299,0.055309,0.310063,0.048042,0.136885
12726,0.456508,0.079543,0.219319,0.05996,0.097686
12727,0.497802,0.068193,0.245041,0.06269,0.121878
12728,0.364873,0.07073,0.178397,0.02038,0.095366
12729,0.484757,0.067492,0.296206,0.017784,0.103275
12730,0.376624,0.071583,0.183682,0.018145,0.103214
12731,0.440433,0.06858,0.245216,0.03326,0.093377
12732,0.350856,0.070586,0.166597,0.017869,0.095804
12733,0.417562,0.026941,0.254262,0.025122,0.111237
12734,0.384184,0.052741,0.173836,0.03186,0.125747
12735,0.396115,0.022596,0.23503,0.01812,0.120369
12736,0.32071,0.027862,0.157496,0.01774,0.117612
12737,0.454357,0.068722,0.257159,0.032558,0.095918
12738,0.358747,0.068203,0.181431,0.017806,0.091307
12739,0.428562,0.070339,0.242491,0.018844,0.096888
12740,0.344364,0.023263,0.158017,0.018051,0.145033
12741,0.453036,0.073013,0.259028,0.021374,0.099621
12742,0.362177,0.068041,0.184911,0.018196,0.091029
12743,0.398091,0.025828,0.234429,0.01825,0.119584
12744,0.418097,0.024721,0.168535,0.02063,0.204211
12745,0.44843,0.049608,0.255337,0.032253,0.111232
12746,0.366255,0.067921,0.182431,0.018042,0.097861
12747,0.426375,0.070529,0.242774,0.018152,0.09492
12748,0.326347,0.025777,0.158581,0.020067,0.121922
12749,0.457176,0.047945,0.259177,0.03434,0.115714
12750,0.365515,0.067505,0.189663,0.018135,0.090212
12751,0.423402,0.06917,0.246096,0.018077,0.090059
12752,0.34689,0.026436,0.159771,0.020188,0.140495
12753,0.436549,0.068779,0.258848,0.01796,0.090962
12754,0.437991,0.024256,0.175604,0.019635,0.218496
12755,0.435987,0.049664,0.242588,0.018679,0.125056
12756,0.353708,0.070272,0.17255,0.017922,0.092964
12757,0.458913,0.067385,0.262763,0.01721,0.111555
12758,0.373489,0.069857,0.180043,0.018001,0.105588
12759,0.443002,0.068757,0.242424,0.032709,0.099112
12760,0.346091,0.070441,0.167558,0.01803,0.090062
12761,0.44792,0.067092,0.262169,0.019662,0.098997
12762,0.343882,0.022289,0.175298,0.01841,0.127885
12763,0.394922,0.023952,0.234977,0.019166,0.116827
12764,0.437796,0.120896,0.158101,0.0182,0.140599
12765,0.447464,0.069788,0.26347,0.018048,0.096158
12766,0.339187,0.023822,0.173163,0.018231,0.123971
12767,0.389373,0.022291,0.233569,0.01794,0.115573
12768,0.334075,0.021067,0.157371,0.019229,0.136408
12769,0.454021,0.069431,0.254464,0.027724,0.102402
12770,0.361148,0.025693,0.174342,0.034698,0.126415
12771,0.414206,0.069885,0.234122,0.018525,0.091674
12772,0.374553,0.024068,0.156804,0.068095,0.125586
12773,0.450265,0.036201,0.253037,0.05276,0.108267
12774,0.39568,0.07013,0.18115,0.046415,0.097985
12775,0.472093,0.079155,0.23982,0.060321,0.092797
12776,0.365531,0.068287,0.173882,0.019174,0.104188
12777,0.496477,0.080633,0.259209,0.045465,0.11117
12778,0.407069,0.08074,0.186509,0.04921,0.09061
12779,0.52144,0.079246,0.276479,0.053101,0.112614
12780,0.435174,0.081409,0.20657,0.052952,0.094243
12781,0.489614,0.02789,0.290661,0.052819,0.118244
12782,0.406375,0.058743,0.183139,0.046483,0.11801
12783,0.430252,0.025971,0.241784,0.045839,0.116658
12784,0.444115,0.048358,0.215739,0.063755,0.116263
12785,0.554101,0.079813,0.298162,0.06607,0.110056
12786,0.483708,0.078726,0.232641,0.06224,0.110101
12787,0.5491,0.080832,0.284824,0.066152,0.117292
12788,0.45636,0.065857,0.208879,0.034214,0.14741
12789,0.564672,0.098586,0.296946,0.04577,0.12337
12790,0.512849,0.09365,0.230577,0.068023,0.120599
12791,0.447101,0.057582,0.249584,0.046694,0.093241
12792,0.399035,0.058759,0.168477,0.052974,0.118825
12793,0.502013,0.079334,0.263238,0.052482,0.106959
12794,0.399284,0.07109,0.18434,0.018823,0.125031
12795,0.496529,0.031237,0.28254,0.045601,0.137151
12796,0.443943,0.078305,0.205135,0.064433,0.09607
12797,0.519103,0.081331,0.293591,0.052154,0.092027
12798,0.46758,0.079853,0.231505,0.060441,0.095781
12799,0.522463,0.080761,0.286651,0.052314,0.102737
12800,0.453886,0.068022,0.203126,0.065795,0.116943
12801,0.47041,0.025207,0.261694,0.048093,0.135416
12802,0.404417,0.079494,0.18288,0.052719,0.089324
12803,0.44843,0.067314,0.255206,0.032762,0.093148
12804,0.356459,0.06944,0.168043,0.018306,0.10067
12805,0.490662,0.068962,0.303993,0.017705,0.100002
12806,0.411198,0.068288,0.214647,0.035774,0.092489
12807,0.484486,0.069985,0.283701,0.018544,0.112256
12808,0.406131,0.068734,0.219358,0.018931,0.099108
12809,0.442982,0.070072,0.26313,0.020116,0.089664
12810,0.347189,0.023857,0.175514,0.033036,0.114782
12811,0.440376,0.048726,0.245227,0.032553,0.11387
12812,0.348301,0.071038,0.167848,0.017889,0.091526
12813,0.438293,0.030995,0.250568,0.020097,0.136633
12814,0.37524,0.041114,0.175791,0.020868,0.137467
12815,0.389539,0.021643,0.232869,0.018992,0.116035
12816,0.324278,0.031865,0.15859,0.018201,0.115622
12817,0.466277,0.067476,0.26379,0.017292,0.117719
12818,0.367419,0.070203,0.180341,0.01784,0.099035
12819,0.430576,0.071223,0.239608,0.017741,0.102004
12820,0.310966,0.026874,0.158247,0.018318,0.107527
12821,0.410493,0.024716,0.249892,0.018369,0.117516
12822,0.377443,0.051601,0.189909,0.018251,0.117682
12823,0.455132,0.06864,0.248695,0.032684,0.105113
12824,0.356434,0.068921,0.168004,0.024126,0.095383
12825,0.4691,0.070008,0.261643,0.034281,0.103168
12826,0.359984,0.066218,0.181288,0.020085,0.092393
12827,0.435785,0.051713,0.242139,0.018223,0.12371
12828,0.329791,0.035975,0.16055,0.018514,0.114752
12829,0.459457,0.04739,0.261589,0.017496,0.132982
12830,0.381548,0.067635,0.18338,0.033331,0.097202
12831,0.409044,0.024167,0.235843,0.018263,0.130771
12832,0.316513,0.022796,0.162822,0.018185,0.11271
12833,0.459364,0.071037,0.261024,0.017847,0.109456
12834,0.353079,0.025264,0.176194,0.018119,0.133502
12835,0.40302,0.028224,0.23451,0.018516,0.12177
12836,0.349353,0.067869,0.167847,0.017719,0.095918
12837,0.453838,0.067669,0.258258,0.032504,0.095407
12838,0.362777,0.069891,0.179521,0.017891,0.095474
12839,0.418878,0.067547,0.241615,0.017609,0.092107
12840,0.326424,0.023446,0.164744,0.017876,0.120358
12841,0.437631,0.068633,0.256721,0.018004,0.094273
12842,0.34186,0.026719,0.172886,0.018324,0.123931
12843,0.3982,0.029162,0.235393,0.019593,0.114052
12844,0.363786,0.070844,0.170335,0.019413,0.103194
12845,0.462191,0.069024,0.261374,0.019221,0.112572
12846,0.410515,0.078329,0.18114,0.045702,0.105344
12847,0.464048,0.077735,0.247335,0.047251,0.091727
12848,0.323351,0.026235,0.160176,0.023428,0.113512
12849,0.414402,0.026327,0.251163,0.022183,0.114729
12850,0.405995,0.0291,0.173499,0.06586,0.137536
12851,0.487918,0.081116,0.241084,0.068026,0.097692
12852,0.39426,0.078831,0.162806,0.054578,0.098045
12853,0.553373,0.080261,0.252917,0.045939,0.174256
12854,0.408775,0.076572,0.185689,0.053027,0.093487
12855,0.4848,0.076782,0.248393,0.062623,0.097002
12856,0.370151,0.090315,0.169246,0.018491,0.092099
12857,0.539645,0.079402,0.306793,0.046142,0.107308
12858,0.446153,0.079923,0.219892,0.045599,0.100739
12859,0.467175,0.025889,0.28468,0.046635,0.109971
12860,0.447939,0.057197,0.205009,0.071723,0.11401
12861,0.555066,0.082088,0.311905,0.065664,0.095409
12862,0.389937,0.080231,0.191405,0.020398,0.097903
12863,0.555029,0.079098,0.238081,0.047422,0.190428
12864,0.395995,0.077752,0.170105,0.052396,0.095742
12865,0.510955,0.079297,0.26676,0.06016,0.104738
12866,0.458973,0.079233,0.218831,0.064231,0.096678
12867,0.511045,0.079003,0.285154,0.045988,0.1009
12868,0.406671,0.081342,0.165768,0.052965,0.106596
12869,0.428368,0.025961,0.27217,0.018409,0.111828
12870,0.471732,0.081122,0.220673,0.072361,0.097576
12871,0.524067,0.060591,0.282709,0.046904,0.133863
12872,0.456962,0.078579,0.216516,0.069773,0.092094
12873,0.575375,0.080672,0.256656,0.046822,0.191225
12874,0.460106,0.082037,0.216084,0.063013,0.098972
12875,0.4471,0.040728,0.246634,0.048813,0.110925
12876,0.383562,0.078909,0.161572,0.047558,0.095523
12877,0.52732,0.080266,0.300267,0.044579,0.102208
12878,0.400907,0.069264,0.216231,0.021171,0.094241
12879,0.463343,0.067609,0.278879,0.019628,0.097227
12880,0.388122,0.067275,0.211607,0.017906,0.091334
12881,0.446917,0.070083,0.257587,0.018659,0.100588
12882,0.361768,0.04329,0.176056,0.017933,0.124489
12883,0.495809,0.029191,0.235872,0.018722,0.212024
12884,0.322007,0.021336,0.158327,0.020438,0.121906
12885,0.47754,0.070618,0.270329,0.035281,0.101312
12886,0.374926,0.067012,0.18306,0.017805,0.107049
12887,0.405678,0.027695,0.236091,0.017992,0.1239
12888,0.361671,0.069696,0.167918,0.01824,0.105817
12889,0.409835,0.025113,0.250894,0.018011,0.115817
12890,0.360821,0.027891,0.172049,0.017586,0.143295
12891,0.434418,0.050019,0.239518,0.032623,0.112258
12892,0.343395,0.068769,0.165086,0.018162,0.091378
12893,0.547808,0.068496,0.256023,0.017858,0.205431
12894,0.346362,0.028553,0.173837,0.023991,0.119981
12895,0.41526,0.028166,0.234291,0.025301,0.127502
12896,0.346329,0.023377,0.163257,0.018457,0.141238
12897,0.453464,0.065567,0.253818,0.032506,0.101573
12898,0.381924,0.069839,0.194945,0.019015,0.098125
12899,0.400463,0.026181,0.241249,0.018757,0.114276
12900,0.314978,0.032771,0.15825,0.017886,0.106071
12901,0.408181,0.020316,0.250704,0.019797,0.117364
12902,0.351898,0.023825,0.172183,0.032485,0.123405
12903,0.409958,0.034378,0.236423,0.017757,0.1214
12904,0.361398,0.068282,0.167316,0.017876,0.107924
12905,0.458375,0.070326,0.259516,0.017517,0.111016
12906,0.362793,0.068184,0.182626,0.017821,0.094162
12907,0.445181,0.069601,0.242246,0.032653,0.100681
12908,0.350606,0.069227,0.166189,0.018955,0.096235
12909,0.403607,0.023137,0.251681,0.018149,0.11064
12910,0.33896,0.02715,0.174232,0.017984,0.119594
12911,0.403933,0.033749,0.232903,0.019478,0.117803
12912,0.339234,0.035141,0.156848,0.033403,0.113842
12913,0.470189,0.048716,0.273538,0.017277,0.130658
12914,0.361929,0.069237,0.180361,0.018019,0.094312
12915,0.441178,0.05024,0.23862,0.033074,0.119244
12916,0.349302,0.068833,0.167785,0.017666,0.095018
12917,0.422073,0.024367,0.252122,0.018031,0.127553
12918,0.348597,0.033645,0.171507,0.01777,0.125675
12919,0.409173,0.022246,0.239112,0.02288,0.124935
12920,0.391924,0.048282,0.173195,0.04547,0.124977
12921,0.528837,0.078067,0.257375,0.067049,0.126346
12922,0.400035,0.081411,0.181612,0.046069,0.090943
12923,0.48608,0.069286,0.276876,0.027345,0.112573
12924,0.502262,0.089784,0.229436,0.060329,0.122713
12925,0.582687,0.091001,0.314317,0.053503,0.123866
12926,0.437973,0.068345,0.193764,0.061079,0.114785
12927,0.493075,0.081678,0.243671,0.069883,0.097843
12928,0.432633,0.064454,0.198963,0.052925,0.116291
12929,0.493501,0.047345,0.257317,0.06167,0.127169
12930,0.391426,0.027235,0.17482,0.079699,0.109672
12931,0.5002,0.079153,0.242024,0.071392,0.107631
12932,0.395043,0.06737,0.16381,0.063224,0.100639
12933,0.497248,0.060303,0.254255,0.060971,0.121719
12934,0.404158,0.077511,0.180615,0.052673,0.093359
12935,0.474821,0.080056,0.246331,0.057313,0.091121
12936,0.38228,0.087727,0.16727,0.019832,0.107451
12937,0.536158,0.06996,0.317334,0.04565,0.103214
12938,0.437998,0.063307,0.219275,0.046174,0.109242
12939,0.467266,0.031814,0.276274,0.045831,0.113347
12940,0.450918,0.057851,0.20332,0.069297,0.12045
12941,0.557447,0.079442,0.303446,0.047973,0.126586
12942,0.386433,0.081447,0.180877,0.020544,0.103565
12943,0.484568,0.082645,0.246137,0.060518,0.095268
12944,0.403387,0.080435,0.169152,0.053065,0.100735
12945,0.494611,0.081462,0.256045,0.045004,0.1121
12946,0.469348,0.078152,0.216348,0.065875,0.108973
12947,0.552484,0.081634,0.295123,0.065011,0.110716
12948,0.40364,0.079491,0.168087,0.053405,0.102657
12949,0.457054,0.025135,0.258325,0.04649,0.127104
12950,0.466214,0.080706,0.224449,0.062874,0.098185
12951,0.513578,0.067657,0.289424,0.045871,0.110626
12952,0.402473,0.07063,0.214569,0.018935,0.098339
12953,0.463236,0.070825,0.260674,0.020232,0.111505
12954,0.35908,0.065993,0.18216,0.020004,0.090923
12955,0.423583,0.051349,0.24071,0.018627,0.112897
12956,0.353913,0.068039,0.173159,0.018113,0.094602
12957,0.41835,0.027637,0.252122,0.01921,0.119381
12958,0.338509,0.029124,0.17193,0.018071,0.119384
12959,0.411544,0.022893,0.237979,0.018023,0.132649
12960,0.345181,0.06768,0.15814,0.021196,0.098165
12961,0.463889,0.069088,0.258385,0.033884,0.102532
12962,0.465773,0.067408,0.19555,0.018562,0.184253
12963,0.446753,0.0779,0.244018,0.032954,0.091881
12964,0.354165,0.070368,0.16196,0.023385,0.098452
12965,0.449962,0.068444,0.261267,0.020268,0.099983
12966,0.342506,0.025075,0.174179,0.018306,0.124946
12967,0.409939,0.031291,0.233638,0.018064,0.126946
12968,0.352731,0.069012,0.167089,0.020644,0.095986
12969,0.466416,0.068693,0.282686,0.018424,0.096613
12970,0.377913,0.070111,0.174956,0.018084,0.114762
12971,0.437877,0.068526,0.242223,0.03346,0.093668
12972,0.441559,0.07046,0.159573,0.017067,0.194459
12973,0.462781,0.06804,0.261794,0.02052,0.112427
12974,0.368258,0.069105,0.181919,0.018706,0.098528
12975,0.442816,0.070825,0.245254,0.033739,0.092998
12976,0.354576,0.067868,0.170159,0.020542,0.096007
12977,0.459422,0.069655,0.258451,0.019431,0.111885
12978,0.369262,0.068402,0.180056,0.017912,0.102892
12979,0.442993,0.048791,0.257225,0.018406,0.118571
12980,0.327374,0.030717,0.159541,0.020993,0.116123
12981,0.434229,0.034258,0.257798,0.017539,0.124634
12982,0.465574,0.067364,0.18317,0.017837,0.197203
12983,0.431985,0.06967,0.247213,0.018614,0.096488
12984,0.350798,0.066993,0.168397,0.021148,0.09426
12985,0.454676,0.067797,0.256612,0.034345,0.095922
12986,0.371991,0.067774,0.178318,0.01776,0.108139
12987,0.420932,0.067965,0.242412,0.017894,0.092661
12988,0.328478,0.02594,0.160766,0.020018,0.121754
12989,0.426222,0.027145,0.251003,0.027774,0.1203
12990,0.354991,0.027768,0.171694,0.019217,0.136312
12991,0.400892,0.022145,0.244389,0.017737,0.116621
12992,0.369628,0.0707,0.171933,0.018393,0.108602
12993,0.467629,0.068648,0.263813,0.017345,0.117823
12994,0.363517,0.070314,0.180937,0.017314,0.094952
12995,0.470693,0.07886,0.248051,0.04588,0.097902
12996,0.388896,0.028681,0.159198,0.068577,0.13244
12997,0.408988,0.032332,0.251403,0.018622,0.106631
12998,0.358598,0.046408,0.182134,0.016842,0.113214
12999,0.439968,0.069002,0.243886,0.032005,0.095075
13000,0.402728,0.080358,0.16705,0.06032,0.095
13001,0.491271,0.069083,0.259092,0.067641,0.095455
13002,0.357491,0.063048,0.174719,0.020591,0.099133
13003,0.474405,0.032899,0.235241,0.083569,0.122696
13004,0.386217,0.021975,0.162749,0.033207,0.168286
13005,0.507562,0.079433,0.25929,0.06347,0.105369
13006,0.40744,0.066159,0.175323,0.062553,0.103405
13007,0.507413,0.058322,0.281498,0.044752,0.122841
13008,0.403347,0.079956,0.169828,0.052775,0.100788
13009,0.500913,0.079139,0.2575,0.069351,0.094923
13010,0.430748,0.078218,0.222131,0.030719,0.09968
13011,0.527351,0.082398,0.285575,0.046658,0.11272
13012,0.450624,0.06872,0.225679,0.061,0.095225
13013,0.533755,0.077801,0.303264,0.045348,0.107342
13014,0.422146,0.079579,0.188358,0.047344,0.106865
13015,0.480245,0.083015,0.238199,0.052759,0.106272
13016,0.432912,0.079934,0.173224,0.021081,0.158673
13017,0.528631,0.090452,0.27207,0.047181,0.118928
13018,0.402071,0.074007,0.183751,0.046989,0.097324
13019,0.534171,0.078816,0.292476,0.046386,0.116493
13020,0.386627,0.074935,0.165694,0.045602,0.100396
13021,0.530282,0.081401,0.298674,0.053251,0.096956
13022,0.425271,0.069544,0.191015,0.046317,0.118395
13023,0.486704,0.027197,0.281376,0.047412,0.130719
13024,0.454405,0.057814,0.213815,0.068153,0.114623
13025,0.536082,0.078251,0.314173,0.046082,0.097576
13026,0.437552,0.079999,0.218098,0.023011,0.116444
13027,0.496904,0.068841,0.294449,0.020244,0.11337
13028,0.421762,0.046284,0.16404,0.086263,0.125175
13029,0.438809,0.029357,0.253918,0.027593,0.127941
13030,0.366929,0.06851,0.180001,0.018652,0.099766
13031,0.442265,0.06903,0.247043,0.033131,0.093061
13032,0.366759,0.06951,0.167716,0.018069,0.111464
13033,0.460024,0.067362,0.253661,0.018084,0.120917
13034,0.378113,0.070358,0.191718,0.021814,0.094223
13035,0.449924,0.068394,0.245864,0.024748,0.110918
13036,0.343987,0.077182,0.15899,0.020667,0.087148
13037,0.446197,0.047048,0.257939,0.019692,0.121518
13038,0.349144,0.024192,0.177322,0.018759,0.128871
13039,0.427482,0.069119,0.242344,0.018994,0.097025
13040,0.34468,0.027797,0.160197,0.020848,0.135838
13041,0.449631,0.046469,0.25702,0.03457,0.111572
13042,0.38472,0.067556,0.182822,0.018929,0.115413
13043,0.414704,0.048593,0.238631,0.019988,0.107492
13044,0.348924,0.045691,0.172649,0.018663,0.111921
13045,0.459838,0.06899,0.259773,0.032828,0.098247
13046,0.365729,0.068767,0.182316,0.018277,0.096369
13047,0.45166,0.069495,0.248343,0.033376,0.100446
13048,0.354546,0.068438,0.168383,0.018361,0.099364
13049,0.452899,0.069515,0.26238,0.019044,0.10196
13050,0.345386,0.024247,0.176605,0.018262,0.126272
13051,0.412807,0.024872,0.234966,0.020276,0.132693
13052,0.317777,0.029516,0.160172,0.018382,0.109707
13053,0.440251,0.068706,0.253345,0.017369,0.100831
13054,0.36446,0.069391,0.181073,0.017913,0.096083
13055,0.435176,0.067795,0.239265,0.017998,0.110118
13056,0.377303,0.07049,0.166535,0.018361,0.121917
13057,0.443159,0.072575,0.252613,0.017975,0.099996
13058,0.356251,0.068236,0.177551,0.017899,0.092565
13059,0.459548,0.068,0.249691,0.019411,0.122446
13060,0.36126,0.067758,0.171748,0.02005,0.101704
13061,0.438569,0.07018,0.257742,0.017962,0.092685
13062,0.368086,0.028183,0.178571,0.017399,0.143933
13063,0.422397,0.047751,0.238275,0.018625,0.117746
13064,0.357068,0.069124,0.173713,0.018827,0.095404
13065,0.411929,0.02403,0.253165,0.019727,0.115007
13066,0.34928,0.022208,0.176284,0.032984,0.117804
13067,0.420261,0.049944,0.243589,0.018039,0.108689
13068,0.351653,0.025713,0.158435,0.019533,0.147972
13069,0.457864,0.071179,0.25481,0.019954,0.111921
13070,0.389195,0.02353,0.174034,0.072256,0.119375
13071,0.403251,0.025182,0.238222,0.017468,0.122379
13072,0.388003,0.081893,0.161841,0.046236,0.098033
13073,0.486389,0.079664,0.252915,0.05576,0.09805
13074,0.434722,0.061522,0.191228,0.052696,0.129276
13075,0.485917,0.079535,0.248897,0.060908,0.096577
13076,0.398565,0.081328,0.167687,0.051888,0.097662
13077,0.489784,0.08,0.266117,0.018108,0.125559
13078,0.457197,0.081292,0.219273,0.059698,0.096934
13079,0.510053,0.080244,0.289409,0.05211,0.08829
13080,0.424727,0.025899,0.202344,0.057727,0.138757
13081,0.646226,0.056341,0.307407,0.045225,0.237253
13082,0.455322,0.080871,0.223279,0.061495,0.089677
13083,0.578742,0.06807,0.318984,0.080884,0.110804
13084,0.452465,0.07943,0.203927,0.070822,0.098286
13085,0.514131,0.079866,0.257642,0.080682,0.095941
13086,0.431213,0.126665,0.179197,0.034989,0.090362
13087,0.527562,0.07975,0.286919,0.051628,0.109265
13088,0.456994,0.077763,0.204526,0.068516,0.106189
13089,0.469073,0.062624,0.261955,0.035362,0.109132
13090,0.405738,0.059587,0.181701,0.045802,0.118648
13091,0.484771,0.079023,0.246078,0.064872,0.094798
13092,0.42448,0.082523,0.182252,0.06941,0.090295
13093,0.526526,0.088551,0.297439,0.04745,0.093086
13094,0.39105,0.026568,0.178106,0.078964,0.107412
13095,0.488409,0.081938,0.240026,0.071147,0.095298
13096,0.407889,0.023008,0.205224,0.045547,0.13411
13097,0.530269,0.080286,0.300841,0.045875,0.103267
13098,0.466875,0.080322,0.21332,0.075178,0.098055
13099,0.505226,0.077231,0.282448,0.04546,0.100087
13100,0.388177,0.078407,0.164226,0.045475,0.100069
13101,0.620357,0.077918,0.294966,0.045569,0.201904
13102,0.411085,0.04134,0.235268,0.018034,0.116443
13103,0.474111,0.068296,0.279829,0.017793,0.108193
13104,0.402642,0.069022,0.222849,0.019502,0.091269
13105,0.489084,0.069455,0.296898,0.022712,0.100019
13106,0.426413,0.069099,0.221839,0.017752,0.117723
13107,0.477639,0.071202,0.284303,0.017469,0.104665
13108,0.371426,0.068381,0.171296,0.033264,0.098485
13109,0.451466,0.067471,0.270372,0.017684,0.095939
13110,0.360987,0.025023,0.180533,0.033008,0.122423
13111,0.526793,0.06797,0.239146,0.019715,0.199962
13112,0.351547,0.069493,0.166159,0.020031,0.095864
13113,0.418609,0.05205,0.257466,0.017016,0.092077
13114,0.365355,0.049764,0.183628,0.017783,0.11418
13115,0.449642,0.067571,0.255934,0.018517,0.10762
13116,0.348204,0.069387,0.172267,0.017407,0.089143
13117,0.435958,0.068561,0.256164,0.017827,0.093406
13118,0.339875,0.029781,0.176649,0.01988,0.113565
13119,0.414815,0.032841,0.236117,0.017834,0.128023
13120,0.329696,0.021776,0.159711,0.017885,0.130324
13121,0.521285,0.02549,0.251911,0.017916,0.225968
13122,0.346291,0.028971,0.175602,0.018561,0.123157
13123,0.394648,0.02191,0.236967,0.017907,0.117864
13124,0.343218,0.025096,0.167617,0.017604,0.132901
13125,0.424971,0.027362,0.2506,0.018492,0.128517
13126,0.347431,0.020357,0.173246,0.018312,0.135516
13127,0.421719,0.031365,0.242369,0.017984,0.130001
13128,0.351879,0.069184,0.174662,0.017612,0.090421
13129,0.453046,0.068945,0.25192,0.017415,0.114766
13130,0.376992,0.06944,0.184953,0.017612,0.104987
13131,0.427981,0.07057,0.23718,0.017055,0.103176
13132,0.3506,0.068389,0.164671,0.017536,0.100004
13133,0.458693,0.068187,0.259024,0.016857,0.114625
13134,0.360811,0.07092,0.177948,0.017681,0.094262
13135,0.423864,0.068924,0.24268,0.017544,0.094716
13136,0.325527,0.02399,0.169857,0.017904,0.113776
13137,0.45537,0.068568,0.260657,0.032105,0.09404
13138,0.364958,0.069543,0.176486,0.017488,0.101441
13139,0.405815,0.023363,0.236871,0.018658,0.126923
13140,0.314897,0.023847,0.158835,0.018041,0.114174
13141,0.460871,0.070295,0.255431,0.017014,0.118131
13142,0.367848,0.069409,0.17456,0.017638,0.106241
13143,0.436112,0.068945,0.254444,0.018438,0.094285
13144,0.334237,0.054801,0.158773,0.019119,0.101544
13145,0.484951,0.049377,0.256537,0.062804,0.116233
13146,0.415873,0.077777,0.176005,0.067838,0.094253
13147,0.466931,0.079013,0.243696,0.045766,0.098456
13148,0.330587,0.026402,0.160661,0.020334,0.12319
13149,0.515674,0.058626,0.2939,0.04524,0.117908
13150,0.421275,0.088786,0.182961,0.028659,0.120869
13151,0.529287,0.070659,0.289338,0.045054,0.124236
13152,0.455959,0.077331,0.209061,0.066826,0.102741
13153,0.533447,0.068973,0.298123,0.046765,0.119586
13154,0.458082,0.060645,0.222059,0.060345,0.115033
13155,0.530757,0.079322,0.298001,0.045459,0.107975
13156,0.410264,0.040763,0.162751,0.081944,0.124806
13157,0.521926,0.081184,0.300558,0.04448,0.095704
13158,0.463402,0.079997,0.219443,0.060244,0.103718
13159,0.473051,0.076778,0.246634,0.060822,0.088817
13160,0.465574,0.078918,0.203795,0.059645,0.123216
13161,0.477637,0.067825,0.253584,0.045741,0.110487
13162,0.372224,0.078039,0.176421,0.018678,0.099086
13163,0.472649,0.069751,0.28344,0.016249,0.103209
13164,0.428392,0.068811,0.240144,0.016575,0.102862
13165,0.536673,0.08601,0.298623,0.051357,0.100683
13166,0.470042,0.079542,0.231403,0.06155,0.097547
13167,0.48158,0.080813,0.246459,0.061803,0.092505
13168,0.434704,0.078522,0.22998,0.03252,0.093682
13169,0.450249,0.025207,0.254895,0.045545,0.124602
13170,0.4045,0.028169,0.191175,0.045097,0.140059
13171,0.458387,0.044666,0.240468,0.049226,0.124027
13172,0.415003,0.080607,0.175615,0.052923,0.105858
13173,0.524487,0.080462,0.258839,0.084172,0.101014
13174,0.473523,0.093003,0.196097,0.063891,0.120532
13175,0.46029,0.026107,0.28611,0.03834,0.109733
13176,0.388402,0.069119,0.21046,0.017955,0.090868
13177,0.489667,0.067812,0.304007,0.019877,0.097971
13178,0.408395,0.06857,0.223353,0.017396,0.099076
13179,0.487971,0.067755,0.287362,0.017369,0.115485
13180,0.394527,0.069223,0.208799,0.017407,0.099098
13181,0.481208,0.089918,0.263744,0.017871,0.109675
13182,0.362435,0.069283,0.179889,0.017885,0.095378
13183,0.426707,0.069643,0.243791,0.01786,0.095413
13184,0.322717,0.023694,0.161638,0.020081,0.117304
13185,0.459302,0.069008,0.256246,0.033333,0.100715
13186,0.380064,0.069845,0.194129,0.01976,0.09633
13187,0.428069,0.068163,0.238823,0.017357,0.103726
13188,0.375314,0.047673,0.160498,0.032005,0.135138
13189,0.423475,0.036746,0.26077,0.01722,0.108739
13190,0.365139,0.067412,0.180191,0.017983,0.099553
13191,0.444515,0.070512,0.242881,0.033334,0.097788
13192,0.348722,0.068923,0.167915,0.017361,0.094523
13193,0.45524,0.068603,0.258905,0.033822,0.09391
13194,0.365303,0.051345,0.177334,0.019384,0.11724
13195,0.463448,0.086261,0.243148,0.018754,0.115285
13196,0.322852,0.025106,0.15825,0.017456,0.12204
13197,0.441376,0.022979,0.252393,0.017759,0.148245
13198,0.335455,0.029758,0.17476,0.018463,0.112474
13199,0.404002,0.032983,0.237744,0.01774,0.115535
13200,0.436945,0.025976,0.269115,0.017993,0.123861
13201,0.433575,0.024854,0.251893,0.017535,0.139293
13202,0.382682,0.042065,0.176729,0.018655,0.145233
13203,0.43892,0.068742,0.242799,0.034932,0.092447
13204,0.350327,0.069313,0.171682,0.019854,0.089478
13205,0.454962,0.07042,0.257915,0.03379,0.092837
13206,0.355842,0.067184,0.176026,0.017776,0.094856
13207,0.40462,0.023355,0.236418,0.018779,0.126068
13208,0.321495,0.032327,0.15852,0.017523,0.113125
13209,0.426009,0.026988,0.251066,0.019159,0.128796
13210,0.472362,0.068893,0.181986,0.01803,0.203453
13211,0.438099,0.06975,0.24088,0.017592,0.109877
13212,0.35814,0.066993,0.179525,0.017723,0.093899
13213,0.437261,0.06965,0.256484,0.017573,0.093554
13214,0.348031,0.025151,0.175684,0.019616,0.12758
13215,0.403651,0.02096,0.235773,0.017741,0.129177
13216,0.328444,0.024061,0.15881,0.020155,0.125418
13217,0.4519,0.04601,0.256049,0.034219,0.115622
13218,0.359058,0.068834,0.181828,0.017376,0.09102
13219,0.504885,0.079116,0.245814,0.064357,0.115598
13220,0.515516,0.070401,0.162557,0.052857,0.229701
13221,0.536233,0.080414,0.261103,0.081458,0.113258
13222,0.43647,0.09754,0.199694,0.018739,0.120497
13223,0.500303,0.080275,0.250711,0.059759,0.109558
13224,0.389882,0.079275,0.166446,0.052394,0.091767
13225,0.537229,0.081043,0.311086,0.052132,0.092968
13226,0.425983,0.079152,0.186605,0.053013,0.107213
13227,0.478222,0.079038,0.244619,0.060425,0.09414
13228,0.450689,0.08102,0.204292,0.053916,0.111461
13229,0.447365,0.040539,0.264788,0.029508,0.11253
13230,0.61352,0.081368,0.222147,0.06254,0.247465
13231,0.490029,0.057543,0.282392,0.046312,0.103782
13232,0.442762,0.057528,0.206863,0.052561,0.12581
13233,0.534725,0.08276,0.30965,0.048232,0.094083
13234,0.466882,0.077794,0.226978,0.059961,0.102149
13235,0.461202,0.042096,0.240738,0.066792,0.111576
13236,0.386231,0.081313,0.165437,0.046413,0.093068
13237,0.527376,0.076898,0.304601,0.054246,0.091631
13238,0.425331,0.074137,0.180507,0.066332,0.104355
13239,0.481048,0.081141,0.242775,0.06209,0.095042
13240,0.544307,0.06804,0.207626,0.047682,0.220959
13241,0.524043,0.079763,0.262255,0.05231,0.129715
13242,0.478738,0.076295,0.21696,0.082499,0.102984
13243,0.559901,0.079919,0.298961,0.066276,0.114745
13244,0.49859,0.066557,0.23091,0.064273,0.13685
13245,0.545353,0.050382,0.306762,0.051736,0.136473
13246,0.453903,0.078705,0.226002,0.05225,0.096946
13247,0.47672,0.027376,0.292832,0.045942,0.11057
13248,0.413298,0.074407,0.209186,0.022091,0.107614
13249,0.484456,0.070774,0.301515,0.018374,0.093793
13250,0.515073,0.070412,0.221164,0.017709,0.205788
13251,0.461436,0.069495,0.280325,0.017527,0.094089
13252,0.355002,0.070528,0.161667,0.017737,0.10507
13253,0.464255,0.067718,0.268488,0.03298,0.095069
13254,0.36392,0.070272,0.179169,0.017978,0.096501
13255,0.422746,0.023772,0.238942,0.017346,0.142686
13256,0.355297,0.070073,0.171187,0.019312,0.094725
13257,0.461539,0.06986,0.261904,0.018897,0.110878
13258,0.371631,0.067246,0.185575,0.0178,0.10101
13259,0.399689,0.027493,0.235278,0.017924,0.118994
13260,0.362204,0.042227,0.159971,0.01804,0.141966
13261,0.459079,0.069837,0.261498,0.032203,0.095541
13262,0.359997,0.067664,0.178701,0.017237,0.096395
13263,0.389604,0.024396,0.235668,0.017992,0.111548
13264,0.322138,0.022824,0.15808,0.017585,0.123649
13265,0.415419,0.024537,0.254683,0.019819,0.11638
13266,0.349664,0.027591,0.172791,0.019699,0.129583
13267,0.435024,0.072028,0.244715,0.018214,0.100067
13268,0.360147,0.070003,0.18217,0.017751,0.090223
13269,0.444807,0.068675,0.253034,0.017539,0.105559
13270,0.378153,0.069235,0.17898,0.017482,0.112456
13271,0.427626,0.067552,0.238876,0.017219,0.103979
13272,0.350445,0.069928,0.168156,0.017388,0.094973
13273,0.438157,0.067279,0.256762,0.017687,0.096429
13274,0.388575,0.02484,0.176477,0.034711,0.152547
13275,0.471766,0.047452,0.284154,0.018697,0.121463
13276,0.388256,0.07034,0.205424,0.018002,0.09449
13277,0.457992,0.022975,0.292871,0.019272,0.122874
13278,0.362453,0.065402,0.185683,0.019972,0.091396
13279,0.438986,0.069367,0.240131,0.017264,0.112224
13280,0.340844,0.067683,0.161592,0.017647,0.093922
13281,0.419351,0.025538,0.260173,0.017752,0.115888
13282,0.359475,0.068917,0.176779,0.017464,0.096315
13283,0.448756,0.070009,0.245406,0.034998,0.098343
13284,0.351793,0.069612,0.170066,0.017591,0.094524
13285,0.448691,0.067185,0.256279,0.031842,0.093385
13286,0.3616,0.068374,0.180974,0.018419,0.093833
13287,0.406462,0.024084,0.237396,0.019591,0.125391
13288,0.339878,0.022017,0.159705,0.018913,0.139243
13289,0.413694,0.022639,0.251622,0.017576,0.121857
13290,0.350542,0.026475,0.176998,0.020936,0.126133
13291,0.4776,0.078184,0.237229,0.065331,0.096856
13292,0.432881,0.080013,0.173115,0.06462,0.115133
13293,0.519226,0.0643,0.290086,0.046351,0.118489
13294,0.491477,0.102376,0.238593,0.030323,0.120185
13295,0.536795,0.081263,0.309818,0.045156,0.100558
13296,0.452009,0.082098,0.207996,0.068611,0.093304
13297,0.534216,0.079949,0.265591,0.081248,0.107428
13298,0.425724,0.078245,0.179593,0.067058,0.100828
13299,0.522741,0.095274,0.254575,0.061129,0.111763
13300,0.379311,0.089287,0.170851,0.020869,0.098304
13301,0.530862,0.081187,0.300206,0.045419,0.10405
13302,0.463779,0.075359,0.221671,0.061801,0.104948
13303,0.51248,0.080032,0.287554,0.045495,0.099399
13304,0.467953,0.078805,0.207717,0.081593,0.099838
13305,0.52711,0.080364,0.300534,0.045186,0.101026
13306,0.372969,0.069456,0.188825,0.018166,0.096522
13307,0.484635,0.079901,0.244819,0.046985,0.11293
13308,0.355686,0.035667,0.165783,0.041306,0.11293
13309,0.515559,0.071752,0.257949,0.051751,0.134107
13310,0.410847,0.077388,0.1847,0.052616,0.096143
13311,0.507365,0.080879,0.250429,0.066869,0.109188
13312,0.397284,0.076922,0.168058,0.052382,0.099922
13313,0.457931,0.025243,0.256486,0.046258,0.129944
13314,0.458816,0.081001,0.214847,0.063955,0.099013
13315,0.51334,0.077171,0.284626,0.047036,0.104507
13316,0.450229,0.079967,0.211152,0.052055,0.107055
13317,0.522988,0.078145,0.304216,0.045573,0.095054
13318,0.455437,0.077101,0.222803,0.060949,0.094584
13319,0.500365,0.077051,0.267827,0.045513,0.109974
13320,0.391153,0.068224,0.161891,0.052064,0.108974
13321,0.481682,0.079599,0.262777,0.033446,0.10586
13322,0.403033,0.067094,0.219079,0.017695,0.099165
13323,0.478038,0.067987,0.285294,0.017413,0.107344
13324,0.399286,0.069704,0.208945,0.017767,0.10287
13325,0.519838,0.069216,0.299693,0.018699,0.13223
13326,0.375786,0.027452,0.217308,0.01799,0.113036
13327,0.403435,0.026145,0.235861,0.017521,0.123908
13328,0.318384,0.025697,0.158859,0.018026,0.115802
13329,0.458991,0.067055,0.260681,0.017014,0.114241
13330,0.363354,0.069756,0.180707,0.017751,0.09514
13331,0.409536,0.024375,0.236896,0.020738,0.127527
13332,0.350711,0.022073,0.15914,0.041197,0.128301
13333,0.427964,0.026066,0.259767,0.018047,0.124084
13334,0.339204,0.030426,0.173317,0.017769,0.117692
13335,0.441469,0.069247,0.240118,0.035465,0.096639
13336,0.353289,0.068114,0.168245,0.025407,0.091523
13337,0.418953,0.023364,0.251547,0.018274,0.125768
13338,0.331362,0.021069,0.17594,0.017649,0.116704
13339,0.514322,0.024996,0.235857,0.018094,0.235375
13340,0.352935,0.030633,0.161308,0.017882,0.143112
13341,0.461633,0.071378,0.259093,0.031632,0.09953
13342,0.364551,0.068935,0.185045,0.017797,0.092774
13343,0.415111,0.024825,0.236769,0.017255,0.136262
13344,0.344865,0.047369,0.162472,0.018895,0.116129
13345,0.455085,0.070589,0.257504,0.032653,0.094339
13346,0.376906,0.066181,0.190132,0.020016,0.100577
13347,0.404876,0.026723,0.239675,0.018037,0.120441
13348,0.346235,0.068433,0.169875,0.017344,0.090583
13349,0.562854,0.06988,0.260607,0.017075,0.215292
13350,0.365028,0.069815,0.181771,0.017439,0.096003
13351,0.396326,0.022301,0.237485,0.017879,0.118661
13352,0.322384,0.027216,0.158367,0.017577,0.119224
13353,0.425058,0.032238,0.258283,0.01856,0.115977
13354,0.331499,0.040964,0.17451,0.017739,0.098286
13355,0.431978,0.067196,0.235518,0.017286,0.111978
13356,0.345369,0.06975,0.166443,0.017645,0.091531
13357,0.446019,0.068239,0.263048,0.019554,0.095178
13358,0.332362,0.024718,0.175473,0.017695,0.114476
13359,0.397215,0.022398,0.235456,0.020221,0.11914
13360,0.339132,0.024125,0.158198,0.03223,0.124579
13361,0.429562,0.034275,0.25634,0.024963,0.113984
13362,0.390982,0.066399,0.195926,0.019552,0.109105
13363,0.452522,0.070636,0.246217,0.032206,0.103463
13364,0.392273,0.067453,0.204697,0.019744,0.100379
13365,0.502244,0.069469,0.294765,0.044779,0.093231
13366,0.463037,0.074983,0.226886,0.061876,0.099292
13367,0.436203,0.051713,0.259964,0.022491,0.102035
13368,0.386671,0.060363,0.165033,0.045756,0.115519
13369,0.482609,0.069257,0.255781,0.045879,0.111692
13370,0.414925,0.079417,0.189074,0.052964,0.09347
13371,0.471752,0.077592,0.241937,0.060277,0.091946
13372,0.440642,0.079599,0.208591,0.045833,0.106619
13373,0.512705,0.078639,0.271143,0.052478,0.110445
13374,0.454465,0.02499,0.213413,0.067311,0.148751
13375,0.514321,0.060477,0.294172,0.046575,0.113097
13376,0.446713,0.059424,0.209974,0.047643,0.129672
13377,0.515892,0.079847,0.29224,0.045094,0.098711
13378,0.448202,0.080786,0.217857,0.060006,0.089553
13379,0.505004,0.069507,0.284885,0.050871,0.099741
13380,0.450258,0.02714,0.200547,0.074181,0.14839
13381,0.54694,0.090514,0.270949,0.061673,0.123804
13382,0.468637,0.088507,0.21534,0.060543,0.104247
13383,0.525051,0.079017,0.28626,0.052615,0.107159
13384,0.440025,0.081853,0.20428,0.045718,0.108174
13385,0.534452,0.08041,0.293075,0.063396,0.097571
13386,0.404093,0.022917,0.21164,0.046284,0.123252
13387,0.446531,0.024055,0.242985,0.051934,0.127557
13388,0.391049,0.057128,0.168481,0.053368,0.112072
13389,0.485508,0.069923,0.258451,0.04729,0.109844
13390,0.463144,0.079319,0.21536,0.073303,0.095162
13391,0.504418,0.07761,0.277582,0.045433,0.103793
13392,0.366209,0.040483,0.16065,0.046755,0.118321
13393,0.558891,0.111554,0.297268,0.052534,0.097535
13394,0.453328,0.077062,0.215437,0.060348,0.100481
13395,0.505551,0.080996,0.295855,0.022265,0.106435
13396,0.34076,0.064169,0.162673,0.018596,0.095322
13397,0.462445,0.047905,0.260851,0.032164,0.121525
13398,0.385502,0.069845,0.180469,0.020103,0.115085
13399,0.448736,0.070608,0.248756,0.032788,0.096584
13400,0.349339,0.068024,0.166747,0.017939,0.096629
13401,0.427885,0.025331,0.25411,0.018063,0.130381
13402,0.333112,0.02107,0.173636,0.017798,0.120608
13403,0.392572,0.022587,0.235727,0.017424,0.116834
13404,0.342487,0.024258,0.157664,0.032586,0.127979
13405,0.441036,0.04892,0.25931,0.018256,0.11455
13406,0.366861,0.069453,0.179339,0.023468,0.094601
13407,0.434642,0.069273,0.237046,0.017524,0.110799
13408,0.353861,0.069902,0.170284,0.018161,0.095514
13409,0.445514,0.023985,0.258741,0.019572,0.143216
13410,0.359529,0.027012,0.180256,0.0185,0.133761
13411,0.407436,0.034793,0.23784,0.017479,0.117324
13412,0.326242,0.025831,0.158077,0.019345,0.122989
13413,0.423428,0.024573,0.26422,0.019592,0.115043
13414,0.360858,0.069922,0.177156,0.018005,0.095775
13415,0.440297,0.06725,0.245251,0.032322,0.095474
13416,0.357158,0.069944,0.171966,0.0176,0.097648
13417,0.444978,0.068161,0.254598,0.01737,0.104849
13418,0.449231,0.027491,0.177936,0.017414,0.22639
13419,0.413084,0.024248,0.236803,0.02026,0.131773
13420,0.315059,0.029662,0.160109,0.017922,0.107366
13421,0.456335,0.06934,0.258319,0.03215,0.096526
13422,0.379664,0.068657,0.197338,0.017661,0.096008
13423,0.391002,0.02602,0.235393,0.017795,0.111794
13424,0.319246,0.027196,0.15843,0.017664,0.115956
13425,0.412444,0.021216,0.252007,0.020492,0.118729
13426,0.357959,0.025509,0.175653,0.017672,0.139125
13427,0.491573,0.055563,0.246019,0.032674,0.157317
13428,0.460866,0.07645,0.160478,0.017609,0.206329
13429,0.449642,0.068575,0.25691,0.032108,0.092049
13430,0.353573,0.059105,0.174852,0.017529,0.102087
13431,0.450787,0.046648,0.248978,0.036399,0.118762
13432,0.342278,0.068657,0.162649,0.017212,0.09376
13433,0.432406,0.067775,0.256674,0.017437,0.09052
13434,0.348408,0.022428,0.17622,0.017809,0.131951
13435,0.422066,0.027196,0.235705,0.018242,0.140923
13436,0.312835,0.028465,0.158467,0.018558,0.107345
13437,0.465615,0.068247,0.263499,0.019484,0.114385
13438,0.397516,0.069555,0.202087,0.017118,0.108756
13439,0.514441,0.08028,0.251466,0.060127,0.122568
13440,0.38832,0.084807,0.170093,0.019225,0.114195
13441,0.508981,0.024985,0.30458,0.046119,0.133297
13442,0.466076,0.079336,0.219501,0.060359,0.10688
13443,0.516015,0.081154,0.282701,0.045826,0.106334
13444,0.462878,0.081001,0.209076,0.054091,0.11871
13445,0.515655,0.073204,0.294261,0.05176,0.09643
13446,0.412718,0.058237,0.183731,0.059782,0.110968
13447,0.445642,0.026141,0.248937,0.044913,0.125651
13448,0.388979,0.052591,0.167325,0.053362,0.115701
13449,0.509642,0.079434,0.278028,0.060246,0.091934
13450,0.408571,0.080618,0.182358,0.052928,0.092667
13451,0.459042,0.081967,0.241241,0.046181,0.089653
13452,0.374691,0.028141,0.199891,0.018336,0.128323
13453,0.50126,0.030401,0.253078,0.046121,0.17166
13454,0.415557,0.025272,0.214232,0.054432,0.121621
13455,0.50752,0.060494,0.285026,0.045835,0.116165
13456,0.404482,0.028658,0.204794,0.054737,0.116293
13457,0.483709,0.028498,0.291073,0.052189,0.111949
13458,0.402659,0.04979,0.184846,0.048176,0.119847
13459,0.442918,0.082375,0.244032,0.018737,0.097774
13460,0.446498,0.076488,0.204399,0.062719,0.102892
13461,0.522775,0.092944,0.266171,0.062199,0.101461
13462,0.469356,0.079037,0.224356,0.061511,0.104452
13463,0.487356,0.080769,0.242455,0.060418,0.103714
13464,0.438991,0.080242,0.207134,0.052896,0.098719
13465,0.452087,0.027171,0.300313,0.018492,0.106111
13466,0.42486,0.039679,0.21968,0.045454,0.120047
13467,0.515265,0.07911,0.281475,0.046146,0.108534
13468,0.464032,0.071213,0.210663,0.074165,0.107991
13469,0.519351,0.06502,0.301193,0.046162,0.106976
13470,0.409966,0.047042,0.219015,0.018519,0.12539
13471,0.479816,0.069978,0.284312,0.0178,0.107726
13472,0.379853,0.027109,0.197911,0.01738,0.137453
13473,0.499819,0.04756,0.310781,0.017178,0.1243
13474,0.404014,0.069814,0.219057,0.017467,0.097676
13475,0.476097,0.067509,0.285494,0.017547,0.105547
13476,0.361019,0.069493,0.168201,0.023527,0.099798
13477,0.467266,0.049579,0.259602,0.03256,0.125525
13478,0.373341,0.066956,0.180541,0.018295,0.107549
13479,0.446207,0.069879,0.243662,0.034336,0.09833
13480,0.366303,0.067657,0.183363,0.02037,0.094913
13481,0.424037,0.025761,0.254861,0.018173,0.125242
13482,0.354021,0.025405,0.174373,0.01794,0.136303
13483,0.411454,0.030976,0.235599,0.019769,0.12511
13484,0.328553,0.021016,0.157913,0.017418,0.132206
13485,0.447193,0.049168,0.268322,0.018166,0.111537
13486,0.36076,0.069062,0.177358,0.017516,0.096824
13487,0.437202,0.069343,0.242576,0.017777,0.107506
13488,0.349342,0.068933,0.167825,0.017912,0.094672
13489,0.455491,0.068231,0.255943,0.034824,0.096493
13490,0.373058,0.05057,0.181875,0.020393,0.12022
13491,0.419762,0.026212,0.249257,0.017751,0.126542
13492,0.373857,0.069246,0.18025,0.01851,0.105851
13493,0.441394,0.068549,0.254271,0.017229,0.101345
13494,0.366033,0.070823,0.184787,0.017555,0.092868
13495,0.464989,0.068391,0.253413,0.0327,0.110485
13496,0.34878,0.070722,0.170674,0.017946,0.089438
13497,0.458308,0.068492,0.259293,0.017067,0.113456
13498,0.372736,0.071297,0.184793,0.017437,0.099209
13499,0.428735,0.068978,0.239104,0.01831,0.102343
13500,0.318217,0.024425,0.161807,0.01767,0.114315
13501,0.452602,0.069512,0.25936,0.023076,0.100654
13502,0.36311,0.025309,0.180098,0.033981,0.123722
13503,0.450631,0.069705,0.248591,0.032832,0.099503
13504,0.352,0.067745,0.170165,0.017731,0.096359
13505,0.412498,0.026267,0.257217,0.020398,0.108616
13506,0.346493,0.024219,0.175487,0.017979,0.128808
13507,0.406711,0.04472,0.238157,0.017923,0.105911
13508,0.352362,0.024536,0.158727,0.032713,0.136386
13509,0.45312,0.048899,0.261419,0.031912,0.11089
13510,0.35924,0.068487,0.17619,0.017829,0.096734
13511,0.426461,0.071018,0.244932,0.017271,0.09324
13512,0.328575,0.024696,0.161345,0.017252,0.125282
13513,0.432686,0.027508,0.252829,0.017307,0.135042
13514,0.417699,0.081203,0.183212,0.046113,0.107171
13515,0.47096,0.075599,0.242646,0.060527,0.092188
13516,0.396026,0.077644,0.162009,0.054303,0.10207
13517,0.574746,0.078853,0.255208,0.046296,0.194389
13518,0.404992,0.029753,0.175631,0.053768,0.14584
13519,0.505897,0.033633,0.277484,0.069093,0.125687
13520,0.456098,0.03659,0.217513,0.046837,0.155158
13521,0.541482,0.059906,0.311395,0.045732,0.124449
13522,0.462505,0.076815,0.224998,0.063828,0.096864
13523,0.516355,0.073488,0.284738,0.052171,0.105958
13524,0.399162,0.079158,0.169728,0.052897,0.097379
13525,0.522577,0.07967,0.282762,0.046601,0.113544
13526,0.451929,0.042479,0.176878,0.088968,0.143604
13527,0.584428,0.079681,0.275934,0.062833,0.16598
13528,0.459987,0.079979,0.213518,0.052238,0.114252
13529,0.495429,0.064816,0.293455,0.045382,0.091776
13530,0.456054,0.057877,0.21422,0.064412,0.119545
13531,0.522724,0.078974,0.298636,0.04593,0.099184
13532,0.354146,0.078749,0.16228,0.01935,0.093767
13533,0.497682,0.067656,0.260209,0.062391,0.107426
13534,0.418554,0.07789,0.180408,0.052433,0.107823
13535,0.455285,0.067971,0.236255,0.054284,0.096775
13536,0.3152,0.026933,0.159341,0.018185,0.110741
13537,0.463,0.03662,0.25156,0.046701,0.128119
13538,0.384493,0.031481,0.21816,0.017215,0.117637
13539,0.435055,0.024776,0.246709,0.045497,0.118073
13540,0.456827,0.080775,0.207282,0.067207,0.101563
13541,0.524137,0.07949,0.301057,0.045289,0.098301
13542,0.413318,0.079666,0.182059,0.053039,0.098554
13543,0.532348,0.080927,0.284254,0.065004,0.102163
13544,0.414159,0.071135,0.21892,0.019077,0.105027
13545,0.523748,0.087176,0.276102,0.018498,0.141972
13546,0.416452,0.078385,0.197884,0.02136,0.118823
13547,0.517515,0.069172,0.29291,0.024169,0.131264
13548,0.455339,0.079763,0.21657,0.034582,0.124424
13549,0.499497,0.069708,0.300876,0.020316,0.108597
13550,0.403612,0.065561,0.221216,0.017989,0.098846
13551,0.485704,0.068694,0.295926,0.018459,0.102625
13552,0.375426,0.026399,0.200286,0.017602,0.131139
13553,0.447442,0.046914,0.256755,0.017015,0.126758
13554,0.372193,0.069654,0.192639,0.018578,0.091322
13555,0.444882,0.069015,0.245716,0.032844,0.097307
13556,0.350325,0.069416,0.169497,0.018106,0.093306
13557,0.415325,0.02549,0.252284,0.020352,0.117199
13558,0.347828,0.022667,0.189458,0.018627,0.117076
13559,0.43872,0.046943,0.240502,0.03324,0.118035
13560,0.349708,0.069835,0.166755,0.017992,0.095126
13561,0.460164,0.068758,0.260687,0.01754,0.113179
13562,0.362734,0.067777,0.186558,0.017783,0.090616
13563,0.421548,0.024958,0.235071,0.019862,0.141657
13564,0.323109,0.030974,0.158014,0.018011,0.11611
13565,0.418648,0.024884,0.250618,0.018737,0.124409
13566,0.370188,0.048794,0.192352,0.018404,0.110638
13567,0.458151,0.070745,0.255683,0.03409,0.097633
13568,0.351464,0.067553,0.16488,0.017977,0.101054
13569,0.443074,0.069766,0.258286,0.017953,0.097069
13570,0.334731,0.025067,0.174969,0.019104,0.115591
13571,0.40595,0.021896,0.240809,0.018029,0.125216
13572,0.34476,0.022098,0.182928,0.018957,0.120777
13573,0.463744,0.059568,0.255321,0.017234,0.131621
13574,0.359251,0.067771,0.183047,0.017957,0.090476
13575,0.443633,0.068733,0.248367,0.035373,0.09116
13576,0.346948,0.069511,0.166574,0.02001,0.090853
13577,0.437332,0.028956,0.259293,0.017824,0.131259
13578,0.340028,0.035342,0.172822,0.018142,0.113722
13579,0.396991,0.022062,0.233676,0.018046,0.123207
13580,0.360802,0.048799,0.165756,0.017632,0.128615
13581,0.460226,0.068654,0.258193,0.017471,0.115908
13582,0.365693,0.069684,0.178795,0.018049,0.099165
13583,0.423482,0.068741,0.244324,0.01813,0.092287
13584,0.322787,0.024297,0.15898,0.018034,0.121476
13585,0.415318,0.022127,0.260216,0.017582,0.115393
13586,0.359702,0.070247,0.176992,0.018273,0.09419
13587,0.506235,0.075972,0.243242,0.084588,0.102433
13588,0.437197,0.093744,0.177677,0.047002,0.118774
13589,0.496056,0.079196,0.251829,0.064705,0.100326
13590,0.424071,0.079317,0.194261,0.053525,0.096968
13591,0.481764,0.080869,0.250917,0.045769,0.104209
13592,0.318708,0.026305,0.158653,0.023752,0.109998
13593,0.480949,0.028627,0.252353,0.04664,0.153329
13594,0.459848,0.078389,0.216999,0.061846,0.102614
13595,0.519988,0.080143,0.28516,0.047123,0.107562
13596,0.441877,0.080652,0.20611,0.04687,0.108245
13597,0.495706,0.068574,0.303316,0.017602,0.106214
13598,0.361355,0.069765,0.182468,0.017738,0.091384
13599,0.47464,0.076495,0.273686,0.019283,0.105176
13600,0.413,0.085383,0.174556,0.046609,0.106452
13601,0.527289,0.083284,0.258366,0.069827,0.115812
13602,0.448309,0.09173,0.18884,0.049564,0.118175
13603,0.475625,0.079202,0.240212,0.061699,0.094512
13604,0.397275,0.080265,0.162074,0.052643,0.102293
13605,0.528551,0.081581,0.298235,0.052874,0.095861
13606,0.418668,0.024501,0.219578,0.046976,0.127613
13607,0.479056,0.034784,0.274933,0.053139,0.1162
13608,0.417347,0.023614,0.201433,0.056246,0.136054
13609,0.55561,0.061223,0.311518,0.046177,0.136692
13610,0.473092,0.075918,0.229266,0.062408,0.1055
13611,0.4657,0.081302,0.24413,0.050555,0.089713
13612,0.366608,0.076314,0.159936,0.020178,0.11018
13613,0.503651,0.08223,0.254904,0.052824,0.113693
13614,0.418433,0.050799,0.18224,0.053053,0.132341
13615,0.497742,0.076865,0.277632,0.049229,0.094016
13616,0.445662,0.077888,0.207917,0.056433,0.103424
13617,0.486977,0.025965,0.293628,0.057415,0.109969
13618,0.442924,0.047547,0.226498,0.031428,0.137451
13619,0.400343,0.028245,0.23774,0.01825,0.116108
13620,0.345398,0.068378,0.166349,0.018077,0.092594
13621,0.456253,0.069153,0.263241,0.032809,0.09105
13622,0.362322,0.068488,0.181651,0.018129,0.094054
13623,0.440357,0.068497,0.244711,0.032743,0.094406
13624,0.346711,0.067305,0.167777,0.018039,0.09359
13625,0.420562,0.026744,0.249527,0.020548,0.123743
13626,0.45361,0.034311,0.176381,0.018975,0.223943
13627,0.388074,0.021724,0.234548,0.018233,0.113569
13628,0.311219,0.027137,0.157358,0.018258,0.108466
13629,0.451085,0.049285,0.254833,0.01754,0.129427
13630,0.362068,0.067742,0.181646,0.01812,0.09456
13631,0.402909,0.024279,0.237803,0.01817,0.122657
13632,0.311195,0.020971,0.15635,0.017985,0.115889
13633,0.433299,0.026915,0.25677,0.018075,0.131539
13634,0.371878,0.069468,0.175725,0.01831,0.108375
13635,0.454825,0.069063,0.256074,0.035761,0.093927
13636,0.449826,0.069592,0.158391,0.017223,0.20462
13637,0.458617,0.06819,0.261118,0.032516,0.096793
13638,0.371427,0.070142,0.182138,0.018167,0.10098
13639,0.45068,0.068329,0.249661,0.033177,0.099513
13640,0.328326,0.039248,0.160891,0.018776,0.109411
13641,0.443365,0.069838,0.262745,0.018106,0.092676
13642,0.34094,0.028019,0.172927,0.017899,0.122095
13643,0.429113,0.049135,0.243406,0.01796,0.118612
13644,0.312315,0.024475,0.159257,0.017542,0.111041
13645,0.454085,0.067438,0.263086,0.017163,0.106398
13646,0.466366,0.069533,0.18172,0.017758,0.197355
13647,0.439458,0.023701,0.23902,0.018089,0.158648
13648,0.346033,0.068912,0.16422,0.020693,0.092208
13649,0.464751,0.070382,0.257396,0.03534,0.101633
13650,0.37414,0.067659,0.186606,0.018514,0.101361
13651,0.446759,0.070841,0.246151,0.032898,0.096869
13652,0.34942,0.068288,0.160652,0.018092,0.102388
13653,0.450515,0.06986,0.26473,0.018168,0.097757
13654,0.391424,0.023859,0.17454,0.018092,0.174933
13655,0.393235,0.027904,0.237737,0.018221,0.109373
13656,0.343089,0.033523,0.158121,0.01848,0.132965
13657,0.458109,0.069444,0.261546,0.017122,0.109997
13658,0.377105,0.06983,0.190164,0.017961,0.09915
13659,0.423759,0.068829,0.24072,0.01996,0.09425
13660,0.313221,0.029408,0.159176,0.017725,0.106912
13661,0.443537,0.054189,0.254177,0.017951,0.11722
13662,0.346645,0.027441,0.173553,0.0242,0.121451
13663,0.390879,0.029332,0.234657,0.016893,0.109997
13664,0.348244,0.070801,0.165386,0.01957,0.092487
13665,0.529359,0.091551,0.260342,0.065671,0.111795
13666,0.429173,0.070173,0.187404,0.065253,0.106343
13667,0.517888,0.080071,0.279592,0.053411,0.104814
13668,0.437753,0.024749,0.196488,0.069298,0.147218
13669,0.603634,0.091957,0.332846,0.046031,0.1328
13670,0.473382,0.074369,0.218339,0.0794,0.101274
13671,0.517711,0.075306,0.284806,0.052572,0.105027
13672,0.454215,0.082292,0.214419,0.061736,0.095768
13673,0.529383,0.079071,0.299476,0.019324,0.131512
13674,0.486935,0.102416,0.217727,0.062683,0.104109
13675,0.504489,0.091436,0.243923,0.060412,0.108718
13676,0.414022,0.054091,0.199339,0.068513,0.092079
13677,0.510217,0.058642,0.268175,0.046659,0.136741
13678,0.407162,0.081315,0.176751,0.052731,0.096365
13679,0.495682,0.078658,0.244485,0.076044,0.096495
13680,0.403811,0.025678,0.201414,0.045753,0.130966
13681,0.516536,0.080324,0.291244,0.046319,0.098649
13682,0.469913,0.078665,0.219727,0.0733,0.098221
13683,0.507093,0.079063,0.280407,0.046236,0.101387
13684,0.463164,0.067389,0.208412,0.079928,0.107435
13685,0.563418,0.081051,0.298393,0.080144,0.10383
13686,0.408597,0.044805,0.179239,0.079206,0.105347
13687,0.494951,0.081463,0.244906,0.071112,0.09747
13688,0.38666,0.076172,0.168189,0.047275,0.095024
13689,0.503774,0.077866,0.270489,0.059969,0.09545
13690,0.398129,0.078923,0.177685,0.045899,0.095622
13691,0.456715,0.03243,0.237173,0.046483,0.140629
13692,0.329119,0.034294,0.162388,0.018129,0.114308
13693,0.463649,0.06964,0.257982,0.032759,0.103268
13694,0.363811,0.067598,0.185914,0.017758,0.092541
13695,0.474925,0.068806,0.242223,0.032786,0.13111
13696,0.359233,0.068457,0.170416,0.018099,0.102261
13697,0.483524,0.069847,0.299137,0.017894,0.096646
13698,0.364135,0.070062,0.176904,0.01776,0.099409
13699,0.452326,0.068186,0.241844,0.035524,0.106772
13700,0.360856,0.069461,0.177436,0.018165,0.095794
13701,0.41729,0.024545,0.253077,0.018484,0.121184
13702,0.329682,0.02304,0.177345,0.017842,0.111455
13703,0.402606,0.028209,0.234258,0.018147,0.121992
13704,0.331724,0.025136,0.15723,0.017886,0.131472
13705,0.446129,0.04728,0.254109,0.03197,0.11277
13706,0.365855,0.068876,0.184681,0.018847,0.093451
13707,0.44258,0.067948,0.239589,0.018014,0.117029
13708,0.348657,0.069098,0.161532,0.018558,0.099469
13709,0.466035,0.068479,0.260701,0.018024,0.118831
13710,0.362536,0.069326,0.184259,0.018153,0.090798
13711,0.400438,0.024031,0.235257,0.018196,0.122954
13712,0.31389,0.021604,0.15978,0.02057,0.111936
13713,0.414524,0.024479,0.249486,0.018791,0.121768
13714,0.372831,0.048387,0.197773,0.018408,0.108263
13715,0.445007,0.069885,0.241342,0.03369,0.10009
13716,0.350811,0.067689,0.162513,0.017659,0.10295
13717,0.443499,0.069228,0.259082,0.017963,0.097226
13718,0.342948,0.025024,0.174457,0.018947,0.12452
13719,0.399253,0.027569,0.234216,0.017921,0.119547
13720,0.328366,0.030513,0.15658,0.017815,0.123458
13721,0.415743,0.022613,0.2606,0.017883,0.114647
13722,0.363975,0.069303,0.182432,0.018022,0.094218
13723,0.443671,0.069583,0.24266,0.03228,0.099148
13724,0.351286,0.068854,0.164528,0.018921,0.098983
13725,0.456906,0.068832,0.265186,0.020275,0.102613
13726,0.342636,0.025874,0.175293,0.017915,0.123554
13727,0.420571,0.030995,0.233628,0.017697,0.138251
13728,0.336424,0.04075,0.166517,0.017958,0.111199
13729,0.461904,0.069509,0.262019,0.019143,0.111233
13730,0.361898,0.067503,0.181376,0.020121,0.092898
13731,0.417141,0.065748,0.239016,0.01787,0.094507
13732,0.350981,0.02539,0.15939,0.037722,0.128479
13733,0.445126,0.047879,0.256998,0.01985,0.120399
13734,0.338631,0.026298,0.172766,0.017956,0.121611
13735,0.521584,0.02272,0.236936,0.018267,0.243661
13736,0.349185,0.050845,0.169175,0.017602,0.111563
13737,0.461847,0.068234,0.266391,0.016666,0.110556
13738,0.417617,0.08093,0.183855,0.046948,0.105884
13739,0.483211,0.077542,0.245365,0.062214,0.09809
13740,0.385317,0.079521,0.164281,0.047859,0.093656
13741,0.546644,0.076804,0.299048,0.070622,0.10017
13742,0.416981,0.027065,0.222046,0.047499,0.120371
13743,0.501495,0.033213,0.276146,0.052945,0.139191
13744,0.413571,0.024271,0.19612,0.068516,0.124664
13745,0.587835,0.112328,0.294652,0.045675,0.13518
13746,0.476291,0.058473,0.222955,0.062555,0.132308
13747,0.496222,0.081478,0.27249,0.045633,0.096621
13748,0.381328,0.040256,0.177154,0.052796,0.111122
13749,0.52016,0.080484,0.256684,0.069986,0.113006
13750,0.453359,0.077557,0.223188,0.062545,0.090069
13751,0.524715,0.078432,0.286226,0.053604,0.106453
13752,0.440119,0.066846,0.201959,0.046392,0.124922
13753,0.504139,0.079651,0.264027,0.051838,0.108623
13754,0.432749,0.066913,0.232991,0.018312,0.114533
13755,0.60284,0.067578,0.285426,0.04522,0.204616
13756,0.456611,0.0819,0.203946,0.065997,0.104768
13757,0.504969,0.06876,0.275473,0.052985,0.107751
13758,0.477151,0.070554,0.200027,0.063628,0.142942
13759,0.505285,0.079639,0.251873,0.070716,0.103057
13760,0.410431,0.068259,0.223255,0.017823,0.101094
13761,0.505139,0.082159,0.262188,0.04529,0.115502
13762,0.458895,0.079414,0.224708,0.062949,0.091824
13763,0.531155,0.081378,0.27901,0.054792,0.115975
13764,0.473379,0.075607,0.210592,0.062736,0.124444
13765,0.607233,0.078504,0.292899,0.053024,0.182806
13766,0.368362,0.070534,0.180832,0.019421,0.097575
13767,0.409928,0.025337,0.242584,0.016856,0.125151
13768,0.351371,0.047109,0.165345,0.018301,0.120616
13769,0.475546,0.069005,0.274484,0.03282,0.099237
13770,0.358756,0.067172,0.183282,0.017994,0.090308
13771,0.437044,0.069301,0.243214,0.032687,0.091842
13772,0.349835,0.068052,0.166501,0.018216,0.097066
13773,0.445777,0.070677,0.2606,0.019161,0.095339
13774,0.364164,0.06879,0.18074,0.01791,0.096724
13775,0.517233,0.028881,0.245192,0.017769,0.225391
13776,0.344383,0.049017,0.162199,0.018286,0.114881
13777,0.41696,0.060533,0.251259,0.017247,0.087921
13778,0.374348,0.048017,0.178814,0.021917,0.1256
13779,0.450484,0.069351,0.246619,0.032974,0.10154
13780,0.366798,0.068462,0.178571,0.018798,0.100967
13781,0.465972,0.067678,0.260009,0.032613,0.105672
13782,0.358785,0.059669,0.176029,0.018062,0.105025
13783,0.419983,0.053517,0.237559,0.021445,0.107462
13784,0.320023,0.043864,0.157707,0.018248,0.100204
13785,0.417589,0.023368,0.259344,0.019435,0.115442
13786,0.37256,0.068879,0.183693,0.018008,0.10198
13787,0.430053,0.070652,0.242014,0.019232,0.098155
13788,0.348006,0.067652,0.17296,0.018178,0.089216
13789,0.439606,0.076801,0.255481,0.018691,0.088633
13790,0.36319,0.047834,0.180087,0.017813,0.117456
13791,0.43971,0.069687,0.23951,0.032642,0.097871
13792,0.356117,0.068169,0.177312,0.017661,0.092975
13793,0.41619,0.02358,0.250435,0.018085,0.12409
13794,0.342633,0.02111,0.176734,0.027029,0.11776
13795,0.444616,0.047912,0.242741,0.033949,0.120014
13796,0.346949,0.067849,0.165163,0.017545,0.096392
13797,0.42688,0.025449,0.257538,0.020125,0.123768
13798,0.32874,0.028022,0.172349,0.017656,0.110713
13799,0.391131,0.027551,0.235968,0.020915,0.106697
13800,0.327684,0.020666,0.156966,0.018005,0.132047
13801,0.446258,0.048647,0.259935,0.017809,0.119867
13802,0.34652,0.023335,0.174261,0.021354,0.12757
13803,0.429224,0.067801,0.242151,0.02287,0.096402
13804,0.331137,0.0262,0.157603,0.019604,0.12773
13805,0.41178,0.020881,0.256152,0.017399,0.117348
13806,0.363391,0.047885,0.178975,0.017906,0.118625
13807,0.449353,0.067715,0.257539,0.032283,0.091816
13808,0.350842,0.071061,0.166158,0.019182,0.094441
13809,0.43046,0.025175,0.257229,0.019837,0.128219
13810,0.358433,0.070149,0.181042,0.01773,0.089512
13811,0.473931,0.068722,0.250137,0.059766,0.095306
13812,0.41198,0.08162,0.168753,0.067283,0.094324
13813,0.503211,0.081552,0.257625,0.05278,0.111254
13814,0.463224,0.068663,0.222967,0.062311,0.109283
13815,0.50656,0.069096,0.298113,0.033383,0.105968
13816,0.439649,0.078517,0.203425,0.057439,0.100268
13817,0.482947,0.025865,0.292963,0.052669,0.11145
13818,0.427694,0.050372,0.191416,0.058355,0.127551
13819,0.497658,0.077505,0.240146,0.063796,0.116211
13820,0.399755,0.075606,0.164357,0.052867,0.106925
13821,0.498957,0.080274,0.262031,0.060665,0.095987
13822,0.411986,0.026044,0.217786,0.045723,0.122433
13823,0.515269,0.059723,0.281378,0.046466,0.127702
13824,0.442856,0.064271,0.197878,0.054752,0.125955
13825,0.521656,0.047434,0.297558,0.046608,0.130056
13826,0.466282,0.079905,0.226106,0.061427,0.098844
13827,0.517729,0.068026,0.286824,0.054253,0.108626
13828,0.407553,0.025411,0.201008,0.046619,0.134515
13829,0.473855,0.068128,0.270105,0.01719,0.118432
13830,0.410529,0.069938,0.224339,0.017823,0.098429
13831,0.544923,0.078429,0.283279,0.075143,0.108072
13832,0.521636,0.09626,0.217276,0.06066,0.14744
13833,0.544144,0.080965,0.308553,0.045885,0.108741
13834,0.432382,0.040249,0.218849,0.045879,0.127405
13835,0.546373,0.070429,0.318138,0.045593,0.112213
13836,0.444411,0.076337,0.206691,0.060877,0.100506
13837,0.541676,0.080021,0.297719,0.04573,0.118206
13838,0.492312,0.081569,0.232328,0.070752,0.107663
13839,0.52608,0.07582,0.29512,0.02272,0.13242
13840,0.474447,0.056627,0.21631,0.060087,0.141423
13841,0.495107,0.079796,0.299138,0.020021,0.096152
13842,0.366173,0.068925,0.185083,0.018305,0.09386
13843,0.446646,0.068017,0.25044,0.03302,0.095169
13844,0.354333,0.069838,0.170193,0.018239,0.096063
13845,0.456498,0.068061,0.262848,0.017763,0.107826
13846,0.398195,0.080461,0.194628,0.01837,0.104736
13847,0.396698,0.029975,0.242978,0.018601,0.105144
13848,0.336846,0.031394,0.159078,0.02299,0.123384
13849,0.412912,0.020933,0.249877,0.019656,0.122446
13850,0.357028,0.027502,0.173687,0.018142,0.137697
13851,0.439298,0.069954,0.245847,0.032898,0.090599
13852,0.350895,0.068171,0.168929,0.017863,0.095932
13853,0.444077,0.068869,0.26269,0.018178,0.09434
13854,0.363069,0.067121,0.186098,0.018023,0.091827
13855,0.415346,0.026959,0.235875,0.018395,0.134117
13856,0.332111,0.032829,0.156703,0.018022,0.124557
13857,0.412524,0.02216,0.259557,0.018328,0.112479
13858,0.364667,0.066995,0.180294,0.018599,0.098779
13859,0.438066,0.069799,0.24347,0.032519,0.092278
13860,0.350209,0.071583,0.163597,0.017932,0.097097
13861,0.406539,0.02553,0.252424,0.019202,0.109383
13862,0.373644,0.067486,0.180131,0.018353,0.107674
13863,0.439339,0.070326,0.244976,0.033104,0.090933
13864,0.350973,0.066965,0.166069,0.017894,0.100045
13865,0.422491,0.025528,0.253837,0.017804,0.125322
13866,0.341311,0.026831,0.184942,0.018278,0.11126
13867,0.411063,0.026269,0.239536,0.018267,0.126991
13868,0.332615,0.025126,0.158812,0.01914,0.129537
13869,0.459613,0.068095,0.25931,0.032273,0.099935
13870,0.369577,0.068803,0.18203,0.017782,0.100962
13871,0.401246,0.023932,0.23562,0.018653,0.123041
13872,0.323207,0.03061,0.157263,0.0178,0.117534
13873,0.426642,0.031653,0.249211,0.0256,0.120178
13874,0.436437,0.024521,0.172698,0.017585,0.221633
13875,0.473325,0.048313,0.258337,0.032844,0.133831
13876,0.34517,0.069131,0.16872,0.017925,0.089394
13877,0.465868,0.067914,0.263479,0.017657,0.116818
13878,0.369091,0.071331,0.186086,0.017897,0.093777
13879,0.427969,0.067548,0.244777,0.018059,0.097585
13880,0.31477,0.025536,0.161526,0.017851,0.109857
13881,0.411791,0.021385,0.249759,0.020018,0.120629
13882,0.331336,0.023431,0.175984,0.018026,0.113895
13883,0.439021,0.048332,0.244927,0.017804,0.127958
13884,0.467673,0.090039,0.166192,0.017803,0.193639
13885,0.495014,0.08187,0.26302,0.045089,0.105035
13886,0.416228,0.074881,0.184013,0.052563,0.104771
13887,0.487974,0.076841,0.244359,0.055964,0.11081
13888,0.401544,0.068136,0.168164,0.053654,0.11159
13889,0.454657,0.025847,0.266428,0.045703,0.116679
13890,0.46621,0.080762,0.223616,0.06097,0.100862
13891,0.511142,0.06796,0.283439,0.046289,0.113454
13892,0.44504,0.080622,0.202053,0.061049,0.101316
13893,0.519926,0.080762,0.29816,0.047997,0.093007
13894,0.557509,0.071922,0.224207,0.062334,0.199046
13895,0.488102,0.042871,0.242712,0.045381,0.157138
13896,0.404364,0.07863,0.169716,0.056319,0.099699
13897,0.524889,0.079804,0.265503,0.064616,0.114966
13898,0.470362,0.081676,0.234579,0.060607,0.0935
13899,0.509749,0.079932,0.279238,0.045936,0.104643
13900,0.46824,0.092666,0.209329,0.060227,0.106018
13901,0.56745,0.107169,0.265465,0.046079,0.148737
13902,0.458164,0.075235,0.223945,0.06164,0.097344
13903,0.51152,0.069641,0.295035,0.046638,0.100206
13904,0.446706,0.058827,0.160129,0.018943,0.208807
13905,0.507581,0.057098,0.267084,0.047487,0.135912
13906,0.405555,0.077628,0.187563,0.045707,0.094657
13907,0.443437,0.08012,0.246775,0.019348,0.097194
13908,0.384788,0.063081,0.163541,0.045878,0.112288
13909,0.508015,0.080282,0.257416,0.046884,0.123433
13910,0.421577,0.080325,0.179137,0.052396,0.109719
13911,0.544838,0.07622,0.286473,0.079028,0.103117
13912,0.456272,0.081586,0.206103,0.068007,0.100576
13913,0.499306,0.090246,0.261813,0.045616,0.101631
13914,0.412741,0.051648,0.184172,0.064528,0.112393
13915,0.475769,0.05979,0.241436,0.060556,0.113987
13916,0.344051,0.067129,0.164737,0.018362,0.093823
13917,0.451184,0.068247,0.255956,0.01754,0.109441
13918,0.377802,0.071227,0.183432,0.024039,0.099104
13919,0.432942,0.069157,0.245598,0.018106,0.100081
13920,0.364766,0.027898,0.161777,0.018639,0.156452
13921,0.42792,0.034726,0.251443,0.018356,0.123395
13922,0.337635,0.022446,0.173612,0.018122,0.123455
13923,0.444341,0.068421,0.24389,0.035858,0.096172
13924,0.35876,0.070824,0.171603,0.019642,0.096691
13925,0.441915,0.068606,0.25241,0.017568,0.103331
13926,0.377085,0.070715,0.188263,0.017775,0.100332
13927,0.431687,0.071433,0.246724,0.018756,0.094774
13928,0.36664,0.069352,0.178159,0.017685,0.101444
13929,0.461682,0.070116,0.258754,0.017901,0.114911
13930,0.360489,0.068232,0.181065,0.018087,0.093105
13931,0.42258,0.069609,0.241083,0.018712,0.093176
13932,0.319265,0.02667,0.159724,0.018049,0.114822
13933,0.418191,0.033749,0.250392,0.019811,0.114239
13934,0.356028,0.022653,0.17313,0.02886,0.131385
13935,0.405398,0.025316,0.234014,0.018263,0.127805
13936,0.351388,0.068428,0.167694,0.018116,0.09715
13937,0.45066,0.070397,0.255204,0.020577,0.104482
13938,0.371253,0.067161,0.182276,0.020771,0.101045
13939,0.440675,0.070107,0.245404,0.017964,0.1072
13940,0.322887,0.026467,0.158675,0.018626,0.119119
13941,0.402915,0.025036,0.252103,0.017805,0.107971
13942,0.35834,0.037921,0.173261,0.019116,0.128042
13943,0.437651,0.065532,0.240849,0.037952,0.093318
13944,0.348742,0.068246,0.166396,0.018218,0.095882
13945,0.461714,0.069284,0.25787,0.020044,0.114516
13946,0.368455,0.067529,0.182929,0.020464,0.097533
13947,0.43384,0.067126,0.242101,0.017749,0.106864
13948,0.31146,0.023367,0.159721,0.0184,0.109972
13949,0.419904,0.022142,0.259426,0.018907,0.119429
13950,0.37388,0.068685,0.191759,0.017318,0.096118
13951,0.452905,0.068729,0.249833,0.035618,0.098725
13952,0.359033,0.081238,0.165168,0.017652,0.094975
13953,0.458633,0.069197,0.263135,0.017237,0.109064
13954,0.364633,0.069287,0.18145,0.017617,0.096279
13955,0.433559,0.070765,0.244808,0.021249,0.096737
13956,0.314047,0.02288,0.160044,0.017719,0.113404
13957,0.44195,0.070493,0.262631,0.018028,0.090798
13958,0.353466,0.025476,0.173671,0.017793,0.136526
13959,0.406975,0.055874,0.233641,0.023431,0.094029
13960,0.38431,0.055659,0.163326,0.04865,0.116675
13961,0.444713,0.026918,0.252763,0.046005,0.119027
13962,0.333367,0.025796,0.17188,0.018008,0.117683
13963,0.470442,0.041007,0.2358,0.046851,0.146784
13964,0.345084,0.028604,0.158052,0.032758,0.12567
13965,0.472896,0.046167,0.256802,0.016433,0.153494
13966,0.408253,0.078606,0.179185,0.048529,0.101933
13967,0.468295,0.022707,0.273449,0.047757,0.124382
13968,0.424255,0.02767,0.199766,0.053865,0.142954
13969,0.522846,0.062822,0.300929,0.031143,0.127952
13970,0.460838,0.0635,0.213679,0.047694,0.135965
13971,0.485133,0.06952,0.237076,0.061224,0.117313
13972,0.385939,0.075218,0.16564,0.052588,0.092493
13973,0.502117,0.081178,0.27442,0.045871,0.100648
13974,0.402273,0.079519,0.178867,0.046295,0.097592
13975,0.500696,0.077934,0.252512,0.071934,0.098316
13976,0.373493,0.035203,0.168383,0.037215,0.132692
13977,0.495811,0.059611,0.258889,0.046669,0.130642
13978,0.419866,0.094335,0.180606,0.053633,0.091292
13979,0.514039,0.076135,0.285272,0.052144,0.100488
13980,0.389802,0.06825,0.162822,0.052717,0.106013
13981,0.491697,0.077845,0.257481,0.061858,0.094513
13982,0.375058,0.067483,0.194355,0.020648,0.092572
13983,0.496034,0.060906,0.237433,0.061905,0.13579
13984,0.414102,0.077722,0.170802,0.065965,0.099613
13985,0.468466,0.027453,0.256604,0.053273,0.131136
13986,0.40925,0.057045,0.180167,0.054775,0.117263
13987,0.486446,0.074765,0.24336,0.068619,0.099702
13988,0.434987,0.08095,0.204838,0.058164,0.091035
13989,0.454509,0.025415,0.253887,0.045822,0.129385
13990,0.443247,0.025171,0.21426,0.06831,0.135506
13991,0.505483,0.032197,0.271192,0.062576,0.139518
13992,0.411042,0.080663,0.194216,0.034537,0.101626
13993,0.482294,0.057679,0.288836,0.018042,0.117737
13994,0.363573,0.065719,0.174544,0.018804,0.104506
13995,0.431993,0.068516,0.242148,0.0189,0.102429
13996,0.350411,0.06891,0.171559,0.018071,0.091871
13997,0.457468,0.069949,0.260114,0.032408,0.094997
13998,0.360951,0.067492,0.182684,0.018326,0.092449
13999,0.389805,0.025633,0.236345,0.018936,0.108891
14000,0.321896,0.024342,0.157424,0.01758,0.12255
14001,0.406427,0.026861,0.251707,0.01806,0.109799
14002,0.367895,0.024302,0.180048,0.018566,0.144979
14003,0.515258,0.130838,0.246776,0.017933,0.119711
14004,0.354706,0.047823,0.171097,0.018517,0.117269
14005,0.459068,0.068846,0.258666,0.017289,0.114267
14006,0.36246,0.069379,0.178711,0.017874,0.096496
14007,0.393493,0.024048,0.234017,0.018713,0.116715
14008,0.333906,0.032767,0.156685,0.017859,0.126595
14009,0.441016,0.041334,0.250184,0.027093,0.122405
14010,0.369616,0.029377,0.179825,0.019739,0.140675
14011,0.436185,0.049257,0.244216,0.032865,0.109847
14012,0.355261,0.069048,0.178452,0.017611,0.09015
14013,0.519125,0.0266,0.253213,0.026517,0.212795
14014,0.327793,0.020354,0.173815,0.01827,0.115354
14015,0.413042,0.028805,0.244254,0.020088,0.119895
14016,0.345569,0.065934,0.170918,0.017783,0.090934
14017,0.422084,0.025314,0.261545,0.017766,0.117459
14018,0.367473,0.070555,0.179666,0.017731,0.099521
14019,0.440657,0.068606,0.245927,0.032938,0.093186
14020,0.358658,0.068823,0.169309,0.018553,0.101973
14021,0.453682,0.068726,0.257734,0.032188,0.095034
14022,0.370451,0.076983,0.182245,0.01791,0.093313
14023,0.397344,0.026,0.235516,0.017996,0.117832
14024,0.337793,0.034771,0.15791,0.018396,0.126716
14025,0.427149,0.022195,0.263303,0.017904,0.123747
14026,0.361524,0.06702,0.179126,0.017962,0.097416
14027,0.447965,0.069165,0.242681,0.033645,0.102474
14028,0.352086,0.069904,0.167587,0.01768,0.096915
14029,0.442964,0.067682,0.2673,0.017854,0.090128
14030,0.354218,0.026321,0.174788,0.018163,0.134946
14031,0.419856,0.037629,0.251547,0.030049,0.100631
14032,0.348388,0.069775,0.164791,0.017589,0.096233
14033,0.424248,0.036289,0.251858,0.017251,0.11885
14034,0.368598,0.048616,0.181371,0.020337,0.118274
14035,0.495851,0.067868,0.254058,0.073924,0.100001
14036,0.389713,0.079708,0.165893,0.053855,0.090257
14037,0.480275,0.075544,0.254235,0.021612,0.128884
14038,0.50446,0.07954,0.229545,0.071459,0.123916
14039,0.499086,0.079189,0.243303,0.077126,0.099468
14040,0.398545,0.066052,0.167119,0.053427,0.111947
14041,0.48982,0.079515,0.257372,0.045764,0.107169
14042,0.453778,0.078835,0.220886,0.060187,0.09387
14043,0.472924,0.06814,0.255353,0.046874,0.102557
14044,0.424993,0.027117,0.206436,0.046197,0.145243
14045,0.52526,0.052566,0.309507,0.049715,0.113472
14046,0.432638,0.075809,0.213606,0.051354,0.091869
14047,0.516399,0.07779,0.282644,0.047943,0.108022
14048,0.446333,0.078948,0.204724,0.045996,0.116665
14049,0.50608,0.07901,0.287874,0.045846,0.09335
14050,0.445694,0.036984,0.17555,0.06067,0.17249
14051,0.509764,0.07825,0.239903,0.06028,0.131331
14052,0.439267,0.081584,0.208414,0.046444,0.102825
14053,0.537545,0.069086,0.297048,0.045828,0.125583
14054,0.467022,0.079546,0.22121,0.070453,0.095813
14055,0.520105,0.078673,0.294379,0.045653,0.1014
14056,0.398544,0.042608,0.161505,0.021772,0.172659
14057,0.520162,0.071066,0.297829,0.045234,0.106033
14058,0.461662,0.067237,0.21444,0.073328,0.106657
14059,0.49778,0.076509,0.24175,0.077961,0.10156
14060,0.444945,0.067247,0.207596,0.061146,0.108956
14061,0.494011,0.074555,0.260208,0.052201,0.107047
14062,0.386522,0.068071,0.180017,0.021983,0.116451
14063,0.499594,0.070166,0.2879,0.046913,0.094615
14064,0.417722,0.026176,0.203287,0.052321,0.135938
14065,0.507838,0.064685,0.261535,0.045465,0.136153
14066,0.38053,0.067268,0.196058,0.021894,0.09531
14067,0.443538,0.07028,0.240206,0.032907,0.100145
14068,0.351437,0.066929,0.1686,0.018164,0.097744
14069,0.459033,0.027798,0.258354,0.018102,0.154779
14070,0.397169,0.068711,0.221621,0.017928,0.088909
14071,0.464633,0.066421,0.283972,0.017489,0.096751
14072,0.401456,0.067052,0.207133,0.019064,0.108207
14073,0.461628,0.068901,0.261099,0.020739,0.110889
14074,0.370937,0.068289,0.185441,0.018408,0.098799
14075,0.446911,0.068036,0.241475,0.018686,0.118714
14076,0.35536,0.067857,0.16604,0.018828,0.102635
14077,0.45082,0.068643,0.261703,0.030124,0.09035
14078,0.366746,0.068207,0.180445,0.018075,0.100019
14079,0.42416,0.069481,0.238056,0.017961,0.098662
14080,0.328455,0.024229,0.159681,0.01827,0.126275
14081,0.40995,0.028671,0.250754,0.020017,0.110508
14082,0.342213,0.021433,0.177183,0.018466,0.125131
14083,0.412065,0.034502,0.240811,0.017739,0.119013
14084,0.350848,0.06945,0.162463,0.017747,0.101188
14085,0.451795,0.069126,0.258526,0.034091,0.090052
14086,0.385386,0.076758,0.189871,0.019857,0.0989
14087,0.426904,0.066391,0.245978,0.017796,0.096739
14088,0.336109,0.025158,0.161767,0.01787,0.131314
14089,0.41643,0.027509,0.251247,0.018111,0.119563
14090,0.357435,0.024057,0.173934,0.032649,0.126795
14091,0.432331,0.048035,0.241862,0.033234,0.1092
14092,0.346178,0.06807,0.166502,0.017709,0.093897
14093,0.420848,0.024116,0.252524,0.017952,0.126256
14094,0.3369,0.027631,0.173037,0.018221,0.118011
14095,0.401381,0.039303,0.234326,0.017827,0.109925
14096,0.340036,0.027709,0.162107,0.017823,0.132397
14097,0.461826,0.047784,0.255453,0.017499,0.14109
14098,0.360271,0.067652,0.182148,0.017705,0.092766
14099,0.392327,0.03415,0.2387,0.018023,0.101454
14100,0.326355,0.026185,0.158307,0.018012,0.123851
14101,0.413258,0.030967,0.249525,0.01775,0.115016
14102,0.432737,0.026319,0.173878,0.017555,0.214985
14103,0.451462,0.047357,0.255595,0.032522,0.115988
14104,0.36766,0.078343,0.167693,0.024127,0.097497
14105,0.477289,0.066125,0.258397,0.016988,0.135779
14106,0.36204,0.070147,0.18315,0.018233,0.09051
14107,0.437437,0.066843,0.239718,0.033022,0.097854
14108,0.34168,0.0669,0.167333,0.017968,0.089479
14109,0.416931,0.023677,0.251633,0.01791,0.123711
14110,0.371022,0.021776,0.172727,0.062087,0.114432
14111,0.424442,0.031425,0.235273,0.021244,0.1365
14112,0.468097,0.079989,0.157945,0.045809,0.184354
14113,0.507795,0.080033,0.260201,0.052621,0.11494
14114,0.436446,0.065432,0.191584,0.065198,0.114232
14115,0.495321,0.079336,0.2461,0.075927,0.093958
14116,0.393395,0.067392,0.160117,0.05302,0.112866
14117,0.509691,0.076031,0.2928,0.046303,0.094557
14118,0.4282,0.041028,0.227092,0.064569,0.095511
14119,0.516151,0.077961,0.279266,0.053146,0.105778
14120,0.463198,0.07921,0.207159,0.083706,0.093123
14121,0.546725,0.077467,0.298508,0.063387,0.107363
14122,0.588903,0.06936,0.218992,0.063227,0.237324
14123,0.497535,0.075483,0.281654,0.019104,0.121294
14124,0.520512,0.122598,0.218769,0.06108,0.118065
14125,0.528427,0.075568,0.260328,0.078549,0.113982
14126,0.415287,0.079812,0.187711,0.04548,0.102284
14127,0.473128,0.078552,0.238703,0.060125,0.095748
14128,0.387091,0.080071,0.168489,0.047347,0.091184
14129,0.490589,0.028133,0.292078,0.05138,0.118998
14130,0.421473,0.029049,0.186729,0.047733,0.157962
14131,0.492244,0.025629,0.277716,0.06424,0.124659
14132,0.429018,0.057162,0.199688,0.046409,0.125759
14133,0.522692,0.055107,0.302372,0.047082,0.118131
14134,0.455553,0.077161,0.225035,0.06026,0.093097
14135,0.538144,0.078638,0.304062,0.04818,0.107264
14136,0.316383,0.0396,0.160619,0.01754,0.098624
14137,0.512657,0.090874,0.255865,0.045,0.120918
14138,0.406453,0.078104,0.182705,0.05521,0.090434
14139,0.514262,0.077381,0.288417,0.047845,0.100619
14140,0.394691,0.079149,0.164717,0.046787,0.104038
14141,0.489093,0.067482,0.303233,0.020289,0.098089
14142,0.409524,0.067505,0.227203,0.018872,0.095944
14143,0.527338,0.069093,0.28239,0.068846,0.107009
14144,0.405433,0.040658,0.164288,0.034116,0.166371
14145,0.517558,0.07938,0.287023,0.017776,0.133379
14146,0.363459,0.06741,0.181091,0.01793,0.097028
14147,0.441793,0.068549,0.240339,0.032502,0.100403
14148,0.371905,0.071456,0.165905,0.018386,0.116158
14149,0.423233,0.024994,0.253003,0.018401,0.126835
14150,0.377733,0.021715,0.216814,0.018179,0.121025
14151,0.436977,0.022568,0.275398,0.018199,0.120812
14152,0.38445,0.047453,0.20147,0.019311,0.116216
14153,0.464491,0.067338,0.260425,0.017209,0.119519
14154,0.360568,0.06944,0.180771,0.018735,0.091622
14155,0.446269,0.067516,0.241626,0.018486,0.118641
14156,0.328819,0.054743,0.160567,0.020883,0.092626
14157,0.414415,0.044384,0.259677,0.020932,0.089422
14158,0.329131,0.029471,0.17433,0.018319,0.107011
14159,0.390902,0.022153,0.240223,0.018499,0.110027
14160,0.327307,0.046283,0.157694,0.021546,0.101784
14161,0.45274,0.058194,0.272864,0.018471,0.103211
14162,0.332978,0.052669,0.170723,0.019066,0.09052
14163,0.412429,0.042003,0.236156,0.0188,0.11547
14164,0.316116,0.048907,0.15842,0.017996,0.090793
14165,0.419212,0.046852,0.249759,0.018441,0.10416
14166,0.353175,0.04463,0.174034,0.018507,0.116004
14167,0.387873,0.041839,0.233877,0.018833,0.093324
14168,0.318168,0.04847,0.158157,0.019494,0.092047
14169,0.436177,0.059083,0.257718,0.018402,0.100974
14170,0.344499,0.02498,0.175583,0.018528,0.125408
14171,0.4948,0.021442,0.234792,0.018292,0.220274
14172,0.314438,0.043715,0.159155,0.018769,0.092799
14173,0.403009,0.040805,0.249838,0.018619,0.093747
14174,0.332978,0.04144,0.172763,0.0246,0.094175
14175,0.392258,0.040634,0.233219,0.018402,0.100003
14176,0.314748,0.041756,0.15746,0.018874,0.096658
14177,0.461245,0.070553,0.260957,0.018299,0.111436
14178,0.345559,0.026797,0.180037,0.018388,0.120337
14179,0.407619,0.03254,0.231948,0.018026,0.125105
14180,0.309724,0.020806,0.156309,0.01826,0.114349
14181,0.496942,0.042737,0.251126,0.018094,0.184985
14182,0.355133,0.060299,0.183001,0.01766,0.094173
14183,0.416115,0.051939,0.239266,0.0212,0.10371
14184,0.315309,0.045531,0.157774,0.019688,0.092316
14185,0.457592,0.031931,0.255291,0.018593,0.151777
14186,0.365914,0.050199,0.172915,0.043455,0.099345
14187,0.434287,0.075626,0.243158,0.01817,0.097333
14188,0.352459,0.050962,0.155835,0.053259,0.092403
14189,0.402562,0.028304,0.251894,0.018654,0.10371
14190,0.3683,0.037804,0.173612,0.043967,0.112917
14191,0.531029,0.056229,0.249102,0.046071,0.179627
14192,0.420004,0.03016,0.168507,0.074063,0.147274
14193,0.506018,0.045421,0.264005,0.046651,0.149941
14194,0.467268,0.06769,0.222425,0.048108,0.129045
14195,0.474082,0.047647,0.277285,0.053209,0.095941
14196,0.405242,0.044766,0.197549,0.0682,0.094727
14197,0.473738,0.04188,0.289565,0.04815,0.094143
14198,0.37212,0.042873,0.213672,0.019179,0.096396
14199,0.440756,0.041743,0.235569,0.055316,0.108128
14200,0.345796,0.058698,0.165896,0.018234,0.102968
14201,0.422381,0.04934,0.252338,0.01832,0.102383
14202,0.344711,0.041666,0.171859,0.02013,0.111056
14203,0.469457,0.041406,0.247373,0.055397,0.125281
14204,0.318558,0.046933,0.157596,0.018705,0.095324
14205,0.407466,0.042191,0.250869,0.02105,0.093356
14206,0.352995,0.042559,0.172404,0.043379,0.094653
14207,0.482049,0.061696,0.247135,0.073558,0.09966
14208,0.357813,0.051229,0.158099,0.052538,0.095947
14209,0.445258,0.043315,0.250869,0.058082,0.092992
14210,0.357647,0.041479,0.174195,0.050576,0.091397
14211,0.476318,0.047257,0.243613,0.069602,0.115846
14212,0.349002,0.065769,0.168193,0.019583,0.095457
14213,0.49987,0.077973,0.260639,0.046903,0.114355
14214,0.406991,0.077101,0.178408,0.054256,0.097226
14215,0.471451,0.05966,0.243199,0.053638,0.114954
14216,0.444106,0.074743,0.202749,0.052725,0.113889
14217,0.509178,0.079583,0.266746,0.052086,0.110763
14218,0.445325,0.064369,0.222182,0.054205,0.104569
14219,0.408131,0.0256,0.238183,0.02547,0.118878
14220,0.4031,0.068054,0.210698,0.018667,0.105681
14221,0.505451,0.06835,0.299649,0.020574,0.116878
14222,0.416644,0.080008,0.220016,0.018417,0.098203
14223,0.450189,0.077525,0.23766,0.032907,0.102097
14224,0.354667,0.068511,0.167321,0.018534,0.100301
14225,0.441837,0.065727,0.253703,0.020308,0.102099
14226,0.36217,0.069354,0.178406,0.018524,0.095886
14227,0.46152,0.069615,0.255026,0.033738,0.103141
14228,0.347516,0.066459,0.169815,0.018325,0.092917
14229,0.406295,0.02761,0.251337,0.02086,0.106488
14230,0.342177,0.03109,0.177326,0.018282,0.115479
14231,0.404619,0.026455,0.234465,0.020918,0.122781
14232,0.329478,0.022842,0.158286,0.01878,0.12957
14233,0.409578,0.023439,0.252682,0.018247,0.11521
14234,0.353793,0.045126,0.180611,0.01827,0.109786
14235,0.444235,0.068579,0.239352,0.036292,0.100012
14236,0.342835,0.065313,0.165405,0.018806,0.093311
14237,0.449875,0.049082,0.258785,0.017484,0.124524
14238,0.368647,0.065819,0.182464,0.018303,0.102061
14239,0.414221,0.030973,0.239506,0.02005,0.123692
14240,0.32304,0.036323,0.158614,0.021421,0.106682
14241,0.423503,0.022222,0.252496,0.018574,0.130211
14242,0.344428,0.022828,0.171146,0.033449,0.117005
14243,0.444677,0.066862,0.244107,0.035957,0.097751
14244,0.351079,0.068805,0.161603,0.02387,0.096801
14245,0.414666,0.023462,0.25257,0.020928,0.117706
14246,0.3269,0.021982,0.17276,0.018334,0.113824
14247,0.418393,0.030184,0.243495,0.018781,0.125933
14248,0.350793,0.068605,0.164393,0.018305,0.09949
14249,0.45454,0.066629,0.265117,0.017339,0.105455
14250,0.361639,0.068026,0.175485,0.018266,0.099862
14251,0.414657,0.065591,0.237622,0.018184,0.09326
14252,0.323191,0.029041,0.157039,0.018191,0.11892
14253,0.424299,0.031682,0.253187,0.020562,0.118868
14254,0.32862,0.023151,0.172488,0.019261,0.11372
14255,0.465689,0.048522,0.25471,0.033428,0.129029
14256,0.34638,0.068846,0.163615,0.018197,0.095722
14257,0.45423,0.066639,0.258279,0.019847,0.109465
14258,0.378866,0.068248,0.181862,0.018231,0.110525
14259,0.408332,0.025672,0.240193,0.01854,0.123927
14260,0.424051,0.02259,0.160544,0.021726,0.219191
14261,0.415546,0.024206,0.249114,0.018854,0.123372
14262,0.367175,0.048035,0.182033,0.01794,0.119167
14263,0.481267,0.081806,0.244877,0.060421,0.094163
14264,0.393113,0.076991,0.165626,0.054728,0.095768
14265,0.454782,0.031973,0.251292,0.052947,0.11857
14266,0.399593,0.055677,0.184245,0.045988,0.113683
14267,0.483614,0.07687,0.256917,0.057082,0.092745
14268,0.346638,0.066515,0.159052,0.02006,0.101011
14269,0.499615,0.079916,0.259964,0.051477,0.108258
14270,0.501577,0.06822,0.181195,0.055647,0.196515
14271,0.494252,0.079494,0.244765,0.076634,0.093359
14272,0.36087,0.046886,0.15982,0.067572,0.086592
14273,0.487877,0.055725,0.258365,0.058021,0.115766
14274,0.353897,0.028999,0.172645,0.036044,0.116209
14275,0.469893,0.03188,0.260404,0.046972,0.130637
14276,0.457427,0.077134,0.203086,0.061885,0.115322
14277,0.529971,0.077888,0.301418,0.046994,0.103671
14278,0.453578,0.075768,0.222964,0.061862,0.092984
14279,0.518249,0.079582,0.295666,0.04684,0.096161
14280,0.492253,0.068009,0.166301,0.05643,0.201513
14281,0.482216,0.02947,0.252187,0.049958,0.150601
14282,0.37346,0.029463,0.177202,0.053044,0.113751
14283,0.42976,0.02443,0.236595,0.052939,0.115796
14284,0.32085,0.028293,0.158593,0.022674,0.11129
14285,0.500204,0.078031,0.257398,0.053383,0.111392
14286,0.402467,0.067361,0.182888,0.053322,0.098896
14287,0.50221,0.07787,0.281952,0.052605,0.089783
14288,0.331894,0.025344,0.160043,0.023187,0.12332
14289,0.467437,0.0306,0.265461,0.067583,0.103793
14290,0.421893,0.068299,0.173305,0.055881,0.124408
14291,0.485695,0.046077,0.235905,0.069652,0.134061
14292,0.437547,0.089087,0.178997,0.046827,0.122636
14293,0.474522,0.02417,0.293472,0.048571,0.108309
14294,0.361767,0.031818,0.195511,0.018759,0.115679
14295,0.434823,0.023322,0.274964,0.01942,0.117117
14296,0.362852,0.029339,0.198456,0.018346,0.116711
14297,0.459737,0.027915,0.289669,0.019312,0.122841
14298,0.33528,0.026882,0.173446,0.018291,0.116661
14299,0.388669,0.021148,0.233691,0.018318,0.115512
14300,0.322965,0.024357,0.159891,0.021081,0.117636
14301,0.418263,0.047242,0.250117,0.019264,0.10164
14302,0.32828,0.043447,0.175004,0.018121,0.091708
14303,0.399548,0.043213,0.233722,0.01832,0.104293
14304,0.333703,0.043482,0.170304,0.02101,0.098907
14305,0.414915,0.038026,0.249867,0.018863,0.108159
14306,0.328448,0.047893,0.175302,0.01822,0.087033
14307,0.39656,0.041873,0.238469,0.018219,0.097999
14308,0.326384,0.022987,0.159091,0.020608,0.123698
14309,0.441407,0.051096,0.251208,0.018071,0.121032
14310,0.338289,0.05352,0.175149,0.019704,0.089916
14311,0.417518,0.023723,0.246741,0.019138,0.127916
14312,0.324875,0.046532,0.160349,0.018286,0.099708
14313,0.419806,0.042583,0.251069,0.02048,0.105674
14314,0.33391,0.040816,0.175064,0.021658,0.096372
14315,0.400453,0.048594,0.232293,0.028262,0.091304
14316,0.327755,0.042396,0.159769,0.02053,0.10506
14317,0.41856,0.046351,0.252502,0.018556,0.101151
14318,0.34928,0.022178,0.181711,0.019049,0.126342
14319,0.519371,0.046282,0.236089,0.01891,0.21809
14320,0.317484,0.046047,0.158575,0.018845,0.094017
14321,0.404913,0.040902,0.252196,0.018289,0.093526
14322,0.330298,0.04408,0.175847,0.018393,0.091978
14323,0.391873,0.040846,0.238107,0.019554,0.093366
14324,0.317459,0.038184,0.161374,0.018514,0.099387
14325,0.409541,0.051039,0.247256,0.020236,0.09101
14326,0.361536,0.05977,0.183368,0.018226,0.100172
14327,0.406024,0.048456,0.238034,0.018284,0.10125
14328,0.31318,0.041527,0.16052,0.01764,0.093493
14329,0.4381,0.062032,0.261096,0.018586,0.096386
14330,0.348614,0.052215,0.174827,0.020833,0.100739
14331,0.416638,0.034766,0.235752,0.020275,0.125845
14332,0.363216,0.070006,0.162289,0.02125,0.109671
14333,0.467351,0.069655,0.261008,0.020628,0.11606
14334,0.371453,0.067384,0.179815,0.020543,0.103711
14335,0.438815,0.068779,0.240082,0.033204,0.09675
14336,0.352397,0.066633,0.171698,0.018247,0.095819
14337,0.417682,0.023799,0.254568,0.018294,0.121021
14338,0.340564,0.026354,0.179186,0.018649,0.116375
14339,0.417973,0.028708,0.236795,0.018569,0.133901
14340,0.317727,0.022704,0.160104,0.017831,0.117088
14341,0.458933,0.06758,0.256947,0.01679,0.117616
14342,0.406665,0.081309,0.183687,0.048436,0.093233
14343,0.401405,0.026476,0.236475,0.018451,0.120003
14344,0.403475,0.058854,0.179154,0.046224,0.119243
14345,0.452156,0.026376,0.251976,0.046266,0.127538
14346,0.405405,0.079906,0.181426,0.047535,0.096538
14347,0.466628,0.079288,0.244622,0.049971,0.092747
14348,0.4672,0.097455,0.204518,0.068247,0.09698
14349,0.532547,0.066924,0.301479,0.047633,0.116511
14350,0.461066,0.078011,0.222907,0.061373,0.098775
14351,0.45864,0.04121,0.239116,0.019629,0.158685
14352,0.436689,0.078989,0.201705,0.046347,0.109648
14353,0.543262,0.07838,0.30388,0.053601,0.107401
14354,0.459762,0.077512,0.229028,0.063271,0.089951
14355,0.48086,0.056357,0.238056,0.062889,0.123558
14356,0.45956,0.079487,0.223829,0.060098,0.096146
14357,0.456871,0.081698,0.260726,0.020017,0.09443
14358,0.473277,0.080106,0.254511,0.04582,0.09284
14359,0.471842,0.061854,0.247025,0.054553,0.10841
14360,0.450531,0.057125,0.165217,0.087669,0.14052
14361,0.510583,0.080623,0.260199,0.060626,0.109135
14362,0.458578,0.077543,0.177693,0.086086,0.117256
14363,0.495642,0.083113,0.297343,0.019635,0.095551
14364,0.446322,0.080278,0.20591,0.046529,0.113605
14365,0.531917,0.079455,0.303053,0.047417,0.101992
14366,0.404229,0.078514,0.18012,0.053719,0.091876
14367,0.504542,0.025758,0.28165,0.068471,0.128663
14368,0.455126,0.08964,0.184404,0.046585,0.134497
14369,0.455528,0.070848,0.26779,0.019227,0.097663
14370,0.364122,0.068402,0.186003,0.018655,0.091062
14371,0.445746,0.068125,0.244199,0.032972,0.10045
14372,0.354461,0.067241,0.169042,0.018976,0.099202
14373,0.462891,0.069149,0.267453,0.033008,0.093281
14374,0.362084,0.068027,0.181532,0.017981,0.094544
14375,0.427018,0.071102,0.236098,0.020581,0.099237
14376,0.371383,0.024309,0.207706,0.02103,0.118338
14377,0.421018,0.028642,0.252885,0.018376,0.121115
14378,0.3615,0.02471,0.173644,0.032812,0.130334
14379,0.446948,0.047263,0.245264,0.036449,0.117972
14380,0.346119,0.067943,0.166209,0.017777,0.09419
14381,0.430177,0.05222,0.265153,0.01776,0.095044
14382,0.365111,0.048357,0.184437,0.018479,0.113838
14383,0.428949,0.067469,0.247735,0.019206,0.094539
14384,0.34986,0.071132,0.161365,0.017823,0.09954
14385,0.454933,0.06906,0.263854,0.023906,0.098113
14386,0.355878,0.02506,0.17588,0.018479,0.136459
14387,0.406473,0.02297,0.238253,0.017492,0.127758
14388,0.345406,0.06962,0.167412,0.017803,0.090571
14389,0.473848,0.069905,0.266245,0.017982,0.119716
14390,0.373708,0.068435,0.178579,0.018199,0.108495
14391,0.429874,0.068165,0.236693,0.018702,0.106314
14392,0.350837,0.067377,0.170114,0.018042,0.095304
14393,0.441711,0.069268,0.259706,0.01769,0.095047
14394,0.334013,0.024506,0.177149,0.017851,0.114507
14395,0.388852,0.02336,0.235284,0.018098,0.11211
14396,0.350365,0.033507,0.166336,0.017506,0.133016
14397,0.422814,0.052752,0.253677,0.020845,0.09554
14398,0.482854,0.047281,0.194067,0.017885,0.223621
14399,0.434094,0.071703,0.247004,0.020746,0.094641
14400,0.321522,0.025892,0.159996,0.017774,0.11786
14401,0.417544,0.025044,0.251731,0.017993,0.122776
14402,0.364331,0.048077,0.180734,0.01763,0.11789
14403,0.436457,0.068378,0.24338,0.018131,0.106568
14404,0.366657,0.069428,0.167525,0.020302,0.109402
14405,0.454606,0.067937,0.255406,0.033689,0.097574
14406,0.3642,0.067536,0.183806,0.018107,0.094751
14407,0.426631,0.065821,0.241861,0.018591,0.100358
14408,0.336047,0.027008,0.167004,0.020894,0.121141
14409,0.424936,0.032906,0.25376,0.018008,0.120262
14410,0.370855,0.046587,0.196958,0.017543,0.109767
14411,0.473146,0.065835,0.284205,0.020751,0.102355
14412,0.347235,0.068797,0.166391,0.020011,0.092036
14413,0.465639,0.06601,0.253144,0.045206,0.101279
14414,0.414981,0.072398,0.182151,0.05368,0.106752
14415,0.473457,0.078708,0.23703,0.061413,0.096306
14416,0.346026,0.068692,0.166378,0.01842,0.092536
14417,0.483748,0.080894,0.259848,0.048313,0.094693
14418,0.514316,0.025655,0.19104,0.045888,0.251733
14419,0.507278,0.057948,0.281543,0.052389,0.115398
14420,0.455335,0.078909,0.20046,0.066052,0.109914
14421,0.544443,0.073384,0.308056,0.046912,0.116091
14422,0.436657,0.046719,0.223292,0.01768,0.148966
14423,0.543171,0.079753,0.294133,0.065399,0.103886
14424,0.369889,0.06583,0.170487,0.018908,0.114664
14425,0.529389,0.106083,0.261663,0.045532,0.116111
14426,0.459546,0.074397,0.22168,0.061975,0.101494
14427,0.518559,0.07742,0.295685,0.045618,0.099836
14428,0.495033,0.060094,0.201742,0.046195,0.187002
14429,0.500261,0.080904,0.259046,0.045705,0.114606
14430,0.396986,0.081707,0.180701,0.041958,0.09262
14431,0.539022,0.080178,0.290746,0.047857,0.120241
14432,0.431935,0.0788,0.201685,0.046072,0.105378
14433,0.493964,0.080077,0.254936,0.063295,0.095656
14434,0.444384,0.073842,0.181032,0.082656,0.106854
14435,0.482335,0.079875,0.243551,0.060011,0.098898
14436,0.453318,0.076645,0.201983,0.06818,0.10651
14437,0.489619,0.025396,0.299525,0.047703,0.116995
14438,0.518247,0.059333,0.214982,0.047248,0.196684
14439,0.531019,0.080563,0.291957,0.045284,0.113215
14440,0.473174,0.095602,0.208892,0.067238,0.101442
14441,0.533294,0.07803,0.297789,0.046841,0.110634
14442,0.424819,0.075303,0.18334,0.053056,0.11312
14443,0.45859,0.02544,0.274551,0.046585,0.112014
14444,0.357038,0.065966,0.167884,0.024296,0.098892
14445,0.458218,0.066876,0.2589,0.034354,0.098088
14446,0.3601,0.066892,0.180925,0.02022,0.092063
14447,0.446811,0.076753,0.240525,0.018077,0.111456
14448,0.419867,0.069693,0.162556,0.018021,0.169597
14449,0.460737,0.022938,0.29409,0.019102,0.124607
14450,0.370264,0.071215,0.183271,0.018056,0.097722
14451,0.407866,0.023867,0.236816,0.018385,0.128798
14452,0.314178,0.02364,0.158367,0.018064,0.114107
14453,0.446021,0.070045,0.250418,0.01792,0.107638
14454,0.373938,0.069765,0.190668,0.017949,0.095556
14455,0.448038,0.068535,0.243194,0.038864,0.097445
14456,0.369723,0.067945,0.168978,0.017957,0.114843
14457,0.431348,0.025797,0.254111,0.018442,0.132998
14458,0.361691,0.026677,0.176273,0.018024,0.140717
14459,0.4338,0.046965,0.245675,0.017837,0.123323
14460,0.334333,0.026388,0.161377,0.020815,0.125753
14461,0.441671,0.047636,0.260878,0.017882,0.115275
14462,0.354707,0.022997,0.174509,0.03312,0.124081
14463,0.442192,0.068574,0.23688,0.017996,0.118742
14464,0.328813,0.035531,0.164474,0.018426,0.110382
14465,0.45747,0.070225,0.256312,0.03254,0.098393
14466,0.359534,0.066446,0.18008,0.017914,0.095094
14467,0.395308,0.024318,0.236758,0.020006,0.114226
14468,0.322211,0.025039,0.160336,0.017997,0.118839
14469,0.422809,0.032076,0.251746,0.020486,0.118501
14470,0.328273,0.020361,0.174045,0.018505,0.115362
14471,0.415303,0.026952,0.247722,0.018074,0.122555
14472,0.354396,0.048877,0.169945,0.018233,0.117341
14473,0.45706,0.06743,0.260586,0.032475,0.096569
14474,0.363896,0.070352,0.182755,0.017919,0.09287
14475,0.423251,0.069158,0.238318,0.020569,0.095206
14476,0.339011,0.022998,0.159716,0.017836,0.138461
14477,0.453848,0.067631,0.258169,0.018078,0.10997
14478,0.332972,0.031639,0.175522,0.018653,0.107158
14479,0.412967,0.024479,0.246613,0.017897,0.123978
14480,0.346988,0.047125,0.16723,0.017812,0.114821
14481,0.449962,0.067234,0.258732,0.032633,0.091363
14482,0.363631,0.068686,0.179349,0.018118,0.097478
14483,0.41658,0.069214,0.239339,0.017951,0.090076
14484,0.314925,0.024882,0.159587,0.018015,0.112441
14485,0.42311,0.023305,0.252394,0.018359,0.129052
14486,0.343171,0.028884,0.175226,0.019448,0.119613
14487,0.456446,0.077428,0.244709,0.03467,0.099639
14488,0.387712,0.066813,0.162257,0.04668,0.111962
14489,0.449622,0.031628,0.260255,0.054151,0.103588
14490,0.351013,0.030695,0.174377,0.042235,0.103706
14491,0.466811,0.056336,0.243476,0.053488,0.113511
14492,0.387842,0.02848,0.165229,0.071761,0.122372
14493,0.493184,0.055032,0.255608,0.061698,0.120846
14494,0.405695,0.057988,0.18059,0.045561,0.121556
14495,0.517254,0.078773,0.278547,0.052284,0.10765
14496,0.448538,0.076002,0.206337,0.069182,0.097017
14497,0.622471,0.075728,0.403724,0.046793,0.096226
14498,0.373138,0.075567,0.177691,0.018524,0.101356
14499,0.528899,0.070208,0.282322,0.045861,0.130508
14500,0.464685,0.073624,0.219639,0.065996,0.105426
14501,0.566091,0.080502,0.305734,0.082297,0.097558
14502,0.406442,0.077418,0.182937,0.053575,0.092512
14503,0.525091,0.077547,0.283842,0.052876,0.110826
14504,0.382134,0.067828,0.206472,0.018514,0.08932
14505,0.441847,0.067824,0.263913,0.017262,0.092848
14506,0.35133,0.028527,0.17676,0.017156,0.128887
14507,0.520016,0.068113,0.234988,0.016915,0.2
14508,0.338689,0.066407,0.159223,0.017091,0.095968
14509,0.498157,0.077767,0.254716,0.061149,0.104525
14510,0.403736,0.067001,0.174812,0.068884,0.093039
14511,0.444276,0.068788,0.250597,0.0337,0.091191
14512,0.385049,0.077665,0.163464,0.046134,0.097786
14513,0.479515,0.079028,0.252958,0.05475,0.092779
14514,0.426551,0.031959,0.21242,0.053134,0.129038
14515,0.505115,0.058504,0.240044,0.083914,0.122653
14516,0.462962,0.069067,0.230039,0.047762,0.116094
14517,0.610183,0.056716,0.298972,0.032507,0.221988
14518,0.448451,0.078194,0.224635,0.017577,0.128045
14519,0.526993,0.079804,0.282652,0.047521,0.117016
14520,0.327049,0.0519,0.160922,0.020392,0.093835
14521,0.451589,0.044589,0.253257,0.017716,0.136027
14522,0.380022,0.067912,0.196288,0.017779,0.098043
14523,0.422671,0.06853,0.246779,0.018096,0.089266
14524,0.330243,0.026101,0.160735,0.017773,0.125634
14525,0.424007,0.0325,0.25144,0.023677,0.11639
14526,0.363753,0.025599,0.173886,0.033033,0.131235
14527,0.435536,0.047016,0.242363,0.033411,0.112746
14528,0.34264,0.069191,0.160402,0.018944,0.094103
14529,0.461746,0.068315,0.261987,0.020528,0.110916
14530,0.373279,0.068438,0.184403,0.018091,0.102347
14531,0.410458,0.025289,0.237339,0.01839,0.12944
14532,0.339495,0.026161,0.159298,0.018762,0.135274
14533,0.43421,0.027331,0.261791,0.017848,0.12724
14534,0.364953,0.070188,0.180066,0.018019,0.09668
14535,0.447949,0.067895,0.243579,0.018727,0.117748
14536,0.363685,0.07687,0.174652,0.018171,0.093992
14537,0.440701,0.067367,0.262763,0.018214,0.092357
14538,0.34746,0.024061,0.177527,0.0182,0.127672
14539,0.405615,0.029268,0.234524,0.017717,0.124106
14540,0.321993,0.031913,0.159664,0.017799,0.112617
14541,0.450804,0.067273,0.255236,0.032535,0.09576
14542,0.354678,0.065832,0.176895,0.018037,0.093914
14543,0.40419,0.024402,0.236947,0.018101,0.12474
14544,0.312837,0.024478,0.158403,0.018504,0.111452
14545,0.413453,0.02658,0.252576,0.018913,0.115384
14546,0.372213,0.066109,0.180836,0.02294,0.102328
14547,0.463089,0.071992,0.249093,0.033873,0.108131
14548,0.36545,0.068652,0.177916,0.019862,0.09902
14549,0.470598,0.067424,0.264687,0.01953,0.118957
14550,0.392912,0.078815,0.181,0.018126,0.114971
14551,0.426053,0.067018,0.24742,0.019582,0.092033
14552,0.324596,0.025037,0.160779,0.019415,0.119365
14553,0.458113,0.020513,0.293847,0.02068,0.123073
14554,0.392346,0.03168,0.214625,0.018106,0.127935
14555,0.427765,0.069912,0.246009,0.01764,0.094204
14556,0.319374,0.028386,0.165353,0.018232,0.107403
14557,0.46516,0.068082,0.266263,0.01802,0.112795
14558,0.368586,0.06986,0.184674,0.017592,0.09646
14559,0.401451,0.025979,0.241231,0.01792,0.116321
14560,0.346575,0.048989,0.164875,0.017662,0.115049
14561,0.461958,0.069814,0.261411,0.032252,0.098481
14562,0.369793,0.068162,0.18074,0.017317,0.103574
14563,2.51153,0.081695,0.27928,0.050189,2.10037
14564,0.409062,0.092401,0.168485,0.053365,0.094811
14565,0.544251,0.078806,0.313682,0.046427,0.105336
14566,0.400541,0.074743,0.181812,0.052795,0.091191
14567,0.514739,0.077037,0.238607,0.101943,0.097152
14568,0.415611,0.078928,0.166688,0.06552,0.104475
14569,0.468157,0.027511,0.258853,0.046609,0.135184
14570,0.466477,0.05563,0.221546,0.071397,0.117904
14571,0.542468,0.07816,0.279217,0.07218,0.112911
14572,0.451725,0.076324,0.215654,0.066939,0.092808
14573,0.528924,0.082312,0.299284,0.045628,0.1017
14574,0.451178,0.071322,0.223454,0.052968,0.103434
14575,0.438499,0.029235,0.245117,0.045741,0.118406
14576,0.392106,0.059712,0.16528,0.052564,0.11455
14577,0.490005,0.068259,0.263763,0.047714,0.110269
14578,0.466704,0.078051,0.21908,0.068987,0.100586
14579,0.512095,0.07801,0.283887,0.052751,0.097447
14580,0.46362,0.063464,0.218831,0.070781,0.110544
14581,0.494706,0.075784,0.253357,0.047338,0.118227
14582,0.481383,0.071092,0.252153,0.065713,0.092425
14583,0.513417,0.078995,0.284128,0.046,0.104294
14584,0.394105,0.078128,0.166421,0.053203,0.096353
14585,0.489476,0.075348,0.259866,0.052872,0.10139
14586,0.433402,0.028779,0.220825,0.05241,0.131388
14587,0.483548,0.06766,0.2881,0.019623,0.108165
14588,0.429386,0.047127,0.203197,0.048032,0.13103
14589,0.491218,0.078748,0.257662,0.062824,0.091984
14590,0.396584,0.07668,0.18605,0.022815,0.111039
14591,0.458339,0.067426,0.246228,0.032855,0.11183
14592,0.351955,0.067405,0.166144,0.020279,0.098127
14593,0.443064,0.067926,0.254526,0.020417,0.100195
14594,0.380696,0.021384,0.175943,0.021196,0.162173
14595,0.471057,0.048565,0.284738,0.01774,0.120014
14596,0.407741,0.067474,0.210415,0.018475,0.111377
14597,0.420454,0.028695,0.262642,0.02046,0.108657
14598,0.364549,0.047112,0.178792,0.017969,0.120676
14599,0.439738,0.068663,0.247216,0.032585,0.091274
14600,0.346266,0.069101,0.16492,0.018263,0.093982
14601,0.450223,0.077142,0.255294,0.019071,0.098716
14602,0.357293,0.026108,0.174226,0.034499,0.12246
14603,0.426034,0.045114,0.239584,0.017853,0.123483
14604,0.322051,0.027317,0.159779,0.020401,0.114554
14605,0.434371,0.022691,0.254936,0.018042,0.138702
14606,0.464567,0.070515,0.183629,0.018118,0.192305
14607,0.444944,0.079313,0.241922,0.017672,0.106037
14608,0.344771,0.071473,0.163673,0.018187,0.091438
14609,0.452124,0.066922,0.254269,0.03237,0.098563
14610,0.356618,0.067136,0.181941,0.017805,0.089736
14611,0.423045,0.06735,0.245226,0.02047,0.089999
14612,0.317659,0.023929,0.161122,0.018179,0.114429
14613,0.42144,0.022361,0.251689,0.019155,0.128235
14614,0.370596,0.066695,0.185145,0.020487,0.098269
14615,0.453976,0.066698,0.269445,0.020644,0.097189
14616,0.458702,0.065307,0.159811,0.024918,0.208666
14617,0.471535,0.045381,0.262327,0.03481,0.129017
14618,0.371782,0.067126,0.182575,0.020227,0.101854
14619,0.435314,0.06838,0.242384,0.033092,0.091458
14620,0.350227,0.070676,0.165193,0.01795,0.096408
14621,0.405346,0.025636,0.253452,0.019998,0.10626
14622,0.331738,0.022127,0.174438,0.018887,0.116286
14623,0.416489,0.031546,0.234487,0.01845,0.132006
14624,0.344741,0.026213,0.163271,0.033468,0.121789
14625,0.453398,0.047739,0.258685,0.01716,0.129814
14626,0.470766,0.069202,0.182055,0.017858,0.201651
14627,0.448437,0.067427,0.255939,0.018012,0.107059
14628,0.353426,0.070026,0.169449,0.017726,0.096225
14629,0.410668,0.028555,0.251551,0.018522,0.11204
14630,0.359396,0.031831,0.177807,0.033401,0.116357
14631,0.433077,0.077323,0.244589,0.01828,0.092885
14632,0.310919,0.025569,0.159236,0.018482,0.107632
14633,0.459336,0.070524,0.25895,0.032029,0.097833
14634,0.404643,0.080455,0.181441,0.04513,0.097617
14635,0.479532,0.094991,0.239343,0.053466,0.091732
14636,0.447191,0.036799,0.164091,0.018135,0.228166
14637,0.459859,0.036714,0.252027,0.046497,0.124621
14638,0.411235,0.0262,0.173578,0.084762,0.126695
14639,0.477875,0.058316,0.245126,0.061781,0.112652
14640,0.454946,0.078159,0.216044,0.068336,0.092407
14641,0.533522,0.077264,0.299909,0.052687,0.103662
14642,0.448568,0.078421,0.221302,0.019384,0.129461
14643,0.439824,0.027725,0.239789,0.045771,0.126539
14644,0.405165,0.079332,0.166066,0.053522,0.106245
14645,0.502334,0.08032,0.258931,0.067688,0.095395
14646,0.410693,0.067346,0.178973,0.06083,0.103544
14647,0.482221,0.081927,0.245083,0.060845,0.094366
14648,0.391174,0.077408,0.163967,0.052514,0.097285
14649,0.500103,0.045505,0.275979,0.0482,0.130419
14650,0.4589,0.078833,0.227863,0.061583,0.090621
14651,0.507335,0.078832,0.278522,0.047783,0.102198
14652,0.442935,0.079023,0.213742,0.06087,0.0893
14653,0.512024,0.078086,0.292645,0.046715,0.094578
14654,0.450593,0.075791,0.218012,0.060269,0.096521
14655,0.432324,0.070172,0.247265,0.018486,0.096401
14656,0.385442,0.068655,0.171042,0.051786,0.093959
14657,0.483518,0.075989,0.261585,0.052548,0.093396
14658,0.42036,0.025602,0.179912,0.071401,0.143445
14659,0.488257,0.054257,0.238742,0.063165,0.132093
14660,0.435809,0.068297,0.182404,0.066728,0.11838
14661,0.486139,0.07207,0.288648,0.018808,0.106613
14662,0.48015,0.080423,0.224273,0.061262,0.114192
14663,0.500784,0.080709,0.277581,0.046972,0.095522
14664,0.409272,0.079603,0.165743,0.065286,0.09864
14665,0.511909,0.078762,0.309947,0.023869,0.099331
14666,0.370868,0.066859,0.185779,0.017941,0.100289
14667,0.427223,0.069982,0.242572,0.018286,0.096383
14668,0.326485,0.026284,0.161098,0.021564,0.117539
14669,0.484506,0.068201,0.301419,0.018028,0.096858
14670,0.409717,0.069183,0.22766,0.017855,0.095019
14671,0.497686,0.068351,0.299504,0.017804,0.112027
14672,0.345038,0.067622,0.163145,0.020805,0.093466
14673,0.457195,0.06622,0.25715,0.033373,0.100452
14674,0.361242,0.067441,0.18476,0.017635,0.091406
14675,0.413962,0.028284,0.242695,0.018486,0.124497
14676,0.348516,0.046456,0.166891,0.017968,0.117201
14677,0.457793,0.067465,0.261493,0.034195,0.09464
14678,0.375277,0.063671,0.180071,0.017819,0.113716
14679,0.40672,0.024346,0.236258,0.017962,0.128154
14680,0.338967,0.067334,0.160185,0.018094,0.093354
14681,0.477938,0.066605,0.277824,0.018613,0.114896
14682,0.384962,0.068917,0.198591,0.018296,0.099158
14683,0.455136,0.070349,0.256325,0.032752,0.09571
14684,0.35076,0.068224,0.169626,0.017876,0.095034
14685,0.46124,0.068363,0.262483,0.032631,0.097763
14686,0.387598,0.080917,0.181564,0.024024,0.101093
14687,0.421613,0.065986,0.239931,0.017869,0.097827
14688,0.321091,0.024213,0.159844,0.018602,0.118432
14689,0.441751,0.067506,0.25229,0.019979,0.101976
14690,0.360722,0.06789,0.184023,0.018128,0.090681
14691,0.439202,0.066581,0.242494,0.032715,0.097412
14692,0.348292,0.069113,0.168974,0.017997,0.092208
14693,0.439382,0.06641,0.252838,0.020368,0.099766
14694,0.368593,0.067689,0.182129,0.018719,0.100056
14695,0.435187,0.068537,0.246077,0.018227,0.102346
14696,0.358853,0.069693,0.168476,0.018067,0.102617
14697,0.430787,0.024005,0.252835,0.018309,0.135638
14698,0.357326,0.026834,0.179162,0.017279,0.134051
14699,0.446776,0.050508,0.252299,0.032993,0.110976
14700,0.353256,0.069007,0.167146,0.018023,0.09908
14701,0.413713,0.025442,0.255511,0.019619,0.113141
14702,0.34812,0.022727,0.173823,0.019065,0.132505
14703,0.402224,0.027218,0.23564,0.02126,0.118106
14704,0.338247,0.030476,0.157716,0.017865,0.13219
14705,0.462457,0.048362,0.263199,0.0174,0.133496
14706,0.364004,0.068015,0.177729,0.017594,0.100666
14707,0.407598,0.02621,0.237866,0.020317,0.123205
14708,0.374973,0.020704,0.158304,0.062068,0.133897
14709,0.4267,0.033434,0.254602,0.029529,0.109135
14710,0.397967,0.023135,0.172948,0.061186,0.140698
14711,0.508418,0.058657,0.253354,0.079879,0.116528
14712,0.400063,0.07795,0.172241,0.055749,0.094123
14713,0.515522,0.076804,0.260771,0.064795,0.113152
14714,0.40895,0.078182,0.184187,0.052384,0.094197
14715,0.497778,0.078122,0.238218,0.067159,0.114279
14716,0.354867,0.0758,0.161783,0.018389,0.098895
14717,0.555046,0.088343,0.30251,0.045187,0.119006
14718,0.471589,0.076709,0.215489,0.079519,0.099872
14719,0.515944,0.080759,0.285662,0.052858,0.096665
14720,0.457394,0.075838,0.218829,0.052729,0.109998
14721,0.532755,0.078322,0.311797,0.048313,0.094323
14722,0.366518,0.071093,0.179969,0.018357,0.097099
14723,0.47268,0.077367,0.242664,0.060017,0.092632
14724,0.393319,0.077132,0.167683,0.053291,0.095213
14725,0.547693,0.028457,0.343642,0.052131,0.123463
14726,0.436852,0.057523,0.186662,0.076912,0.115755
14727,0.529811,0.089653,0.256531,0.061233,0.122394
14728,0.421195,0.080923,0.165082,0.052781,0.122409
14729,0.539583,0.028648,0.309354,0.07045,0.131131
14730,0.532453,0.089857,0.253814,0.046899,0.141883
14731,0.51731,0.077695,0.281224,0.052622,0.105769
14732,0.470306,0.078279,0.201226,0.068234,0.122567
14733,0.543646,0.080658,0.299927,0.046712,0.116349
14734,0.433611,0.078787,0.234623,0.020017,0.100184
14735,0.5892,0.076583,0.288164,0.047277,0.177176
14736,0.40098,0.116654,0.168188,0.0206,0.095538
14737,0.531062,0.078926,0.262289,0.069154,0.120693
14738,0.435245,0.068337,0.189933,0.066748,0.110227
14739,0.450524,0.04414,0.245266,0.032549,0.128569
14740,0.363101,0.08154,0.169872,0.017683,0.094006
14741,0.459509,0.025833,0.268962,0.046875,0.117839
14742,0.403981,0.068096,0.21529,0.019902,0.100693
14743,0.474468,0.067382,0.282631,0.018105,0.10635
14744,0.382693,0.06643,0.20572,0.018208,0.092335
14745,0.574795,0.07005,0.295188,0.017832,0.191725
14746,0.414951,0.070108,0.222809,0.020613,0.101421
14747,0.405584,0.054126,0.241349,0.018943,0.091166
14748,0.316195,0.041224,0.158888,0.021385,0.094698
14749,0.45761,0.047386,0.256211,0.035352,0.118661
14750,0.365859,0.070596,0.180242,0.021178,0.093843
14751,0.406775,0.033248,0.236804,0.018679,0.118044
14752,0.331423,0.0275,0.158802,0.021184,0.123937
14753,0.425821,0.030766,0.251853,0.019017,0.124185
14754,0.337562,0.022118,0.173411,0.018708,0.123325
14755,0.550656,0.074678,0.239893,0.021073,0.215012
14756,0.362666,0.048787,0.171997,0.02562,0.116262
14757,0.449264,0.066074,0.253962,0.019894,0.109334
14758,0.370553,0.048771,0.179862,0.021194,0.120726
14759,0.448177,0.071982,0.241592,0.018761,0.115842
14760,0.34322,0.068021,0.165867,0.01847,0.090862
14761,0.448716,0.069743,0.25731,0.018846,0.102817
14762,0.37658,0.067544,0.184448,0.018341,0.106247
14763,0.425565,0.069443,0.244207,0.018482,0.093433
14764,0.33162,0.025606,0.163031,0.020303,0.12268
14765,0.428804,0.02292,0.252807,0.018324,0.134753
14766,0.347569,0.04918,0.17373,0.019536,0.105123
14767,0.444383,0.048225,0.241498,0.035384,0.119276
14768,0.363011,0.069173,0.176573,0.022025,0.09524
14769,0.455327,0.069272,0.258847,0.034881,0.092327
14770,0.3825,0.051569,0.178779,0.018576,0.133576
14771,0.434463,0.068798,0.252657,0.019316,0.093692
14772,0.331477,0.026469,0.159967,0.018206,0.126835
14773,0.421889,0.025433,0.253669,0.01773,0.125057
14774,0.369224,0.057321,0.178713,0.017593,0.115597
14775,0.432384,0.068668,0.238482,0.018857,0.106377
14776,0.343932,0.068087,0.161619,0.018129,0.096097
14777,0.446522,0.068617,0.259699,0.020351,0.097855
14778,0.360067,0.024972,0.174971,0.020641,0.139483
14779,0.403706,0.026498,0.235156,0.018539,0.123513
14780,0.321911,0.029257,0.157968,0.019057,0.115629
14781,0.415331,0.021422,0.251616,0.025482,0.116811
14782,0.356555,0.042415,0.191169,0.018596,0.104375
14783,0.463011,0.0818,0.246341,0.018043,0.116827
14784,0.399365,0.024197,0.179305,0.065223,0.13064
14785,0.494911,0.049971,0.263543,0.046389,0.135008
14786,0.414998,0.075665,0.179407,0.052789,0.107137
14787,0.487148,0.07881,0.248323,0.061436,0.098579
14788,0.410473,0.078364,0.16595,0.054203,0.111956
14789,0.461996,0.02631,0.260251,0.045895,0.12954
14790,0.463984,0.059937,0.227434,0.060435,0.116178
14791,0.549819,0.07614,0.278564,0.078765,0.11635
14792,0.4855,0.080584,0.228187,0.061277,0.115452
14793,0.55313,0.089601,0.302336,0.047288,0.113905
14794,0.471306,0.075587,0.220875,0.067123,0.107721
14795,0.515401,0.025989,0.283726,0.062736,0.14295
14796,0.393374,0.047202,0.171397,0.054724,0.120051
14797,0.530532,0.073375,0.301678,0.052253,0.103226
14798,0.453736,0.077403,0.2172,0.066033,0.0931
14799,0.535069,0.07972,0.284601,0.055852,0.114896
14800,0.435698,0.070737,0.200553,0.065621,0.098787
14801,0.491164,0.028988,0.29687,0.045949,0.119357
14802,0.412214,0.054874,0.18175,0.055069,0.120521
14803,0.510354,0.07814,0.254038,0.072561,0.105615
14804,0.395783,0.059895,0.169748,0.053281,0.112859
14805,0.514958,0.067445,0.29742,0.046013,0.10408
14806,0.465864,0.080104,0.218676,0.061215,0.105869
14807,0.442137,0.03943,0.248722,0.045349,0.108636
14808,0.455318,0.06906,0.206877,0.067511,0.11187
14809,0.525804,0.07984,0.29812,0.054396,0.093448
14810,0.468842,0.076034,0.231799,0.060723,0.100286
14811,0.506417,0.074703,0.287647,0.046067,0.098
14812,0.37884,0.078989,0.160206,0.04705,0.092595
14813,0.480715,0.067119,0.285966,0.017708,0.109922
14814,0.379672,0.070579,0.190652,0.017757,0.100684
14815,0.441176,0.066954,0.241839,0.034132,0.098251
14816,0.354948,0.06741,0.166578,0.017967,0.102993
14817,0.420375,0.028256,0.251962,0.018549,0.121608
14818,0.331415,0.026377,0.17467,0.017942,0.112426
14819,0.423442,0.021475,0.2463,0.017939,0.137728
14820,0.37342,0.079563,0.166673,0.018549,0.108635
14821,0.486175,0.06919,0.298388,0.017667,0.10093
14822,0.363893,0.067352,0.183198,0.017719,0.095624
14823,0.445935,0.069176,0.243821,0.033247,0.099691
14824,0.358891,0.067653,0.171429,0.017722,0.102087
14825,0.467775,0.068726,0.266156,0.01786,0.115033
14826,0.364699,0.066598,0.183108,0.021113,0.09388
14827,0.429733,0.034607,0.237462,0.024223,0.133441
14828,0.326301,0.025809,0.15862,0.018378,0.123494
14829,0.42602,0.028541,0.250506,0.018039,0.128934
14830,0.361655,0.067311,0.182854,0.018261,0.093229
14831,0.441964,0.066163,0.240284,0.033113,0.102404
14832,0.358126,0.069765,0.16046,0.01811,0.109791
14833,0.449335,0.065378,0.268044,0.017578,0.098335
14834,0.508066,0.093106,0.286809,0.017856,0.110295
14835,0.438645,0.071422,0.234564,0.017938,0.114721
14836,0.352496,0.069736,0.162695,0.019669,0.100396
14837,0.452899,0.068244,0.261325,0.020215,0.103115
14838,0.346582,0.02194,0.176005,0.032955,0.115682
14839,0.451738,0.047803,0.250315,0.017824,0.135796
14840,0.346896,0.068431,0.166928,0.01825,0.093287
14841,0.426191,0.02788,0.251675,0.020384,0.126252
14842,0.340689,0.020352,0.173922,0.017844,0.128571
14843,0.41536,0.029857,0.233916,0.018436,0.133151
14844,0.433184,0.024929,0.16076,0.017614,0.229881
14845,0.45986,0.047707,0.257492,0.031979,0.122682
14846,0.35994,0.067402,0.180756,0.01775,0.094032
14847,0.441614,0.069046,0.245862,0.032904,0.093802
14848,0.355424,0.039427,0.162,0.018087,0.13591
14849,0.461304,0.070066,0.260372,0.033137,0.097729
14850,0.379538,0.081935,0.182378,0.018445,0.09678
14851,0.402265,0.023419,0.235661,0.018611,0.124574
14852,0.314304,0.023795,0.1578,0.018334,0.114375
14853,0.409106,0.02866,0.251708,0.018684,0.110054
14854,0.460558,0.022625,0.175077,0.032446,0.23041
14855,0.451953,0.074411,0.24941,0.032579,0.095553
14856,0.344346,0.068723,0.167707,0.017887,0.090029
14857,0.472147,0.065326,0.255724,0.046415,0.104682
14858,0.376967,0.026834,0.176111,0.061142,0.11288
14859,0.449271,0.023858,0.241463,0.053643,0.130307
14860,0.332544,0.03364,0.163991,0.023222,0.111691
14861,0.505397,0.078089,0.251947,0.053907,0.121454
14862,0.346849,0.041831,0.175685,0.018829,0.110504
14863,0.488166,0.080447,0.235504,0.066825,0.10539
14864,0.392909,0.077232,0.165887,0.045926,0.103864
14865,0.520558,0.071061,0.258689,0.070555,0.120253
14866,0.457402,0.078645,0.220164,0.061633,0.09696
14867,0.586815,0.131052,0.295319,0.047809,0.112635
14868,0.336294,0.039531,0.161967,0.021698,0.113098
14869,0.528795,0.078885,0.304508,0.04576,0.099642
14870,0.458893,0.079889,0.221576,0.063837,0.093591
14871,0.512675,0.079107,0.285063,0.052682,0.095823
14872,0.357604,0.036052,0.169099,0.048947,0.103506
14873,0.483858,0.059623,0.256034,0.05106,0.117141
14874,0.365529,0.059828,0.188094,0.021637,0.09597
14875,0.534026,0.086095,0.284331,0.046605,0.116995
14876,0.389517,0.073614,0.166565,0.055062,0.094276
14877,0.509593,0.078376,0.260013,0.070656,0.100548
14878,0.419068,0.077889,0.192479,0.054033,0.094667
14879,0.536693,0.076456,0.282914,0.066533,0.11079
14880,0.43302,0.078198,0.209087,0.023206,0.122529
14881,0.448344,0.037932,0.255322,0.047238,0.107852
14882,0.416824,0.078702,0.172993,0.069458,0.095671
14883,0.535674,0.092434,0.242359,0.099509,0.101372
14884,0.380836,0.06908,0.161933,0.046564,0.103259
14885,0.49542,0.079409,0.258133,0.047069,0.110809
14886,0.413775,0.079372,0.185698,0.053019,0.095686
14887,0.414478,0.02562,0.237829,0.019577,0.131452
14888,0.437022,0.080736,0.199466,0.062426,0.094394
14889,0.483733,0.048451,0.30025,0.018812,0.11622
14890,0.406082,0.068813,0.219024,0.018669,0.099576
14891,0.473747,0.068731,0.290998,0.017827,0.096191
14892,0.406086,0.067353,0.215052,0.020491,0.10319
14893,0.41903,0.053283,0.255171,0.018847,0.091729
14894,0.371951,0.047623,0.18324,0.018581,0.122507
14895,0.395273,0.025721,0.236871,0.017695,0.114986
14896,0.353273,0.047236,0.170669,0.021427,0.113941
14897,0.461614,0.065588,0.263608,0.025697,0.106721
14898,0.380781,0.068458,0.184076,0.018308,0.109939
14899,0.392166,0.027126,0.238414,0.018088,0.108538
14900,0.330406,0.021707,0.158375,0.018532,0.131792
14901,0.480568,0.070263,0.26047,0.032835,0.117
14902,0.373398,0.068223,0.18624,0.017908,0.101027
14903,0.445893,0.066575,0.245348,0.032841,0.101129
14904,0.347748,0.067172,0.161744,0.017924,0.100908
14905,0.459571,0.071473,0.258485,0.032434,0.097179
14906,0.363488,0.069512,0.182827,0.018307,0.092842
14907,0.394426,0.024055,0.235649,0.018561,0.116161
14908,0.326079,0.026393,0.158228,0.018404,0.123054
14909,0.410491,0.027494,0.249827,0.018098,0.115072
14910,0.346386,0.022468,0.17432,0.03235,0.117248
14911,0.439181,0.049082,0.242617,0.032541,0.114941
14912,0.34876,0.067506,0.167175,0.017608,0.096471
14913,0.411249,0.022887,0.253638,0.018323,0.116401
14914,0.336416,0.020808,0.179687,0.01807,0.117851
14915,0.394856,0.021313,0.234653,0.019116,0.119774
14916,0.358247,0.028012,0.160519,0.01795,0.151766
14917,0.460895,0.068958,0.257596,0.03252,0.101821
14918,0.364327,0.067193,0.1793,0.017917,0.099917
14919,0.403555,0.025406,0.235031,0.020608,0.12251
14920,0.315756,0.022697,0.157819,0.018017,0.117223
14921,0.409564,0.024746,0.251031,0.021136,0.112651
14922,0.353324,0.023195,0.177544,0.030517,0.122068
14923,0.489658,0.04957,0.234809,0.018124,0.187155
14924,0.396075,0.069447,0.20965,0.017981,0.098997
14925,0.456652,0.067307,0.265295,0.017351,0.106699
14926,0.362486,0.067921,0.183504,0.018482,0.092579
14927,0.411766,0.033972,0.239242,0.021059,0.117493
14928,0.325614,0.021441,0.162708,0.017673,0.123792
14929,0.42558,0.030958,0.253557,0.018616,0.122449
14930,0.356576,0.021846,0.173858,0.03285,0.128022
14931,0.47209,0.068368,0.236468,0.0614,0.105854
14932,0.409773,0.079452,0.18149,0.054045,0.094786
14933,0.597062,0.067009,0.260204,0.062055,0.207794
14934,0.460676,0.076561,0.219866,0.044989,0.11926
14935,0.525477,0.079605,0.289915,0.032956,0.123001
14936,0.454351,0.066188,0.204695,0.049347,0.134121
14937,0.477094,0.076217,0.255065,0.05342,0.092392
14938,0.413214,0.027502,0.174238,0.091832,0.119642
14939,0.510051,0.075465,0.273612,0.047794,0.11318
14940,0.469669,0.082101,0.213443,0.0603,0.113825
14941,0.47721,0.08168,0.26786,0.020299,0.107371
14942,0.426597,0.086216,0.182564,0.05082,0.106997
14943,0.497475,0.067748,0.279694,0.046234,0.103799
14944,0.453002,0.075783,0.202937,0.068944,0.105338
14945,0.526082,0.07857,0.299604,0.047025,0.100883
14946,0.401078,0.057863,0.1796,0.046492,0.117123
14947,0.4814,0.078294,0.238988,0.06984,0.094278
14948,0.415618,0.024978,0.203831,0.045915,0.140894
14949,0.522513,0.072353,0.298959,0.051963,0.099238
14950,0.444398,0.078592,0.211614,0.062225,0.091967
14951,0.489615,0.077898,0.254943,0.045756,0.111018
14952,0.463679,0.068341,0.204764,0.062034,0.12854
14953,0.522713,0.047358,0.307643,0.025065,0.142647
14954,0.389337,0.030426,0.218542,0.019963,0.120406
14955,0.535271,0.087719,0.283317,0.045257,0.118978
14956,0.460905,0.080047,0.216631,0.049706,0.114521
14957,0.527334,0.079941,0.301287,0.052236,0.09387
14958,0.452628,0.073103,0.224664,0.065977,0.088884
14959,0.404609,0.029314,0.238957,0.017921,0.118417
14960,0.338656,0.027878,0.161191,0.018008,0.131579
14961,0.458688,0.022441,0.251793,0.053106,0.131348
14962,0.332966,0.027748,0.172916,0.019544,0.112758
14963,0.407823,0.02298,0.240409,0.018195,0.126239
14964,0.351982,0.068227,0.159598,0.017487,0.10667
14965,0.459242,0.069262,0.258675,0.035076,0.096229
14966,0.36954,0.069427,0.183469,0.017519,0.099125
14967,0.46244,0.050249,0.237696,0.038789,0.135706
14968,0.3569,0.051154,0.171491,0.018415,0.11584
14969,0.498378,0.068193,0.307873,0.017599,0.104713
14970,0.416222,0.070809,0.232942,0.017596,0.094875
14971,0.448698,0.077458,0.240404,0.017555,0.113281
14972,0.32816,0.024471,0.164758,0.017695,0.121236
14973,0.422539,0.028062,0.251698,0.018232,0.124547
14974,0.392242,0.025064,0.214487,0.018195,0.134496
14975,0.470188,0.066104,0.278835,0.017568,0.107681
14976,0.340833,0.06783,0.162142,0.020313,0.090548
14977,0.460311,0.069976,0.254603,0.034391,0.101341
14978,0.359749,0.067811,0.18188,0.017684,0.092374
14979,0.401583,0.023775,0.235693,0.018016,0.124099
14980,0.327978,0.024244,0.158337,0.017907,0.12749
14981,0.416508,0.030886,0.251518,0.01802,0.116084
14982,0.34983,0.021726,0.179038,0.032206,0.11686
14983,0.428946,0.070176,0.236756,0.017619,0.104395
14984,0.355839,0.068379,0.16278,0.017648,0.107032
14985,0.411051,0.024826,0.252371,0.017659,0.116195
14986,0.338324,0.024085,0.174125,0.017668,0.122446
14987,0.384045,0.02623,0.235187,0.017497,0.105131
14988,0.352105,0.030982,0.159191,0.018202,0.14373
14989,0.473202,0.068108,0.258504,0.017212,0.129378
14990,0.3677,0.067352,0.188842,0.017546,0.09396
14991,0.44275,0.068939,0.244422,0.032922,0.096467
14992,0.429898,0.070257,0.161153,0.018288,0.1802
14993,0.409397,0.023304,0.252784,0.017796,0.115513
14994,0.342145,0.022722,0.177482,0.017839,0.124102
14995,0.467004,0.08316,0.234553,0.0362,0.113091
14996,0.326724,0.024551,0.159102,0.017738,0.125333
14997,0.463464,0.068457,0.259568,0.016935,0.118504
14998,0.3558,0.070025,0.174924,0.017331,0.09352
14999,0.438598,0.067292,0.256746,0.017477,0.097083
15000,0.335515,0.026162,0.160167,0.017681,0.131505
15001,0.413962,0.026523,0.250533,0.017336,0.11957
15002,0.491819,0.074685,0.181559,0.019065,0.21651
15003,0.449447,0.066977,0.247777,0.032602,0.102091
15004,0.341068,0.06627,0.162713,0.01729,0.094795
15005,0.455221,0.068367,0.255286,0.016579,0.114989
15006,0.352567,0.066314,0.174816,0.016481,0.094956
15007,0.451775,0.026511,0.244526,0.047131,0.133607
15008,0.315171,0.024274,0.162007,0.017832,0.111058
15009,0.49224,0.040489,0.263118,0.061033,0.1276
15010,0.411433,0.081211,0.18477,0.052392,0.09306
15011,0.468662,0.076471,0.235193,0.051656,0.105342
15012,0.456195,0.068313,0.228286,0.066931,0.092665
15013,0.532176,0.077366,0.301878,0.046027,0.106905
15014,0.459628,0.078575,0.224367,0.062371,0.094315
15015,0.513798,0.068152,0.294951,0.018415,0.13228
15016,0.447891,0.080035,0.208683,0.046288,0.112885
15017,0.529551,0.082094,0.303007,0.046374,0.098076
15018,0.421702,0.081996,0.182938,0.053309,0.103459
15019,0.547562,0.124012,0.241847,0.054533,0.12717
15020,0.393148,0.076795,0.161821,0.053385,0.101147
15021,0.470319,0.078974,0.279012,0.019015,0.093318
15022,0.411149,0.070961,0.179501,0.06435,0.096337
15023,0.498555,0.080877,0.255898,0.061043,0.100737
15024,0.440784,0.073146,0.201858,0.053337,0.112443
15025,0.520455,0.058249,0.298469,0.052803,0.110934
15026,0.458912,0.078201,0.224624,0.045449,0.110638
15027,0.415451,0.026555,0.238085,0.01834,0.132471
15028,0.315987,0.034081,0.160426,0.017226,0.104254
15029,0.539995,0.079761,0.30953,0.045683,0.105021
15030,0.4059,0.079847,0.183032,0.052855,0.090166
15031,0.474119,0.077964,0.242441,0.061448,0.092266
15032,0.440024,0.067467,0.213514,0.061402,0.097641
15033,0.537902,0.078938,0.296098,0.065679,0.097187
15034,0.435104,0.0394,0.179269,0.084317,0.132118
15035,0.522955,0.079042,0.298632,0.047973,0.097308
15036,0.40142,0.073967,0.203934,0.022581,0.100938
15037,0.474397,0.065852,0.293471,0.023261,0.091813
15038,0.406619,0.068206,0.218394,0.017779,0.10224
15039,0.441737,0.067277,0.249846,0.03245,0.092164
15040,0.358724,0.069904,0.16723,0.017342,0.104248
15041,0.426678,0.027357,0.264071,0.018156,0.117094
15042,0.365211,0.070386,0.177155,0.019676,0.097994
15043,0.439247,0.069494,0.242031,0.016547,0.111175
15044,0.36076,0.069829,0.172037,0.016484,0.10241
15045,0.411118,0.02626,0.253336,0.017186,0.114336
15046,0.33845,0.032329,0.173308,0.018198,0.114615
15047,0.415517,0.020155,0.235171,0.041393,0.118798
15048,0.336218,0.022116,0.165491,0.016651,0.13196
15049,0.466338,0.051376,0.262634,0.016395,0.135933
15050,0.363534,0.069302,0.184426,0.016417,0.093389
15051,0.405578,0.025284,0.239562,0.01689,0.123842
15052,0.32068,0.022068,0.161826,0.017311,0.119475
15053,0.43275,0.032826,0.25088,0.017055,0.131989
15054,0.337026,0.027536,0.173019,0.016824,0.119647
15055,0.388368,0.0214,0.234727,0.016601,0.11564
15056,0.352184,0.048045,0.168796,0.016669,0.118674
15057,0.461144,0.069591,0.260532,0.016143,0.114878
15058,0.371093,0.067892,0.183106,0.01902,0.101075
15059,0.431882,0.069279,0.247516,0.017004,0.098083
15060,0.319262,0.027677,0.159831,0.017392,0.114362
15061,0.434402,0.02964,0.261215,0.016482,0.127065
15062,0.410086,0.066564,0.189563,0.016567,0.137392
15063,0.449155,0.068851,0.249749,0.034526,0.096029
15064,0.35676,0.070104,0.171075,0.016079,0.099502
15065,0.448009,0.06823,0.257818,0.017183,0.104778
15066,0.350073,0.027095,0.176793,0.016876,0.129309
15067,0.401469,0.028744,0.235078,0.016607,0.12104
15068,0.3488,0.025329,0.163111,0.032621,0.127739
15069,0.413396,0.035785,0.252343,0.018492,0.106776
15070,0.373089,0.068563,0.186038,0.020008,0.09848
15071,0.509947,0.068812,0.237104,0.016211,0.18782
15072,0.347153,0.070058,0.168626,0.016557,0.091912
15073,0.473817,0.069511,0.27099,0.031112,0.102204
15074,0.355588,0.068615,0.177167,0.016817,0.092989
15075,0.420646,0.071123,0.235341,0.018909,0.095273
15076,0.328527,0.025915,0.158773,0.018498,0.125341
15077,0.421319,0.023236,0.251015,0.016698,0.13037
15078,0.352197,0.032234,0.173098,0.016738,0.130127
15079,0.443397,0.068749,0.240083,0.03413,0.100435
15080,0.364898,0.068347,0.166924,0.019207,0.11042
15081,0.530575,0.025373,0.268055,0.017126,0.220021
15082,0.333328,0.020908,0.173671,0.020278,0.118471
15083,0.444113,0.029906,0.236071,0.051092,0.127044
15084,0.311814,0.021492,0.157491,0.016889,0.115942
15085,0.492011,0.057497,0.26124,0.045429,0.127845
15086,0.406082,0.082033,0.185465,0.045606,0.092978
15087,0.477933,0.068512,0.283157,0.016701,0.109563
15088,0.405537,0.070073,0.224798,0.016699,0.093967
15089,0.464414,0.08132,0.267818,0.018802,0.096474
15090,0.417299,0.077869,0.181963,0.046021,0.111446
15091,0.4594,0.071947,0.236713,0.046248,0.104492
15092,0.398664,0.080347,0.167846,0.046444,0.104027
15093,0.463416,0.070457,0.267053,0.031453,0.094453
15094,0.355245,0.069684,0.175658,0.016517,0.093386
15095,0.486866,0.081003,0.242629,0.060301,0.102933
15096,0.345385,0.068037,0.159135,0.017519,0.100694
15097,0.513565,0.058113,0.297103,0.044905,0.113444
15098,0.446503,0.081516,0.224635,0.046114,0.094238
15099,0.485102,0.023943,0.277621,0.045139,0.138399
15100,0.348427,0.048439,0.169903,0.016943,0.113142
15101,0.478226,0.069022,0.272636,0.016122,0.120446
15102,0.44286,0.078051,0.249875,0.018719,0.096215
15103,0.51476,0.027466,0.302953,0.047163,0.137178
15104,0.40486,0.070732,0.16561,0.045137,0.123381
15105,0.551558,0.081904,0.324777,0.045846,0.099031
15106,0.40428,0.068476,0.220262,0.016477,0.099065
15107,0.468188,0.068589,0.282544,0.016442,0.100613
15108,0.432176,0.079509,0.210671,0.045113,0.096883
15109,0.476979,0.025109,0.256227,0.080171,0.115472
15110,0.361817,0.069528,0.183113,0.016492,0.092684
15111,0.491011,0.068165,0.278706,0.045109,0.099031
15112,0.358656,0.068743,0.172629,0.017383,0.099901
15113,0.477549,0.069053,0.296745,0.01679,0.094961
15114,0.402907,0.068464,0.224199,0.01658,0.093664
15115,0.469126,0.069515,0.287041,0.016922,0.095648
15116,0.380518,0.06767,0.203379,0.016839,0.09263
15117,0.468946,0.071921,0.260707,0.017014,0.119304
15118,0.362073,0.069257,0.18146,0.016667,0.094689
15119,0.406977,0.02532,0.242125,0.01748,0.122052
15120,0.3307,0.032229,0.159011,0.016614,0.122846
15121,0.410138,0.023624,0.253224,0.016756,0.116534
15122,0.346307,0.024609,0.174575,0.017464,0.129659
15123,0.445976,0.047657,0.243256,0.03522,0.119843
15124,0.356947,0.070629,0.178163,0.016183,0.091972
15125,0.458618,0.068572,0.265409,0.018003,0.106634
15126,0.360993,0.068697,0.181729,0.01818,0.092387
15127,0.409459,0.026549,0.235948,0.016771,0.130191
15128,0.338814,0.03381,0.15954,0.025047,0.120417
15129,0.42495,0.02532,0.253577,0.017535,0.128518
15130,0.365791,0.042571,0.173896,0.01714,0.132184
15131,0.444466,0.06946,0.248997,0.031361,0.094648
15132,0.353682,0.069303,0.169235,0.016469,0.098675
15133,0.460744,0.06938,0.258685,0.031206,0.101473
15134,0.361493,0.068035,0.184165,0.016568,0.092725
15135,0.403935,0.024791,0.237286,0.016956,0.124902
15136,0.328631,0.021157,0.173952,0.016771,0.116751
15137,0.408595,0.040037,0.251592,0.019218,0.097748
15138,0.356738,0.024392,0.174892,0.030897,0.126557
15139,0.443,0.050536,0.24107,0.016631,0.134763
15140,0.364214,0.06884,0.18042,0.016502,0.098452
15141,0.443398,0.07012,0.263381,0.01674,0.093157
15142,0.349609,0.025411,0.174567,0.017068,0.132563
15143,0.415137,0.028593,0.235231,0.016791,0.134522
15144,0.315218,0.02476,0.15767,0.016533,0.116255
15145,0.4542,0.051819,0.25631,0.030995,0.115076
15146,0.363777,0.070356,0.181643,0.016971,0.094807
15147,0.400393,0.029157,0.236689,0.01687,0.117677
15148,0.324715,0.031422,0.158918,0.016818,0.117557
15149,0.407028,0.020973,0.251054,0.017393,0.117608
15150,0.427798,0.025298,0.175733,0.016444,0.210323
15151,0.403905,0.044224,0.23805,0.016463,0.105168
15152,0.362166,0.068549,0.168992,0.016292,0.108333
15153,0.446978,0.068436,0.25296,0.021537,0.104045
15154,0.37252,0.07009,0.181625,0.017421,0.103384
15155,0.504771,0.080068,0.242222,0.085091,0.09739
15156,0.349495,0.070742,0.169147,0.01636,0.093246
15157,0.54382,0.076338,0.301882,0.046538,0.119062
15158,0.394148,0.027598,0.178203,0.079793,0.108554
15159,0.485872,0.081512,0.246522,0.061104,0.096734
15160,0.495137,0.07682,0.159066,0.052353,0.206898
15161,0.57376,0.078394,0.304916,0.059836,0.130614
15162,0.41873,0.070831,0.217743,0.03193,0.098226
15163,0.510593,0.079431,0.286714,0.045932,0.098516
15164,0.407938,0.027694,0.200867,0.060475,0.118902
15165,0.539802,0.078858,0.30307,0.052172,0.105702
15166,0.457645,0.082125,0.224588,0.059984,0.090948
15167,0.520633,0.081318,0.280617,0.044854,0.113844
15168,0.348072,0.06986,0.169648,0.016696,0.091868
15169,0.53312,0.080346,0.264113,0.083477,0.105184
15170,0.526899,0.08926,0.17976,0.019079,0.2388
15171,0.484604,0.078706,0.243895,0.061234,0.100769
15172,0.420836,0.081308,0.174638,0.047848,0.117042
15173,0.417898,0.051728,0.252633,0.016836,0.096701
15174,0.338464,0.029082,0.177111,0.017313,0.114958
15175,0.499508,0.078391,0.24967,0.060231,0.111216
15176,0.361813,0.069531,0.16748,0.017388,0.107414
15177,0.455693,0.028208,0.266166,0.04533,0.115989
15178,0.404312,0.060177,0.183906,0.04616,0.114069
15179,0.486191,0.081721,0.243878,0.059967,0.100625
15180,0.465023,0.06774,0.17065,0.019693,0.20694
15181,0.486473,0.06907,0.301204,0.016699,0.0995
15182,0.400531,0.079476,0.180767,0.04536,0.094928
15183,0.486981,0.097873,0.238031,0.050421,0.100656
15184,0.404673,0.070059,0.218936,0.016814,0.098864
15185,0.478317,0.06941,0.298309,0.016964,0.093634
15186,0.39212,0.026094,0.218951,0.017411,0.129664
15187,0.441874,0.047605,0.241788,0.032574,0.119907
15188,0.345295,0.070448,0.159584,0.017445,0.097818
15189,0.444455,0.071067,0.254782,0.020255,0.098351
15190,0.376335,0.028107,0.177456,0.01652,0.154252
15191,0.435449,0.047412,0.242935,0.016759,0.128343
15192,0.342586,0.067386,0.163991,0.017194,0.094015
15193,0.44085,0.069862,0.264594,0.016928,0.089466
15194,0.343847,0.02586,0.174019,0.018009,0.125959
15195,0.41911,0.069451,0.238356,0.016475,0.094828
15196,0.313539,0.025627,0.159557,0.016441,0.111914
15197,0.418516,0.025377,0.259164,0.016398,0.117577
15198,0.379798,0.068494,0.181242,0.0223,0.107762
15199,0.448304,0.069837,0.24238,0.031725,0.104362
15200,0.348398,0.051637,0.165329,0.016596,0.114836
15201,0.456153,0.065592,0.261332,0.016156,0.113073
15202,0.364033,0.069001,0.187398,0.016376,0.091258
15203,0.422756,0.067767,0.248487,0.016616,0.089886
15204,0.316033,0.028077,0.162079,0.01693,0.108947
15205,0.419391,0.02231,0.252493,0.017331,0.127257
15206,0.357433,0.027834,0.1743,0.016078,0.139221
15207,0.450045,0.047869,0.249373,0.031612,0.121191
15208,0.362338,0.069012,0.179436,0.016338,0.097552
15209,0.427705,0.025382,0.252078,0.016744,0.133501
15210,0.355624,0.033562,0.174659,0.018975,0.128428
15211,0.420431,0.027683,0.237377,0.018604,0.136767
15212,0.323602,0.031044,0.158893,0.016644,0.117021
15213,0.455301,0.068259,0.264665,0.016554,0.105823
15214,0.360757,0.068563,0.185939,0.016577,0.089678
15215,0.402458,0.025106,0.235768,0.018096,0.123488
15216,0.336733,0.030352,0.168543,0.017079,0.120759
15217,0.409242,0.027949,0.250911,0.016852,0.11353
15218,0.360628,0.024562,0.17587,0.031618,0.128578
15219,0.442113,0.085882,0.245103,0.01687,0.094258
15220,0.338482,0.026653,0.16026,0.017594,0.133975
15221,0.461247,0.032869,0.291604,0.017236,0.119538
15222,0.378591,0.022315,0.215285,0.01948,0.121511
15223,0.486415,0.045318,0.285339,0.024617,0.131141
15224,0.410917,0.068277,0.218921,0.016914,0.106805
15225,0.484665,0.03959,0.297267,0.016246,0.131562
15226,0.405833,0.048583,0.224566,0.016533,0.116151
15227,0.457396,0.068925,0.245001,0.034936,0.108534
15228,0.376997,0.067522,0.1662,0.045676,0.097599
15229,0.505339,0.081995,0.261778,0.054359,0.107207
15230,0.4049,0.079155,0.17884,0.046598,0.100307
15231,0.473774,0.068564,0.281787,0.01722,0.106203
15232,0.433051,0.079642,0.201423,0.054261,0.097725
15233,0.451853,0.025764,0.257718,0.046752,0.121619
15234,0.404732,0.079021,0.187365,0.045675,0.092671
15235,0.468353,0.076739,0.241095,0.060078,0.090441
15236,0.350445,0.070067,0.164922,0.016634,0.098822
15237,0.493198,0.078996,0.257582,0.061577,0.095043
15238,0.391522,0.071605,0.195,0.017469,0.107448
15239,0.513786,0.078681,0.284759,0.045187,0.105159
15240,0.404285,0.027948,0.204449,0.045819,0.126069
15241,0.517371,0.033282,0.29704,0.044561,0.142488
15242,0.444244,0.071031,0.241665,0.033367,0.098181
15243,0.475126,0.070424,0.27508,0.015955,0.113667
15244,0.365297,0.067986,0.182665,0.017362,0.097284
15245,0.503433,0.080723,0.257823,0.045434,0.119453
15246,0.405331,0.079468,0.18322,0.046421,0.096222
15247,0.495877,0.079609,0.23963,0.08711,0.089528
15248,0.402508,0.082255,0.16896,0.052669,0.098624
15249,0.431017,0.056283,0.267459,0.016686,0.090589
15250,0.406826,0.060062,0.185188,0.048057,0.113519
15251,0.45807,0.058682,0.246781,0.017269,0.135338
15252,0.444798,0.080765,0.211367,0.047253,0.105413
15253,0.546716,0.078042,0.325534,0.053331,0.089809
15254,0.442277,0.023742,0.223094,0.059413,0.136028
15255,0.514523,0.100385,0.242089,0.06075,0.111299
15256,0.382952,0.079036,0.166467,0.045409,0.09204
15257,0.513711,0.069406,0.309,0.017897,0.117408
15258,0.432838,0.068627,0.235491,0.016582,0.112138
15259,0.445089,0.068789,0.243497,0.03253,0.100273
15260,0.355489,0.073985,0.164525,0.017179,0.0998
15261,0.427435,0.027684,0.254737,0.020271,0.124743
15262,0.341947,0.030597,0.173389,0.016919,0.121042
15263,0.409255,0.022918,0.236342,0.016848,0.133147
15264,0.358282,0.031197,0.180113,0.017177,0.129795
15265,0.46716,0.069067,0.270919,0.031406,0.095768
15266,0.355771,0.06924,0.174876,0.016756,0.094899
15267,0.439569,0.067588,0.24152,0.0178,0.112661
15268,0.348709,0.068301,0.1659,0.024311,0.090197
15269,0.521733,0.024945,0.25314,0.018178,0.22547
15270,0.344069,0.026011,0.174342,0.019914,0.123802
15271,0.395464,0.026544,0.236682,0.017522,0.114716
15272,0.350082,0.069511,0.170497,0.01669,0.093384
15273,0.459771,0.069055,0.255006,0.031198,0.104512
15274,0.362056,0.069423,0.176254,0.016647,0.099732
15275,0.444762,0.081201,0.240565,0.016584,0.106412
15276,0.33586,0.025635,0.158379,0.018413,0.133433
15277,0.408087,0.030031,0.251653,0.017,0.109403
15278,0.328129,0.021022,0.174548,0.016891,0.115668
15279,0.451133,0.049539,0.247715,0.016648,0.137231
15280,0.350366,0.070084,0.167736,0.016309,0.096237
15281,0.455133,0.068655,0.261555,0.030953,0.09397
15282,0.381013,0.069588,0.177667,0.016485,0.117273
15283,0.392873,0.024358,0.237309,0.01894,0.112266
15284,0.312821,0.02285,0.158178,0.016674,0.115119
15285,0.41904,0.03162,0.257366,0.016951,0.113103
15286,0.365196,0.069215,0.183083,0.016768,0.09613
15287,0.445044,0.068288,0.245964,0.031972,0.09882
15288,0.354469,0.069758,0.171001,0.017176,0.096534
15289,0.444145,0.068799,0.261464,0.016741,0.097141
15290,0.3296,0.028147,0.176798,0.016468,0.108187
15291,0.405525,0.025578,0.238269,0.018177,0.123501
15292,0.329462,0.025449,0.172229,0.017259,0.114525
15293,0.46693,0.05913,0.249786,0.021524,0.13649
15294,0.362317,0.070093,0.180035,0.016395,0.095794
15295,0.442344,0.069909,0.247875,0.031761,0.092799
15296,0.342362,0.069004,0.167368,0.01663,0.08936
15297,0.433931,0.068523,0.253423,0.016716,0.095269
15298,0.341635,0.025104,0.175916,0.019424,0.121191
15299,0.41052,0.028157,0.237927,0.016924,0.127512
15300,0.358613,0.048739,0.1643,0.016512,0.129062
15301,0.449423,0.068592,0.258456,0.031333,0.091042
15302,0.366398,0.068727,0.182271,0.017385,0.098015
15303,0.476604,0.080926,0.255332,0.045553,0.094793
15304,0.329024,0.024394,0.159844,0.019698,0.125088
15305,0.441291,0.047501,0.265159,0.019188,0.109443
15306,0.351524,0.025315,0.186558,0.017109,0.122542
15307,0.427216,0.023604,0.239423,0.04476,0.119429
15308,0.387462,0.058769,0.160488,0.045135,0.12307
15309,0.498295,0.068341,0.265882,0.045315,0.118757
15310,0.408518,0.079862,0.182779,0.046476,0.099401
15311,0.452672,0.076443,0.24611,0.016566,0.113553
15312,0.389029,0.078905,0.171023,0.046273,0.092828
15313,0.510833,0.050823,0.27272,0.046452,0.140838
15314,0.457783,0.077383,0.226247,0.061781,0.092372
15315,0.528748,0.078685,0.286691,0.053932,0.10944
15316,0.40903,0.024566,0.201625,0.045136,0.137703
15317,0.487379,0.049387,0.297958,0.016428,0.123606
15318,0.379993,0.069044,0.182162,0.016428,0.112359
15319,0.46836,0.06778,0.244872,0.022733,0.132975
15320,0.393767,0.081278,0.172005,0.046499,0.093985
15321,0.495513,0.080383,0.258033,0.060691,0.096406
15322,0.402433,0.078019,0.188941,0.045831,0.089642
15323,0.471271,0.0788,0.241226,0.062397,0.088848
15324,0.352249,0.067638,0.16948,0.016676,0.098455
15325,0.488423,0.026009,0.292809,0.047323,0.122282
15326,0.394104,0.040906,0.176414,0.063038,0.113746
15327,0.46283,0.024049,0.278054,0.046983,0.113744
15328,0.421338,0.027996,0.201913,0.046059,0.14537
15329,0.540913,0.081856,0.299516,0.061769,0.097772
15330,0.374513,0.067607,0.182373,0.016885,0.107648
15331,0.494301,0.067311,0.307847,0.018095,0.101048
15332,0.412489,0.080548,0.169526,0.053722,0.108693
15333,0.484246,0.028942,0.297975,0.047046,0.110283
15334,0.397944,0.047932,0.218556,0.017032,0.114424
15335,0.515581,0.078613,0.284132,0.030843,0.121993
15336,0.419405,0.07985,0.205697,0.01753,0.116328
15337,0.500344,0.069855,0.306566,0.019372,0.104551
15338,0.36962,0.066308,0.182164,0.022695,0.098453
15339,0.467266,0.088008,0.245922,0.037599,0.095737
15340,0.347002,0.068169,0.166996,0.017279,0.094558
15341,0.444366,0.072992,0.25738,0.017664,0.09633
15342,0.338348,0.037528,0.177011,0.017095,0.106714
15343,0.386589,0.03102,0.235891,0.017188,0.10249
15344,0.33776,0.02557,0.158744,0.016928,0.136518
15345,0.450627,0.049366,0.260654,0.031868,0.108739
15346,0.40116,0.0783,0.200568,0.017652,0.10464
15347,0.417049,0.034235,0.237495,0.017273,0.128046
15348,0.383162,0.021542,0.169722,0.017175,0.174723
15349,0.411671,0.025093,0.252298,0.0183,0.11598
15350,0.349642,0.027902,0.173689,0.030139,0.117912
15351,0.433597,0.047894,0.244216,0.031862,0.109625
15352,0.347414,0.069732,0.163512,0.01714,0.09703
15353,0.420882,0.052137,0.252703,0.016861,0.099181
15354,0.359058,0.049614,0.179919,0.01633,0.113195
15355,0.412004,0.025585,0.235943,0.016524,0.133952
15356,0.32651,0.033115,0.163289,0.016635,0.113471
15357,0.427589,0.025183,0.249381,0.01875,0.134275
15358,0.450898,0.049581,0.18175,0.01656,0.203007
15359,0.448131,0.070242,0.248488,0.031301,0.0981
15360,0.364507,0.068258,0.1785,0.016394,0.101355
15361,0.412844,0.033147,0.252697,0.018685,0.108315
15362,0.363962,0.06893,0.183697,0.016482,0.094853
15363,0.451858,0.069575,0.253159,0.017139,0.111985
15364,0.342513,0.067307,0.166377,0.017747,0.091082
15365,0.441287,0.069291,0.255706,0.016479,0.099811
15366,0.343789,0.025456,0.174743,0.018699,0.124891
15367,0.438934,0.069206,0.244793,0.016886,0.108049
15368,0.451211,0.067806,0.171527,0.018246,0.193632
15369,0.408647,0.022088,0.252333,0.016947,0.117279
15370,0.339697,0.021922,0.174501,0.016863,0.126411
15371,0.408027,0.025001,0.238413,0.016607,0.128006
15372,0.351691,0.048996,0.174262,0.016787,0.111646
15373,0.458095,0.067151,0.262124,0.016613,0.112207
15374,0.390734,0.069422,0.182389,0.017036,0.121887
15375,0.413588,0.027248,0.246365,0.016447,0.123528
15376,0.361253,0.049657,0.16665,0.016401,0.128545
15377,0.453981,0.067609,0.259905,0.01741,0.109057
15378,0.370737,0.071709,0.181656,0.017203,0.100169
15379,0.473743,0.080358,0.237951,0.059326,0.096108
15380,0.353898,0.069161,0.167716,0.016537,0.100484
15381,0.451384,0.080845,0.261448,0.018324,0.090767
15382,0.401233,0.079701,0.182936,0.045159,0.093437
15383,0.467207,0.079538,0.251107,0.044833,0.091729
15384,0.377746,0.027,0.163131,0.069471,0.118144
15385,0.439793,0.030491,0.251462,0.045478,0.112362
15386,0.371886,0.067979,0.183998,0.017093,0.102816
15387,0.437104,0.07061,0.24193,0.031506,0.093058
15388,0.360708,0.047447,0.175391,0.018873,0.118997
15389,0.498998,0.078896,0.262288,0.047783,0.110031
15390,0.399751,0.080048,0.183914,0.045285,0.090504
15391,0.483371,0.079274,0.245237,0.053382,0.105478
15392,0.332715,0.029037,0.161396,0.020489,0.121793
15393,0.446662,0.028082,0.292649,0.016721,0.10921
15394,0.382,0.02392,0.175227,0.046911,0.135942
15395,0.478017,0.024855,0.256371,0.086581,0.11021
15396,0.42478,0.079295,0.208105,0.045228,0.092152
15397,0.530391,0.078697,0.297797,0.05269,0.101207
15398,0.401964,0.068223,0.191825,0.04569,0.096226
15399,0.442485,0.070016,0.246606,0.016582,0.109281
15400,0.39141,0.068811,0.205269,0.016274,0.101056
15401,0.495659,0.080783,0.301489,0.019192,0.094195
15402,0.471817,0.07937,0.223302,0.0642,0.104945
15403,0.465948,0.077901,0.247817,0.046121,0.094109
15404,0.37878,0.028393,0.165499,0.060652,0.124236
15405,0.459449,0.032745,0.253919,0.04561,0.127175
15406,0.367515,0.054084,0.174593,0.016774,0.122064
15407,0.47416,0.057187,0.242824,0.059646,0.114503
15408,0.415791,0.062392,0.160378,0.076144,0.116877
15409,0.519775,0.061042,0.271226,0.065855,0.121652
15410,0.429671,0.067605,0.223488,0.017349,0.121229
15411,0.507573,0.083242,0.277451,0.0448,0.10208
15412,0.348562,0.068391,0.161087,0.017373,0.101711
15413,0.480537,0.069342,0.299576,0.016736,0.094883
15414,0.405974,0.02984,0.215653,0.028266,0.132215
15415,0.445768,0.032983,0.277769,0.017706,0.11731
15416,0.397613,0.06997,0.208572,0.018614,0.100457
15417,0.465296,0.067166,0.267781,0.019142,0.111207
15418,0.370504,0.068497,0.180845,0.01844,0.102722
15419,0.431789,0.067744,0.254915,0.016434,0.092696
15420,0.310762,0.028239,0.162435,0.016728,0.10336
15421,0.431754,0.021327,0.257242,0.017033,0.136152
15422,0.346412,0.027139,0.176227,0.031819,0.111227
15423,0.453564,0.069414,0.245013,0.031794,0.107343
15424,0.343772,0.069169,0.16676,0.016407,0.091436
15425,0.420442,0.023705,0.253165,0.016727,0.126845
15426,0.326051,0.021959,0.174284,0.016355,0.113453
15427,0.432771,0.020831,0.235469,0.01706,0.159411
15428,0.34616,0.032384,0.158791,0.016552,0.138433
15429,0.492502,0.099932,0.261895,0.017673,0.113002
15430,0.366026,0.067654,0.184117,0.01644,0.097815
15431,0.447798,0.069093,0.244589,0.01706,0.117056
15432,0.350235,0.068022,0.166354,0.016288,0.099571
15433,0.434332,0.069539,0.252957,0.01697,0.094866
15434,0.343414,0.023986,0.176768,0.018613,0.124047
15435,0.40555,0.0215,0.238687,0.017127,0.128236
15436,0.327685,0.020752,0.160224,0.016663,0.130046
15437,0.538333,0.048238,0.258582,0.017269,0.214244
15438,0.362715,0.067663,0.184205,0.016371,0.094476
15439,0.448211,0.069106,0.248131,0.031304,0.09967
15440,0.354847,0.068773,0.177144,0.016194,0.092736
15441,0.46144,0.068546,0.259949,0.015689,0.117256
15442,0.359678,0.06951,0.178902,0.016624,0.094642
15443,0.420744,0.025641,0.238823,0.020598,0.135682
15444,0.326407,0.025442,0.158948,0.017717,0.1243
15445,0.430197,0.030653,0.25324,0.017469,0.128835
15446,0.355424,0.022364,0.172944,0.030919,0.129197
15447,0.446853,0.046827,0.245389,0.032701,0.121936
15448,0.365299,0.069321,0.178533,0.017343,0.100102
15449,0.489193,0.068603,0.296236,0.017523,0.106831
15450,0.369152,0.047777,0.177562,0.019281,0.124532
15451,0.478331,0.068255,0.282858,0.017247,0.109971
15452,0.384072,0.069045,0.203752,0.017574,0.093701
15453,0.482471,0.069861,0.295268,0.017012,0.10033
15454,0.411287,0.068061,0.221345,0.02512,0.096761
15455,0.441991,0.068783,0.239228,0.016968,0.117012
15456,0.344633,0.069078,0.168608,0.01662,0.090327
15457,0.448929,0.026391,0.253647,0.045567,0.123324
15458,0.414538,0.059306,0.192088,0.04499,0.118154
15459,0.474758,0.07776,0.243099,0.061901,0.091998
15460,0.431315,0.082608,0.206281,0.046366,0.09606
15461,0.459146,0.023337,0.292685,0.016895,0.126229
15462,0.400941,0.069743,0.222424,0.016687,0.092087
15463,0.465581,0.068309,0.287808,0.017034,0.09243
15464,0.453935,0.069428,0.221667,0.062073,0.100767
15465,0.500235,0.081574,0.258512,0.046001,0.114148
15466,0.40331,0.078709,0.180426,0.045655,0.09852
15467,0.446651,0.05322,0.237844,0.046171,0.109416
15468,0.437124,0.057872,0.222184,0.046168,0.1109
15469,0.459389,0.026125,0.29287,0.016945,0.123449
15470,0.428389,0.041212,0.22674,0.059602,0.100835
15471,0.510543,0.081773,0.284044,0.044726,0.1
15472,0.433426,0.078633,0.204742,0.045536,0.104515
15473,0.556857,0.080102,0.335303,0.046976,0.094476
15474,0.446127,0.078652,0.210224,0.045623,0.111628
15475,0.485146,0.081476,0.243443,0.061698,0.098529
15476,0.33145,0.039503,0.171348,0.017605,0.102994
15477,0.554484,0.070696,0.33265,0.045416,0.105722
15478,0.464042,0.077095,0.23079,0.061625,0.094532
15479,0.512614,0.08136,0.291628,0.049991,0.089635
15480,0.445409,0.081482,0.207892,0.045009,0.111026
15481,0.523063,0.079168,0.297319,0.045623,0.100953
15482,0.393393,0.089849,0.188565,0.020376,0.094603
15483,0.489767,0.081968,0.239857,0.0604,0.107542
15484,0.384987,0.081825,0.168486,0.045199,0.089477
15485,0.491906,0.080335,0.262619,0.059622,0.08933
15486,0.458113,0.078703,0.221558,0.061791,0.096061
15487,0.491553,0.070525,0.289792,0.017745,0.113491
15488,0.402006,0.069294,0.211063,0.018034,0.103615
15489,0.466769,0.025694,0.297664,0.017678,0.125733
15490,0.413468,0.070236,0.22135,0.019864,0.102018
15491,0.481335,0.068126,0.287277,0.017698,0.108234
15492,0.352362,0.070062,0.167675,0.018669,0.095956
15493,0.461926,0.069509,0.259691,0.034143,0.098583
15494,0.369767,0.06757,0.187147,0.01814,0.09691
15495,0.42567,0.068736,0.247444,0.017773,0.091717
15496,0.354958,0.068566,0.172862,0.017374,0.096156
15497,0.418525,0.025697,0.252955,0.017719,0.122154
15498,0.351294,0.032973,0.173269,0.017356,0.127696
15499,0.443873,0.069822,0.242621,0.017496,0.113934
15500,0.354941,0.067394,0.172566,0.018084,0.096897
15501,0.472552,0.069768,0.259021,0.018026,0.125737
15502,0.366415,0.067387,0.175793,0.01941,0.103825
15503,0.435339,0.070876,0.2475,0.017497,0.099466
15504,0.31644,0.024029,0.160945,0.017533,0.113933
15505,0.422887,0.023296,0.257922,0.017268,0.124401
15506,0.3622,0.068378,0.181225,0.017605,0.094992
15507,0.435745,0.070945,0.24309,0.017745,0.103965
15508,0.344309,0.067569,0.163645,0.017518,0.095577
15509,0.467628,0.0709,0.26059,0.018757,0.117381
15510,0.350245,0.028445,0.175047,0.01742,0.129333
15511,0.388378,0.021915,0.235447,0.018038,0.112978
15512,0.337962,0.024527,0.159493,0.017581,0.136361
15513,0.456346,0.047154,0.263316,0.032178,0.113698
15514,0.357786,0.069981,0.180794,0.017585,0.089426
15515,0.389095,0.023771,0.235518,0.018121,0.111685
15516,0.378935,0.021484,0.211738,0.017874,0.127839
15517,0.409571,0.03127,0.254479,0.017592,0.10623
15518,0.325467,0.030009,0.173702,0.0176,0.104156
15519,0.443962,0.067235,0.241604,0.032616,0.102507
15520,0.345908,0.069971,0.165791,0.017754,0.092392
15521,0.420722,0.023539,0.25314,0.017776,0.126267
15522,0.337294,0.028791,0.174644,0.017888,0.115971
15523,0.413134,0.030589,0.235878,0.01859,0.128077
15524,0.328698,0.027099,0.158369,0.02441,0.11882
15525,0.457199,0.046931,0.257782,0.032172,0.120314
15526,0.428687,0.070929,0.175383,0.031991,0.150384
15527,0.427823,0.068305,0.246073,0.017441,0.096004
15528,0.330033,0.023865,0.159358,0.02006,0.12675
15529,0.446999,0.069796,0.260569,0.019489,0.097145
15530,0.388924,0.025607,0.177826,0.045231,0.14026
15531,0.398349,0.033551,0.234854,0.017125,0.112819
15532,0.387606,0.081041,0.166198,0.046632,0.093735
15533,0.494751,0.079599,0.255991,0.061908,0.097253
15534,0.399635,0.078483,0.179264,0.045492,0.096396
15535,0.479773,0.079104,0.237359,0.062384,0.100926
15536,0.395058,0.067619,0.175855,0.04546,0.106124
15537,0.490011,0.079024,0.260916,0.060896,0.089175
15538,0.344419,0.036369,0.176278,0.01744,0.114332
15539,0.496943,0.078647,0.27931,0.045847,0.093139
15540,0.460051,0.081083,0.205577,0.06775,0.105641
15541,0.534659,0.06692,0.310327,0.047745,0.109667
15542,0.4553,0.060341,0.220468,0.061838,0.112653
15543,0.514818,0.080095,0.286973,0.047079,0.100671
15544,0.421818,0.087067,0.182453,0.047017,0.105281
15545,0.497118,0.080643,0.264343,0.062231,0.089901
15546,0.461656,0.07893,0.216771,0.060906,0.105049
15547,0.533182,0.079271,0.29275,0.046359,0.114802
15548,0.464264,0.078483,0.210215,0.06208,0.113486
15549,0.503369,0.072294,0.249942,0.054038,0.127095
15550,0.373147,0.049169,0.183922,0.01694,0.123116
15551,0.515,0.080971,0.285076,0.045101,0.103852
15552,0.434451,0.076087,0.20211,0.061589,0.094665
15553,0.490969,0.079926,0.258891,0.04541,0.106742
15554,0.455858,0.077547,0.223117,0.060769,0.094425
15555,0.506045,0.080167,0.281747,0.044775,0.099356
15556,0.419546,0.054418,0.203527,0.018967,0.142634
15557,0.446138,0.030858,0.258393,0.04572,0.111167
15558,0.402733,0.081974,0.185374,0.045562,0.089823
15559,0.529657,0.107925,0.259763,0.066017,0.095952
15560,0.389465,0.080656,0.16603,0.045045,0.097734
15561,0.467186,0.082002,0.25974,0.034978,0.090466
15562,0.361586,0.068187,0.183911,0.017739,0.091749
15563,0.405651,0.025704,0.235949,0.018692,0.125306
15564,0.323173,0.03438,0.15867,0.017556,0.112567
15565,0.416616,0.033146,0.249593,0.017943,0.115934
15566,0.364492,0.030327,0.180578,0.032707,0.12088
15567,0.426303,0.069525,0.247718,0.017679,0.091381
15568,0.316767,0.025743,0.160629,0.017792,0.112603
15569,0.4395,0.070158,0.262482,0.017434,0.089426
15570,0.356748,0.024088,0.17358,0.020534,0.138546
15571,0.418133,0.037913,0.236125,0.017535,0.12656
15572,0.362113,0.067724,0.179595,0.020043,0.094751
15573,0.467154,0.069939,0.264579,0.033759,0.098877
15574,0.369398,0.068452,0.179922,0.017379,0.103645
15575,0.46288,0.067653,0.240089,0.017617,0.137521
15576,0.318918,0.032181,0.161981,0.017771,0.106985
15577,0.415242,0.020974,0.250476,0.025379,0.118413
15578,0.345236,0.023568,0.174051,0.033079,0.114538
15579,0.447897,0.065946,0.238046,0.032305,0.1116
15580,0.3514,0.069347,0.168339,0.017274,0.09644
15581,0.41956,0.024047,0.252784,0.018505,0.124224
15582,0.341862,0.023603,0.173802,0.018008,0.126449
15583,0.387413,0.026461,0.234846,0.017838,0.108268
15584,0.310794,0.022592,0.159057,0.017372,0.111773
15585,0.474071,0.083189,0.260486,0.017524,0.112872
15586,0.382306,0.069631,0.196677,0.017325,0.098673
15587,0.4216,0.068533,0.243978,0.017304,0.091785
15588,0.333894,0.0274,0.160687,0.019799,0.126008
15589,0.420769,0.024033,0.252224,0.017984,0.126528
15590,0.337858,0.029522,0.173179,0.017487,0.11767
15591,0.400555,0.019846,0.233778,0.01836,0.128571
15592,0.328026,0.023461,0.159366,0.021843,0.123356
15593,0.414824,0.02286,0.250109,0.018104,0.123751
15594,0.329411,0.020896,0.173036,0.021108,0.114371
15595,0.459464,0.021076,0.236105,0.026173,0.17611
15596,0.327568,0.025431,0.157314,0.017793,0.12703
15597,0.414086,0.028604,0.250144,0.017572,0.117766
15598,0.328289,0.021105,0.172783,0.018094,0.116307
15599,0.408697,0.027322,0.234965,0.018465,0.127945
15600,0.326297,0.021453,0.158222,0.018805,0.127817
15601,0.45012,0.068831,0.258678,0.0191,0.103511
15602,0.3432,0.024544,0.174631,0.018304,0.125721
15603,0.397531,0.024581,0.238316,0.016972,0.117662
15604,0.352993,0.047023,0.168436,0.019171,0.118363
15605,0.490946,0.068753,0.260577,0.059484,0.102132
15606,0.409262,0.077799,0.183521,0.045694,0.102248
15607,0.42963,0.024169,0.237818,0.045107,0.122536
15608,0.4376,0.075266,0.206515,0.04733,0.108489
15609,0.5626,0.078089,0.335185,0.045117,0.104209
15610,0.463335,0.062271,0.226629,0.060173,0.114262
15611,0.529188,0.07703,0.282253,0.046968,0.122937
15612,0.438978,0.078524,0.207247,0.046342,0.106865
15613,0.503578,0.081416,0.273332,0.045105,0.103725
15614,0.399309,0.078464,0.176661,0.046293,0.097891
15615,0.461975,0.056667,0.243721,0.045879,0.115708
15616,0.450405,0.057923,0.212026,0.045459,0.134997
15617,0.54814,0.081105,0.319826,0.044856,0.102353
15618,0.481043,0.079747,0.226432,0.059974,0.11489
15619,0.583214,0.079735,0.301974,0.082882,0.118623
15620,0.440134,0.079337,0.208598,0.04722,0.104979
15621,0.526413,0.077099,0.295359,0.045173,0.108782
15622,0.399899,0.077515,0.18461,0.045613,0.092161
15623,0.508358,0.08136,0.246149,0.06331,0.117539
15624,0.400024,0.077768,0.163272,0.046665,0.112319
15625,0.471145,0.088339,0.271052,0.019252,0.092502
15626,0.362278,0.068223,0.181784,0.017078,0.095193
15627,0.505389,0.080228,0.28289,0.045328,0.096943
15628,0.314249,0.024688,0.165274,0.020744,0.103543
15629,0.487327,0.077493,0.253438,0.04552,0.110876
15630,0.40646,0.080132,0.179584,0.046418,0.100326
15631,0.471917,0.076857,0.243554,0.048975,0.102531
15632,0.351002,0.067446,0.160859,0.017087,0.10561
15633,0.488222,0.022863,0.289893,0.048357,0.127109
15634,0.429499,0.022275,0.236367,0.045322,0.125535
15635,0.485387,0.044954,0.275607,0.04606,0.118766
15636,0.408939,0.032166,0.19992,0.04499,0.131863
15637,0.485023,0.070235,0.302163,0.017873,0.094752
15638,0.370964,0.066185,0.188477,0.01784,0.098462
15639,0.405242,0.024915,0.239297,0.01783,0.1232
15640,0.350066,0.068247,0.162327,0.022761,0.096731
15641,0.46976,0.069862,0.260088,0.035035,0.104775
15642,0.363104,0.06663,0.181365,0.019383,0.095726
15643,0.432526,0.067511,0.243935,0.017414,0.103666
15644,0.344387,0.068658,0.162414,0.017607,0.095708
15645,0.437408,0.068311,0.258507,0.01771,0.09288
15646,0.346849,0.02537,0.186677,0.017942,0.11686
15647,0.417596,0.022071,0.239731,0.017816,0.137978
15648,0.328286,0.028431,0.15888,0.017307,0.123668
15649,0.462255,0.06836,0.261864,0.032269,0.099762
15650,0.372342,0.069466,0.196942,0.017482,0.088452
15651,0.403091,0.030913,0.239102,0.018149,0.114927
15652,0.325933,0.035685,0.158943,0.017402,0.113903
15653,0.431864,0.024216,0.252887,0.018377,0.136384
15654,0.367762,0.04987,0.174762,0.017503,0.125627
15655,0.438301,0.068055,0.239889,0.03402,0.096337
15656,0.352817,0.069221,0.17172,0.01996,0.091916
15657,0.441639,0.06843,0.262248,0.01752,0.093441
15658,0.329317,0.02735,0.17476,0.018035,0.109172
15659,0.39984,0.024292,0.234088,0.017404,0.124056
15660,0.342985,0.029757,0.171126,0.017833,0.124269
15661,0.419259,0.024255,0.263334,0.019846,0.111824
15662,0.367295,0.050605,0.185018,0.019658,0.112014
15663,0.503313,0.050631,0.256693,0.033015,0.162974
15664,0.358449,0.067166,0.164273,0.017661,0.109349
15665,0.483296,0.069527,0.277655,0.022236,0.113878
15666,0.393084,0.068592,0.187355,0.017649,0.119488
15667,0.440316,0.07105,0.24408,0.018107,0.107079
15668,0.34803,0.067986,0.168017,0.01764,0.094387
15669,0.424893,0.02504,0.252802,0.017713,0.129338
15670,0.335394,0.020602,0.172363,0.017585,0.124844
15671,0.404531,0.022479,0.234144,0.017569,0.130339
15672,0.356031,0.069502,0.169376,0.017794,0.099359
15673,0.453149,0.06846,0.258232,0.016736,0.109721
15674,0.37894,0.070003,0.181582,0.01875,0.108605
15675,0.457993,0.074208,0.239198,0.032434,0.112153
15676,0.360295,0.069345,0.17169,0.017561,0.101699
15677,0.460745,0.068173,0.260503,0.017109,0.11496
15678,0.369822,0.068438,0.180723,0.017653,0.103008
15679,0.426769,0.068852,0.240402,0.017466,0.100049
15680,0.408956,0.027221,0.160487,0.07982,0.141428
15681,0.41176,0.023656,0.250604,0.020645,0.116855
15682,0.418595,0.059925,0.181019,0.04519,0.132461
15683,0.477765,0.081795,0.242134,0.060713,0.093123
15684,0.396007,0.073185,0.156014,0.060651,0.106157
15685,0.497878,0.058097,0.262479,0.046757,0.130545
15686,0.413875,0.080287,0.18412,0.045346,0.104122
15687,0.485236,0.07967,0.251111,0.050933,0.103522
15688,0.417743,0.067695,0.160498,0.083181,0.106369
15689,0.522852,0.061369,0.300858,0.047122,0.113503
15690,0.45542,0.07785,0.221023,0.046226,0.110321
15691,0.465402,0.024901,0.27423,0.044684,0.121587
15692,0.448338,0.075774,0.209443,0.060848,0.102273
15693,0.530642,0.080535,0.301534,0.046834,0.101739
15694,0.381966,0.080202,0.188098,0.01906,0.094606
15695,0.481767,0.080717,0.240823,0.062397,0.09783
15696,0.393554,0.079991,0.162786,0.045869,0.104908
15697,0.516891,0.082076,0.271217,0.046636,0.116962
15698,0.403602,0.078769,0.184769,0.046131,0.093933
15699,0.494426,0.061096,0.246496,0.063147,0.123687
15700,0.392635,0.08097,0.167541,0.045199,0.098925
15701,0.474931,0.08747,0.253753,0.017284,0.116424
15702,0.469535,0.069026,0.221952,0.061665,0.116892
15703,0.508807,0.077169,0.288647,0.045947,0.097044
15704,0.441986,0.075301,0.202673,0.059652,0.10436
15705,0.538996,0.081838,0.299769,0.048001,0.109388
15706,0.503559,0.077343,0.227143,0.060485,0.138588
15707,0.458264,0.070093,0.237215,0.038526,0.11243
15708,0.400419,0.079044,0.166621,0.045418,0.109336
15709,0.514213,0.081525,0.25678,0.063264,0.112644
15710,0.428491,0.070759,0.181048,0.051229,0.125455
15711,0.473439,0.078038,0.246884,0.04768,0.100837
15712,0.350779,0.028149,0.164654,0.032617,0.125359
15713,0.436106,0.047805,0.255956,0.017755,0.11459
15714,0.386118,0.023708,0.220699,0.01772,0.123991
15715,0.475134,0.068853,0.289641,0.017313,0.099327
15716,0.388011,0.069489,0.202771,0.017338,0.098413
15717,0.463745,0.023215,0.290408,0.017753,0.132369
15718,0.372067,0.069508,0.180835,0.017333,0.104391
15719,0.435018,0.070681,0.242355,0.032487,0.089495
15720,0.361184,0.068308,0.175156,0.017364,0.100356
15721,0.433207,0.026825,0.252015,0.017741,0.136626
15722,0.354646,0.066374,0.1716,0.02025,0.096422
15723,0.44094,0.069263,0.241363,0.032069,0.098245
15724,0.358899,0.068275,0.168368,0.017643,0.104613
15725,0.409527,0.022823,0.251978,0.01924,0.115486
15726,0.343562,0.023466,0.177516,0.017944,0.124636
15727,0.416416,0.030535,0.246137,0.016772,0.122972
15728,0.396301,0.04058,0.158466,0.020311,0.176944
15729,0.451012,0.070582,0.251653,0.018551,0.110226
15730,0.360822,0.06758,0.182337,0.017678,0.093227
15731,0.442433,0.068256,0.246358,0.031132,0.096687
15732,0.362565,0.071083,0.172542,0.01752,0.10142
15733,0.458231,0.065433,0.250313,0.017866,0.124619
15734,0.343333,0.040715,0.176146,0.019224,0.107248
15735,0.417522,0.023144,0.245126,0.022188,0.127064
15736,0.353776,0.048363,0.172512,0.017709,0.115192
15737,0.46286,0.068482,0.269842,0.017361,0.107175
15738,0.374268,0.069072,0.18691,0.017676,0.10061
15739,0.438505,0.068735,0.245414,0.01779,0.106566
15740,0.343729,0.024375,0.16508,0.018511,0.135763
15741,0.448118,0.065321,0.256027,0.017551,0.109219
15742,0.330124,0.023703,0.174244,0.017604,0.114573
15743,0.415995,0.028801,0.24376,0.017678,0.125756
15744,0.359821,0.048755,0.17187,0.017644,0.121552
15745,0.47354,0.069333,0.27075,0.034528,0.098929
15746,0.365086,0.069923,0.185529,0.018128,0.091506
15747,0.44332,0.069239,0.239999,0.030751,0.103331
15748,0.344433,0.067547,0.166524,0.017326,0.093036
15749,0.433856,0.025259,0.256652,0.019199,0.132746
15750,0.325336,0.022319,0.173001,0.017376,0.11264
15751,0.390046,0.020364,0.233797,0.017549,0.118336
15752,0.341495,0.023656,0.157653,0.032416,0.12777
15753,0.46636,0.048926,0.269325,0.017329,0.13078
15754,0.368229,0.067434,0.186948,0.01713,0.096717
15755,0.47588,0.081196,0.24955,0.049033,0.096101
15756,0.413998,0.078454,0.166504,0.062889,0.106151
15757,0.572252,0.096587,0.261494,0.044832,0.169339
15758,0.46004,0.081392,0.214513,0.059672,0.104463
15759,0.474421,0.079227,0.241736,0.061209,0.092249
15760,0.438793,0.080996,0.210591,0.045476,0.10173
15761,0.46306,0.029448,0.25519,0.044718,0.133704
15762,0.413505,0.057661,0.196459,0.046961,0.112424
15763,0.535882,0.04283,0.285148,0.04554,0.162364
15764,0.460584,0.08034,0.21745,0.059268,0.103526
15765,0.529268,0.081036,0.303428,0.04503,0.099774
15766,0.389203,0.079167,0.180375,0.021644,0.108017
15767,0.47222,0.072807,0.240193,0.019168,0.140052
15768,0.379618,0.068514,0.170816,0.019214,0.121074
15769,0.423803,0.049304,0.250521,0.017914,0.106064
15770,0.346393,0.068233,0.179825,0.016771,0.081564
15771,0.435833,0.067726,0.242432,0.026817,0.098858
15772,0.314206,0.028093,0.153966,0.017133,0.115014
15773,0.378416,0.031575,0.24392,0.016932,0.085989
15774,0.348698,0.067746,0.185764,0.019081,0.076107
15775,0.408438,0.067055,0.234063,0.017376,0.089944
15776,0.28454,0.024961,0.151536,0.018687,0.089356
15777,0.422207,0.039826,0.247476,0.027987,0.106918
15778,0.293984,0.023139,0.165804,0.017619,0.087422
15779,0.349557,0.022793,0.229747,0.017748,0.079269
15780,0.281384,0.021971,0.153715,0.024383,0.081315
15781,0.434354,0.071481,0.251528,0.032398,0.078947
15782,0.367987,0.066631,0.175443,0.018109,0.107804
15783,0.355526,0.024355,0.230579,0.01796,0.082632
15784,0.280767,0.03572,0.150988,0.017682,0.076377
15785,0.607547,0.027833,0.47922,0.01854,0.081954
15786,0.29868,0.022464,0.167579,0.01754,0.091097
15787,0.397378,0.05056,0.234408,0.017471,0.094939
15788,0.285257,0.02363,0.154685,0.017788,0.089154
15789,0.374311,0.031418,0.242595,0.01795,0.082348
15790,0.296075,0.024835,0.16615,0.01759,0.0875
15791,0.399783,0.029084,0.234918,0.019114,0.116667
15792,0.324587,0.021053,0.157031,0.01819,0.128313
15793,0.405118,0.026732,0.258115,0.019231,0.10104
15794,0.346746,0.024547,0.174237,0.018654,0.129308
15795,0.381845,0.026898,0.234395,0.018506,0.102046
15796,0.321004,0.024232,0.154354,0.02003,0.122388
15797,0.467925,0.048107,0.273549,0.017821,0.128448
15798,0.353773,0.06968,0.175832,0.018137,0.090124
15799,0.378431,0.027282,0.230171,0.019882,0.101096
15800,0.304502,0.029122,0.156198,0.020288,0.098894
15801,0.408922,0.020929,0.247136,0.019874,0.120983
15802,0.325868,0.024899,0.1732,0.018138,0.109631
15803,0.383342,0.021793,0.231264,0.018184,0.112101
15804,0.330349,0.02352,0.156672,0.018594,0.131563
15805,0.464706,0.069958,0.257046,0.027197,0.110505
15806,0.376027,0.070069,0.185464,0.018421,0.102073
15807,0.390609,0.022481,0.235583,0.018734,0.113811
15808,0.339663,0.033249,0.162333,0.019062,0.125019
15809,0.437727,0.022777,0.253877,0.01848,0.142593
15810,0.363613,0.049323,0.181995,0.018184,0.114111
15811,0.455167,0.067642,0.242297,0.033658,0.11157
15812,0.360667,0.06982,0.161421,0.01865,0.110776
15813,0.447774,0.067938,0.259158,0.018147,0.102531
15814,0.334955,0.026562,0.177112,0.017994,0.113287
15815,0.388095,0.020615,0.23356,0.01848,0.11544
15816,0.329842,0.026939,0.15975,0.021654,0.121499
15817,0.4586,0.066031,0.256573,0.018068,0.117928
15818,0.369705,0.070155,0.182475,0.017436,0.099639
15819,0.435152,0.069769,0.241513,0.033095,0.090775
15820,0.363263,0.068863,0.167621,0.033702,0.093077
15821,0.428953,0.024478,0.251295,0.01857,0.13461
15822,0.325627,0.021506,0.172226,0.017576,0.114319
15823,0.412494,0.031485,0.233788,0.024949,0.122272
15824,0.341517,0.022193,0.158004,0.032499,0.128821
15825,0.477742,0.049687,0.273948,0.017352,0.136755
15826,0.377795,0.068982,0.187786,0.02036,0.100667
15827,0.395252,0.023929,0.236178,0.019908,0.115237
15828,0.326373,0.026214,0.158519,0.01797,0.12367
15829,0.429244,0.026646,0.255018,0.017849,0.129731
15830,0.359608,0.020927,0.172003,0.034299,0.132379
15831,0.468171,0.04589,0.241482,0.017585,0.163214
15832,0.357558,0.067478,0.167897,0.017585,0.104598
15833,0.455164,0.069192,0.258749,0.017227,0.109996
15834,0.362695,0.069503,0.181655,0.017839,0.093698
15835,0.43921,0.070085,0.246229,0.031069,0.091827
15836,0.358067,0.070318,0.165136,0.017953,0.10466
15837,0.467533,0.068578,0.277191,0.017752,0.104012
15838,0.369656,0.025221,0.174745,0.017309,0.152381
15839,0.40172,0.025078,0.238525,0.016907,0.12121
15840,0.329586,0.03286,0.156905,0.017504,0.122317
15841,0.483262,0.068475,0.260071,0.016748,0.137968
15842,0.34155,0.052943,0.177515,0.017102,0.09399
15843,0.391544,0.030741,0.233929,0.016569,0.110305
15844,0.361031,0.048027,0.166569,0.016994,0.129441
15845,0.453834,0.067971,0.267194,0.019325,0.099344
15846,0.399995,0.069668,0.185484,0.04624,0.098603
15847,0.471771,0.077979,0.244618,0.045988,0.103186
15848,0.374655,0.028344,0.159627,0.065204,0.12148
15849,0.500909,0.056616,0.260898,0.045159,0.138236
15850,0.420462,0.080603,0.192374,0.052667,0.094818
15851,0.524819,0.077974,0.238421,0.101078,0.107346
15852,0.435171,0.039932,0.227597,0.061564,0.106078
15853,0.535093,0.083703,0.30444,0.047502,0.099448
15854,0.454724,0.079755,0.21602,0.063193,0.095756
15855,0.501581,0.078766,0.283472,0.045686,0.093657
15856,0.447775,0.080994,0.206613,0.047928,0.11224
15857,0.533137,0.079874,0.301388,0.048522,0.103353
15858,0.43776,0.075507,0.177738,0.062147,0.122368
15859,0.480842,0.08167,0.241882,0.062107,0.095183
15860,0.398938,0.080194,0.176771,0.046065,0.095908
15861,0.498669,0.028203,0.313668,0.046369,0.110429
15862,0.474339,0.057515,0.217985,0.059473,0.139366
15863,0.528562,0.092252,0.282658,0.046656,0.106996
15864,0.405239,0.069147,0.20928,0.018016,0.108796
15865,0.534329,0.077353,0.294909,0.045813,0.116254
15866,0.45745,0.079893,0.223041,0.063107,0.091409
15867,0.532336,0.079287,0.244642,0.096239,0.112168
15868,0.355633,0.070038,0.16701,0.018294,0.100291
15869,0.416591,0.025349,0.251397,0.018059,0.121786
15870,0.359059,0.04804,0.181562,0.017709,0.111748
15871,0.473402,0.085007,0.244941,0.030463,0.112991
15872,0.395237,0.067862,0.209322,0.018933,0.09912
15873,0.485915,0.06738,0.30031,0.018086,0.100139
15874,0.382176,0.025172,0.215007,0.018569,0.123428
15875,0.4167,0.024924,0.247039,0.01754,0.127197
15876,0.343186,0.047186,0.166744,0.018157,0.111099
15877,0.459668,0.069372,0.256603,0.017093,0.1166
15878,0.355548,0.039689,0.186898,0.01803,0.110931
15879,0.444706,0.068462,0.242934,0.031201,0.102109
15880,0.357882,0.068499,0.166622,0.018022,0.104739
15881,0.445231,0.068159,0.268222,0.017989,0.090861
15882,0.338889,0.026732,0.173388,0.018343,0.120426
15883,0.398822,0.021662,0.232798,0.020074,0.124288
15884,0.320645,0.023251,0.157157,0.017633,0.122604
15885,0.523685,0.06029,0.271458,0.063675,0.128262
15886,0.372684,0.069363,0.182232,0.01866,0.102429
15887,0.468529,0.067324,0.281146,0.018065,0.101994
15888,0.393006,0.070379,0.206483,0.017981,0.098163
15889,0.456511,0.067372,0.261273,0.018207,0.109659
15890,0.351726,0.047256,0.178902,0.019303,0.106265
15891,0.400887,0.021848,0.233535,0.018439,0.127065
15892,0.365555,0.044074,0.158551,0.018678,0.144252
15893,0.466461,0.06924,0.257554,0.017934,0.121733
15894,0.379927,0.079057,0.185026,0.018302,0.097542
15895,0.42015,0.029047,0.243693,0.019093,0.128317
15896,0.330496,0.028404,0.157233,0.024107,0.120752
15897,0.427284,0.021119,0.249657,0.01821,0.138298
15898,0.349775,0.037613,0.171212,0.01895,0.122
15899,0.447824,0.077411,0.251638,0.018792,0.099983
15900,0.369828,0.077905,0.162722,0.017881,0.11132
15901,0.468448,0.08035,0.255028,0.017702,0.115368
15902,0.386882,0.075986,0.183323,0.017991,0.109582
15903,0.442295,0.02536,0.247748,0.01853,0.150657
15904,0.346548,0.040907,0.160434,0.018019,0.127188
15905,0.415018,0.026243,0.252732,0.018631,0.117412
15906,0.351793,0.02072,0.19195,0.019006,0.120117
15907,0.449733,0.057064,0.235555,0.018129,0.138985
15908,0.365862,0.079036,0.173265,0.019272,0.094289
15909,0.462238,0.078986,0.255769,0.033248,0.094235
15910,0.415386,0.081502,0.184777,0.018808,0.130299
15911,0.423951,0.025191,0.242659,0.01841,0.137691
15912,0.325555,0.026574,0.157994,0.0249,0.116087
15913,0.441151,0.025378,0.259523,0.01848,0.13777
15914,0.452628,0.073308,0.179028,0.060873,0.139419
15915,0.490021,0.074563,0.249046,0.046471,0.119941
15916,0.395802,0.100042,0.165997,0.01886,0.110903
15917,0.537579,0.120353,0.255848,0.063423,0.097955
15918,0.485091,0.088524,0.178825,0.090227,0.127515
15919,0.50519,0.078381,0.283037,0.048419,0.095353
15920,0.398706,0.029142,0.198089,0.04735,0.124125
15921,0.505037,0.041071,0.298306,0.051996,0.113664
15922,0.490907,0.0809,0.222503,0.062936,0.124568
15923,0.576612,0.08224,0.297085,0.060323,0.136964
15924,0.484006,0.109868,0.205451,0.046347,0.12234
15925,0.543537,0.081244,0.302068,0.04698,0.113245
15926,0.395547,0.029944,0.176574,0.04855,0.140479
15927,0.455727,0.048793,0.237292,0.0458,0.123842
15928,0.395635,0.086775,0.167781,0.046649,0.09443
15929,0.503555,0.088733,0.258352,0.045592,0.110878
15930,0.412033,0.079317,0.178323,0.046751,0.107642
15931,0.503432,0.116746,0.245702,0.030827,0.110157
15932,0.394319,0.061486,0.204143,0.018531,0.110159
15933,0.549703,0.080465,0.306078,0.04638,0.11678
15934,0.479317,0.09471,0.226406,0.060897,0.097304
15935,0.516047,0.087249,0.285168,0.048002,0.095628
15936,0.466233,0.061024,0.20973,0.060859,0.13462
15937,0.559859,0.082952,0.302151,0.057767,0.116989
15938,0.391351,0.072393,0.184325,0.018046,0.116587
15939,0.48379,0.080368,0.240366,0.050991,0.112065
15940,0.434462,0.080551,0.17738,0.046721,0.12981
15941,0.525971,0.076984,0.268337,0.046444,0.134206
15942,0.465254,0.082345,0.189081,0.06589,0.127938
15943,0.532346,0.086926,0.258809,0.066762,0.119849
15944,0.433027,0.074227,0.200901,0.050981,0.106918
15945,0.471744,0.028114,0.290781,0.018807,0.134042
15946,0.418386,0.079492,0.221965,0.018851,0.098078
15947,0.487611,0.080403,0.290604,0.017873,0.098731
15948,0.409515,0.080217,0.210067,0.019396,0.099835
15949,0.492277,0.078613,0.296058,0.020576,0.09703
15950,0.376355,0.081392,0.181475,0.018496,0.094992
15951,0.441376,0.067754,0.249505,0.018923,0.105194
15952,0.37164,0.069509,0.168883,0.01866,0.114588
15953,0.421364,0.024584,0.255726,0.018289,0.122765
15954,0.366864,0.025848,0.172126,0.018321,0.150569
15955,0.435535,0.058287,0.238315,0.020843,0.11809
15956,0.348368,0.02646,0.176344,0.018369,0.127195
15957,0.447671,0.040638,0.269957,0.017929,0.119147
15958,0.402995,0.086089,0.186633,0.018186,0.112087
15959,0.442459,0.071166,0.244267,0.033728,0.093298
15960,0.371082,0.079516,0.163125,0.018705,0.109736
15961,0.472748,0.080871,0.261164,0.017932,0.112781
15962,0.374604,0.079829,0.186304,0.01857,0.089901
15963,0.40905,0.025217,0.235997,0.018646,0.12919
15964,0.318981,0.020864,0.156503,0.019828,0.121786
15965,0.436958,0.02796,0.25582,0.0187,0.134478
15966,0.38814,0.050484,0.18332,0.041071,0.113265
15967,0.48205,0.069038,0.250166,0.032812,0.130034
15968,0.372835,0.076908,0.177113,0.018347,0.100467
15969,0.454364,0.078507,0.260542,0.01885,0.096465
15970,0.348649,0.025058,0.172394,0.021187,0.13001
15971,0.409791,0.028391,0.23387,0.01899,0.12854
15972,0.329523,0.023911,0.165458,0.017483,0.122671
15973,0.438482,0.030345,0.261615,0.018102,0.12842
15974,0.390367,0.080219,0.194295,0.018096,0.097757
15975,0.439738,0.068204,0.241756,0.033602,0.096176
15976,0.370289,0.052388,0.175457,0.01923,0.123214
15977,0.472898,0.057423,0.270382,0.018493,0.1266
15978,0.357084,0.02675,0.175937,0.02049,0.133907
15979,0.430317,0.026776,0.232258,0.018381,0.152902
15980,0.325619,0.027769,0.169026,0.018764,0.11006
15981,0.46768,0.067896,0.258589,0.017684,0.123511
15982,0.383835,0.070827,0.196327,0.01856,0.098121
15983,0.412758,0.024964,0.232862,0.018293,0.136639
15984,0.362628,0.041403,0.176116,0.018345,0.126764
15985,0.428044,0.020527,0.250732,0.019289,0.137496
15986,0.364248,0.042327,0.17575,0.03297,0.113201
15987,0.4144,0.036843,0.233766,0.017749,0.126042
15988,0.436272,0.078626,0.179011,0.046083,0.132552
15989,0.478715,0.070104,0.260133,0.02733,0.121148
15990,0.380092,0.077924,0.182663,0.017234,0.102271
15991,0.467904,0.028767,0.251266,0.052445,0.135426
15992,0.392427,0.03397,0.156273,0.066233,0.135951
15993,0.454991,0.024296,0.292482,0.024728,0.113485
15994,0.432456,0.029815,0.211636,0.045694,0.145311
15995,0.506513,0.069677,0.289115,0.046451,0.10127
15996,0.517673,0.081024,0.218308,0.060184,0.158157
15997,0.501882,0.073622,0.255639,0.045463,0.127158
15998,0.453148,0.069071,0.222958,0.046149,0.11497
15999,0.533953,0.058874,0.282744,0.046287,0.146048
16000,0.415089,0.04018,0.208296,0.046459,0.120154
16001,0.534386,0.089584,0.265367,0.084803,0.094632
16002,0.465579,0.058275,0.231595,0.060899,0.11481
16003,0.561633,0.07844,0.283729,0.083922,0.115542
16004,0.45031,0.0836,0.211743,0.049139,0.105828
16005,0.517606,0.099734,0.262924,0.024556,0.130392
16006,0.369553,0.039617,0.194695,0.018026,0.117215
16007,0.527369,0.090344,0.283059,0.045956,0.10801
16008,0.435811,0.086248,0.205766,0.046424,0.097373
16009,0.477089,0.042606,0.261023,0.046753,0.126707
16010,0.394289,0.03291,0.178407,0.047079,0.135893
16011,0.429502,0.030234,0.231779,0.047884,0.119605
16012,0.336317,0.025915,0.163244,0.017623,0.129535
16013,0.471678,0.024751,0.264311,0.047605,0.135011
16014,0.400181,0.025016,0.174381,0.04743,0.153354
16015,0.458116,0.040621,0.245414,0.047003,0.125078
16016,0.413997,0.037944,0.16539,0.083043,0.12762
16017,0.52338,0.050447,0.259394,0.082628,0.130911
16018,0.446268,0.079723,0.182331,0.080829,0.103385
16019,0.53798,0.078711,0.316243,0.03439,0.108636
16020,0.418033,0.080385,0.204649,0.020313,0.112686
16021,0.469383,0.080936,0.255533,0.020675,0.112239
16022,0.379492,0.078787,0.179828,0.019144,0.101733
16023,0.443158,0.080013,0.254549,0.01849,0.090106
16024,0.328768,0.0237,0.158705,0.01954,0.126823
16025,0.419402,0.040522,0.251411,0.018508,0.108961
16026,0.339396,0.029524,0.172147,0.021984,0.115741
16027,0.451282,0.051504,0.241151,0.033536,0.125091
16028,0.358771,0.079665,0.160986,0.018024,0.100096
16029,0.467144,0.080096,0.259185,0.017933,0.10993
16030,0.395991,0.079398,0.19447,0.018133,0.10399
16031,0.42664,0.024384,0.237402,0.01831,0.146544
16032,0.344911,0.035182,0.158485,0.01888,0.132364
16033,0.432588,0.042187,0.250348,0.018642,0.121411
16034,0.36214,0.069025,0.181083,0.01823,0.093802
16035,0.458617,0.07885,0.247783,0.030885,0.101099
16036,0.379755,0.080926,0.177,0.023915,0.097914
16037,0.466991,0.079669,0.259109,0.01836,0.109853
16038,0.377097,0.039987,0.174226,0.018244,0.14464
16039,0.40949,0.044444,0.237502,0.018266,0.109278
16040,0.346548,0.02073,0.175548,0.018814,0.131456
16041,0.445855,0.055499,0.249253,0.017765,0.123338
16042,0.382838,0.061204,0.180446,0.018336,0.122852
16043,0.459572,0.078633,0.241839,0.035019,0.104081
16044,0.397247,0.079173,0.193355,0.019866,0.104853
16045,0.468183,0.077633,0.259153,0.019294,0.112103
16046,0.382059,0.079276,0.187265,0.021373,0.094145
16047,0.414991,0.027224,0.236314,0.018944,0.132509
16048,0.355978,0.031698,0.165612,0.018207,0.140461
16049,0.44276,0.028804,0.251559,0.021085,0.141312
16050,0.366647,0.025851,0.171987,0.033277,0.135532
16051,0.435938,0.081005,0.241416,0.01808,0.095437
16052,0.309387,0.04705,0.157405,0.018157,0.086775
16053,0.439288,0.026646,0.254133,0.018224,0.140285
16054,0.382571,0.05814,0.186753,0.018052,0.119626
16055,0.411863,0.025219,0.235546,0.017836,0.133262
16056,0.37056,0.078665,0.166768,0.01911,0.106017
16057,0.471886,0.079347,0.260142,0.019576,0.112821
16058,0.386857,0.078468,0.188199,0.01805,0.10214
16059,0.466351,0.077946,0.258091,0.019783,0.110531
16060,0.371966,0.080339,0.17503,0.01867,0.097927
16061,0.47916,0.077124,0.260849,0.024406,0.116781
16062,0.387978,0.068644,0.189185,0.035809,0.09434
16063,0.432825,0.054956,0.246365,0.018109,0.113395
16064,0.397224,0.026661,0.176209,0.048529,0.145825
16065,0.442358,0.022193,0.251462,0.046188,0.122515
16066,0.421034,0.110725,0.178419,0.022534,0.109356
16067,0.468366,0.046429,0.242476,0.046653,0.132808
16068,0.388698,0.057922,0.173822,0.01921,0.137744
16069,0.466326,0.055476,0.257155,0.047232,0.106463
16070,0.425262,0.081137,0.186334,0.045627,0.112164
16071,0.504155,0.088221,0.255263,0.060994,0.099677
16072,0.46823,0.107387,0.16763,0.068397,0.124816
16073,0.554859,0.080332,0.301169,0.046449,0.126909
16074,0.427862,0.091506,0.191943,0.04687,0.097543
16075,0.478007,0.02632,0.241623,0.085713,0.124351
16076,0.46604,0.061432,0.213864,0.060346,0.130398
16077,0.536958,0.077753,0.295521,0.055391,0.108293
16078,0.47471,0.081832,0.226423,0.063866,0.102589
16079,0.495228,0.091413,0.243871,0.062743,0.097201
16080,0.378246,0.068119,0.160419,0.047022,0.102686
16081,0.4973,0.050851,0.285779,0.047241,0.113429
16082,0.408412,0.026336,0.17383,0.082311,0.125935
16083,0.512282,0.082123,0.24628,0.066464,0.117415
16084,0.454485,0.082956,0.206295,0.045887,0.119347
16085,0.495614,0.065179,0.290563,0.045908,0.093964
16086,0.443957,0.040761,0.220793,0.046733,0.13567
16087,0.485183,0.059242,0.247724,0.021749,0.156468
16088,0.456507,0.079304,0.216166,0.061385,0.099652
16089,0.541658,0.081227,0.307627,0.048028,0.104776
16090,0.457106,0.069033,0.219387,0.055925,0.112761
16091,0.498581,0.083015,0.241467,0.069234,0.104865
16092,0.447802,0.076131,0.207207,0.062357,0.102107
16093,0.535373,0.081061,0.294719,0.046701,0.112892
16094,0.410097,0.025203,0.187858,0.062289,0.134747
16095,0.490879,0.079195,0.247897,0.061487,0.1023
16096,0.397578,0.070821,0.208518,0.021611,0.096628
16097,0.492366,0.077487,0.292693,0.018162,0.104024
16098,0.460069,0.080644,0.239762,0.033532,0.106131
16099,0.458835,0.073225,0.238762,0.03271,0.114138
16100,0.36016,0.077845,0.167611,0.01865,0.096054
16101,0.436577,0.052032,0.251519,0.020186,0.11284
16102,0.374703,0.055907,0.181686,0.017325,0.119785
16103,0.465169,0.07834,0.245588,0.03491,0.106331
16104,0.396349,0.07898,0.17815,0.020855,0.118364
16105,0.445177,0.052885,0.267448,0.019496,0.105348
16106,0.366404,0.049297,0.183626,0.034401,0.09908
16107,0.403678,0.052218,0.229521,0.026641,0.095298
16108,0.366184,0.049363,0.171657,0.020004,0.12516
16109,0.438589,0.042119,0.261807,0.018138,0.116525
16110,0.33874,0.043213,0.176036,0.018614,0.100877
16111,0.407209,0.021167,0.233999,0.018058,0.133985
16112,0.356525,0.081439,0.159349,0.018319,0.097418
16113,0.46718,0.079617,0.257607,0.018371,0.111585
16114,0.388489,0.061557,0.179613,0.01822,0.129099
16115,0.397538,0.026024,0.235812,0.018723,0.116979
16116,0.361454,0.080786,0.16439,0.017997,0.098281
16117,0.420093,0.023642,0.250618,0.019293,0.12654
16118,0.362122,0.040458,0.176041,0.017775,0.127848
16119,0.413087,0.029508,0.237247,0.020818,0.125514
16120,0.343112,0.043084,0.158109,0.017726,0.124193
16121,0.482565,0.057711,0.277837,0.018013,0.129004
16122,0.349753,0.03921,0.174487,0.018758,0.117298
16123,0.483166,0.078323,0.241961,0.017962,0.14492
16124,0.371785,0.070404,0.168728,0.018171,0.114482
16125,0.415388,0.037573,0.253771,0.018209,0.105835
16126,0.342684,0.026509,0.17812,0.01824,0.119815
16127,0.403907,0.03391,0.237538,0.018047,0.114412
16128,0.355411,0.041306,0.165573,0.018045,0.130487
16129,0.46976,0.069963,0.258577,0.017855,0.123365
16130,0.437864,0.068759,0.225581,0.021586,0.121938
16131,0.429098,0.059252,0.23881,0.018417,0.112619
16132,0.326715,0.024974,0.160879,0.018434,0.122428
16133,0.411576,0.021138,0.248204,0.018367,0.123867
16134,0.363357,0.020722,0.175571,0.018031,0.149033
16135,0.460077,0.060389,0.257204,0.034538,0.107946
16136,0.368464,0.068001,0.174866,0.020646,0.104951
16137,0.449094,0.07155,0.26457,0.020866,0.092108
16138,0.33874,0.028266,0.175332,0.01825,0.116892
16139,0.449853,0.031516,0.234483,0.046886,0.136968
16140,0.383713,0.036698,0.156838,0.080536,0.109641
16141,0.510378,0.062158,0.259749,0.045955,0.142516
16142,0.44868,0.089557,0.184588,0.05982,0.114715
16143,0.526671,0.081976,0.235457,0.045929,0.163309
16144,0.464536,0.092417,0.214064,0.045966,0.112089
16145,0.508131,0.067231,0.299931,0.048614,0.092355
16146,0.426382,0.054192,0.217134,0.046293,0.108763
16147,0.488297,0.054913,0.277119,0.046623,0.109642
16148,0.498833,0.107395,0.212879,0.061057,0.117502
16149,0.48276,0.07321,0.268833,0.033378,0.107339
16150,0.484153,0.108511,0.188348,0.061251,0.126043
16151,0.510593,0.081723,0.246644,0.064561,0.117665
16152,0.407564,0.082587,0.178296,0.051075,0.095606
16153,0.540622,0.088578,0.291327,0.049605,0.111112
16154,0.4452,0.03844,0.217257,0.064193,0.12531
16155,0.517257,0.102766,0.278635,0.021106,0.11475
16156,0.402187,0.079411,0.168824,0.048382,0.10557
16157,0.508346,0.079897,0.256293,0.047257,0.124899
16158,0.422198,0.08065,0.17991,0.045765,0.115873
16159,0.526235,0.090392,0.251534,0.046952,0.137357
16160,0.407661,0.079593,0.166844,0.047097,0.114127
16161,0.494187,0.081788,0.259721,0.046627,0.106051
16162,0.416089,0.02651,0.179944,0.063005,0.14663
16163,0.50856,0.058774,0.279571,0.045797,0.124418
16164,0.459048,0.090246,0.207934,0.063764,0.097104
16165,0.534751,0.079062,0.298658,0.046117,0.110914
16166,0.478606,0.09014,0.216244,0.045986,0.126236
16167,0.499433,0.076637,0.290085,0.04898,0.083731
16168,0.36238,0.057147,0.16906,0.01777,0.118403
16169,0.507178,0.080223,0.262292,0.045302,0.119361
16170,0.436469,0.119485,0.19423,0.019101,0.103653
16171,0.465322,0.078657,0.251789,0.034316,0.10056
16172,0.364447,0.079663,0.163603,0.01841,0.102771
16173,0.488049,0.079562,0.293818,0.01833,0.096339
16174,0.429604,0.080135,0.220459,0.018231,0.110779
16175,0.4138,0.027853,0.242676,0.018878,0.124393
16176,0.403062,0.043665,0.212222,0.018493,0.128682
16177,0.47682,0.040689,0.288976,0.023549,0.123606
16178,0.381894,0.059095,0.183556,0.018198,0.121045
16179,0.441844,0.077748,0.233752,0.018274,0.11207
16180,0.357362,0.079359,0.164843,0.01807,0.09509
16181,0.453555,0.080028,0.261288,0.017842,0.094397
16182,0.340171,0.042246,0.173407,0.018353,0.106165
16183,0.411964,0.037924,0.238285,0.01868,0.117075
16184,0.34268,0.02123,0.156446,0.032565,0.132439
16185,0.479468,0.06796,0.266344,0.018006,0.127158
16186,0.373447,0.0681,0.182534,0.018319,0.104494
16187,0.414196,0.036403,0.236375,0.018571,0.122847
16188,0.326382,0.020875,0.156009,0.018163,0.131335
16189,0.447484,0.031489,0.259647,0.018186,0.138162
16190,0.376577,0.066814,0.183219,0.018489,0.108055
16191,0.475046,0.080256,0.249724,0.03626,0.108806
16192,0.377089,0.082688,0.17014,0.019494,0.104767
16193,0.469544,0.077049,0.265185,0.017939,0.109371
16194,0.38622,0.079906,0.183887,0.018347,0.10408
16195,0.449624,0.076784,0.256577,0.018378,0.097885
16196,0.351013,0.02452,0.158671,0.018631,0.149191
16197,0.419802,0.035775,0.250748,0.020415,0.112864
16198,0.374626,0.030263,0.172373,0.033352,0.138638
16199,0.470774,0.077499,0.243622,0.031837,0.117816
16200,0.373074,0.079398,0.167623,0.018384,0.107669
16201,0.448804,0.025146,0.257827,0.018407,0.147424
16202,0.357249,0.031144,0.178127,0.020178,0.1278
16203,0.413603,0.023851,0.250777,0.019091,0.119884
16204,0.354544,0.046978,0.170564,0.017869,0.119133
16205,0.474309,0.077945,0.255175,0.018564,0.122625
16206,0.383188,0.07914,0.18523,0.018136,0.100682
16207,0.452316,0.078674,0.2442,0.032391,0.097051
16208,0.373077,0.078675,0.173496,0.018808,0.102098
16209,0.454972,0.079725,0.256266,0.01907,0.099911
16210,0.378193,0.031979,0.174969,0.018248,0.152997
16211,0.415053,0.03918,0.242635,0.018681,0.114557
16212,0.366329,0.07818,0.170614,0.017884,0.099651
16213,0.472289,0.078718,0.25399,0.017574,0.122007
16214,0.417322,0.079508,0.178711,0.051038,0.108065
16215,0.492679,0.078193,0.245055,0.063972,0.105459
16216,0.395737,0.082059,0.160266,0.047272,0.10614
16217,0.48125,0.025483,0.257638,0.045572,0.152557
16218,0.470211,0.091497,0.222082,0.045613,0.111019
16219,0.516207,0.090547,0.280053,0.048162,0.097445
16220,0.46274,0.092468,0.213953,0.061777,0.094542
16221,0.558131,0.083031,0.300513,0.046681,0.127906
16222,0.474653,0.090216,0.221109,0.066162,0.097166
16223,0.504649,0.069324,0.254021,0.08159,0.099714
16224,0.39812,0.080246,0.165469,0.04659,0.105815
16225,0.481033,0.086097,0.257439,0.047283,0.090214
16226,0.4092,0.040415,0.18362,0.083533,0.101632
16227,0.488537,0.079921,0.243024,0.066387,0.099205
16228,0.469913,0.084811,0.213397,0.048935,0.12277
16229,0.527132,0.06901,0.3205,0.020174,0.117448
16230,0.490595,0.077596,0.239682,0.060659,0.112658
16231,0.482845,0.071432,0.243506,0.047492,0.120415
16232,0.392014,0.052751,0.163617,0.06177,0.113876
16233,0.511415,0.063695,0.260855,0.046491,0.140374
16234,0.408482,0.062574,0.179171,0.061633,0.105104
16235,0.485762,0.058877,0.242756,0.063182,0.120947
16236,0.423902,0.058774,0.170418,0.075901,0.118809
16237,0.531382,0.082092,0.298624,0.046361,0.104305
16238,0.464279,0.078653,0.220747,0.060373,0.104506
16239,0.532082,0.100604,0.273472,0.046846,0.11116
16240,0.456393,0.080545,0.202789,0.047142,0.125917
16241,0.543616,0.120311,0.265695,0.045581,0.112029
16242,0.450033,0.049029,0.239062,0.01826,0.143682
16243,0.52342,0.078177,0.284181,0.046127,0.114935
16244,0.40054,0.091168,0.166945,0.045768,0.096659
16245,0.495511,0.092516,0.251586,0.049862,0.101547
16246,0.384273,0.081309,0.179974,0.01866,0.10433
16247,0.458717,0.078531,0.243103,0.039808,0.097275
16248,0.360028,0.079377,0.165959,0.018959,0.095733
16249,0.439249,0.02936,0.251437,0.01892,0.139532
16250,0.430674,0.062018,0.223391,0.020969,0.124296
16251,0.499179,0.07713,0.283999,0.017957,0.120093
16252,0.350662,0.040131,0.173728,0.022114,0.114689
16253,0.419402,0.023372,0.252425,0.020071,0.123534
16254,0.39168,0.068195,0.181655,0.017912,0.123918
16255,0.466312,0.029353,0.239676,0.019398,0.177885
16256,0.360808,0.057099,0.168025,0.020891,0.114793
16257,0.472264,0.076769,0.259709,0.020553,0.115233
16258,0.381618,0.060428,0.182594,0.020766,0.11783
16259,0.408577,0.027889,0.233816,0.018453,0.128419
16260,0.332069,0.031027,0.159775,0.018979,0.122288
16261,0.423692,0.031363,0.260532,0.01851,0.113287
16262,0.375275,0.020559,0.172384,0.018201,0.164131
16263,0.46004,0.068529,0.246542,0.033702,0.111267
16264,0.365334,0.081912,0.172634,0.018127,0.092661
16265,0.467446,0.076579,0.262636,0.018189,0.110042
16266,0.348217,0.025853,0.173163,0.018168,0.131033
16267,0.391624,0.021962,0.232162,0.01843,0.11907
16268,0.366028,0.029851,0.161293,0.018122,0.156762
16269,0.477111,0.068328,0.262306,0.018147,0.12833
16270,0.368384,0.069243,0.18089,0.018013,0.100238
16271,0.438953,0.076744,0.240345,0.017991,0.103873
16272,0.375623,0.071625,0.175575,0.019504,0.108919
16273,0.461842,0.04948,0.260326,0.018054,0.133982
16274,0.361269,0.069363,0.175512,0.018188,0.098206
16275,0.448082,0.070616,0.258131,0.018199,0.101136
16276,0.351998,0.022291,0.179156,0.018939,0.131612
16277,0.469995,0.050855,0.260893,0.017505,0.140742
16278,0.389734,0.079074,0.19507,0.018086,0.097504
16279,0.410246,0.024441,0.235346,0.018421,0.132038
16280,0.333242,0.022199,0.160679,0.018435,0.131929
16281,0.408988,0.025116,0.249107,0.018174,0.116591
16282,0.347387,0.032342,0.171134,0.018421,0.12549
16283,0.430936,0.070606,0.240677,0.018458,0.101195
16284,0.344562,0.052546,0.169747,0.022342,0.099927
16285,0.431651,0.048968,0.256047,0.01896,0.107676
16286,0.387718,0.057998,0.192178,0.01812,0.119422
16287,0.45558,0.066936,0.251854,0.03336,0.10343
16288,0.349666,0.069654,0.162409,0.017784,0.099819
16289,0.432611,0.023311,0.250589,0.04646,0.112251
16290,0.355998,0.028783,0.172103,0.026624,0.128488
16291,0.46875,0.031973,0.254608,0.048906,0.133263
16292,0.393469,0.038445,0.161523,0.068111,0.12539
16293,0.508829,0.059744,0.254666,0.04639,0.148029
16294,0.41892,0.088984,0.184484,0.047031,0.098421
16295,0.579617,0.130341,0.255318,0.096209,0.097749
16296,0.388589,0.078677,0.162682,0.046051,0.101179
16297,0.490397,0.068305,0.258555,0.046191,0.117346
16298,0.464431,0.083645,0.220844,0.060832,0.09911
16299,0.521642,0.088298,0.28222,0.046704,0.10442
16300,0.419455,0.08997,0.181362,0.047785,0.100338
16301,0.530431,0.08937,0.302256,0.045281,0.093524
16302,0.482291,0.089147,0.228737,0.063218,0.101189
16303,0.471084,0.08528,0.251582,0.019094,0.115128
16304,0.41259,0.039914,0.158813,0.08644,0.127423
16305,0.501769,0.056217,0.262591,0.046051,0.13691
16306,0.433086,0.078267,0.177108,0.064339,0.113372
16307,0.48841,0.061641,0.249282,0.062458,0.115029
16308,0.401403,0.079817,0.169409,0.046641,0.105536
16309,0.522984,0.084256,0.258073,0.045589,0.135066
16310,0.400489,0.039923,0.177317,0.086777,0.096472
16311,0.548782,0.079342,0.285012,0.079848,0.10458
16312,0.453573,0.079975,0.207691,0.062294,0.103613
16313,0.547636,0.080006,0.303109,0.057451,0.10707
16314,0.455729,0.067011,0.224008,0.046513,0.118197
16315,0.534495,0.082217,0.296394,0.050286,0.105598
16316,0.380285,0.038974,0.163417,0.018123,0.159771
16317,0.532213,0.092545,0.26956,0.053813,0.116295
16318,0.418653,0.080726,0.184228,0.047692,0.106007
16319,0.553719,0.116026,0.283198,0.046529,0.107966
16320,0.454344,0.124912,0.208259,0.020718,0.100455
16321,0.500566,0.079414,0.304664,0.018657,0.097831
16322,0.396276,0.023751,0.216946,0.018997,0.136582
16323,0.484826,0.068441,0.279778,0.01851,0.118097
16324,0.379211,0.080263,0.169376,0.018705,0.110867
16325,0.483359,0.081188,0.27819,0.018456,0.105525
16326,0.376751,0.078066,0.182971,0.01812,0.097594
16327,0.470048,0.083427,0.243745,0.03283,0.110046
16328,0.364358,0.079059,0.162925,0.018841,0.103533
16329,0.432126,0.023711,0.267444,0.019149,0.121822
16330,0.353182,0.033412,0.185983,0.019068,0.114719
16331,0.399949,0.035553,0.234828,0.017797,0.111771
16332,0.36333,0.060343,0.16451,0.017986,0.120491
16333,0.461193,0.079118,0.257017,0.018111,0.106947
16334,0.387591,0.081035,0.1836,0.018393,0.104563
16335,0.450327,0.076527,0.239484,0.033253,0.101063
16336,0.390164,0.070658,0.170488,0.019396,0.129622
16337,0.460606,0.069112,0.263067,0.021158,0.107269
16338,0.349423,0.02445,0.179373,0.02061,0.12499
16339,0.42719,0.043276,0.234961,0.018823,0.13013
16340,0.34707,0.021883,0.160743,0.03494,0.129504
16341,0.480711,0.058232,0.265907,0.017974,0.138598
16342,0.408111,0.081996,0.203577,0.019924,0.102614
16343,0.435529,0.050704,0.238379,0.01921,0.127236
16344,0.37063,0.067411,0.176979,0.018395,0.107845
16345,0.428122,0.040361,0.250238,0.01854,0.118983
16346,0.352384,0.030636,0.172099,0.021073,0.128576
16347,0.412675,0.02815,0.240873,0.018446,0.125206
16348,0.359322,0.05807,0.164347,0.018107,0.118798
16349,0.491307,0.077576,0.2548,0.018197,0.140734
16350,0.375341,0.06895,0.182714,0.018628,0.105049
16351,0.445711,0.069273,0.246291,0.033094,0.097053
16352,0.368899,0.078476,0.170955,0.018168,0.1013
16353,0.453397,0.079365,0.257679,0.021426,0.094927
16354,0.344291,0.036464,0.17353,0.018578,0.115719
16355,0.406491,0.039218,0.239494,0.01996,0.107819
16356,0.375639,0.081885,0.170924,0.01835,0.10448
16357,0.459774,0.079465,0.259562,0.018792,0.101955
16358,0.400577,0.069597,0.196051,0.019163,0.115766
16359,0.448926,0.07847,0.242924,0.033277,0.094255
16360,0.36941,0.081554,0.165828,0.018192,0.103836
16361,0.464989,0.07888,0.262694,0.018138,0.105277
16362,0.358269,0.040081,0.175163,0.022314,0.120711
16363,0.441147,0.039065,0.235811,0.051704,0.114567
16364,0.352964,0.024716,0.179643,0.018186,0.130419
16365,0.543656,0.097967,0.257571,0.046536,0.141582
16366,0.418787,0.063163,0.17808,0.045646,0.131898
16367,0.50526,0.081089,0.245828,0.06288,0.115463
16368,0.405238,0.07879,0.166527,0.052881,0.10704
16369,0.507787,0.091004,0.263864,0.045789,0.10713
16370,0.414749,0.085407,0.185308,0.048108,0.095926
16371,0.450617,0.041207,0.251478,0.046866,0.111066
16372,0.397357,0.079309,0.167671,0.046989,0.103388
16373,0.569864,0.078359,0.311505,0.047436,0.132564
16374,0.511242,0.080948,0.230386,0.061996,0.137912
16375,0.498129,0.078647,0.246362,0.063241,0.109879
16376,0.412044,0.067732,0.175723,0.0622,0.106389
16377,0.505066,0.047193,0.275885,0.046257,0.135731
16378,0.462866,0.081944,0.222492,0.060606,0.097824
16379,0.558776,0.08115,0.30206,0.04737,0.128196
16380,0.45018,0.082105,0.204852,0.04634,0.116883
16381,0.553738,0.081176,0.311006,0.046147,0.115409
16382,0.506207,0.120058,0.224616,0.063091,0.098442
16383,0.916415,0.067349,0.255018,0.064393,0.529655
